# Industry: Frozen fruit, juice, and vegetable manufacturing
# Series ID: CES3231141101
# Parent series: Food manufacturing (CES3231100001)
# Generated: 2026-09-04
# Denominator options:
#   opt1: Level 4 parent (default) = Food manufacturing
#   opt2: Level 3 parent = Nondurable goods
#   opt3: Level 2 parent = Manufacturing
#   opt4: Goods/Service-providing total = Goods-producing
#   opt5: Total private / Total government = Total private
#   opt6: Total nonfarm = Total nonfarm
date,employment_level,log_level,trend_log_level,predicted_level,resid_log_level,share_opt1,denom_employment_opt1,log_share_opt1,trend_log_share_opt1,predicted_share_opt1,resid_log_share_opt1,trend_raw_share_opt1,resid_raw_pct_dev_opt1,hp_cf_log_share_opt1,predicted_share_hp_opt1,resid_log_share_hp_opt1,share_opt2,denom_employment_opt2,log_share_opt2,trend_log_share_opt2,predicted_share_opt2,resid_log_share_opt2,trend_raw_share_opt2,resid_raw_pct_dev_opt2,hp_cf_log_share_opt2,predicted_share_hp_opt2,resid_log_share_hp_opt2,share_opt3,denom_employment_opt3,log_share_opt3,trend_log_share_opt3,predicted_share_opt3,resid_log_share_opt3,trend_raw_share_opt3,resid_raw_pct_dev_opt3,hp_cf_log_share_opt3,predicted_share_hp_opt3,resid_log_share_hp_opt3,share_opt4,denom_employment_opt4,log_share_opt4,trend_log_share_opt4,predicted_share_opt4,resid_log_share_opt4,trend_raw_share_opt4,resid_raw_pct_dev_opt4,hp_cf_log_share_opt4,predicted_share_hp_opt4,resid_log_share_hp_opt4,share_opt5,denom_employment_opt5,log_share_opt5,trend_log_share_opt5,predicted_share_opt5,resid_log_share_opt5,trend_raw_share_opt5,resid_raw_pct_dev_opt5,hp_cf_log_share_opt5,predicted_share_hp_opt5,resid_log_share_hp_opt5,share_opt6,denom_employment_opt6,log_share_opt6,trend_log_share_opt6,predicted_share_opt6,resid_log_share_opt6,trend_raw_share_opt6,resid_raw_pct_dev_opt6,hp_cf_log_share_opt6,predicted_share_hp_opt6,resid_log_share_hp_opt6
2000-01,45.9,3.8264651170664994,,,,0.0294079958995387,1560.8,-3.526488672242402,,,,,,,,,0.0071284360925609564,6439.0,-4.943663410471684,,,,,,,,,0.0026556352696135155,17284.0,-5.931071379985324,,,,,,,,,0.0018636566649072232,24629.0,-6.285214772330626,,,,,,,,,0.0004156102861282144,110440.0,-7.7857625489775915,,,,,,,,,0.00035035226049721013,131011.0,-7.9565714510572,,,,,,,,
2000-02,45.7,3.822098297900159,,,,0.02935320187552187,1556.9,-3.52835364579547,,,,,,,,,0.007101787101787102,6435.0,-4.947408822130068,,,,,,,,,0.002644063874103217,17284.0,-5.9354381991516645,,,,,,,,,0.0018571196358907673,24608.0,-6.288728574405211,,,,,,,,,0.0004134960776684974,110521.0,-7.790862529232344,,,,,,,,,0.00034853569249542404,131120.0,-7.961769915517552,,,,,,,,
2000-03,45.1,3.8088822465086327,,,,0.029001350395472962,1555.1,-3.540412884718659,,,,,,,,,0.00701181592039801,6432.0,-4.96015856435017,,,,,,,,,0.0026066350710900474,17302.0,-5.949695134231687,,,,,,,,,0.00182546749777382,24706.0,-6.305919161588126,,,,,,,,,0.00040677904952602577,110871.0,-7.80724039578956,,,,,,,,,0.00034269475091942494,131604.0,-7.978670446039576,,,,,,,,
2000-04,44.5,3.7954891891721947,,,,0.02851832863368367,1560.4,-3.557208288460307,,,,,,,,,0.0069185323383084574,6432.0,-4.973551621686608,,,,,,,,,0.002572403029076825,17299.0,-5.962914786174783,,,,,,,,,0.0018024221313135405,24689.0,-6.318623890119171,,,,,,,,,0.0004006049584991268,111082.0,-7.822534757127864,,,,,,,,,0.00033741773073306847,131884.0,-7.994188838157088,,,,,,,,
2000-05,44.9,3.8044377947482086,,,,0.028865316618450657,1555.5,-3.545114521589483,,,,,,,,,0.0070079600437022,6407.0,-4.960708626890813,,,,,,,,,0.002598680402824401,17278.0,-5.952751500170621,,,,,,,,,0.001821796640428467,24646.0,-6.30793209974986,,,,,,,,,0.0004046576181978767,110958.0,-7.812469235564723,,,,,,,,,0.0003398811551417433,132105.0,-7.986914545159461,,,,,,,,
2000-06,42.9,3.758871825933971,,,,0.027806585429089967,1542.8,-3.5824824004001012,,,,,,,,,0.00671571696931747,6388.0,-5.003304683400931,,,,,,,,,0.002480485689505637,17295.0,-5.9993008954372975,,,,,,,,,0.0017389541953790027,24670.0,-6.3544713835894315,,,,,,,,,0.00038587464920486437,111176.0,-7.8599979842324466,,,,,,,,,0.00032484496035982825,132063.0,-8.032162534503408,,,,,,,,
2000-07,46.4,3.8372994592322094,,,,0.029772216875200513,1558.5,-3.514179639975182,,,,,,,,,0.007257938370092289,6393.0,-4.925659461534517,,,,,,,,,0.0026786745179540467,17322.0,-5.922433189658781,,,,,,,,,0.0018772504753813164,24717.0,-6.2779470857514905,,,,,,,,,0.0004166629250814917,111361.0,-7.783232996180776,,,,,,,,,0.0003509090359076746,132228.0,-7.954983525043568,,,,,,,,
2000-08,46.0,3.828641396489095,,,,0.0296086508753862,1553.6,-3.5196887010479654,,,,,,,,,0.007215686274509804,6375.0,-4.931497973537532,,,,,,,,,0.0026609591022155378,17287.0,-5.929068656433691,,,,,,,,,0.0018636308390390147,24683.0,-6.285228630058628,,,,,,,,,0.00041293751178218444,111397.0,-7.79221427964156,,,,,,,,,0.0003478681730871032,132234.0,-7.963686962925651,,,,,,,,
2000-09,46.6,3.8416005411316,,,,0.030087809917355372,1548.8,-3.5036351753907122,,,,,,,,,0.007331655129011958,6356.0,-4.915553986525007,,,,,,,,,0.0027047420047594172,17229.0,-5.912748748400806,,,,,,,,,0.001891157014731545,24641.0,-6.270566460107915,,,,,,,,,0.00041755524094550276,111602.0,-7.781093708784119,,,,,,,,,0.00035213130114782715,132337.0,-7.951506437294327,,,,,,,,
2000-10,46.1,3.8308129500026027,,,,0.029759215028080824,1549.1,-3.5146164461097142,,,,,,,,,0.007267854327605234,6343.0,-4.924294171631295,,,,,,,,,0.0026775861067549517,17217.0,-5.922839596773869,,,,,,,,,0.0018710934329085153,24638.0,-6.281232295519317,,,,,,,,,0.000413049126862529,111609.0,-7.791944020836389,,,,,,,,,0.00034831358800773695,132352.0,-7.962407368985389,,,,,,,,
2000-11,42.7,3.754198920234579,,,,0.027632174982204105,1545.3,-3.58877442500507,,,,,,,,,0.006753123517317729,6323.0,-4.997750137824034,,,,,,,,,0.0024822695035460994,17202.0,-5.998582014876846,,,,,,,,,0.00173408057179987,24624.0,-6.357277935844081,,,,,,,,,0.00038194568678664715,111796.0,-7.870232140653189,,,,,,,,,0.00032212800627659256,132556.0,-8.040561556395502,,,,,,,,
2000-12,43.8,3.7796338173824005,,,,0.028185328185328182,1554.0,-3.5689537135451923,,,,,,,,,0.0069314764994461145,6319.0,-4.971682429391055,,,,,,,,,0.002549327745765671,17181.0,-5.971925583679567,,,,,,,,,0.0017823716122731341,24574.0,-6.3298104350451165,,,,,,,,,0.0003913789405961827,111912.0,-7.845834309773866,,,,,,,,,0.0003300280297778715,132716.0,-8.016332968390014,,,,,,,,
2001-01,43.0,3.7612001156935624,,,,0.027666966928323253,1554.2,-3.5875161070815795,,,,,,,,,0.006824313601015711,6301.0,-4.987263514248493,,,,,,,,,0.002513884828997369,17105.0,-5.985925981718142,,,,,,,,,0.0017525983289178725,24535.0,-6.346655832830441,,,,,,,,,0.00038438159259126826,111868.0,-7.863874768093618,,,,,,,,,0.0003240318606210862,132703.0,-8.034668711756272,,,,,,,,
2001-02,43.3,3.768152635008444,,,,0.02782061166795168,1556.4,-3.5819781061019547,,,,,,,,,0.006910309607405043,6266.0,-4.974740836503693,,,,,,,,,0.0025425719318849086,17030.0,-5.97457913864829,,,,,,,,,0.0017689353705368084,24478.0,-6.33737739893384,,,,,,,,,0.0003870148906884038,111882.0,-7.857047388443704,,,,,,,,,0.0003260836822604452,132788.0,-8.028356515487403,,,,,,,,
2001-03,43.3,3.768152635008444,,,,0.02779382502086141,1557.9,-3.582941404509939,,,,,,,,,0.006932436759526096,6246.0,-4.97154390283458,,,,,,,,,0.0025563820994214193,16938.0,-5.9691622624731,,,,,,,,,0.0017738631708316263,24410.0,-6.3345955283785615,,,,,,,,,0.00038727796361554836,111806.0,-7.856367870517626,,,,,,,,,0.0003261745674232209,132751.0,-8.028077837024053,,,,,,,,
2001-04,42.6,3.751854253275325,,,,0.027340992234131316,1558.1,-3.599368155947984,,,,,,,,,0.006862113402061856,6208.0,-4.98173980858773,,,,,,,,,0.002535412450898703,16802.0,-5.977398952649468,,,,,,,,,0.0017563388991960421,24255.0,-6.344523807403992,,,,,,,,,0.0003821793192543018,111466.0,-7.86962063737012,,,,,,,,,0.0003216113787011732,132458.0,-8.042166639751876,,,,,,,,
2001-05,43.1,3.763522997109702,,,,0.027676106081037696,1557.3,-3.5871858343915908,,,,,,,,,0.0069831497083603375,6172.0,-4.964255216373349,,,,,,,,,0.0025870348139255704,16660.0,-5.957242918611131,,,,,,,,,0.0017870470188241147,24118.0,-6.327190731553836,,,,,,,,,0.0003869670225087315,111379.0,-7.857171081721072,,,,,,,,,0.00032550903268684675,132408.0,-8.030120346510675,,,,,,,,
2001-06,43.1,3.763522997109702,,,,0.027667223006804468,1557.8,-3.587506851376146,,,,,,,,,0.007030995106035889,6130.0,-4.957427031820555,,,,,,,,,0.002610064797432326,16513.0,-5.948380231353286,,,,,,,,,0.0017986061845344907,23963.0,-6.320743255962866,,,,,,,,,0.0003877189352572349,111163.0,-7.85522987450779,,,,,,,,,0.00032577475434618293,132300.0,-8.029304352993345,,,,,,,,
2001-07,40.3,3.696351468952637,,,,0.02598323662153449,1551.0,-3.6503036942239016,,,,,,,,,0.006609808102345415,6097.0,-5.019200656955179,,,,,,,,,0.002460167266955619,16381.0,-6.007525936651994,,,,,,,,,0.0016907199194495719,23836.0,-6.382600852914233,,,,,,,,,0.00036310558894284915,110987.0,-7.920816887365972,,,,,,,,,0.00030490572889870773,132172.0,-8.095507914711662,,,,,,,,
2001-08,37.7,3.629660094453965,,,,0.024417098445595857,1544.0,-3.7124716361307564,,,,,,,,,0.006243789334216629,6038.0,-5.076168015812819,,,,,,,,,0.0023224296186780016,16233.0,-6.06514139185688,,,,,,,,,0.0015928680074362008,23668.0,-6.44221910934262,,,,,,,,,0.0003402434952122235,110803.0,-7.985849034287087,,,,,,,,,0.0002855606305057529,132021.0,-8.161056185370017,,,,,,,,
2001-09,37.8,3.632309102625542,,,,0.024499319463348237,1542.9,-3.7091099388234383,,,,,,,,,0.006297900699766744,6002.0,-5.06753892337477,,,,,,,,,0.002345495160089352,16116.0,-6.055258743685696,,,,,,,,,0.0016061185468451242,23535.0,-6.433934851209701,,,,,,,,,0.0003420164493625646,110521.0,-7.980651724506961,,,,,,,,,0.00028687871405478016,131763.0,-8.156451030637088,,,,,,,,
2001-10,38.2,3.6428355156125294,,,,0.02474574075273693,1543.7,-3.699101895575266,,,,,,,,,0.0063975883436610285,5971.0,-5.0518341809344625,,,,,,,,,0.0023915357165216304,15973.0,-6.035819560177427,,,,,,,,,0.0016339449933701186,23379.0,-6.416757946899141,,,,,,,,,0.00034671483158917017,110177.0,-7.9670079268714025,,,,,,,,,0.0002906003712381706,131452.0,-8.143561529340365,,,,,,,,
2001-11,41.1,3.716008121502189,,,,0.02664332944379619,1542.6,-3.62521646199771,,,,,,,,,0.006932029009951088,5929.0,-4.971602722205179,,,,,,,,,0.0025971563981042655,15825.0,-5.953338125510188,,,,,,,,,0.0017708647507432462,23209.0,-6.336287291960906,,,,,,,,,0.0003742555865158717,109818.0,-7.890571607545828,,,,,,,,,0.0003133959616909657,131144.0,-8.068043113604103,,,,,,,,
2001-12,41.9,3.735285826928092,,,,0.027229009617884065,1538.8,-3.603472343950048,,,,,,,,,0.007101694915254237,5900.0,-4.947421802965719,,,,,,,,,0.002666751527494908,15712.0,-5.926894203666155,,,,,,,,,0.0018143240668571923,23094.0,-6.312042295583709,,,,,,,,,0.0003822016273214872,109628.0,-7.869562268392474,,,,,,,,,0.00031988884053655816,130983.0,-8.047536995841847,,,,,,,,
2002-01,42.1,3.7400477406883357,,,,0.02734654108476778,1539.5,-3.5991652266762193,,,,,,,,,0.007161081816635483,5879.0,-4.939094217713919,,,,,,,,,0.0027007954837054145,15588.0,-5.914208925770264,,,,,,,,,0.0018333841397030004,22963.0,-6.301591763230535,,,,,,,,,0.00038453809758681794,109482.0,-7.863467690476255,,,,,,,,,0.0003217203249298864,130859.0,-8.041827945951649,,,,,,,,
2002-02,41.7,3.730501128804756,,,,0.027132539527620535,1536.9,-3.6070215508085104,,,,,,,,,0.007128205128205129,5850.0,-4.943695811421146,,,,,,,,,0.0026872019590153374,15518.0,-5.919254790649139,,,,,,,,,0.0018225524475524476,22880.0,-6.307517316688978,,,,,,,,,0.0003813547696781805,109347.0,-7.871780462081566,,,,,,,,,0.00031896096743844513,130737.0,-8.050441821793049,,,,,,,,
2002-03,41.9,3.735285826928092,,,,0.027273319013213566,1536.3,-3.601846380208522,,,,,,,,,0.007184499314128944,5832.0,-4.935829446760402,,,,,,,,,0.002713203393123098,15443.0,-5.909625278294909,,,,,,,,,0.0018387677184359503,22787.0,-6.298659649964014,,,,,,,,,0.00038338015024109946,109291.0,-7.866483501668742,,,,,,,,,0.0003205275317085112,130722.0,-8.045542382926296,,,,,,,,
2002-04,41.7,3.730501128804756,,,,0.027201565557729943,1533.0,-3.6044807500670584,,,,,,,,,0.00717234262125903,5814.0,-4.937522952314065,,,,,,,,,0.0027091995841995843,15392.0,-5.911102044100732,,,,,,,,,0.0018378950152056063,22689.0,-6.299134375719383,,,,,,,,,0.00038196257316369436,109173.0,-7.8701879301689335,,,,,,,,,0.0003192564463771667,130616.0,-8.049515871001244,,,,,,,,
2002-05,40.1,3.6913763343125234,,,,0.026270964360587002,1526.4,-3.6392909663814987,,,,,,,,,0.0069221474192991544,5793.0,-4.9730292367841,,,,,,,,,0.002614421697744165,15338.0,-5.946712354012281,,,,,,,,,0.0017738653454835,22606.0,-6.334594302438153,,,,,,,,,0.0003674920728019209,109118.0,-7.90880881015105,,,,,,,,,0.00030696919590911877,130632.0,-8.088763154469621,,,,,,,,
2002-06,38.9,3.6609942506244004,,,,0.02547812418129421,1526.8,-3.669935070246674,,,,,,,,,0.00672428694900605,5785.0,-5.0020293890033765,,,,,,,,,0.002542982284107995,15297.0,-5.9744177590988645,,,,,,,,,0.0017229924259201841,22577.0,-6.3636927173135724,,,,,,,,,0.00035647193585337914,109125.0,-7.939255042517503,,,,,,,,,0.00029768737468815527,130674.0,-8.119466700354263,,,,,,,,
2002-07,36.4,3.594568774642695,,,,0.023974181650530196,1518.3,-3.7307777922454473,,,,,,,,,0.006306306306306306,5772.0,-5.066205145251066,,,,,,,,,0.002385946512847404,15256.0,-6.03815937263756,,,,,,,,,0.0016162692598019625,22521.0,-6.427634711598417,,,,,,,,,0.0003338224504768892,109040.0,-8.00490129172772,,,,,,,,,0.00027874777920725355,130584.0,-8.185203202191175,,,,,,,,
2002-08,33.9,3.5234150143864045,,,,0.022462231645905113,1509.2,-3.795919973703751,,,,,,,,,0.005910041841004184,5736.0,-5.131102367893051,,,,,,,,,0.0022345263990508207,15171.0,-6.103725975361688,,,,,,,,,0.0015101568068424803,22448.0,-6.495541787955838,,,,,,,,,0.0003110320023487962,108992.0,-8.075614749635955,,,,,,,,,0.00025960897833528614,130581.0,-8.2563339884655,,,,,,,,
2002-09,35.5,3.56953269648137,,,,0.02345401691331924,1513.6,-3.7527135018162436,,,,,,,,,0.006194381434304659,5731.0,-5.0841126180703675,,,,,,,,,0.0023480388914610753,15119.0,-6.054174813498831,,,,,,,,,0.0015851044829433827,22396.0,-6.447104953987414,,,,,,,,,0.0003258195969015015,108956.0,-8.029166713508584,,,,,,,,,0.0002720264823527609,130502.0,-8.209611134816576,,,,,,,,
2002-10,36.5,3.597312260588446,,,,0.02404479578392622,1518.0,-3.7278366973671293,,,,,,,,,0.006387819390969549,5714.0,-5.053362322202273,,,,,,,,,0.0024237997210970184,15059.0,-6.022418837498374,,,,,,,,,0.0016350848900237424,22323.0,-6.416060555476925,,,,,,,,,0.00033468429642942286,109058.0,-8.002322869194204,,,,,,,,,0.00027944295153004586,130617.0,-8.182712395218136,,,,,,,,
2002-11,36.4,3.594568774642695,,,,0.023928477517749142,1521.2,-3.73268600141141,,,,,,,,,0.006389327716341934,5697.0,-5.0531262248377,,,,,,,,,0.0024279615795090716,14992.0,-6.020703229835508,,,,,,,,,0.001633605600933489,22282.0,-6.416965681976567,,,,,,,,,0.0003338377585179071,109035.0,-8.004855435944151,,,,,,,,,0.000278679487964721,130616.0,-8.185448225163306,,,,,,,,
2002-12,36.4,3.594568774642695,,,,0.02394736842105263,1520.0,-3.7318968391976273,,,,,,,,,0.006418621054487744,5671.0,-5.048551973371333,,,,,,,,,0.0024411508282476025,14911.0,-6.015285699948213,,,,,,,,,0.0016405264106724355,22188.0,-6.41273810653243,,,,,,,,,0.0003343222168134684,108877.0,-8.0034053090334,,,,,,,,,0.00027900203119610623,130465.0,-8.184291495896627,,,,,,,,
2003-01,36.9,3.6082115510464816,,,,0.02415395692871637,1527.7,-3.7233070643251955,,,,,,,,,0.006507936507936508,5670.0,-5.034732845675316,,,,,,,,,0.00248200712988498,14867.0,-5.9986877195668695,,,,,,,,,0.00166621511785424,22146.0,-6.397200621211572,,,,,,,,,0.00033869679752540226,108947.0,-7.9904052533804,,,,,,,,,0.0002826005376302911,130573.0,-8.171476185273013,,,,,,,,
2003-02,36.8,3.6054978451748854,,,,0.0241771237106629,1522.1,-3.722348394110736,,,,,,,,,0.006517888770811193,5646.0,-5.033204763638549,,,,,,,,,0.0024898511502029767,14780.0,-5.995532349327307,,,,,,,,,0.0016710562165107618,22022.0,-6.394299387498651,,,,,,,,,0.0003381824531093487,108817.0,-7.991925006023334,,,,,,,,,0.0002821198856187855,130441.0,-8.173178451058996,,,,,,,,
2003-03,36.3,3.591817741270805,,,,0.02388629334737119,1519.7,-3.7344504846687543,,,,,,,,,0.006453333333333333,5625.0,-5.043158485801816,,,,,,,,,0.002465865090686774,14721.0,-6.005212583487208,,,,,,,,,0.0016541353383458645,21945.0,-6.4044768608515295,,,,,,,,,0.0003341772151898734,108625.0,-8.003839121296888,,,,,,,,,0.0002787269167274542,130235.0,-8.185278048565232,,,,,,,,
2003-04,36.5,3.597312260588446,,,,0.02409399960393425,1514.9,-3.7257924485758322,,,,,,,,,0.006529516994633273,5590.0,-5.0314223055606995,,,,,,,,,0.002498630887185104,14608.0,-5.992012342246304,,,,,,,,,0.0016694872615834971,21863.0,-6.395238728688442,,,,,,,,,0.0003361638637661405,108578.0,-7.9979118271029,,,,,,,,,0.00028039608828251636,130173.0,-8.17930735339146,,,,,,,,
2003-05,36.1,3.586292865338835,,,,0.023831528914708213,1514.8,-3.7367458306888044,,,,,,,,,0.006476498026551848,5574.0,-5.039575342703058,,,,,,,,,0.002479736227503778,14558.0,-5.999603084339368,,,,,,,,,0.0016533846294769627,21834.0,-6.404930801501379,,,,,,,,,0.0003323207217159164,108630.0,-8.009410026088961,,,,,,,,,0.00027727213376652304,130197.0,-8.190511101677657,,,,,,,,
2003-06,36.3,3.591817741270805,,,,0.02397463839904894,1514.1,-3.7307587407435214,,,,,,,,,0.006541719228689853,5549.0,-5.029555269055097,,,,,,,,,0.002504657420823846,14493.0,-5.989603311951711,,,,,,,,,0.0016660547090141362,21788.0,-6.39729689723276,,,,,,,,,0.00033431571191748017,108580.0,-8.003424766188637,,,,,,,,,0.00027883182523466424,130186.0,-8.18490173482265,,,,,,,,
2003-07,37.4,3.6216707044204863,,,,0.02469951129309206,1514.2,-3.70097182124872,,,,,,,,,0.006779046583288019,5517.0,-4.993918808851944,,,,,,,,,0.0025966812469624383,14403.0,-5.953521092778564,,,,,,,,,0.0017227877838684417,21709.0,-6.363811495668269,,,,,,,,,0.00034453851185157206,108551.0,-7.97330468318806,,,,,,,,,0.00028728568794936395,130184.0,-8.155033408919964,,,,,,,,
2003-08,39.8,3.6838669122903918,,,,0.026177321757432252,1520.4,-3.6428618248247018,,,,,,,,,0.007227165425821681,5507.0,-4.929908376972089,,,,,,,,,0.0027685030606566497,14376.0,-5.889448516173003,,,,,,,,,0.001833594397862342,21706.0,-6.301477086715568,,,,,,,,,0.000366492628709817,108597.0,-7.91153214950063,,,,,,,,,0.0003057939501970757,130153.0,-8.092599048193211,,,,,,,,
2003-09,38.5,3.6506582412937387,,,,0.025277394786947675,1523.1,-3.6778447693277196,,,,,,,,,0.007011473319978146,5491.0,-4.960207425985134,,,,,,,,,0.0026836748919559458,14346.0,-5.920568195392641,,,,,,,,,0.0017742753122263698,21699.0,-6.334363214223652,,,,,,,,,0.00035402949939309226,108748.0,-7.946130316683481,,,,,,,,,0.000295580873998096,130252.0,-8.12656807329036,,,,,,,,
2003-10,38.0,3.6375861597263857,,,,0.02499013547283967,1520.6,-3.6892741130679503,,,,,,,,,0.006935572184705238,5479.0,-4.97109172181203,,,,,,,,,0.00265103948653551,14334.0,-5.932803456827479,,,,,,,,,0.0017517978978425226,21692.0,-6.347112648234566,,,,,,,,,0.0003490048768839375,108881.0,-7.960424661980004,,,,,,,,,0.0002913239138601185,130439.0,-8.14107480378747,,,,,,,,
2003-11,36.4,3.594568774642695,,,,0.024113945014905595,1509.5,-3.7249649745041986,,,,,,,,,0.006672777268560953,5455.0,-5.0097191236244765,,,,,,,,,0.0025426096675048894,14316.0,-5.974564297243221,,,,,,,,,0.0016783474732571006,21688.0,-6.389945616535806,,,,,,,,,0.00033411354353113956,108945.0,-8.004029672065684,,,,,,,,,0.00027896995708154504,130480.0,-8.1844064626522,,,,,,,,
2003-12,35.7,3.5751506887855933,,,,0.02367688022284123,1507.8,-3.743256224992008,,,,,,,,,0.006560088202866594,5442.0,-5.026751230557598,,,,,,,,,0.0024966780893768796,14299.0,-5.992794194947254,,,,,,,,,0.0016450854799318006,21701.0,-6.40996293263048,,,,,,,,,0.00032739378043524116,109043.0,-8.024346890045674,,,,,,,,,0.0002733767775233749,130589.0,-8.204659576845364,,,,,,,,
2004-01,35.3,3.563882963939251,,,,0.023534902326821785,1499.9,-3.7492707542620627,,,,,,,,,0.006504514464713469,5427.0,-5.035258810124154,,,,,,,,,0.0024700860681547824,14291.0,-6.003502283542544,,,,,,,,,0.0016256792852537532,21714.0,-6.421829528852546,,,,,,,,,0.0003232067974143456,109218.0,-8.037218199934703,,,,,,,,,0.0002699684909296705,130756.0,-8.217205306036384,,,,,,,,
2004-02,35.9,3.580737295494233,,,,0.023949299533022012,1499.0,-3.7318162026083646,,,,,,,,,0.006632181784592647,5413.0,-5.015821451302744,,,,,,,,,0.0025141816653827297,14279.0,-5.985807909936062,,,,,,,,,0.0016549117226755173,21693.0,-6.4040076113488285,,,,,,,,,0.00032854096695372054,109271.0,-8.020849018671402,,,,,,,,,0.00027442077342322715,130821.0,-8.200847960082871,,,,,,,,
2004-03,36.2,3.5890591188317256,,,,0.02418331217850224,1496.9,-3.7220924630894645,,,,,,,,,0.006687603916497322,5413.0,-5.007499627965252,,,,,,,,,0.0025337719605235533,14287.0,-5.978046193033433,,,,,,,,,0.001663755859913595,21758.0,-6.398677666149303,,,,,,,,,0.000330436687600409,109552.0,-8.01509548252912,,,,,,,,,0.0002760408723501602,131140.0,-8.194961614985885,,,,,,,,
2004-04,35.6,3.572345637857985,,,,0.023715941642795287,1501.1,-3.7416078138081454,,,,,,,,,0.006574330563250231,5415.0,-5.0245825215771065,,,,,,,,,0.0024869018512050298,14315.0,-5.996717579674231,,,,,,,,,0.0016328777176405835,21802.0,-6.417411349830319,,,,,,,,,0.00032423177107051133,109798.0,-8.034051955097441,,,,,,,,,0.0002709037226432898,131412.0,-8.213747067205775,,,,,,,,
2004-05,36.5,3.597312260588446,,,,0.02432846763980537,1500.3,-3.716108106504522,,,,,,,,,0.006739290989660266,5416.0,-4.999800554003665,,,,,,,,,0.0025449728071398688,14342.0,-5.973635313854074,,,,,,,,,0.0016681138887619396,21881.0,-6.396061698742206,,,,,,,,,0.0003315679986918961,110083.0,-8.011677645114348,,,,,,,,,0.00027715133981791535,131697.0,-8.1909468478402,,,,,,,,
2004-06,36.4,3.594568774642695,,,,0.02438860971524288,1492.5,-3.7136390706240623,,,,,,,,,0.00673949268653953,5401.0,-4.999770625950196,,,,,,,,,0.002539416771312962,14334.0,-5.97582084191117,,,,,,,,,0.0016630876776168502,21887.0,-6.39907935760139,,,,,,,,,0.0003303295127639687,110193.0,-8.015419878169578,,,,,,,,,0.00027618859735648054,131794.0,-8.194426601851136,,,,,,,,
2004-07,35.6,3.572345637857985,,,,0.023787251102499,1496.6,-3.738605509788273,,,,,,,,,0.0065974796145292815,5396.0,-5.021067579469662,,,,,,,,,0.0024841253227269556,14331.0,-5.997834664200087,,,,,,,,,0.001625422335859739,21902.0,-6.4219875979777195,,,,,,,,,0.0003229083520789493,110248.0,-8.038142014696996,,,,,,,,,0.0002699956011952614,131854.0,-8.217104890968015,,,,,,,,
2004-08,34.6,3.543853682063679,,,,0.023193457568038613,1491.8,-3.7638850414573843,,,,,,,,,0.006428836863619472,5382.0,-5.046961649223173,,,,,,,,,0.002411990240501917,14345.0,-6.027303046351786,,,,,,,,,0.0015768126509593037,21943.0,-6.452349778972191,,,,,,,,,0.0003136529692783262,110313.0,-8.067223376613706,,,,,,,,,0.0002622423998969221,131939.0,-8.246241291481793,,,,,,,,
2004-09,34.2,3.5322256440685598,,,,0.022934549356223178,1491.2,-3.7751107998627673,,,,,,,,,0.006362790697674419,5375.0,-5.057288208927304,,,,,,,,,0.002386268490092102,14332.0,-6.038024434356285,,,,,,,,,0.001557518899717643,21958.0,-6.464661172726118,,,,,,,,,0.00030963115867238853,110454.0,-8.080128779606058,,,,,,,,,0.0002589163367123682,132089.0,-8.259005572724886,,,,,,,,
2004-10,33.0,3.4965075614664802,,,,0.022116480128677705,1492.1,-3.8114322411798955,,,,,,,,,0.006152125279642058,5364.0,-5.090957682935089,,,,,,,,,0.0023025397711415015,14332.0,-6.073742516958364,,,,,,,,,0.0014997273223050355,22004.0,-6.502471972528869,,,,,,,,,0.0002979065295694799,110773.0,-8.118730779823013,,,,,,,,,0.00024919013207077,132429.0,-8.297294370266917,,,,,,,,
2004-11,31.8,3.459466289786131,,,,0.021414141414141413,1485.0,-3.843703761450669,,,,,,,,,0.0059461480927449515,5348.0,-5.125011648435702,,,,,,,,,0.002222843562141759,14306.0,-6.108968018882198,,,,,,,,,0.0014457174031642117,21996.0,-6.5391496078415745,,,,,,,,,0.000286975119798576,110811.0,-8.156115036559797,,,,,,,,,0.00023999456616076618,132503.0,-8.334894275875401,,,,,,,,
2004-12,33.0,3.4965075614664802,,,,0.02226420186209688,1482.2,-3.8047751880507783,,,,,,,,,0.0061890472618154535,5332.0,-5.084974119832119,,,,,,,,,0.0023101155057752886,14285.0,-6.070457753198394,,,,,,,,,0.0014997273223050355,22004.0,-6.502471972528869,,,,,,,,,0.0002974661294248087,110937.0,-8.120210190132982,,,,,,,,,0.00024881248586292693,132630.0,-8.298811014021918,,,,,,,,
2005-01,33.1,3.4995332823830174,,,,0.022340712742980565,1481.6,-3.8013445815088978,,,,,,,,,0.006230001882175796,5313.0,-5.078378644067926,,,,,,,,,0.0023216665497650278,14257.0,-6.065470010770944,,,,,,,,,0.0015073546154196458,21959.0,-6.497399074862974,,,,,,,,,0.00029807467175765,111046.0,-8.118166526479932,,,,,,,,,0.00024928265339167505,132781.0,-8.29692315111648,,,,,,,,
2005-02,32.4,3.4781584227982836,,,,0.021865298960723444,1481.8,-3.8228544211842728,,,,,,,,,0.006105144149236857,5307.0,-5.098623560029611,,,,,,,,,0.002270179372197309,14272.0,-6.087896432021507,,,,,,,,,0.0014703880190605853,22035.0,-6.522228954477804,,,,,,,,,0.00029113127864138734,111290.0,-8.141736263169188,,,,,,,,,0.00024354676248177157,133034.0,-8.320201590833245,,,,,,,,
2005-03,32.6,3.484312288372662,,,,0.021972096785064368,1483.7,-3.817981958584086,,,,,,,,,0.0061405161047278205,5309.0,-5.09284648421101,,,,,,,,,0.002284833193159518,14268.0,-6.08146225810612,,,,,,,,,0.0014774529798323138,22065.0,-6.517435633330986,,,,,,,,,0.00029260236595041915,111414.0,-8.136695983455988,,,,,,,,,0.0002448292954023161,133154.0,-8.314949343724981,,,,,,,,
2005-04,32.9,3.493472657771326,,,,0.022258304580204318,1478.1,-3.8050401004467007,,,,,,,,,0.006213408876298394,5295.0,-5.081045600264181,,,,,,,,,0.002308933960277914,14249.0,-6.070969350024463,,,,,,,,,0.0014863338604020782,22135.0,-6.511442687394915,,,,,,,,,0.0002943650126156434,111766.0,-8.13069002118946,,,,,,,,,0.00024640503295386457,133520.0,-8.30853390056439,,,,,,,,
2005-05,33.1,3.4995332823830174,,,,0.02237998647734956,1479.0,-3.7995881803277824,,,,,,,,,0.00625945537065053,5288.0,-5.073662099148505,,,,,,,,,0.00232199228340933,14255.0,-6.065329718963755,,,,,,,,,0.0014930085701398287,22170.0,-6.5069620202273395,,,,,,,,,0.00029577867534045827,111908.0,-8.125899101765471,,,,,,,,,0.00024758955486240455,133689.0,-8.303738203575152,,,,,,,,
2005-06,33.1,3.4995332823830174,,,,0.022390583778664683,1478.3,-3.799114775524027,,,,,,,,,0.00627607129313614,5274.0,-5.071011084530214,,,,,,,,,0.002326562170520841,14227.0,-6.063363564268149,,,,,,,,,0.0014920663541291021,22184.0,-6.5075933049125965,,,,,,,,,0.00029504835762356825,112185.0,-8.12837129091086,,,,,,,,,0.0002471108191238391,133948.0,-8.305673661533888,,,,,,,,
2005-07,33.2,3.502549875922443,,,,0.0223463687150838,1485.7,-3.801091444720864,,,,,,,,,0.006293838862559242,5275.0,-5.0681840824218245,,,,,,,,,0.002333919156414763,14225.0,-6.060206383072089,,,,,,,,,0.00149522608539002,22204.0,-6.505477855887609,,,,,,,,,0.000295260709870779,112443.0,-8.127651829638575,,,,,,,,,0.0002472077438570365,134300.0,-8.305281506588885,,,,,,,,
2005-08,33.2,3.502549875922443,,,,0.022473431259730593,1477.3,-3.7954215004051193,,,,,,,,,0.006317792578496671,5255.0,-5.064385407388609,,,,,,,,,0.0023380281690140847,14200.0,-6.0584473676669095,,,,,,,,,0.0014938804895608352,22224.0,-6.5063781890716825,,,,,,,,,0.0002947469348982147,112639.0,-8.129393417589108,,,,,,,,,0.00024683647826798116,134502.0,-8.306784471879508,,,,,,,,
2005-09,32.1,3.4688560301359703,,,,0.02187691678593335,1467.3,-3.822323226077451,,,,,,,,,0.006121281464530893,5244.0,-5.09598381474762,,,,,,,,,0.0022648698229027022,14173.0,-6.090237995030935,,,,,,,,,0.0014444494442694506,22223.0,-6.5400270374454985,,,,,,,,,0.00028480928425031276,112707.0,-8.163690779764282,,,,,,,,,0.00023856947499851358,134552.0,-8.340849990271298,,,,,,,,
2005-10,32.3,3.475067230228611,,,,0.02198325733342408,1469.3,-3.8174741456532897,,,,,,,,,0.006172367666730364,5233.0,-5.087672776143597,,,,,,,,,0.0022764113045316793,14189.0,-6.085155065278703,,,,,,,,,0.0014490803050695377,22290.0,-6.536826196151304,,,,,,,,,0.0002863170584689572,112812.0,-8.15841076513794,,,,,,,,,0.00023989720813125272,134641.0,-8.335300025821805,,,,,,,,
2005-11,32.6,3.484312288372662,,,,0.02213020161564049,1473.1,-3.8108120144482305,,,,,,,,,0.006232077996558976,5231.0,-5.078045454997949,,,,,,,,,0.0022983643542019176,14184.0,-6.075557559381382,,,,,,,,,0.0014582867367479312,22355.0,-6.530493000295419,,,,,,,,,0.0002881436829358836,113138.0,-8.15205130315417,,,,,,,,,0.0002414868478558783,134997.0,-8.328695546578764,,,,,,,,
2005-12,32.2,3.4719664525503626,,,,0.021814240227626857,1476.1,-3.8251923009925886,,,,,,,,,0.0061603214080734655,5227.0,-5.089626326162559,,,,,,,,,0.002269363591514554,14189.0,-6.088255842956951,,,,,,,,,0.0014392347919367095,22373.0,-6.543643701122713,,,,,,,,,0.00028425141242937853,113280.0,-8.165651456377184,,,,,,,,,0.00023823792718205967,135159.0,-8.342240689611844,,,,,,,,
2006-01,32.1,3.4688560301359703,,,,0.02173030056864338,1477.2,-3.829047652842438,,,,,,,,,0.006140015302218822,5228.0,-5.092928044608143,,,,,,,,,0.0022592905405405404,14208.0,-6.092704435095981,,,,,,,,,0.0014288893834854218,22465.0,-6.55085779136829,,,,,,,,,0.0002826201796090861,113580.0,-8.171406683295453,,,,,,,,,0.00023702806678136562,135427.0,-8.347331998603028,,,,,,,,
2006-02,32.3,3.475067230228611,,,,0.02186421173762946,1477.3,-3.8229041460989515,,,,,,,,,0.006184185334099176,5223.0,-5.0857599982076875,,,,,,,,,0.002273367117117117,14208.0,-6.08649323500334,,,,,,,,,0.0014334531575910885,22533.0,-6.5476689501255105,,,,,,,,,0.00028369417241227876,113855.0,-8.167613757734154,,,,,,,,,0.0002379671855775677,135733.0,-8.343377769523036,,,,,,,,
2006-03,31.9,3.462606009790799,,,,0.02157738095238095,1478.4,-3.836109691096621,,,,,,,,,0.006118143459915611,5214.0,-5.096496584702648,,,,,,,,,0.0022448979591836735,14210.0,-6.099095211300347,,,,,,,,,0.001413568484955909,22567.0,-6.561637931381111,,,,,,,,,0.00027949358216147545,114135.0,-8.182531227487933,,,,,,,,,0.00023449330334171333,136038.0,-8.358083527663899,,,,,,,,
2006-04,32.2,3.4719664525503626,,,,0.0217142086452222,1482.9,-3.8297884564306606,,,,,,,,,0.006183983099673517,5207.0,-5.0857927006125365,,,,,,,,,0.002263938690852844,14223.0,-6.0906491990198655,,,,,,,,,0.001423078622884165,22627.0,-6.554932709900965,,,,,,,,,0.000281736969665153,114291.0,-8.17453665397489,,,,,,,,,0.00023639967696938554,136210.0,-8.349986638891025,,,,,,,,
2006-05,31.4,3.4468078929142076,,,,0.021231996754344444,1478.9,-3.8522459542585157,,,,,,,,,0.006053595527279737,5187.0,-5.107102881437193,,,,,,,,,0.002211267605633803,14200.0,-6.114189350675145,,,,,,,,,0.0013897494910153137,22594.0,-6.578631770372667,,,,,,,,,0.00027466039204709463,114323.0,-8.199975161472585,,,,,,,,,0.00023046040704885907,136249.0,-8.375431480134807,,,,,,,,
2006-06,30.9,3.4307561839036995,,,,0.02086428089128967,1481.0,-3.869716630364099,,,,,,,,,0.005958349402236791,5186.0,-5.12296178219491,,,,,,,,,0.0021745249824067555,14210.0,-6.1309450371874465,,,,,,,,,0.0013676197220501018,22594.0,-6.594683479383174,,,,,,,,,0.00027006948389634227,114415.0,-8.216831284309924,,,,,,,,,0.00022664427118097068,136337.0,-8.392128856956994,,,,,,,,
2006-07,33.0,3.4965075614664802,,,,0.02226570406855138,1482.1,-3.804707718496389,,,,,,,,,0.006369426751592357,5181.0,-5.056245805348308,,,,,,,,,0.002326401127952062,14185.0,-6.063432785776471,,,,,,,,,0.001461017399389029,22587.0,-6.528622237051752,,,,,,,,,0.00028806871748315237,114556.0,-8.15231150391729,,,,,,,,,0.00024170689011125842,136529.0,-8.327784763787925,,,,,,,,
2006-08,33.5,3.5115454388310208,,,,0.022651971059571303,1478.9,-3.7875084083417025,,,,,,,,,0.006483452680472228,5167.0,-5.038502089456164,,,,,,,,,0.0023668220997597853,14154.0,-6.046207109804709,,,,,,,,,0.0014845342550740051,22566.0,-6.512654188867371,,,,,,,,,0.0002921146484596402,114681.0,-8.138364201044556,,,,,,,,,0.0002450765224007257,136692.0,-8.313940059856892,,,,,,,,
2006-09,34.8,3.5496173867804286,,,,0.0234485546796038,1484.1,-3.752946420121344,,,,,,,,,0.006754658385093167,5152.0,-4.997522881003761,,,,,,,,,0.0024645892351274784,14120.0,-6.005730124266805,,,,,,,,,0.0015444015444015442,22533.0,-6.473118793573693,,,,,,,,,0.00030328383183434425,114744.0,-8.10084145219362,,,,,,,,,0.00025433762588981625,136826.0,-8.276847937810865,,,,,,,,
2006-10,34.0,3.5263605246161616,,,,0.022979183563125172,1479.6,-3.7731665353421375,,,,,,,,,0.006630265210608425,5128.0,-5.0161104739843445,,,,,,,,,0.002416832527722491,14068.0,-6.025297468977712,,,,,,,,,0.0015145440776872022,22449.0,-6.492640824132307,,,,,,,,,0.0002962317577869745,114775.0,-8.124368444501261,,,,,,,,,0.00024845991391594745,136843.0,-8.300229037649272,,,,,,,,
2006-11,32.7,3.487375077903208,,,,0.022054360288662575,1482.7,-3.8142449511207728,,,,,,,,,0.006384224912143695,5122.0,-5.053925188856263,,,,,,,,,0.0023300555793073965,14034.0,-6.061863157909026,,,,,,,,,0.0014598214285714286,22400.0,-6.529441159939924,,,,,,,,,0.0002844047070283622,114977.0,-8.165112309439513,,,,,,,,,0.00023858164307602513,137060.0,-8.340798987236607,,,,,,,,
2006-12,31.7,3.456316680883235,,,,0.021563158968777633,1470.1,-3.836769023786686,,,,,,,,,0.00621446775142129,5101.0,-5.080875197039692,,,,,,,,,0.0022628310371903774,14009.0,-6.091138578312879,,,,,,,,,0.0014153049379408875,22398.0,-6.560410267259404,,,,,,,,,0.00027526680039249396,115161.0,-8.19776974737586,,,,,,,,,0.00023096707444134382,137249.0,-8.3732353924875,,,,,,,,
2007-01,31.4,3.4468078929142076,,,,0.021217649841205485,1479.9,-3.8529219039935945,,,,,,,,,0.006135209066041422,5118.0,-5.093711123805527,,,,,,,,,0.0022422165095686945,14004.0,-6.100290389160349,,,,,,,,,0.0013996612284924667,22434.0,-6.571525051290961,,,,,,,,,0.00027215129531882434,115377.0,-8.209152413518598,,,,,,,,,0.00022841014897579144,137472.0,-8.38436764607422,,,,,,,,
2007-02,31.1,3.4372078191851885,,,,0.02103198755663759,1478.7,-3.8617107831942534,,,,,,,,,0.0060896808302330135,5107.0,-5.1011596074624554,,,,,,,,,0.0022225398413492463,13993.0,-6.109104664370525,,,,,,,,,0.001392807559675758,22329.0,-6.576433741842832,,,,,,,,,0.00026942969271153696,115429.0,-8.219203082127125,,,,,,,,,0.00022608316371038094,137560.0,-8.394607645361013,,,,,,,,
2007-03,31.1,3.4372078191851885,,,,0.021000742791545682,1480.9,-3.8631974708582693,,,,,,,,,0.006099235144145911,5099.0,-5.099591901869967,,,,,,,,,0.002227155542824406,13964.0,-6.1070300490397385,,,,,,,,,0.001389385275196569,22384.0,-6.578893877720074,,,,,,,,,0.000268949712457301,115635.0,-8.220986138376285,,,,,,,,,0.00022571561284329096,137784.0,-8.396234701330394,,,,,,,,
2007-04,30.2,3.407841924380824,,,,0.02041506117758399,1479.3,-3.8914823575173663,,,,,,,,,0.005939036381514258,5085.0,-5.126208384101837,,,,,,,,,0.002166582968649114,13939.0,-6.1346040213490625,,,,,,,,,0.0013515327813828596,22345.0,-6.606515936986728,,,,,,,,,0.00026108306245245175,115672.0,-8.250671954327139,,,,,,,,,0.00021908347660812348,137847.0,-8.426057729048669,,,,,,,,
2007-05,31.3,3.4436180975461075,,,,0.02111156077161743,1482.6,-3.8579344846765116,,,,,,,,,0.006157780838087744,5083.0,-5.090038819900795,,,,,,,,,0.002248240195374228,13922.0,-6.097607504182505,,,,,,,,,0.0014025811077253989,22316.0,-6.5694410914193115,,,,,,,,,0.00027029594383371186,115799.0,-8.215993110959054,,,,,,,,,0.0002268247434633892,137992.0,-8.391332893898356,,,,,,,,
2007-06,32.2,3.4719664525503626,,,,0.02162960972660711,1488.7,-3.833692082332649,,,,,,,,,0.006337335170242079,5081.0,-5.061296919043369,,,,,,,,,0.0023160468963533054,13903.0,-6.067893470619181,,,,,,,,,0.0014429755769661665,22315.0,-6.541047924513007,,,,,,,,,0.0002779144334256838,115863.0,-8.18819728508455,,,,,,,,,0.00023321503585137975,138070.0,-8.363549629359836,,,,,,,,
2007-07,31.8,3.459466289786131,,,,0.0212623696175448,1495.6,-3.850816453316827,,,,,,,,,0.006267244777296019,5074.0,-5.072418450373096,,,,,,,,,0.002290901231899719,13881.0,-6.078809987788978,,,,,,,,,0.001427994072477435,22269.0,-6.551484565999526,,,,,,,,,0.0002744383937586841,115873.0,-8.200783752954646,,,,,,,,,0.0002303613340673988,138044.0,-8.375861464114065,,,,,,,,
2007-08,31.7,3.456316680883235,,,,0.02136694526826638,1483.6,-3.8459101647322007,,,,,,,,,0.006278470984353337,5049.0,-5.070628801975681,,,,,,,,,0.0022936111714058315,13821.0,-6.077627772720792,,,,,,,,,0.001430569971569114,22159.0,-6.54968233260597,,,,,,,,,0.0002737785761786729,115787.0,-8.2031908944143,,,,,,,,,0.00022968850760435612,138013.0,-8.378786481717842,,,,,,,,
2007-09,31.6,3.4531571205928664,,,,0.021410664679178806,1475.9,-3.8438661315948637,,,,,,,,,0.006271085532843819,5039.0,-5.071805808087731,,,,,,,,,0.0022925130586186884,13784.0,-6.078106657614899,,,,,,,,,0.0014305763049481644,22089.0,-6.54967790544396,,,,,,,,,0.00027283716111207047,115820.0,-8.206635420186915,,,,,,,,,0.0002288213527976307,138099.0,-8.382568977648683,,,,,,,,
2007-10,30.8,3.427514689979529,,,,0.020758913526993328,1483.7,-3.874779556977219,,,,,,,,,0.006114750843756204,5037.0,-5.097051255766122,,,,,,,,,0.0022390229717941263,13756.0,-6.101715681572628,,,,,,,,,0.001396825396825397,22050.0,-6.573553190895463,,,,,,,,,0.0002657967862752205,115878.0,-8.232778502521125,,,,,,,,,0.0002229057354803691,138175.0,-8.408761586721935,,,,,,,,
2007-11,31.2,3.4404180948154366,,,,0.02102992720409814,1483.6,-3.861808750799999,,,,,,,,,0.0061978545887961855,5034.0,-5.083552080879825,,,,,,,,,0.002268925896298451,13751.0,-6.088448732907508,,,,,,,,,0.0014176663031624864,22008.0,-6.558743207788974,,,,,,,,,0.0002690675773569285,115956.0,-8.220547992971872,,,,,,,,,0.00022561284257719284,138290.0,-8.396690113643267,,,,,,,,
2007-12,32.0,3.4657359027997265,,,,0.021443409502110836,1492.3,-3.842337930137696,,,,,,,,,0.006350466362373487,5039.0,-5.059227025880872,,,,,,,,,0.0023291360361016086,13739.0,-6.062257880124221,,,,,,,,,0.0014566642388929353,21968.0,-6.531606225208026,,,,,,,,,0.00027581689206078317,116019.0,-8.195773346979598,,,,,,,,,0.000231222226236497,138395.0,-8.372131291545747,,,,,,,,
2008-01,31.2,3.4404180948154366,,,,0.020914331679849844,1491.8,-3.867320628705626,,,,,,,,,0.006201550387596899,5031.0,-5.082955955675882,,,,,,,,,0.0022745498286797406,13717.0,-6.085973123662971,,,,,,,,,0.0014221249829071516,21939.0,-6.555603059123624,,,,,,,,,0.0002689585614165151,116003.0,-8.220953237007613,,,,,,,,,0.0002254481866595371,138391.0,-8.397420196334064,,,,,,,,
2008-02,31.2,3.4404180948154366,,,,0.020896122161944947,1493.1,-3.8681916797171816,,,,,,,,,0.006212664277180406,5022.0,-5.081165444902093,,,,,,,,,0.002279035792549306,13690.0,-6.084002823467058,,,,,,,,,0.0014253083599817268,21890.0,-6.553367095701472,,,,,,,,,0.0002691697149561736,115912.0,-8.220168466685122,,,,,,,,,0.00022554923407239262,138329.0,-8.396972089937437,,,,,,,,
2008-03,31.3,3.4436180975461075,,,,0.02103211933879855,1488.2,-3.8617045174170532,,,,,,,,,0.006243766207859565,5013.0,-5.0761717197173954,,,,,,,,,0.002293040293040293,13650.0,-6.077876703066998,,,,,,,,,0.001435121503897295,21810.0,-6.546505761649567,,,,,,,,,0.000270256268563929,115816.0,-8.216139906287772,,,,,,,,,0.0002263867090026689,138259.0,-8.3932659191771,,,,,,,,
2008-04,31.0,3.4339872044851463,,,,0.02088808031803787,1484.1,-3.8685766024166264,,,,,,,,,0.006197520991603359,5002.0,-5.083605906952418,,,,,,,,,0.002281256898962396,13589.0,-6.083028716435352,,,,,,,,,0.0014304831341424022,21671.0,-6.549743035727184,,,,,,,,,0.00026818928973094556,115590.0,-8.223817521803166,,,,,,,,,0.00022457258765575195,138040.0,-8.401311572726794,,,,,,,,
2008-05,30.8,3.427514689979529,,,,0.020793950850661626,1481.2,-3.8730931590599287,,,,,,,,,0.006177296430004011,4986.0,-5.086874574103974,,,,,,,,,0.0022722242714865366,13555.0,-6.086996071953237,,,,,,,,,0.0014263881813550688,21593.0,-6.552609777095303,,,,,,,,,0.0002669717772692601,115368.0,-8.228367608262378,,,,,,,,,0.00022342964505154116,137851.0,-8.406413980707981,,,,,,,,
2008-06,30.0,3.4011973816621555,,,,0.02030594287261405,1477.4,-3.896841683432482,,,,,,,,,0.006045949214026602,4962.0,-5.108366782589591,,,,,,,,,0.0022232103156958646,13494.0,-6.108803039525215,,,,,,,,,0.0013969732246798604,21475.0,-6.573447365190301,,,,,,,,,0.00026045510188135403,115183.0,-8.253080065247886,,,,,,,,,0.00021786492374727668,137700.0,-8.431635303054591,,,,,,,,
2008-07,30.5,3.417726683613366,,,,0.020711666440309657,1472.6,-3.8770581413212506,,,,,,,,,0.006171590449210846,4942.0,-5.087798702935189,,,,,,,,,0.002272896639093822,13419.0,-6.086700208487592,,,,,,,,,0.0014286383437163333,21349.0,-6.551033495538958,,,,,,,,,0.0002653812353714032,114929.0,-8.234343141763182,,,,,,,,,0.0002218230215931984,137497.0,-8.41363069405556,,,,,,,,
2008-08,30.0,3.4011973816621555,,,,0.020365216210712106,1473.1,-3.8939269211587373,,,,,,,,,0.006087662337662338,4928.0,-5.101491123551201,,,,,,,,,0.0022475277195085405,13348.0,-6.09792445820911,,,,,,,,,0.0014122963939365409,21242.0,-6.56253825121933,,,,,,,,,0.0002616796343463243,114644.0,-8.248389572066502,,,,,,,,,0.00021864136257297156,137211.0,-8.428077784325042,,,,,,,,
2008-09,30.6,3.4210000089583352,,,,0.020779573543392642,1472.6,-3.8737848159762813,,,,,,,,,0.006239804241435563,4904.0,-5.076806468657712,,,,,,,,,0.002306474711690661,13267.0,-6.072035018958582,,,,,,,,,0.0014505807063285138,21095.0,-6.535791315600104,,,,,,,,,0.0002678970084834053,114223.0,-8.22490794801803,,,,,,,,,0.00022374963439602223,136760.0,-8.404982834794902,,,,,,,,
2008-10,31.4,3.4468078929142076,,,,0.021291022511526987,1474.8,-3.8494697734457817,,,,,,,,,0.0064449917898193754,4872.0,-5.044451916475525,,,,,,,,,0.0023900137007154816,13138.0,-6.03645618053821,,,,,,,,,0.0015033994063008713,20886.0,-6.500026464125286,,,,,,,,,0.000276063371489863,113742.0,-8.194880111755412,,,,,,,,,0.0002303893874136957,136291.0,-8.375739691775905,,,,,,,,
2008-11,32.5,3.481240089335692,,,,0.02188994409645046,1484.7,-3.8217279212902584,,,,,,,,,0.0067121024370095,4842.0,-5.003843048162312,,,,,,,,,0.00249500998003992,13026.0,-5.993462549770655,,,,,,,,,0.0015765219500363814,20615.0,-6.452534155805308,,,,,,,,,0.00028765898690930335,112981.0,-8.153734852628483,,,,,,,,,0.0002397798452128876,135541.0,-8.33578936722302,,,,,,,,
2008-12,32.3,3.475067230228611,,,,0.021972789115646256,1470.0,-3.8179504495441714,,,,,,,,,0.006748850814876723,4786.0,-4.998383038239708,,,,,,,,,0.002515184550693038,12842.0,-5.985409098125383,,,,,,,,,0.0015901147048688032,20313.0,-6.443949123925144,,,,,,,,,0.0002876454925149834,112291.0,-8.153781764810832,,,,,,,,,0.0002395307274169985,134847.0,-8.336828851150752,,,,,,,,
2009-01,31.8,3.459466289786131,,,,0.02167984728661031,1466.8,-3.8313721464110397,,,,,,,,,0.006724466060477902,4729.0,-5.002002752857744,,,,,,,,,0.0025334608030592736,12552.0,-5.9781690046267375,,,,,,,,,0.0015996780522159063,19879.0,-6.43795288734839,,,,,,,,,0.0002852017937219731,111500.0,-8.16231358009618,,,,,,,,,0.0002371736066050612,134079.0,-8.346718167668076,,,,,,,,
2009-02,31.9,3.462606009790799,,,,0.021864290610006852,1459.0,-3.8229005387319868,,,,,,,,,0.006814783165990173,4681.0,-4.988661031509272,,,,,,,,,0.0025786112682887395,12371.0,-5.960504293072033,,,,,,,,,0.0016304625606951189,19565.0,-6.418891524853714,,,,,,,,,0.00028805692510519944,110742.0,-8.152352440744547,,,,,,,,,0.00023927751691444515,133318.0,-8.337886521018204,,,,,,,,
2009-03,31.5,3.449987545831587,,,,0.021697203471552556,1451.8,-3.830571899019153,,,,,,,,,0.006801986611962859,4631.0,-4.990540560649165,,,,,,,,,0.002582814037389308,12196.0,-5.958875762276558,,,,,,,,,0.0016394295825960237,19214.0,-6.413406913138097,,,,,,,,,0.00028653555769825534,109934.0,-8.157647918870934,,,,,,,,,0.00023774661494105394,132494.0,-8.344305094532652,,,,,,,,
2009-04,31.3,3.4436180975461075,,,,0.02147365532381998,1457.6,-3.8409284289595864,,,,,,,,,0.0068028689415344495,4601.0,-4.990410852609361,,,,,,,,,0.00260464342181909,12017.0,-5.950459495365192,,,,,,,,,0.0016577511784333456,18881.0,-6.402293306852425,,,,,,,,,0.0002867744743231481,109145.0,-8.156814454862355,,,,,,,,,0.00023744139824915416,131822.0,-8.345589709150028,,,,,,,,
2009-05,31.2,3.4404180948154366,,,,0.02143004327220276,1455.9,-3.8429614502638434,,,,,,,,,0.006822654712442598,4573.0,-4.987506628842619,,,,,,,,,0.0026329113924050632,11850.0,-5.93966505174784,,,,,,,,,0.00167346063076593,18644.0,-6.3928615626771945,,,,,,,,,0.0002866356144750985,108849.0,-8.157298784850532,,,,,,,,,0.00023732371868011502,131466.0,-8.346085447220299,,,,,,,,
2009-06,30.9,3.4307561839036995,,,,0.021247335487863575,1454.3,-3.851523780279965,,,,,,,,,0.006800176056338028,4544.0,-4.990806776497288,,,,,,,,,0.0026380944249978656,11713.0,-5.937698431166175,,,,,,,,,0.0016785268075397903,18409.0,-6.3898387705428625,,,,,,,,,0.00028497122620628593,108432.0,-8.163122343472194,,,,,,,,,0.00023586345872007815,131008.0,-8.352257485117262,,,,,,,,
2009-07,31.0,3.4339872044851463,,,,0.021336637070686212,1452.9,-3.847329633592147,,,,,,,,,0.006855373728438744,4522.0,-4.982722448352769,,,,,,,,,0.002660030890681311,11654.0,-5.929417543217873,,,,,,,,,0.0016973280770915462,18264.0,-6.378699983724485,,,,,,,,,0.0002866627828483184,108141.0,-8.157204005680148,,,,,,,,,0.00023725337129387275,130662.0,-8.34638191069586,,,,,,,,
2009-08,30.6,3.4210000089583352,,,,0.02100061766522545,1457.1,-3.8632034290614734,,,,,,,,,0.0067804121426988705,4513.0,-4.993717390868666,,,,,,,,,0.0026352049603858077,11612.0,-5.938794316186185,,,,,,,,,0.0016872518747243054,18136.0,-6.38465418322903,,,,,,,,,0.00028350396071709827,107935.0,-8.168284464110643,,,,,,,,,0.00023453307989453677,130472.0,-8.357913914378418,,,,,,,,
2009-09,30.6,3.4210000089583352,,,,0.020970394736842105,1459.2,-3.864643610361732,,,,,,,,,0.00678793256433008,4508.0,-4.992608866201332,,,,,,,,,0.0026424870466321246,11580.0,-5.936034742168651,,,,,,,,,0.0016967949428856606,18034.0,-6.379014135101517,,,,,,,,,0.000283872164757178,107795.0,-8.166986545233772,,,,,,,,,0.00023494003654622793,130246.0,-8.356180240012966,,,,,,,,
2009-10,30.9,3.4307561839036995,,,,0.021197777320436303,1457.7,-3.8538589461762673,,,,,,,,,0.006874304783092325,4495.0,-4.9799647630020205,,,,,,,,,0.002680662791706428,11527.0,-5.9216912046973125,,,,,,,,,0.0017258713136729222,17904.0,-6.362023246648007,,,,,,,,,0.00028734296102736733,107537.0,-8.154834069474237,,,,,,,,,0.00023758082745788513,130061.0,-8.345002666248918,,,,,,,,
2009-11,30.6,3.4210000089583352,,,,0.02101215408912999,1456.3,-3.8626542425301995,,,,,,,,,0.00681666295388728,4489.0,-4.988385229823597,,,,,,,,,0.002661332405635763,11498.0,-5.928928377224901,,,,,,,,,0.001713517751147945,17858.0,-6.369206857118827,,,,,,,,,0.00028458762694840226,107524.0,-8.164469348487602,,,,,,,,,0.00023528145351653506,130057.0,-8.354728085921675,,,,,,,,
2009-12,30.6,3.4210000089583352,,,,0.021055528796532032,1453.3,-3.8605921026737895,,,,,,,,,0.006834934107661381,4477.0,-4.9857084492826305,,,,,,,,,0.0026689925861317055,11465.0,-5.92605418633367,,,,,,,,,0.0017208413001912047,17782.0,-6.364941979722749,,,,,,,,,0.0002851126474479623,107326.0,-8.162626201584613,,,,,,,,,0.0002357327745593492,129808.0,-8.352811705676512,,,,,,,,
2010-01,30.4,3.414442608412176,3.4084371741374095,30.217981893976944,0.006005434274766408,0.02099592513295117,1447.9,-3.8634269013752,-3.8472905246627787,0.021337471540035863,-0.016136376712421185,0.021328595029992212,-0.01559736572302317,-3.8610465978246133,2.1045961335143075,-0.0023803035505864933,0.0067993737418921936,4471.0,-4.990924767821805,-4.97730545415104,0.006892610011486525,-0.013619313670765187,0.006893586168969273,-0.013666678673165235,-4.985261878476349,0.6837987071328206,-0.005662889345456001,0.0026557176552808597,11447.0,-5.9310403575063,-5.945157554510424,0.0026184897609893027,0.014117197004123838,0.0026189453791932776,0.014040871711081334,-5.9365515946503615,0.26411216235357393,0.0055112371440610985,0.001718193635901204,17693.0,-6.366481751700827,-6.3662360943502065,0.0017186157746462718,-0.00024565735062065386,0.0017175487532683348,0.0003754668574280254,-6.36196280876497,0.1725975624833656,-0.004518942935857417,0.00028328875884112533,107311.0,-8.16904383126159,-8.172330387520338,0.000282359242687965,0.0032865562587485186,0.00028215192355336537,0.004029160154015204,-8.16606903545281,0.028413273976666556,-0.0029747958087789073,0.00023420286282183634,129802.0,-8.359322883041736,-8.358819004479619,0.0002343209023598978,-0.0005038785621174213,0.00023422092257328889,-7.710562854135856e-05,-8.356134020735148,0.023495089555599365,-0.003188862306588547
2010-02,29.9,3.3978584803966405,3.4091008357390877,30.23804306441811,-0.011242355342447219,0.02066058595909342,1447.2,-3.8795274536844446,-3.8478772643646297,0.021324955670484053,-0.03165018931981489,0.021316688299185742,-0.030778811928182246,-3.8610922577220506,2.1045000400645297,-0.01843519596239407,0.006692032229185317,4468.0,-5.006837679792451,-4.977366057133435,0.006892192311420405,-0.029471622659015928,0.006893208328702319,-0.029184682940646686,-4.984968973118336,0.6839990247735649,-0.021868706674114335,0.0026138648483259026,11439.0,-5.946925368129032,-5.945384406357156,0.0026178958191223267,-0.001540961771876681,0.0026183690453773344,-0.0017202300261622287,-5.937181178080342,0.2639459340452847,-0.009744190048690093,0.001697609720093113,17613.0,-6.378534064335655,-6.367120320849191,0.0017170968006942357,-0.011413743486464512,0.0017161117701728534,-0.01078137823032166,-6.363026398303518,0.17241408711006917,-0.01550766603213738,0.0002788398769001212,107230.0,-8.18487285881755,-8.173311557410575,0.0002820823361691936,-0.011561301406976199,0.00028189109199620003,-0.010824091937321475,-8.167280626014659,0.02837886956832211,-0.017592232802892127,0.00023052133286046906,129706.0,-8.375167149439294,-8.359565155828937,0.00023414612871433286,-0.015601993610356857,0.00023405464034631775,-0.015096079618932803,-8.35696111733542,0.023475664881053335,-0.018206032103874392
2010-03,30.4,3.414442608412176,3.4097644973407664,30.258117553106718,0.004678111071409585,0.02100462930974919,1447.3,-3.8630124222313826,-3.8484640040664813,0.021312447142335846,-0.014548418164901378,0.02130478156837927,-0.014088492654417497,-3.8611379359860276,2.1044039123516503,-0.0018744862453550226,0.0068207314336997974,4457.0,-4.98778856453438,-4.977426660115829,0.006891774636667395,-0.010361904418551227,0.006892830488435367,-0.01046000693859155,-4.984676111455456,0.6841993712008306,-0.003112453078924382,0.0026575749628464027,11439.0,-5.930341240113497,-5.945611258203886,0.002617302011976881,0.01527001809038886,0.002617792711561391,0.015196868380492804,-5.937810718985347,0.263779821575877,0.007469478871849233,0.0017216967774820184,17657.0,-6.364444975890622,-6.368004547348176,0.0017155791692655827,0.0035595714575533677,0.001714674787077372,0.004095231619177898,-6.364090022710446,0.17223080077011224,-0.0003549531801763095,0.00028319111674181166,107348.0,-8.169388564073783,-8.174292727300811,0.0002818057012095163,0.0049041632270281355,0.0002816302604390347,0.005542218014299064,-8.168492239530174,0.028344506168181918,-0.000896324543608884,0.00023408744398071857,129866.0,-8.35981582018683,-8.360311307178256,0.00023397148542771956,0.0004954869914257642,0.00023388835811934662,0.000851200388821271,-8.357788238541104,0.02345625568879645,-0.0020275816457253626
2010-04,30.6,3.4210000089583352,3.4104281589424446,30.278205368884475,0.010571850015890671,0.021139896373056997,1447.5,-3.856593200488815,-3.8490507437683323,0.021299945951285034,-0.007542456720482704,0.0212928748375728,-0.007184490853525374,-3.861183793229968,2.10430741240072,0.004590592741152921,0.006856374635895138,4463.0,-4.982576455670935,-4.977487263098224,0.006891356987225946,-0.005089192572710566,0.006892452648168413,-0.005234422942733271,-4.9843835059228585,0.6843996010149908,0.0018070502519238474,0.0026666666666666666,11475.0,-5.926926025970411,-5.945838110050618,0.0026167083395224025,0.01891208408020706,0.0026172163777454477,0.018894230275227353,-5.938440250027051,0.26361381624825564,0.011514224056639932,0.0017273497036409823,17715.0,-6.361167008341237,-6.36888877384716,0.001714062879173746,0.00772176550592274,0.0017132378039818907,0.008236976575168298,-6.365153836512052,0.1720476766894237,0.00398682817081486,0.0002845161830201486,107551.0,-8.164720423695245,-8.175273897191046,0.0002815293375426185,0.010553473495800603,0.00028136942888186937,0.01118371015210877,-8.169704034695563,0.028310179235448145,0.004983611000318078,0.0002351675376575469,130120.0,-8.355212371628953,-8.361057458527574,0.00023379697240282673,0.005845086898620622,0.0002337220758923755,0.006184532460840338,-8.358615549436257,0.02343685809793114,0.0034031778073035923
2010-05,30.9,3.4307561839036995,3.4110918205441227,30.29830652059901,0.019664363359576775,0.02127659574468085,1452.3,-3.8501476017100584,-3.8496374834701834,0.021287452093027896,-0.0005101182398750126,0.02128096810676633,-0.00020545879602575358,-3.8612300045309222,2.1042101718644086,0.011082402820863813,0.006909660107334526,4472.0,-4.974834830931235,-4.977547866080619,0.006890939363094533,0.0027130351493838134,0.00689207480790146,0.0025515247473670622,-4.984091392971539,0.6845995522050694,0.009256562040303784,0.002684388845452176,11511.0,-5.920302195011362,-5.946064961897348,0.0026161148017283444,0.02576276688598611,0.002616640043929504,0.025891525156410515,-5.939069746232262,0.263447924570855,0.01876755122089957,0.0017431037400575393,17727.0,-6.352087996110084,-6.369773000346145,0.0017125479292332013,0.017685004236060564,0.0017118008208864093,0.018286542913865802,-6.366217996973469,0.17186468773648508,0.014130000863384673,0.0002870520037902012,107646.0,-8.15584716074374,-8.176255067081282,0.0002812532449024456,0.020407906337542414,0.0002811085973247041,0.02114274170929032,-8.170916177123114,0.02827588405558569,0.015069016379374744,0.0002365242418211601,130642.0,-8.349459852870247,-8.361803609876894,0.00023362258954249518,0.012343757006647138,0.00023355579366540438,0.012709803123138838,-8.359443230749852,0.023417467874004057,0.009983377879605015
2010-06,31.5,3.449987545831587,3.4117554821458014,30.318421017103823,0.0382320636857858,0.021664374140302613,1454.0,-3.8320861122618775,-3.850224223172035,0.021274965563263252,0.01813811091015749,0.021269061375959856,0.01858628161135378,-3.861276709544701,2.104111896994321,0.02919059728282347,0.007042253521126761,4473.0,-4.955827057601261,-4.977608469063014,0.006890521764271621,0.021781411461753386,0.0068916969676345065,0.0218460785782244,-4.983799995109204,0.6847990721195638,0.027972937507943385,0.00273224043715847,11529.0,-5.902633333401366,-5.94629181374408,0.0026155213985641574,0.0436584803427138,0.0026160637101135605,0.04440898231789101,-5.9396990937834655,0.26328217642672164,0.03706576038209963,0.0017749478785146786,17747.0,-6.333984220702978,-6.370657226845129,0.0017110343182594777,0.03667300614215119,0.001710363837790928,0.037760410561045385,-6.367282630597267,0.17168181217618575,0.03329840989428945,0.00029228913426742134,107770.0,-8.13776705975929,-8.177236236971517,0.00028097742302320573,0.039469177212227535,0.00028084776576753877,0.040738684420771706,-8.172128793971327,0.02824161702277142,0.034361734212037476,0.0002413608152631982,130510.0,-8.329217585329985,-8.362549761226212,0.00023344833674963954,0.033332175896227056,0.00023338951143843324,0.03415450752536389,-8.360271436951777,0.02339808141098002,0.03105385162179175
2010-07,31.0,3.4339872044851463,3.4124191437474796,30.338548867258254,0.021568060737666706,0.021259086545055546,1458.2,-3.8509708728871836,-3.850810962873886,0.02126248635769246,-0.0001599100132976261,0.021257154645153386,9.088233747221483e-05,-3.8613239624147466,2.1040124740173196,0.010353089527562975,0.006924279651552379,4477.0,-4.972721253755819,-4.977669072045408,0.006890104190755682,0.004947818289589456,0.006891319127367553,0.0047829049236639805,-4.9835094634194705,0.6849980568554009,0.010788209663651571,0.0026849125238177724,11546.0,-5.920107131135732,-5.946518665590811,0.0026149281299993063,0.026411534455078822,0.0026154873762976173,0.026543866412550087,-5.940328034051796,0.26311663972583843,0.02022090291606382,0.0017452006980802793,17763.0,-6.35088571671474,-6.371541453344113,0.0017095220450691476,0.020655736629373145,0.0017089268546954465,0.021226094777062436,-6.368347754858234,0.17149904706392652,0.017462038143493785,0.00028744691504552786,107846.0,-8.154472358095449,-8.178217406861753,0.0002807018716393656,0.023745048766304677,0.00028058693421037343,0.024448682382377334,-8.173341896125429,0.028207377828344943,0.01886953802998015,0.0002377027182456006,130415.0,-8.344489748048868,-8.36329591257553,0.00023327421392724558,0.018806164526662172,0.0002332232292114621,0.01920687338599946,-8.361100245479685,0.02337869691569705,0.01661049743081655
2010-08,30.5,3.417726683613366,3.4130828053491578,30.35869007992756,0.004643878264208201,0.02098527590477501,1453.4,-3.8639342345691694,-3.8513977025757375,0.02125001447201937,-0.012536531993431854,0.021245247914346916,-0.012236713387389908,-3.861371592048413,2.103912263060477,-0.002562642520756331,0.0068339681828366566,4463.0,-4.985849781015904,-4.9777296750278035,0.006889686642545171,-0.008120105988100867,0.0068909412871006,-0.008267826105352698,-4.983219733145389,0.6851965502835481,-0.0026300478705154617,0.002643439070896169,11538.0,-5.935674531203468,-5.946745517437542,0.002614334996003263,0.01107098623407321,0.0026149110424816737,0.010909751020601079,-5.940956022407153,0.26295145741170334,0.005281491203684929,0.001715603554955563,17778.0,-6.367990333188255,-6.372425679843098,0.0017080111084798284,0.004435346654843464,0.001707489871599965,0.004751819317086435,-6.369413130298982,0.17131643348435685,0.0014227971107274584,0.0002824204824297421,107995.0,-8.172113525124988,-8.17919857675199,0.00028042659048565404,0.007085051627001349,0.0002803261026532081,0.007471226392088706,-8.174555229333809,0.028173173634842636,0.0024417042088202834,0.00023386880343518766,130415.0,-8.360750268920649,-8.364042063924849,0.0002331002209783718,0.003291795004200182,0.00023305694698449097,0.003483511052561389,-8.361929494158176,0.02335931819817331,0.001179225237526893
2010-09,30.2,3.407841924380824,3.4137464669508364,30.378844663982886,-0.005904542570012605,0.02081466675856365,1450.9,-3.8720974081408155,-3.8519844422775886,0.02123754990195038,-0.02011296586322686,0.021233341183540443,-0.01971778352534269,-3.861419347468104,2.103811792246394,-0.010678060672711709,0.00677433826828174,4458.0,-4.99461358956499,-4.977790278010199,0.006889269119638559,-0.01682331155479133,0.006890563446833646,-0.01686729676733677,-4.982930656287652,0.685394653381367,-0.011682933277337604,0.002614945016884579,11549.0,-5.946512207734264,-5.946972369284273,0.0026137419965454995,0.00046016155000927483,0.00261433470866573,0.00023344685622148542,-5.94158235819395,0.2627868130704399,-0.004929849540313391,0.0016993022732388027,17772.0,-6.377537539674975,-6.373309906342082,0.0017065015073101874,-0.004227633332892999,0.0017060528885044835,-0.003956861660718169,-6.370478382724178,0.17113403540535793,-0.007059156950797174,0.00027938645993302126,108094.0,-8.18291457354325,-8.180179746642224,0.00028015157929705983,-0.0027348269010261106,0.00028006527109604277,-0.0024237605768289965,-8.175768393746571,0.02813901566699915,-0.007146179796679419,0.00023169992557982522,130341.0,-8.370067447717945,-8.364788215274167,0.00023292635780614907,-0.005279232443777815,0.00023289066475751987,-0.005112867786840726,-8.362758892644433,0.02333995204725805,-0.007308555073512579
2010-10,30.3,3.4111477125153233,3.4144101285525146,30.399012628301225,-0.0032624160371912403,0.02098919368246052,1443.6,-3.86374756025331,-3.8525711819794397,0.021225092643194388,-0.011176378273870302,0.021221434452733973,-0.010943688598936088,-3.861466997469699,2.103711547999476,-0.0022805627836111064,0.006804401527060409,4453.0,-4.9901855928063785,-4.977850880992594,0.006888851622034314,-0.012334711813784871,0.006890185606566693,-0.012450184132126597,-4.982642105140533,0.6855924533311585,-0.007543487665845561,0.0026238309664011086,11548.0,-5.943119828267502,-5.9471992211310045,0.0026131491315955005,0.004079392863502562,0.002613758374849787,0.0038536812156175484,-5.942206300004354,0.26262290053180315,-0.0009135282631476116,0.001703395547560153,17788.0,-6.3751316391152635,-6.374194132841067,0.00170499324037993,-0.0009375062741963092,0.0017046159054090021,-0.0007159136817724309,-6.371543126960111,0.17095191839880985,-0.0035885121551526566,0.0002797189885804492,108323.0,-8.181725070963655,-8.18116091653246,0.0002798768378088303,-0.0005641544311938418,0.00027980443953887744,-0.00030539529168682256,-8.176980970673503,0.028104915624495377,-0.00474410029015182,0.00023197060174552138,130620.0,-8.368899910941325,-8.365534366623486,0.0002327526243137805,-0.0033655443178393085,0.00023272438253054873,-0.0032389420344832573,-8.363588141496678,0.023320605441495366,-0.005311769444647396
2010-11,29.3,3.3775875160230218,3.4150737901541928,30.41919398176551,-0.037486274131171005,0.020154078965469804,1453.8,-3.9043485810275134,-3.8531579216812912,0.021212642691462804,-0.051190659346222134,0.021209527721927503,-0.04976295419188056,-3.861514393241521,2.1036118433297766,-0.04283418778599257,0.0065680340730777855,4461.0,-5.025540719105243,-4.977911483974988,0.00688843414973091,-0.04762923513025541,0.006889807766299739,-0.04670285501953367,-4.982354042144389,0.6857899755954603,-0.04318667696085399,0.0025321925503413705,11571.0,-5.978669730853316,-5.947426072977735,0.002612556401122759,-0.03124365787558059,0.0026131820410338433,-0.030992670782488334,-5.942827144469492,0.262459903160833,-0.03584258638382387,0.0016448661090215013,17813.0,-6.410096290769463,-6.375078359340051,0.0017034863065098114,-0.035017931429411675,0.0017031789223135208,-0.03423763207027598,-6.372607032301872,0.17077013845511393,-0.03748925846759121,0.0002701406944367613,108462.0,-8.216567644179888,-8.182142086422695,0.0002796023657564743,-0.03442555775719214,0.0002795436079817121,-0.03363666088750623,-8.178192596564669,0.028070883602258696,-0.038375047615218705,0.00022409349211083832,130749.0,-8.403447217691344,-8.366280517972804,0.00023257902040454132,-0.03716669971854003,0.0002325581003035776,-0.03639782136889538,-8.3644169976663,0.02330128402224078,-0.03903022002504386
2010-12,30.0,3.4011973816621555,3.415737451755871,30.439388733264543,-0.014540070093715496,0.020625644551392232,1454.5,-3.881220096273101,-3.8537446613831423,0.021200200042469582,-0.027475434889958628,0.02119762099112103,-0.026983048709493324,-3.8615614035688246,2.1035129541729254,-0.019658692704276337,0.006730984967466906,4457.0,-5.0010337912844,-4.977972086957383,0.006888016702726798,-0.023061704327017374,0.006889429926032786,-0.02299826840057856,-4.982066487945502,0.6859872057383162,-0.018967303338897956,0.0025908973141031176,11579.0,-5.955751009950117,-5.9476529248244665,0.0026119638050967667,-0.008098085125650911,0.0026126057072179,-0.008309096567770754,-5.943444195269319,0.26229800202341513,-0.012306814680798084,0.001687289088863892,17780.0,-6.38463212740574,-6.375962585839035,0.0017019807045216232,-0.00866954156670463,0.0017017419392180394,-0.008492974181965918,-6.373669795733688,0.1705887466021047,-0.01096233167205174,0.0002763346965845032,108564.0,-8.193897758151586,-8.183123256312932,0.0002793281628757582,-0.010774501838653805,0.0002792827764245468,-0.0105558956330416,-8.179402944475843,0.02803692861974215,-0.01449481367574279,0.00022930520522815867,130830.0,-8.380456667842767,-8.367026669322124,0.0002324055459817786,-0.013429998520642528,0.0002323918180766065,-0.013281934252221966,-8.365245259090567,0.023281992457881408,-0.015211408752199063
2011-01,30.6,3.4210000089583352,3.4164011133575496,30.459596891693057,0.004598895600785635,0.020938825783495277,1461.4,-3.8661501503987825,-3.854331401084994,0.02118776469193116,-0.011818749313788679,0.02118571426031456,-0.011653535669635569,-3.8616082277475736,2.1034144612123025,-0.004541922651208896,0.006871771839209522,4453.0,-4.9803332963633675,-4.978032689939778,0.006887599281020454,-0.002300606423589535,0.0068890520857658325,-0.002508363464403927,-4.981779796420684,0.6861839006503704,0.001446500057316058,0.002636567292779597,11606.0,-5.938277475792218,-5.947879776671198,0.002611371343487031,0.00960230087897962,0.0026120293734019566,0.00939419733465003,-5.944057032646955,0.26213730524922024,0.005779556854736967,0.001722003376477209,17770.0,-6.364266912190362,-6.37684681233802,0.0017004764332381997,0.012579900147658307,0.001700304956122558,0.0127614874476005,-6.374731403508756,0.170407744356068,0.010464491318393776,0.00028182245185533113,108579.0,-8.17423328865947,-8.184104426203167,0.0002790542289027093,0.009871137543695951,0.00027902194486738145,0.010036870000604282,-8.18061198356656,0.02800305136064923,0.006378694907089866,0.0002338787957534948,130837.0,-8.360707543663157,-8.367772820671442,0.0002322322009489127,0.00706527700828552,0.00023222553584963535,0.0071191994360599925,-8.366073024865846,0.023262728395510208,0.005365481202689537
2011-02,30.9,3.4307561839036995,3.417064774959228,30.479818465951638,0.013691408944471739,0.02114700246372844,1461.2,-3.856257111017428,-3.854918140786845,0.021175336635566512,-0.0013389702305830475,0.02117380752950809,-0.0012659539736674416,-3.8616552167611746,2.103315626163675,0.005398105743746662,0.006929804888988562,4459.0,-4.971923620723777,-4.978093292922173,0.006887181884610343,0.00616967219839637,0.006888674245498879,0.005970763317275165,-4.9814944677993935,0.6863797164912978,0.00957084707561684,0.0026553235369940705,11637.0,-5.9311887722043775,-5.9481066285179285,0.002610779016263064,0.016917856313551027,0.002611453039586013,0.016799267206050253,-5.944665331805508,0.2619778958362332,0.013476559601130589,0.001733423089868731,17826.0,-6.357657160786963,-6.3777310388370045,0.0016989734914834192,0.02007387805004157,0.0016988679730270766,0.020340083744167202,-6.375791926466163,0.170227118826748,0.018134765679199916,0.0002838977600558608,108842.0,-8.166896384421861,-8.185085596093403,0.00027878056357361194,0.018189211671542083,0.0002787611133102161,0.018426697628834608,-8.181819794839052,0.027969249376869412,0.014923410417191363,0.00023577527335434198,131057.0,-8.35263143814854,-8.36851897202076,0.00023205898520943475,0.015887533872220416,0.00023205925362266422,0.016013236592237464,-8.366900511460482,0.023243486761803194,0.014269073311941938
2011-03,30.9,3.4307561839036995,3.417728436560906,30.50005346494683,0.01302774734279355,0.021148449798097324,1461.1,-3.8561886717743388,-3.855504880488696,0.021162915869097104,-0.0006837912856427764,0.021161900798701616,-0.0006356234599264985,-3.8617027566387336,2.10321563717309,0.005514084864394864,0.006926698049764627,4461.0,-4.972372051224565,-4.978153895904567,0.006886764513494939,0.005781844680002202,0.006888296405231926,0.005574911745019209,-4.981210991149828,0.6865743166946623,0.008838939925262856,0.002650313062869886,11659.0,-5.933077509029592,-5.94833348036466,0.0026101868233943796,0.015255971335068175,0.00261087670577007,0.015104641675595542,-5.94526872335274,0.26181986826936765,0.01219121432314818,0.0017272219116825042,17890.0,-6.361240992599065,-6.3786152653359895,0.0016974718780821939,0.017374272736924823,0.0016974309899315952,0.01755059376647145,-6.376851354700466,0.17004687090754533,0.015610362101400987,0.00028324976395853,109091.0,-8.169181491389145,-8.18606676598364,0.0002785071666250105,0.01688527459449496,0.0002785002817530508,0.017053778816965973,-8.183026410077227,0.02793552160668377,0.013844918688082686,0.00023536939283837205,131283.0,-8.354354393518733,-8.369265123370079,0.00023188589866690828,0.014910729851346005,0.00023189297139569309,0.014991491211464685,-8.367727893942503,0.023224263461642934,0.013373500423769613
2011-04,31.5,3.449987545831587,3.4183920981625846,30.520301897591086,0.031595447669002574,0.021507578861122492,1464.6,-3.8393499007953817,-3.8560916201905475,0.021150502388246915,0.016741719395165777,0.021149994067895146,0.016907087164158858,-3.8617511917573064,2.1031137701413103,0.02240129096192467,0.007056451612903226,4464.0,-4.95381295822956,-4.978214498886962,0.006886347167672698,0.02440154065740252,0.006887918564964972,0.024467921092372915,-4.980929781691054,0.6867674150359356,0.027116823461494022,0.002694841303789888,11689.0,-5.916415961776183,-5.948560332211391,0.0026095947648505048,0.03214437043520846,0.002610300371954126,0.03238743431372718,-5.945866733910613,0.26166334403012015,0.029450772134429926,0.001755754974639095,17941.0,-6.344856329587797,-6.379499491834974,0.0016959715918604807,0.03464316224717656,0.0016959940068361139,0.035236544210710666,-6.377909538377474,0.1698670252560729,0.03305320878967688,0.00028789997532285925,109413.0,-8.152897446060425,-8.187047935873874,0.0002782340377937078,0.034150489813448814,0.00027823945019588546,0.034720184791094906,-8.18423174591522,0.02790187020603198,0.03133429985479452,0.0002393671588258091,131597.0,-8.337511955429342,-8.370011274719397,0.0002317129412249688,0.03249931929005534,0.00023172668916872195,0.03297190187498888,-8.368555237279063,0.023205056968299134,0.031043281849720827
2011-05,30.6,3.4210000089583352,3.419055759764263,30.54056377280273,0.0019442491940724338,0.020943125042775994,1461.1,-3.8659448467197035,-3.8566783598923986,0.02113809618874245,-0.00926648682730491,0.021138087337088676,-0.009223270355714866,-3.861800823946998,2.103009390590042,-0.004144022772705647,0.006867145421903052,4456.0,-4.981006772648785,-4.978275101869357,0.006885929847142091,-0.0027316707794273754,0.00688754072469802,-0.002961187978436466,-4.98065118644044,0.6869587718303505,-0.0003555862083448602,0.0026160553988202103,11697.0,-5.946087668692372,-5.948787184058122,0.002609002840600973,0.0026995153657498605,0.002609724038138183,0.002426065204405347,-5.9464587960330775,0.26150846892764756,0.00037112734070543496,0.0017009449694274598,17990.0,-6.376571317986244,-6.380383718333959,0.0016944726316452678,0.003812400347714906,0.0016945570237406325,0.003769684700681418,-6.37896620721267,0.1696876268633949,0.0023948892264265,0.0002792633288918904,109574.0,-8.183355390117741,-8.18802910576411,0.0002779611768167633,0.004673715646369203,0.0002779786186387201,0.00462161535826606,-8.18543561215909,0.027868300297244488,0.0020802220413482786,0.00023234094895332682,131703.0,-8.367304657556879,-8.370757426068716,0.00023154011278732364,0.0034527685118366236,0.00023156040694175084,0.003370792191483424,-8.369382503246726,0.023185868152613018,0.0020778456898469244
2011-06,30.1,3.40452517175483,3.419719421365941,30.560839099506058,-0.015194249611111044,0.02064896755162242,1457.7,-3.880089958325137,-3.8572650995942497,0.0211256972663127,-0.022824858730887243,0.021126180606282203,-0.022588704676598167,-3.8618517821884444,2.1029022276601927,-0.01823817613669254,0.006761006289308176,4452.0,-4.996583540640605,-4.9783357048517525,0.006885512551901587,-0.018247835788852917,0.006887162884431066,-0.01831764359865454,-4.980375343180604,0.6871482909149241,-0.016208197460001017,0.0025704526046114434,11710.0,-5.963673284836933,-5.949014035904853,0.0026084110506153185,-0.014659248932079372,0.0026091477043222394,-0.014830551619095729,-5.94704411503047,0.2613554478402487,-0.016629169806463118,0.0016698102740485966,18026.0,-6.395045267361525,-6.381267944832943,0.0016929749962645863,-0.01377732252858177,0.0016931200406451509,-0.013767344332934738,-6.380020835881343,0.16950876376104174,-0.015024431480181732,0.0002742172055353613,109767.0,-8.201590044681515,-8.189010275654345,0.0002776885834314961,-0.012579769027169618,0.0002777177870815548,-0.012604815784325398,-8.186637576837889,0.027834823707498613,-0.014952467843626138,0.00022814956302915918,131931.0,-8.38550916587142,-8.371503577418034,0.000231367413257752,-0.014005588453386508,0.0002313941247147797,-0.014021798045303988,-8.370209414090558,0.023166703431663778,-0.01529975178086218
2011-07,30.1,3.40452517175483,3.4203830829676196,30.581127886631283,-0.015857911212789677,0.0205797894161083,1462.6,-3.883445781082021,-3.857851839296101,0.02111330561668916,-0.02559394178591967,0.021114273875475733,-0.025313892512696633,-3.8619042274377673,2.1027919433205313,-0.021541553644253586,0.006751906684611934,4458.0,-4.997930342190984,-4.9783963078341475,0.006885095281949652,-0.01953403435683665,0.006886785044164113,-0.019585097935716025,-4.980102392437888,0.6873358741506128,-0.017827949753096206,0.0025662886861625035,11729.0,-5.965294514766675,-5.949240887751585,0.002607819394863089,-0.016053627015089944,0.002608571370506296,-0.01620913455612517,-5.94762189334949,0.2612044859443835,-0.01767262141718451,0.0016652835408022132,18075.0,-6.397759875272135,-6.382152171331927,0.001691478684547499,-0.015607703940208495,0.0016916830575496695,-0.015605474459083899,-6.3810728805796995,0.16933052673789895,-0.016686994692435952,0.0002737782305376422,109943.0,-8.203192156898945,-8.189991445544582,0.00027741625737548117,-0.013200711354363293,0.00027745695552438946,-0.013258723248781098,-8.187837191929573,0.027801452653116922,-0.015354964969372276,0.00022804412388629616,131992.0,-8.38597142191645,-8.372249728767352,0.0002311948425401048,-0.013721693149097547,0.00023122784248780858,-0.013768751060678498,-8.371035676022869,0.023147569572399405,-0.014935745893581043
2011-08,30.6,3.4210000089583352,3.421046744569298,30.601430143114506,-4.673561096257828e-05,0.020990533680889014,1457.8,-3.8636837199897776,-3.8584385789979523,0.021100921235605856,-0.00524514099182527,0.021102367144669263,-0.005299569617643564,-3.8619584613777573,2.1026779037209025,-0.0017252586120202196,0.006857911250560287,4462.0,-4.982352366034143,-4.978456910816542,0.006884678037284761,-0.0038954552176013735,0.006886407203897159,-0.004138000047505989,-4.9798325998018855,0.6875213373250932,-0.002519766232257581,0.0026046986721144027,11748.0,-5.950438283360175,-5.949467739598315,0.0026072278733138394,-0.0009705437618601209,0.0026079950366903527,-0.0012639458778009134,-5.948191461748339,0.2610557544839428,-0.002246821611836758,0.0016901408450704226,18105.0,-6.3829434132414065,-6.383036397830912,0.001689983695324103,9.298458950546262e-05,0.001690246074454188,-6.225684257214549e-05,-6.382121913433205,0.16915298659125422,-0.0008214998082012315,0.00027790896210992845,110108.0,-8.188216972329814,-8.190972615434816,0.00027714419838655274,0.0027556431050026475,0.00027719612396722413,0.002571602129575969,-8.189034124786081,0.02776819608788596,0.000817152456267678,0.0002315988647114475,132125.0,-8.370503714214204,-8.372995880116672,0.0002310224005383043,0.0024921659024688125,0.00023106156026083744,0.002325373593095803,-8.371861113309611,0.023128470588967824,0.0013573990954078852
2011-09,30.6,3.4210000089583352,3.421710406170976,30.621745877897805,-0.0007103972126407676,0.021023703194778427,1455.5,-3.862104754227343,-3.859025318699804,0.02108854411879928,-0.003079435527538976,0.02109046041386279,-0.0031652803103569406,-3.862014951906897,2.102559125688459,-8.980232044564218e-05,0.006868686868686869,4455.0,-4.980782330946575,-4.978517513798937,0.006884260817905369,-0.002264817147637821,0.006886029363630206,-0.0025185043553451456,-4.979566368423532,0.6877044014460022,-0.0012159625230427906,0.0026038121170864534,11752.0,-5.9507787088953785,-5.949694591445047,0.0026066364859371237,-0.0010841174503317674,0.002607418702874409,-0.0013832016254158811,-5.948752287348034,0.26090938878053344,-0.002026421547344448,0.0016861362133568439,18148.0,-6.385315631825519,-6.383920624329896,0.001688490027425534,-0.0013950074956232683,0.0016888090913587067,-0.001582699912938304,-6.383167635325002,0.16897619206517703,-0.002147996500517557,0.0002772718623426754,110361.0,-8.190512080585911,-8.191953785325053,0.0002768724062028001,0.0014417047391415139,0.00027693529241005886,0.0012153378129869446,-8.190228161239025,0.027735059636526907,-0.0002839193468862078,0.00023121561989965545,132344.0,-8.372159863328516,-8.37374203146599,0.0002308500871563456,0.0015821681374745822,0.00023089527803386633,0.0013873902858339685,-8.372685665461693,0.02310940781897338,0.0005258021331773222
2011-10,30.8,3.427514689979529,3.4223740677726546,30.64207509992919,0.00514062220687439,0.02110022607385079,1459.7,-3.858471524157004,-3.859612058401655,0.02107617426200846,0.0011405342446511035,0.02107855368305632,0.0010281725739034499,-3.8620741802358496,2.102434598312731,0.0036026560788458006,0.0069229040233760395,4449.0,-4.972919940826513,-4.978578116781332,0.006883843623809949,0.0056581759548191,0.0068856515233632525,0.005410163422646065,-4.979304120896403,0.687884773874755,0.006384180069890277,0.0026186022785240604,11762.0,-5.945114585040373,-5.949921443291778,0.002606045232702511,0.004806858251405366,0.002606842369058466,0.004511170144070472,-5.949303854606184,0.26076551938480974,0.004189269565810783,0.0016951018161805173,18170.0,-6.380012471410688,-6.384804850828881,0.0016869976796839551,0.0047923794181929935,0.0016873721082632253,0.0045809148316716085,-6.384209753476964,0.16880019063124932,0.004197282066275676,0.000278594364795803,110555.0,-8.185753723686728,-8.19293495521529,0.0002766008805625709,0.007181231528560872,0.0002766744608528935,0.006939216351921549,-8.191419080814828,0.027702049071435326,0.005665357128100013,0.00023235988623418558,132553.0,-8.367223154450212,-8.374488182815309,0.00023067790229829425,0.007265028365097237,0.0002307289958068952,0.007068424241985299,-8.373509261516261,0.023090382837395562,0.0062861070660495955
2011-11,31.0,3.4339872044851463,3.423037729374333,30.662417818162577,0.010949475110813456,0.02131316603643864,1454.5,-3.84843027345011,-3.860198798103506,0.021063811660974895,0.01176852465339584,0.02106664695224985,0.011701866212860278,-3.862136628268197,2.102303309508334,0.013706354818086908,0.006981981981981982,4440.0,-4.964422450941124,-4.978638719763727,0.00688342645499697,0.014216268822602629,0.006885273683096299,0.01404567245062554,-4.979046289196502,0.6880621552416264,0.014623838255377386,0.0026376244363141327,11753.0,-5.937876601647708,-5.950148295138509,0.0026054541135795764,0.012271693490800928,0.0026062660352425223,0.012031926383406354,-5.949845663616361,0.26062427254472414,0.011969061968652994,0.0017060150789719884,18171.0,-6.373594991163911,-6.385689077327865,0.0016855066509325679,0.012094086163954465,0.001685935125167744,0.011910276679386806,-6.385247991685011,0.1686250267704514,0.01165300052110041,0.0002799880779270044,110719.0,-8.180763534533655,-8.193916125105524,0.00027632962120446945,0.013152590571868572,0.0002764136292957282,0.012931520925301457,-8.192606665230645,0.027669170076826954,0.011843130696989945,0.00023362725148843167,132690.0,-8.361783655045336,-8.375234334164627,0.00023050584586828776,0.013450679119291209,0.00023056271357992406,0.013291558990284408,-8.374331826453345,0.02307139730757575,0.012548171408008457
2011-12,30.8,3.427514689979529,3.423701390976011,30.682774041557867,0.0038132990035180114,0.021244309559939303,1449.8,-3.8516662048872488,-3.8607855378053575,0.021051456311442587,0.009119332918108736,0.02105474022144338,0.009003641769127805,-3.8622027501092484,2.1021643059386976,0.01053654522199965,0.006947890818858561,4433.0,-4.969317144765525,-4.978699322746121,0.006883009311464904,0.00938217798059604,0.006884895842829346,0.009149735517760193,-4.9787932560391805,0.688236279809916,0.009476111273655441,0.002613935330560978,11783.0,-5.946898403733812,-5.95037514698524,0.0026048631285378954,0.003476743251428438,0.0026056897014265787,0.003164470861547622,-5.950377182147527,0.26048578272240885,0.0034787784137151334,0.001689986282578875,18225.0,-6.38303486689733,-6.386573303826849,0.0016840169400055998,0.003538436929519051,0.0016844981420722626,0.0032580270464774995,-6.386282041358628,0.1684507502373807,0.0032471744612978526,0.0002776425622442173,110934.0,-8.189176018878879,-8.19489729499576,0.00027605862786735493,0.005721276116881668,0.00027615279773856287,0.005394710891413182,-8.193790652489458,0.027636429518021026,0.004614633610579233,0.00023177412557943533,132888.0,-8.369747257191383,-8.375980485513946,0.00023033391777053507,0.006233228322562567,0.00023039643135295293,0.0059796682543743675,-8.375153236749062,0.023052454005467522,0.005405979557679075
2012-01,30.9,3.4307561839036995,3.4243650525776896,30.703143779080897,0.00639113132600988,0.02121815559980773,1456.3,-3.8528980675848348,-3.8613722775072086,0.021039108209158056,0.008474209922373799,0.021042833490636906,0.00833167782508159,-3.862272894105401,2.102016856905102,0.009374826520566426,0.0069594594594594595,4440.0,-4.967653471522571,-4.978759925728516,0.006882592193212209,0.011106454205945582,0.006884518002562392,0.010885505255295195,-4.9785452913015344,0.6884069592988504,0.010891819778963807,0.002614213197969543,11820.0,-5.94679210705639,-5.950601998831971,0.0026042722775470595,0.003809891775580887,0.0026051133676106356,0.00349306501284953,-5.950897785614771,0.2603502082140974,0.004105678558381065,0.0016897249412150708,18287.0,-6.383189519970933,-6.387457530325834,0.0016825285457383091,0.004268010354901541,0.001683061158976781,0.0039593226917202995,-6.387311503992169,0.1682774257152862,0.0041219840212365355,0.0002776280323450135,111300.0,-8.189228353359937,-8.195878464885995,0.0002757879002903445,0.006650111526058211,0.00027589196618139753,0.006292557871998652,-8.194970689212061,0.02760383675042153,0.005742335852124469,0.0002319018957417108,133246.0,-8.369196138912093,-8.376726636863264,0.00023016211790931662,0.007530497951171,0.00023023014912598182,0.007261197641036134,-8.37597327205722,0.02303355792802761,0.006777133145126513
2012-02,31.1,3.4372078191851885,3.425028714179368,30.723527039703427,0.012179105005820645,0.0213364434687157,1457.6,-3.8473387073205054,-3.8619590172090597,0.021026767349870294,0.014620309888554228,0.021030926759830437,0.014527020724013257,-3.8623473273025497,2.1018604028927403,0.01500861998204428,0.007006082451002479,4439.0,-4.960976585648846,-4.978820528710911,0.006882175100237358,0.017843943062064938,0.006884140162295439,0.017713510450429244,-4.9783025917425165,0.688574055640581,0.017326006093670188,0.0026264673591757455,11841.0,-5.942115545145768,-5.950828850678702,0.0026036815605766576,0.008713305532934257,0.002604537033794692,0.008420047438950053,-5.951406822590755,0.2602177140564849,0.009291277444987145,0.001697968988862197,18316.0,-6.378322454591798,-6.388341756824818,0.001681041466966988,0.01001930223302061,0.0016816241758812996,0.009719658658172814,-6.388335956024632,0.16810512183809267,0.010013501432833749,0.00027876875638658323,111562.0,-8.185127949968146,-8.196859634776231,0.0002755174382128092,0.011731684808085063,0.0002756311346242322,0.011383408360701158,-8.196146386412513,0.02757140206725154,0.011018436444366841,0.0002329430974690845,133509.0,-8.364716351095252,-8.377472788212582,0.00022999044618898424,0.012756437117330321,0.0002300638668990107,0.012514918613176605,-8.376791670318818,0.02301471501581589,0.012075319223566083
2012-03,30.9,3.4307561839036995,3.425692375781046,30.743923832403215,0.0050638081226535014,0.021135430916552667,1462.0,-3.856804456406024,-3.862545756910911,0.021014433729330782,0.005741300504887192,0.021019020029023963,0.005538359417706391,-3.862426244409964,2.101694536694482,0.005621788003939976,0.006940700808625337,4452.0,-4.970352528491736,-4.978881131693306,0.00688175803253882,0.008528603201570562,0.006883762322028485,0.008271419600680403,-4.978065270079259,0.688737488573062,0.007712741587523553,0.002601010101010101,11880.0,-5.9518554090129365,-5.951055702525434,0.0026030909775962927,-0.000799706487502938,0.0026039606999787484,-0.0011331196237606782,-5.9519036099685225,0.2600884732859199,4.820095558599746e-05,0.0016835567178816607,18354.0,-6.386846629475259,-6.389225983323803,0.0016795557025289514,0.0023793538485445964,0.0016801871927858182,0.0020054462445078386,-6.38935494208958,0.16793391230637114,0.002508312614320829,0.000276374044094629,111805.0,-8.193755377518546,-8.197840804666466,0.0002752472413743778,0.004085427147920484,0.00027537030306706687,0.0036450590945446833,-8.197317310796725,0.027539136933966205,0.003561933278179552,0.00023103149205969435,133748.0,-8.372956527471723,-8.378218939561902,0.0002298189025139607,0.0052624120901789695,0.00022989758467203955,0.004932228362783224,-8.377608117182165,0.022995932392480715,0.004651589710441328
2012-04,30.4,3.414442608412176,3.4263560373827247,30.764334166163973,-0.0119134289705487,0.02075793786275179,1464.5,-3.874826557855612,-3.8631324966127623,0.021002107343293528,-0.011694061242849774,0.021007113298217493,-0.0118614791060724,-3.8625097243296604,2.101519094726375,-0.012316833525951587,0.006823793490460157,4455.0,-4.9873397314927335,-4.978941734675701,0.006881340990115068,-0.008397996817032904,0.006883384481761532,-0.008657222542089529,-4.977833305340575,0.6888972699157231,-0.00950642615215802,0.002555266033453812,11897.0,-5.96959893806435,-5.951282554372164,0.0026025005285755746,-0.018316383692186022,0.002603384366162805,-0.01848299211380616,-5.95238739294916,0.2599626773405064,-0.017211545115189963,0.0016553226245575824,18365.0,-6.403759349841591,-6.3901102098227875,0.0016780712512625476,-0.013649140018803685,0.0016787502096903368,-0.013955372870557025,-6.390367929555906,0.16776388349110247,-0.013391420285684852,0.00027168570253990383,111894.0,-8.210864665147325,-8.198821974556703,0.0002749773095149322,-0.01204269059062213,0.00027510947150990154,-0.012445114852668708,-8.198482944051806,0.027507055101597566,-0.012381721095518827,0.00022716233887539697,133825.0,-8.389845646849405,-8.37896509091122,0.00022964748678874124,-0.0108805559381846,0.00022973130244506842,-0.011182470748781472,-8.378422205121806,0.022977219299344393,-0.011423441727599126
2012-05,30.5,3.417726683613366,3.427019698984403,30.784758049975338,-0.009293015371036883,0.020783645655877342,1467.5,-3.8735888680888855,-3.863719236314614,0.020989788187514985,-0.009869631774271692,0.020995206567411023,-0.01007662919887954,-3.862597802585662,2.101334004740879,-0.010991065503223485,0.006844703770197486,4456.0,-4.9842800979937545,-4.979002337658096,0.0068809239729645585,-0.005277760335658854,0.0068830066414945785,-0.005564845901234688,-4.977606617043383,0.6890534525665013,-0.0066734809503712356,0.0025613033254954652,11908.0,-5.967239038522301,-5.951509406218896,0.002601910213484114,-0.015729632303405516,0.0026028080323468616,-0.01594612677369564,-5.9528574163618355,0.25984051750697446,-0.014381622160465568,0.0016605869221974193,18367.0,-6.4005841715151695,-6.3909944363217726,0.0016765881120071454,-0.009589735193396898,0.0016773132265948554,-0.009972081619717844,-6.3913743664382405,0.16759512466803014,-0.009209805076928923,0.0002722703778755769,112021.0,-8.208714949087938,-8.199803144446939,0.0002747076423746111,-0.00891180464099861,0.0002748486399527362,-0.009380661580143524,-8.19964274038081,0.027475171013167394,-0.009072208707127771,0.0002277275035092435,133932.0,-8.387360803830349,-8.379711242260539,0.00022947619891789116,-0.007649561569810004,0.0002295650202180973,-0.00800434102333228,-8.379233490720393,0.022958585771809554,-0.008127313109955736
2012-06,30.3,3.4111477125153233,3.427683360586081,30.805195492832954,-0.01653564807075769,0.020617855198693524,1469.6,-3.881597821385592,-3.864305976016465,0.020977476257754136,-0.017291845369127312,0.020983299836604553,-0.01741597559758094,-3.862690609739287,2.101138994962375,-0.018907211646305377,0.006798294817141576,4457.0,-4.991083460431232,-4.979062940640491,0.006880506981085766,-0.012020519790741702,0.006882628801227625,-0.012253164673214273,-4.977385198056654,0.6892060389759117,-0.013698262374578718,0.0025423728813559325,11918.0,-5.974657428791601,-5.951736258065627,0.002601320032291533,-0.022921170725973994,0.0026022316985309184,-0.023002877571885346,-5.953313057840846,0.25972215035780993,-0.021344370950754588,0.00164754499483443,18391.0,-6.408468980983658,-6.391878662820757,0.001675106283603146,-0.01659031816290124,0.001675876243499374,-0.016905334612170374,-6.392373804080069,0.1674277074673118,-0.016095176903588637,0.00027033537646208613,112083.0,-8.215847234732635,-8.200784314337174,0.00027443823969380783,-0.015062920395461532,0.0002745878083955709,-0.015486601383841114,-8.200796249524762,0.027443496424148228,-0.015050985207873069,0.00022609746815607443,134013.0,-8.394544376637455,-8.380457393609857,0.00022930503880604734,-0.01408698302759781,0.00022939873799112618,-0.01439096772703019,-8.380041618704414,0.022940039790946193,-0.01450275793304101
2012-07,29.0,3.367295829986474,3.4283470221877597,30.825646503738447,-0.06105119220128552,0.019686375670355034,1473.1,-3.9278284728344186,-3.864892715718316,0.020965171549772423,-0.06293575711610266,0.02097139310579808,-0.061274776976440806,-3.8627883611594576,2.100933615679863,-0.06504011167496104,0.006500784577449003,4461.0,-5.03583240514179,-4.979123543622886,0.00688009001447716,-0.05670886151890464,0.006882250960960672,-0.055427560790143195,-4.977169092742267,0.6893549961582814,-0.05866331239952327,0.0024279973208305426,11944.0,-6.020688509232552,-5.9519631099123576,0.0026007299849674635,-0.06872539932019439,0.002601655364714975,-0.06674905763448705,-5.953753805989797,0.25960770352376594,-0.06693470324275452,0.0015737776089433983,18427.0,-6.454276429348387,-6.392762889319741,0.0016736257648919703,-0.061513540028646396,0.0016744392604038927,-0.06011663357452199,-6.393365864888192,0.1672616913631907,-0.06091056446019483,0.0002583657032892627,112244.0,-8.261134522073599,-8.20176548422741,0.00027416910121316903,-0.05936903784618863,0.00027432697683840555,-0.058183390248728505,-8.201943091226298,0.027412041118588772,-0.05919143084730116,0.00021616464291837175,134157.0,-8.439470204901028,-8.381203544959176,0.00022913400635791775,-0.058266659941851984,0.00022923245576415504,-0.05700681782700118,-8.380846296511109,0.02292158787496101,-0.05862390838991871
2012-08,30.4,3.414442608412176,3.429010683789438,30.846111091699367,-0.014568075377261902,0.02055859876918915,1478.7,-3.884475993967266,-3.8654794554201675,0.020952874059333777,-0.018996538547098485,0.02095948637499161,-0.01912678577280355,-3.8628914181040748,2.1007171110369325,-0.02158457586319118,0.006805462278934408,4467.0,-4.9900297129399425,-4.97918414660528,0.006879673073137214,-0.010845566334662493,0.006881873120693719,-0.01110320408691419,-4.976958451158573,0.6895002182807715,-0.013071261781369081,0.0025460636515912895,11940.0,-5.973206778534418,-5.952189961759089,0.002600140071481536,-0.02101681677532863,0.0026010790308990312,-0.021150983362749398,-5.954179314106512,0.25949726183733823,-0.019027464427905372,0.0016485900216919739,18440.0,-6.4078348886984084,-6.393647115818726,0.0016721465547160639,-0.014187772879682647,0.0016730022773084113,-0.014591884271498295,-6.394350295460587,0.16709711486098344,-0.013484593237821585,0.0002704073009971269,112423.0,-8.215581213430958,-8.202746654117645,0.0002739002266735976,-0.012834559313313676,0.0002740661452812402,-0.013350223466523658,-8.203083001362197,0.02738081165784304,-0.01249821206876156,0.00022629318366222765,134339.0,-8.39367912658166,-8.381949696308494,0.0002289631014782815,-0.01172943027316542,0.0002290661735371839,-0.012105627959538628,-8.381647343481712,0.022903233958588367,-0.012031783099947901
2012-09,30.8,3.427514689979529,3.429674345391116,30.866589265729285,-0.002159655411587025,0.020802377414561667,1480.6,-3.872688000029469,-3.8660661951220185,0.020940583782204644,-0.006621804907450457,0.02094757964418514,-0.006931694834910455,-3.863000643683753,2.1004876715233,-0.009687356345716047,0.00688883918586446,4471.0,-4.977852686254452,-4.979244749587675,0.006879256157064385,0.0013920633332231702,0.006881495280426766,0.0010671961744394204,-4.976753876012936,0.6896412873174603,-0.00109881024151548,0.0025808614043908162,11934.0,-5.959632058102498,-5.95241681360582,0.0025995502918033935,-0.007215244496677542,0.002600502697083088,-0.00755288303077052,-5.954589751960291,0.25939077619249296,-0.005042306142207131,0.0016701008567400499,18442.0,-6.394871261119558,-6.39453134231771,0.0016706686519188992,-0.0003399188018482491,0.00167156529421293,-0.0008760875078885736,-6.395327312384153,0.16693393787820224,0.00045605126459502543,0.00027355407133721756,112592.0,-8.2040112542268,-8.203727824007881,0.0002736316158162484,-0.0002834302189196336,0.0002738053137240749,-0.0009175950000390145,-8.204216172533243,0.02734980208432811,0.0002049183064425364,0.00022896734241768698,134517.0,-8.381931174109491,-8.382695847657812,0.0002287923240719887,0.0007646735483213263,0.00022889989131021278,0.0002946751398094655,-8.382445031302433,0.02288497161259832,0.0005138571929421687
2012-10,31.8,3.459466289786131,3.4303380069927947,30.887081034847764,0.029128282793336346,0.021438684015371134,1483.3,-3.8425583245434356,-3.86665293482387,0.020928300714153903,0.02409461028043447,0.020935672913378667,0.024026507486703475,-3.8631170675567614,2.1002431388483713,0.02055874301332583,0.0071045576407506705,4476.0,-4.947018779645685,-4.97930535257007,0.006878839266257149,0.032286572924385304,0.006881117440159812,0.032471499365322405,-4.976556070871225,0.6897777154026717,0.029537291225540052,0.002663093543254334,11941.0,-5.928266845747253,-5.952643665452551,0.0025989606459026885,0.024376819705297592,0.0025999263632671445,0.024295757325915848,-5.9549854361372905,0.2592881596699,0.0267185903900371,0.0017233904183828312,18452.0,-6.36346175489158,-6.395415568816695,0.0016691920553449657,0.03195381392511454,0.0016701283111174485,0.031891027120991726,-6.396297236293583,0.16677210315692892,0.03283548140200221,0.00028199989358494585,112766.0,-8.17360386438458,-8.204708993898118,0.00027336326838253185,0.031105129513537833,0.0002735444821669096,0.030910553746344504,-8.205342893777047,0.027319003835084923,0.03173902939246709,0.00023613452242164122,134669.0,-8.351108905071614,-8.38344199900713,0.00022862167404396038,0.032333093935516644,0.00022873360908324167,0.03235603796076241,-8.383239724497315,0.022866792305835153,0.03213081942570106
2012-11,30.7,3.4242626545931514,3.431001668594473,30.90758640808031,-0.006739014001321486,0.020836161259671505,1473.4,-3.871065279655562,-3.867239674525721,0.020916024850952966,-0.00382560512984087,0.020923766182572197,-0.004186862065666708,-3.863241794129489,2.0999811990555335,-0.007823485526072815,0.00688032272523532,4462.0,-4.979089720399326,-4.979365955552465,0.006878422400713972,0.00027623515313912606,0.006880739599892859,-6.058573376984166e-05,-4.9763657477777805,0.6899090085249164,-0.002723972621545556,0.002573344509639564,11930.0,-5.96254886049881,-5.952870517299282,0.0025983711337490716,-0.00967834319952754,0.0025993500294512013,-0.010004624047161431,-5.955366722130352,0.2591893155715838,-0.0071821383684582685,0.0016632354534619135,18458.0,-6.398990505232371,-6.396299795315679,0.0016677167638397795,-0.002690709916691958,0.001668691328021967,-0.003269552893596383,-6.397260384304652,0.16661155426605506,-0.0017301209277187368,0.00027182093463901823,112942.0,-8.210367036994679,-8.205690163788352,0.0002730951841141118,-0.004676873206326704,0.0002732836506097443,-0.0053523727726209275,-8.206463452550057,0.027288408430843365,-0.0039035844446217993,0.0002277025774151678,134825.0,-8.387470265612276,-8.38418815035645,0.00022845115129918814,-0.003282115255824891,0.00022856732685627053,-0.0037833466969953763,-8.384031783625453,0.022848687625193376,-0.00343848198682295
2012-12,30.3,3.4111477125153233,3.431665330196151,30.92810539445846,-0.020517617680827716,0.020698135118519024,1463.9,-3.8777116736620427,-3.8678264142275722,0.02090375618837569,-0.009885259434470495,0.020911859451765727,-0.01022024529859093,-3.8633757691760504,2.099699872822381,-0.014335904485992312,0.006801346801346801,4455.0,-4.9906346273895865,-4.97942655853486,0.006878005560433325,-0.01120806885472625,0.006880361759625905,-0.011484128457135123,-4.9761833908657485,0.6900348296731235,-0.014451236523838062,0.0025379009967333947,11939.0,-5.976417918830065,-5.953097369146014,0.0025977817553122077,-0.023320549684051173,0.0025987736956352577,-0.023423624382569796,-5.955733759270354,0.25909420092284946,-0.020684159559711368,0.0016367761452031116,18512.0,-6.415026736918135,-6.397184021814663,0.0016662427762498726,-0.017842715103471463,0.0016672543449264856,-0.018280474011730826,-6.398216820172945,0.16645227718078345,-0.01680991674518939,0.00026769858729359377,113187.0,-8.225648884651765,-8.206671333678589,0.00027282736275290406,-0.018977550973175994,0.00027302281905257895,-0.01950105041571574,-8.20757789140881,0.02725801410754773,-0.01807099324295436,0.00022432148303892682,135074.0,-8.402430342875073,-8.38493430170577,0.00022828075574273562,-0.017496041169303922,0.0002284010446292994,-0.017861396374056916,-8.384821321322956,0.02283065484469156,-0.017609021552116744
2013-01,30.0,3.4011973816621555,3.4323289917978292,30.948638003019735,-0.031131610135673782,0.020435967302452316,1468.0,-3.8904588275123055,-3.8684131539294238,0.020891494722198412,-0.022045673582881786,0.020899952720959254,-0.02220030947924756,-3.863519998836961,2.099397055659843,-0.026938828675344695,0.006714413607878245,4468.0,-5.003498778526936,-4.9794871615172545,0.0068775887454136835,-0.024011617009681352,0.006879983919358952,-0.024065508498475406,-4.976009505286583,0.6901548272117441,-0.027489273240353107,0.0025079418157498744,11962.0,-5.988292855942347,-5.953324220992744,0.0025971925105617694,-0.03496863494960234,0.002598197361819314,-0.03473775602875711,-5.956086752305911,0.2590027586145689,-0.032206103636435834,0.0016162922256343947,18561.0,-6.427620502536943,-6.398068248313648,0.001664770091422797,-0.02955225422329466,0.0016658173618310042,-0.02973023173571278,-6.399166621003745,0.1662942557259628,-0.028453881533198278,0.00026457826224997354,113388.0,-8.23737346290847,-8.207652503568823,0.0002725598040410795,-0.029720959339647024,0.0002727619874954136,-0.030003173538166436,-8.208686283030092,0.027227818290584793,-0.028687179878378544,0.000221799980777335,135257.0,-8.41373456971467,-8.385680453055087,0.00022811048727973613,-0.028054116659582462,0.0002282347624023283,-0.02819369651346171,-8.385608476757433,0.022812690641895398,-0.028126092957236892
2013-02,29.9,3.3978584803966405,3.432992653399508,30.969184242807668,-0.035134173002867364,0.020356753812636165,1468.8,-3.8943425394695854,-3.868999893631275,0.02087924044819998,-0.025342645838310585,0.020888045990152784,-0.02543522633792959,-3.8636755998692833,2.099070412724376,-0.03066693960030209,0.006686046511627907,4472.0,-5.007732534438294,-4.9795477644996495,0.006877171955653503,-0.028184769938644827,0.0068796060790919985,-0.028135268973080284,-4.975844707698191,0.6902685724350973,-0.031887826740103264,0.0024970770001670286,11974.0,-5.992634431088657,-5.953551072839476,0.0025966033994674273,-0.03908335824918119,0.002597621028003371,-0.038706195689224246,-5.956426065585636,0.25891489044734656,-0.03620836550302098,0.0016061452513966479,18616.0,-6.433918224585487,-6.398952474812632,0.001663298708207127,-0.03496574977285505,0.0016643803787355228,-0.034989073461150634,-6.400109993608481,0.16613745225446444,-0.033808230977006026,0.0002630537104649628,113665.0,-8.243152324336807,-8.20863367345906,0.0002722925077210599,-0.03451865087774664,0.0002725011559382483,-0.03466937760596645,-8.209788839527363,0.027197814626029097,-0.03336348480944373,0.00022058932023077035,135546.0,-8.419207864688637,-8.386426604404406,0.00022794034581539402,-0.03278126028423145,0.00022806848017535716,-0.032793483513531695,-8.38639352496857,0.022794788607815093,-0.03281433972006731
2013-03,30.4,3.414442608412176,3.433656315001186,30.989744122871755,-0.019213706589010116,0.02067605250629123,1470.3,-3.8787791321714358,-3.8695866333331264,0.020866993362161676,-0.009192498838309415,0.020876139259346314,-0.009584471082961506,-3.863843896891415,2.098717175149919,-0.01493523528002072,0.006803939122649955,4468.0,-4.990253551776916,-4.979608367482045,0.006876755191151261,-0.010645184294871157,0.006879228238825045,-0.010944413175619488,-4.975689826867074,0.6903754900848232,-0.014563724909841369,0.002538198213242047,11977.0,-5.976300814535331,-5.953777924686207,0.0025960144219988684,-0.02252288984912365,0.0025970446941874273,-0.02265901741201739,-5.9567523119620285,0.25883043418006874,-0.01954850257330243,0.0016309887869520895,18639.0,-6.418568830319628,-6.399836701311617,0.0016618286254524491,-0.018732129008010467,0.0016629433956400414,-0.019215692351123616,-6.401047364350144,0.1659817928343175,-0.017521465969483785,0.00026709073177588977,113819.0,-8.2279221379042,-8.209614843349295,0.0002720254735355214,-0.018307294554904985,0.00027224032438108296,-0.018915612949332118,-8.210885994365782,0.027167990775800212,-0.017036143538417647,0.00022404174251413158,135689.0,-8.403678172960818,-8.387172755753724,0.00022777033125498446,-0.016505417207094197,0.00022790219794838602,-0.01693908820979751,-8.387176958018381,0.022776937410578256,-0.01650121494243706
2013-04,30.8,3.427514689979529,3.4343199766028643,31.010317652267542,-0.006805286623335238,0.020942408376963352,1470.7,-3.865979066926739,-3.8701733730349774,0.02085475345986729,0.004194306108238344,0.02086423252853984,0.003746883491476445,-3.8640264511493734,2.0983340803622017,-0.0019526157773657182,0.006896551724137931,4466.0,-4.976733742420574,-4.97966897046444,0.006876338451905424,0.0029352280438654788,0.006878850398558092,0.002573297070619498,-4.97554593760778,0.6904748348498774,-0.0011878048127940133,0.002571380864919018,11978.0,-5.963312222844879,-5.954004776532938,0.002595425578125784,-0.009307446311940915,0.0025964683603714837,-0.009662161047429903,-5.957066383673127,0.2587491556270366,-0.006245839171751477,0.001653158713971338,18631.0,-6.405067449040825,-6.400720927810601,0.0016603598420093727,-0.004346521230223388,0.00166150641254456,-0.005024174755027068,-6.401979420457703,0.16582716056473273,-0.003088028583121627,0.0002701659590891548,114004.0,-8.216474124500841,-8.210596013239531,0.0002717587012273909,-0.005878111261310437,0.0002719794928239176,-0.006667906156943065,-8.21197843844481,0.02713832747083915,-0.0044956860560319,0.00022668226947222776,135873.0,-8.391961214924427,-8.387918907103042,0.00022760044350385322,-0.004042307821384483,0.0002277359157214149,-0.004626614321458353,-8.38795952116595,0.022759119991283414,-0.004001693758477032
2013-05,30.6,3.4210000089583352,3.434983638204543,31.030904840056593,-0.013983629246207663,0.020807833537331705,1470.6,-3.8724257508037865,-3.8707601127368285,0.020842520737103062,-0.001665638066957964,0.02085232579773337,-0.0021336833518351187,-3.8642249391301897,2.0979176275993137,-0.008200811673596764,0.006850235057085293,4467.0,-4.983472312393784,-4.979729573446834,0.006875921737914469,-0.003742738946949764,0.006878472558291138,-0.0041051993689803536,-4.975414227109278,0.6905657836239015,-0.0080580852845058,0.0025546835865753884,11978.0,-5.969826903866073,-5.954231628379669,0.002594836867817867,-0.015595275486403715,0.0025958920265555406,-0.015874481511016923,-5.9573693237941825,0.2586707819983657,-0.012457580071890462,0.001639168630812085,18668.0,-6.413566098111371,-6.401605154309586,0.0016588923567295167,-0.011960943801784474,0.0016600694294490786,-0.012590315962826906,-6.402906984356627,0.1656734165918344,-0.01065911375474382,0.0002678759016737867,114232.0,-8.224986738151797,-8.211577183129767,0.0002714921905398485,-0.013409555022029451,0.0002717186612667523,-0.014142420601701304,-8.213066994115634,0.027108801963568793,-0.011919744036163138,0.00022484128850223372,136096.0,-8.400115789095025,-8.38866505845236,0.00022743068246741665,-0.011450730642664553,0.00022756963349444375,-0.011989055614824128,-8.388742086994545,0.0227413164488199,-0.011373702100479832
2013-06,30.6,3.4210000089583352,3.435647299806221,31.05150569530643,-0.014647290847885852,0.020800761335055405,1471.1,-3.8727656902978307,-3.87134685243868,0.02083029518965771,-0.0014188378591506456,0.0208404190669269,-0.0019029239164596035,-3.8644410523873765,2.097464288775533,-0.008324637910454236,0.006853303471444569,4465.0,-4.983024484352264,-4.979790176429229,0.006875505049176854,-0.003234307923035473,0.006878094718024185,-0.003604377025319213,-4.9752958917256995,0.6906475068260706,-0.00772859262656489,0.002553830746119179,11982.0,-5.970160793685535,-5.9544584802264,0.002594248291044826,-0.015702313459135198,0.002595315692739597,-0.015984547366038056,-5.95766222359365,0.25859502847282795,-0.012498570091884709,0.0016362761349660447,18701.0,-6.415332268390385,-6.4024893808085706,0.001657426168465521,-0.012842887581814288,0.0016586324463535973,-0.01347876163685422,-6.403830902299767,0.16552041863920441,-0.011501366090618248,0.0002673913613366073,114439.0,-8.226797199964107,-8.212558353020002,0.0002712259412163265,-0.014238846944104822,0.00027145782970958697,-0.0149801108235857,-8.21415251841838,0.027079390666445994,-0.0126446815457264,0.00022453936409865056,136279.0,-8.401459524955774,-8.38941120980168,0.0002272610480511613,-0.012048315154093103,0.00022740335126747265,-0.012594305021712073,-8.389525558964712,0.022723506242627266,-0.011933965991062223
2013-07,31.0,3.4339872044851463,3.4363109614078993,31.072120227090654,-0.0023237569227529953,0.021105664488017428,1468.8,-3.8582138153810797,-3.871933592140531,0.02081807681332243,0.013719776759451463,0.020828512336120427,0.013306382492635778,-3.864676545752313,2.0969704080074396,0.0064627303712332385,0.00693822739480752,4468.0,-4.970708955703945,-4.979850779411624,0.006875088385691054,0.009141823707678576,0.006877716877757231,0.008798052918691908,-4.97519218998776,0.6907191318865897,0.0044832342838141415,0.0025915398762748703,11962.0,-5.955503033119356,-5.954685332073131,0.0025936598477763672,-0.0008177010462251388,0.002594739358923654,-0.0012330651391940686,-5.957946270463289,0.2585215857955612,0.0024432373439324806,0.0016591736244915437,18684.0,-6.401435617136852,-6.403373607307555,0.0016559612760710355,0.0019379901707026193,0.0016571954632581157,0.001193680092231761,-6.40475210278622,0.1653680113586444,0.0033164856493677064,0.00027056277056277056,114576.0,-8.215006432761575,-8.213539522910239,0.000270959953000507,-0.00146690985133624,0.00027119699815242163,-0.0023386231926306755,-8.215235960366508,0.027050067606453256,0.00022952760493311075,0.00022728772426333115,136391.0,-8.389293835324725,-8.390157361151,0.0002270915401606454,0.0008635258262739143,0.0002272370690405015,0.00022291795543537022,-8.390310928297037,0.022705666903853148,0.0010170929723116728
2013-08,31.2,3.4404180948154366,3.436974623009578,31.09274844448888,0.003443471805858689,0.021218715995647442,1470.4,-3.852871656785986,-3.872520331842382,0.02080586560389088,0.019648675056396225,0.020816605605313957,0.019316808799549733,-3.864933238289695,2.0964322004324827,0.01206158150370884,0.0069845533915379445,4467.0,-4.964054226536682,-4.979911382394019,0.006874671747455539,0.01585715585733727,0.006877339037490278,0.01558951121403373,-4.975104440060373,0.6907797450996209,0.011050213523691177,0.0026017344896597733,11992.0,-5.951576944966997,-5.954912183919863,0.0025930715379822106,0.0033352389528653603,0.00259416302510771,0.0029186541010655007,-5.958222748234438,0.25845012020350555,0.006645803267440797,0.00166515450712494,18737.0,-6.397837362783076,-6.40425783380654,0.0016544976784007225,0.006420471023464103,0.0016557584801626343,0.0056747569617658245,-6.40567160306019,0.16521602531320786,0.007834240277114546,0.00027174149719113357,114815.0,-8.210659321537534,-8.214520692800473,0.00027069422563632574,0.0038613712629391728,0.0002709361665952563,0.0029723997574688113,-8.21631836654046,0.02702080428652638,0.005659045002925467,0.00022832721045621532,136646.0,-8.384730824249926,-8.390903512500318,0.00022692215870149637,0.0061726882503911895,0.00022707078681353038,0.005533180469034579,-8.391099278295178,0.022687773945275342,0.006368454045251326
2013-09,31.4,3.4468078929142076,3.437638284611256,31.11339035658671,0.009169608302951548,0.02130980658296573,1473.5,-3.8485879092635416,-3.8731070715442337,0.020793661557159178,0.024519162280692175,0.020804698874507487,0.024278539742632957,-3.865212899197466,2.095845992273803,0.01662498993392436,0.00702775290957923,4468.0,-4.957888267274884,-4.979971985376413,0.006874255134468784,0.022083718101529648,0.0068769611972233245,0.021927084948042096,-4.975033925515592,0.6908284568363134,0.01714565824070835,0.0026144879267277267,12010.0,-5.946687022159821,-5.955139035766593,0.002592483361632083,0.008452013606771835,0.0025935866912917666,0.008058815040244494,-5.958492921886288,0.25838030322248823,0.011805899726466507,0.0016712795401319991,18788.0,-6.394165754232678,-6.405142060305524,0.0016530353743102622,0.01097630607284561,0.001654321497067153,0.010250754218518074,-6.406590394775714,0.16506429591241042,0.012424640543035714,0.00027307672238359454,114986.0,-8.205757767889935,-8.21550186269071,0.00027042875886796745,0.00974409480077476,0.00027067533503809097,0.008871836605155132,-8.217400781749621,0.02699157238038683,0.011643013859686135,0.00022949693395019768,136821.0,-8.379620888247043,-8.391649663849636,0.0002267529035794125,0.012028775602592745,0.00022690450458655924,0.011425200078606118,-8.391891684414851,0.022669803135389535,0.012270796167808129
2013-10,31.6,3.4531571205928664,3.4383019462129343,31.13404597247582,0.014855174379932112,0.021351351351351352,1480.0,-3.846640246165294,-3.873693811246085,0.020781464668925935,0.027053565080790598,0.020792792143701014,0.02686311697775272,-3.865517204605812,2.0952083120329874,0.018876958440517733,0.007053571428571429,4480.0,-4.9542212048161645,-4.980032588358808,0.006873838546729248,0.025811383542643895,0.006876583356956372,0.02573779192773333,-4.974981844661476,0.6908644367093159,0.020760639845311957,0.002626111526635087,12033.0,-5.942251033845296,-5.955365887613325,0.002591895318695711,0.013114853768028567,0.0025930103574758234,0.012765536806989893,-5.958758005118681,0.2583118200137995,0.016506971273384963,0.0016779949022939678,18832.0,-6.390155708907192,-6.406026286804509,0.001651574362656339,0.015870577897317162,0.0016528845139716715,0.015191858904866368,-6.407509409137442,0.16491266913812178,0.017353700230250624,0.00027427936568556825,115211.0,-8.201363388203664,-8.216483032580944,0.0002701635524398697,0.01511964437728075,0.00027041450348092564,0.014292362853663367,-8.21848420713791,0.0269623448613771,0.017120818934246884,0.00023058792624105196,137041.0,-8.374878309518031,-8.392395815198954,0.00022658377470016237,0.017517505680922696,0.00022673822235958814,0.016978627782300037,-8.392689172972467,0.02265173143373108,0.017810863454435832
2013-11,32.2,3.4719664525503626,3.438965607814613,31.15471530125393,0.03300084473574971,0.021686422413793108,1484.8,-3.8310689094815733,-3.8742805509479363,0.020769274934992185,0.04321164146636303,0.020780885412894544,0.04357547731516184,-3.865847702365676,2.0945159647953195,0.03477879288410257,0.00717308977500557,4489.0,-4.93741878623157,-4.980093191341203,0.006873421984235406,0.04267440510963372,0.0068762055166894185,0.043175594097002445,-4.97494926350934,0.690886946235325,0.03753047727777048,0.002671312427409989,12054.0,-5.925185381492627,-5.955592739460056,0.0025913074091428357,0.030407357967429327,0.00259243402365988,0.03042638810871339,-5.959019120536556,0.2582443796202209,0.03383373904392961,0.001705056923484247,18885.0,-6.374156782596194,-6.406910513303493,0.0016501146422966547,0.0327537307072987,0.0016514475308761901,0.032462062285208565,-6.408429481480885,0.16476100733277965,0.03427269888469109,0.00027885065036285225,115474.0,-8.184834222827854,-8.21746420247118,0.0002698986060967188,0.03262997964332648,0.0002701536719237603,0.0321927086060348,-8.219569554011178,0.026933097239464427,0.034735331183323837,0.00023449390825607902,137317.0,-8.35808094800138,-8.393141966548272,0.00022641477196958483,0.0350610185468927,0.000226571940132617,0.03496447141170763,-8.393492675602365,0.02263353801815979,0.03541172760098554
2013-12,33.1,3.4995332823830174,3.439629269416291,31.17539835202474,0.05990401296672632,0.02225060500134445,1487.6,-3.8053860796678975,-3.8748672906497874,0.02075709235116147,0.06948121098188986,0.020768978682088074,0.07133842939201354,-3.866205794672456,2.093766069015866,0.06081971500455863,0.007368655387355299,4492.0,-4.910520033475317,-4.9801537943235985,0.006873005446985729,0.06963376084828177,0.006875827676422465,0.07167540172985473,-4.974937087880375,0.6908953582696503,0.06441705440505796,0.002744610281923715,12060.0,-5.898116187898159,-5.955819591306787,0.0025907196329432035,0.05770340340862745,0.0025918576898439367,0.058935562966412725,-5.959277263376246,0.2581777242864005,0.061161075478087135,0.0017552232474281472,18858.0,-6.3451592236426055,-6.407794739802477,0.0016486562120899158,0.06263551615987151,0.0016500105477807087,0.06376486489068281,-6.4093513132395445,0.1646091953869186,0.064192089596939,0.0002864511215729715,115552.0,-8.157942641694166,-8.218445372361417,0.0002696339195834528,0.06050273066725076,0.000269892840366595,0.061351317003761265,-8.22065760157019,0.026903808685315746,0.06271495987602371,0.00024095157674052938,137372.0,-8.330914571049876,-8.39388811789759,0.00022624589529358902,0.06297354684771506,0.00022640565790564587,0.06424715252012603,-8.394302986509382,0.02261520524406581,0.06338841545950658
2014-01,32.0,3.4657359027997265,3.4402929310179693,31.19609513389805,0.02544297178175725,0.02152418107217327,1486.7,-3.8385782748195787,-3.8754540303516385,0.020744916913239757,0.036875755532059795,0.0207570719512816,0.03695651885256902,-3.8665926153666668,2.092956313596708,0.028014340547088068,0.007114273010226767,4498.0,-4.945652229719535,-4.980214397305993,0.006872588934978692,0.034562167586457804,0.006875449836155512,0.034735643450610414,-4.974945934008756,0.6908892465476457,0.029293704289220734,0.0026538397744236193,12058.0,-5.931747716249625,-5.956046443153518,0.0025901319900665633,0.024298726903893453,0.002591281356027993,0.024141885731589534,-5.959533167811284,0.2581116639146591,0.02778545156165979,0.0016918684572274506,18914.0,-6.381921764775731,-6.408678966301462,0.0016471990708958376,0.026757201525731134,0.0016485735646852274,0.026262032504742842,-6.410275341397087,0.16445716210772363,0.02835357662135607,0.0002764650487701625,115747.0,-8.193426150886314,-8.219426542251652,0.0002693694926452601,0.02600039136533816,0.00026963200880942965,0.025342094920051902,-8.221748860996179,0.02687446566382921,0.028322710109865312,0.00023262407222977442,137561.0,-8.366086831275156,-8.39463426924691,0.0002260771445781542,0.028547437971752743,0.00022623937567867473,0.028220978474444706,-8.395120626659716,0.022596721701723124,0.02903379538456008
2014-02,32.1,3.4688560301359703,3.440956592619648,31.216805655989706,0.0278994375163224,0.021571130972380892,1488.1,-3.8363993873000344,-3.87604077005349,0.020732748617035484,0.039641382753455634,0.02074516522047513,0.03981485532303917,-3.8670088290008975,2.092085377903368,0.030609441700863105,0.0071301643713904935,4502.0,-4.943420991330707,-4.980275000288388,0.006872172448212755,0.03685400895768076,0.006875071995888558,0.03710395697012134,-4.9749759210834865,0.690868529110808,0.031554929752779515,0.002656405163853029,12084.0,-5.930781512370593,-5.9562732950002495,0.002589544480482675,0.02549178262965679,0.0025907050222120495,0.025359946839830498,-5.9597870960933275,0.2580461303840266,0.029005583722734762,0.0016925023726668776,18966.0,-6.381547151307703,-6.409563192800446,0.0016457432175751476,0.028016041492743504,0.001647136581589746,0.027542215736199926,-6.411201507627845,0.1643049179503546,0.029654356320142128,0.0002769939682621865,115887.0,-8.191514827240782,-8.220407712141888,0.00026910532502757723,0.028892884901106086,0.0002693711772522643,0.028298465662432264,-8.22284335955865,0.026845067690747314,0.03132853231786825,0.00023309515510630882,137712.0,-8.364063796753285,-8.39538042059623,0.0002259085197293294,0.03131662384294387,0.00022607309345170363,0.031061023438887617,-8.395945627911424,0.02257808706589061,0.03188183115813814
2014-03,31.6,3.4531571205928664,3.441620254221326,31.237529927421562,0.011536866371540277,0.0212823275862069,1484.8,-3.8498782414390695,-3.876627509755341,0.020720587458359564,0.026749268316271557,0.02073325848966866,0.026482527906158043,-3.8674548839677034,2.0911524009245492,0.01757664252863389,0.007023783062902867,4499.0,-4.9584533082483055,-4.980335603270783,0.006871755986686393,0.021882295022477294,0.006874694155621605,0.02168662400193454,-4.975026942261902,0.6908332810835282,0.01657363401359646,0.0026124338624338625,12096.0,-5.947472977826448,-5.95650014684698,0.002588957104161307,0.009027169020532355,0.0025901286883961063,0.008611608426131267,-5.960039096080116,0.2579811109553705,0.012566118253668712,0.001662020722663441,19013.0,-6.399721114116719,-6.410447419299431,0.0016442886509895744,0.010726305182712004,0.0016456995984942646,0.009917438264012103,-6.412129534828552,0.16415250924793567,0.012408420711833124,0.0002720573042220539,116152.0,-8.209497836570657,-8.221388882032123,0.00026884141647609257,0.011891045461466021,0.00026911034569509904,0.01095074408731105,-8.223940905987678,0.026815620145546427,0.014443069417021448,0.00022901039968112476,137985.0,-8.381743141986501,-8.396126571945548,0.0002257400206532349,0.014383429959046623,0.0002259068112247325,0.013738357155175882,-8.39677779809636,0.02255930607057746,0.015034656109859768
2014-04,31.4,3.4468078929142076,3.4422839158230043,31.258267957321568,0.004523977091203335,0.021151902997642302,1484.5,-3.8560254012896067,-3.877214249457192,0.02070843343302535,0.021188848167585483,0.020721351758862187,0.02077814438896223,-3.867930992475677,2.0901570224478827,0.011905591186070374,0.0069746779209240335,4502.0,-4.96546912855247,-4.980396206253178,0.006871339550398077,0.014927077700708224,0.006874316315354651,0.014599503567389222,-4.97509864722194,0.6907837466866673,0.009629518669470372,0.0025931125609051117,12109.0,-5.954896363840159,-5.9567269986937115,0.0025883698610722275,0.0018306348535528372,0.0025895523545801627,0.0013748346576781972,-5.960288991820875,0.2579166506290626,0.005392627980715936,0.0016457885633418942,19079.0,-6.409535639813103,-6.411331645798415,0.0016428353700018586,0.0017960059853123767,0.0016442626153987832,0.0009280439321676758,-6.413058917081465,0.16400001969058978,0.0035232772683624347,0.00026965520202670786,116445.0,-8.218366444593682,-8.22237005192236,0.0002685777667367418,0.004003607328677106,0.0002688495141379337,0.002996798753226626,-8.225041067280833,0.026786134860469026,0.0066746226871501335,0.0002270459442652822,138298.0,-8.390358163318096,-8.396872723294866,0.00022557164725605977,0.0065145599767699736,0.00022574052899776136,0.005782813007999039,-8.397616699044601,0.022540388983213887,0.007258535726505144
2014-05,30.7,3.4242626545931514,3.4429475774246825,31.27901975482372,-0.018684922831531114,0.020747448807190646,1479.7,-3.8753319889153373,-3.8778009891590437,0.020696286536848643,0.002469000243706443,0.020709445028055717,0.0018350940396250873,-3.8684372311111694,2.089099171993851,-0.006894757804167817,0.006825255669186305,4498.0,-4.987125477926109,-4.980456809235573,0.006870923139346277,-0.0066686686905361725,0.006873938475087698,-0.007082228925648307,-4.975190557758561,0.6907202592994451,-0.01193492016754849,0.002533003300330033,12120.0,-5.978349605030154,-5.956953850540443,0.0025877827511852185,-0.02139575448971076,0.002588976020764219,-0.0216196364837957,-5.960536510404038,0.2578528193651624,-0.017813094626115245,0.001605900507401789,19117.0,-6.434070615935867,-6.4122158722974,0.0016413833734757399,-0.021854743638466623,0.0016428256323033016,-0.02247659409218147,-6.413989052724849,0.16384754834726797,-0.020081563211017617,0.00026311053213462347,116681.0,-8.242936339800872,-8.223351221812596,0.0002683143755557113,-0.019585117988276224,0.0002685886825807684,-0.020396058365182813,-8.226143298992246,0.026756626598658063,-0.016793040808625648,0.00022163984607942937,138513.0,-8.414456808427424,-8.397618874644184,0.00022540339944406357,-0.016837933783239833,0.00022557424677079022,-0.01744171042432277,-8.398461776578065,0.0225213486532993,-0.01599503184935891
2014-06,30.7,3.4242626545931514,3.443611239026361,31.2997853290681,-0.019348584433209748,0.020831919658003663,1473.7,-3.871268869626066,-3.878387728860895,0.02068414676564773,0.0071188592348288005,0.020697538297249247,0.00649262529796961,-3.8689735845964024,2.0879789768091053,-0.002295285029663585,0.006820706509664519,4501.0,-4.987792218699782,-4.980517412217967,0.006870506753529469,-0.007274806481814444,0.0068735606348207445,-0.007689482637058863,-4.975302121364884,0.6906432043547012,-0.012490097334898032,0.002527581096657336,12146.0,-5.980492521864369,-5.9571807023871735,0.0025871957744700675,-0.02331181947719596,0.002588399686948276,-0.023496599307136067,-5.960781337308262,0.25778969778489774,-0.01971118455610732,0.0016012935530982683,19172.0,-6.43694350568637,-6.413100098796384,0.0016399326602759682,-0.023843406889985985,0.0016413886492078202,-0.024427545620534747,-6.414919312911189,0.1636951983699571,-0.02202419277518164,0.00026249636609265183,116954.0,-8.245273319484982,-8.22433239170283,0.0002680512426794363,-0.020940927782151064,0.00026832785102360305,-0.021732685998511067,-8.227247005174338,0.026727111435499447,-0.018026314310644054,0.0002211035009254658,138849.0,-8.416879636099296,-8.398365025993503,0.00022523527712357564,-0.01851461010579314,0.00022540796454381912,-0.0190963244225407,-8.399312420511457,0.022502199150554448,-0.017567215587838803
2014-07,31.0,3.4339872044851463,3.4442749006280393,31.320564689200804,-0.010287696142893044,0.020989911300697404,1476.9,-3.8637133709471185,-3.8789744685627463,0.02067201411524331,0.015261097615627772,0.020685631566442774,0.014709714483566824,-3.869540090853888,2.0867964586368415,0.00582671990676964,0.006882770870337478,4504.0,-4.97873396533438,-4.980578015200362,0.006870090392946114,0.0018440498659826332,0.006873182794553791,0.0013949979318583737,-4.97543287762446,0.6905529043363728,-0.00330108770991977,0.002548294286888615,12165.0,-5.9723310507324765,-5.957407554233905,0.002586608930896564,-0.014923496498571609,0.0025878233531323323,-0.015275024933935712,-5.961023295458917,0.2577273310117427,-0.01130775527355965,0.0016112266112266113,19240.0,-6.4307595197345515,-6.4139843252953685,0.0016384832292682928,-0.01677519443918296,0.0016399516661123389,-0.017515793592760575,-6.415849223743301,0.16354304718630922,-0.0149102959912506,0.00026457058487168325,117171.0,-8.23740248074847,-8.225313561593067,0.00026778836785459924,-0.012088919155402778,0.0002680670194664377,-0.01304313601021786,-8.228351719455452,0.02669760191659831,-0.009050761293018184,0.00022290612057063966,139072.0,-8.408759859130955,-8.39911117734282,0.00022506728020099526,-0.009648681788133828,0.00022524168231684798,-0.010369136485683307,-8.400168144077934,0.022482951724856145,-0.008591715053020366
2014-08,31.3,3.4436180975461075,3.4449385622297175,31.34135784437405,-0.0013204646836100231,0.021141506247889227,1480.5,-3.8565170499955386,-3.8795612082645974,0.020659888581458574,0.023044158269058812,0.020673724835636304,0.02262685684229412,-3.8701368055166725,2.0855516080389664,0.013619755521133925,0.00694321206743567,4508.0,-4.9699907776135595,-4.980638618182757,0.006869674057594687,0.010647840569197875,0.006872804954286838,0.010244305435281762,-4.975582462495048,0.6904496157949378,0.0055916848814883124,0.0025693646363487113,12182.0,-5.964096633850322,-5.957634406080636,0.0025860222204345104,-0.006462227769685747,0.002587247019316389,-0.006911741644368689,-5.961262359873848,0.2576657249423456,-0.0028342739764743996,0.0016225182727696854,19291.0,-6.423775847341782,-6.414868551794354,0.0016370350793194646,-0.008907295547428085,0.0016385146830168575,-0.009762750625901769,-6.416778481263762,0.16339114416923364,-0.006997366078019596,0.00026657809119866457,117414.0,-8.229843332146153,-8.226294731483302,0.0002675257508281331,-0.0035486006628513422,0.0002678061879092724,-0.004585766744956154,-8.229457114555867,0.0266681068231161,-0.00038621759028600877,0.0002247449181081217,139269.0,-8.400544496177988,-8.39985732869214,0.00022489940858279154,-0.0006871674858484056,0.00022507540008987685,-0.001468316757953898,-8.401028596060154,0.02246361454502876,0.00048409988216668864
2014-09,31.4,3.4468078929142076,3.445602223831396,31.362164803746122,0.0012056690828115002,0.021137664086166272,1485.5,-3.856698801988455,-3.8801479479664485,0.020647770160119136,0.023449145977993524,0.020661818104829834,0.0230302086158239,-3.8707637392585426,2.084244515138609,0.014064937270087619,0.0069515164932477305,4517.0,-4.968795442740396,-4.980699221165152,0.0068692577474736595,0.011903778424755984,0.006872427114019884,0.011508216517349798,-4.975750537405761,0.6903335782891807,0.006955094665364925,0.0025735595442996475,12201.0,-5.962465301661126,-5.957861257927367,0.002585435643053715,-0.004604043733759333,0.0025866706855004456,-0.00506873227979599,-5.961498592822095,0.25760486299756147,-0.0009667088390310496,0.0016229906445443738,19347.0,-6.42348475476428,-6.415752778293338,0.0016355882092972413,-0.007731976470942037,0.001637077699921376,-0.008605001080693292,-6.417706896563726,0.1632395197272253,-0.005777858200553432,0.0002668570360172012,117666.0,-8.228797488594687,-8.227275901373538,0.00026726339134721685,-0.0015215872211484793,0.00026754535635210706,-0.002572723908539685,-8.23056293303198,0.02663863303720013,0.0017654444372929845,0.0002249879982516856,139563.0,-8.399463498286162,-8.40060348004146,0.0002247316621755029,0.0011399817552977254,0.0002249091178629057,0.00035072116919679743,-8.40189349153487,0.022444194265929345,0.0024299932487092946
2014-10,31.5,3.449987545831587,3.4462658854330743,31.38298557648136,0.0037216603985128494,0.021155137676292814,1489.0,-3.8558724868524217,-3.8807346876683,0.020635658847053054,0.02486220081587831,0.02064991137402336,0.024466269763511187,-3.871420797662577,2.0828754945763612,0.015548310810155286,0.006958250497017893,4527.0,-4.967827201604371,-4.980759824147547,0.006868841462581509,0.012932622543175398,0.006872049273752931,0.012543743478993775,-4.975936720639996,0.6902050617150612,0.008109519035624402,0.0025750020436524157,12233.0,-5.961904951215329,-5.958088109774098,0.0025848491987239875,-0.003816841441230956,0.002586094351684502,-0.0042892124275593696,-5.961732078442096,0.25754472298759623,-0.0001728727732333013,0.0016244649579701923,19391.0,-6.422576774051031,-6.416637004792323,0.001634142618070375,-0.005939769258707983,0.0016356407168258947,-0.006832648967916369,-6.418634334726369,0.16308819534982671,-0.003942439324661429,0.0002672186357428254,117881.0,-8.227443374187319,-8.228257071263773,0.0002670012891592794,0.0008136970764542895,0.0002672845247949417,-0.0002465127832105728,-8.231668920420258,0.026609187331311204,0.004225546232939692,0.00022532511194723817,139798.0,-8.39796625669628,-8.401349631390778,0.00022456404088573868,0.003383374694497121,0.00022474283563593458,0.0025908559427755616,-8.402762541843497,0.02242469760499234,0.00479628514721675
2014-11,31.1,3.4372078191851885,3.4469295470347525,31.403820171750212,-0.009721727849564044,0.0208626819614946,1490.7,-3.869793268091196,-3.881321427370151,0.020623554638090864,0.011528159278955119,0.02063800464321689,0.010886581438557537,-3.872107777786104,2.0814450918971654,0.0023145096949082067,0.00685626102292769,4536.0,-4.9825930262224,-4.980820427129942,0.006868425202916693,-0.0017725990924581936,0.006871671433485977,-0.0022426000293308246,-4.9761405768152915,0.6900643734915789,-0.006452449407108318,0.002536704730831974,12260.0,-5.976889390305014,-5.95831496162083,0.002584262887415151,-0.01857442868418424,0.002585518017868559,-0.018879499852345088,-5.961962908331459,0.2574852808284605,-0.014926481973555283,0.0016005352272142454,19431.0,-6.4374171886658385,-6.417521231291307,0.0016326983045086237,-0.019895957374531648,0.0016342037337304133,-0.0206023923585785,-6.419560705417104,0.16293718518214576,-0.017856483248734456,0.0002632091200690607,118157.0,-8.242561708395119,-8.22923824115401,0.0002667394440119957,-0.013323467241109554,0.0002670236932377764,-0.014285523215046503,-8.232774808634915,0.02657977681001176,-0.009786899760204193,0.00022200172747324917,140089.0,-8.412825394711238,-8.402095782740096,0.0002243965446201767,-0.01072961197114175,0.00022457655340896347,-0.011465248248891936,-8.4036354395775,0.02240513167803627,-0.009189955133738437
2014-12,32.4,3.4781584227982836,3.447593208636431,31.424668598729227,0.030565214161852428,0.021680942184154173,1494.4,-3.8313216446762945,-3.8819081670720026,0.020611457529065513,0.050586522395708045,0.02062609791241042,0.0511412423340174,-3.8728243567149185,2.0799541064709977,0.04150271203862399,0.007136563876651982,4540.0,-4.94252386823711,-4.980881030112337,0.0068680089684776905,0.03835716187522653,0.006871293593219025,0.03860558129763818,-4.9763616079757425,0.6899118646175478,0.033837739738632244,0.0026414479047774334,12266.0,-5.936428063387646,-5.95854181346756,0.002583676709097034,0.022113750079914674,0.0025849416840526152,0.0218597661500158,-5.9621911754216885,0.25742651212036494,0.025763112034042912,0.0016654672560912922,19454.0,-6.397649560631102,-6.418405457790291,0.0016312552674827402,0.02075589715918902,0.0016327667506349317,0.02002766497029919,-6.420485948721401,0.16278649836426953,0.02283638809029931,0.0002736093635204405,118417.0,-8.203809149408062,-8.230219411044246,0.0002664778556532891,0.026410261636183208,0.00026676286168061106,0.02566512368586967,-8.233880296985639,0.026550409412032454,0.03007114757757634,0.00023082841754295971,140364.0,-8.373835904640424,-8.402841934089414,0.00022422917328556477,0.02900602944898978,0.00022441027118199234,0.02860005617016695,-8.404511840319968,0.022385504405932732,0.030675935679543187
2015-01,31.7,3.456316680883235,3.4482568702381093,31.445530866600993,0.00805981064512551,0.02115166477613932,1498.7,-3.8560366637677155,-3.8824949067738537,0.020599367515812424,0.026458243006138193,0.02061419118160395,0.026072989708905436,-3.8735701936759437,2.078403378188276,0.017533529908228207,0.006982378854625551,4540.0,-4.964365610152159,-4.980941633094732,0.006867592759262972,0.016576022942572877,0.006870915752952071,0.016222452098265026,-4.976599365952859,0.6897478520666462,0.012233755800700408,0.002584590297594782,12265.0,-5.958188275809355,-5.958768665314292,0.0025830906637394676,0.0005803895049369956,0.002584365350236672,8.704162439315534e-05,-5.962417087817762,0.2573683628487669,0.004228812008407523,0.0016278950341498484,19473.0,-6.4204674888183435,-6.419289684289276,0.0016298135058644746,-0.001177804529067572,0.0016313297675394503,-0.0021054807298603916,-6.421410142506239,0.16263612159356775,0.0009426536878951453,0.0002672669634426008,118608.0,-8.227262536013265,-8.23120058093448,0.0002662165238313305,0.003938044921214967,0.00026650203012344573,0.0028702720155668604,-8.234985160298322,0.026521091038116715,0.007722624285056767,0.00022551363041374992,140568.0,-8.397129955554494,-8.403588085438733,0.0002240619267887203,0.006458129884238772,0.0002242439889550212,0.005661875105973905,-8.405391470564144,0.022365822097072302,0.008261515009650111
2015-02,31.9,3.462606009790799,3.4489205318397875,31.466406984554247,0.013685477951011382,0.021252498334443704,1501.0,-3.8512808218426633,-3.8830816464757048,0.02058728459416944,0.03180082463304146,0.020602284450797478,0.03156028086104098,-3.8743446276591267,2.0767944150797133,0.02306380581646339,0.007024884386698965,4541.0,-4.958296521307152,-4.981002236077126,0.006867176575271015,0.022705714769974072,0.006870537912685118,0.02246497668383083,-4.976853141484481,0.6895728331475018,0.018556620177329286,0.0025987780040733197,12275.0,-5.952713942871922,-5.958995517161022,0.0025825047513122965,0.006281574289100256,0.0025837890164207285,0.0058011654811332995,-5.962640654835211,0.2573108302029397,0.009926711963289314,0.0016349751422274615,19511.0,-6.4161276782791,-6.42017391078826,0.0016283730185265794,0.004046232509160141,0.001629892784443969,0.003118216015187975,-6.422333188431894,0.16248607024696227,0.006205510152794247,0.0002684078115928615,118849.0,-8.223003048994958,-8.232181750824717,0.0002659554482945364,0.009178701829759106,0.0002662411985662804,0.008137782725770497,-8.236088941368395,0.026491833709684224,0.013085892373437602,0.00022651906239570536,140827.0,-8.392681455895056,-8.404334236788051,0.00022389480503653012,0.011652780892994485,0.0002240777067280501,0.01089512965525926,-8.406273820106232,0.022346096327977964,0.013592364211175934
2015-03,32.1,3.4688560301359703,3.449584193441466,31.48729696178382,0.019271836694504163,0.021326069625298965,1505.2,-3.847825028583312,-3.8836683861775563,0.02057520875997684,0.035843357594244285,0.020590377719991008,0.035729888752535154,-3.875146862364831,2.075129006636868,0.02732183378151909,0.007058047493403694,4548.0,-4.953586824734456,-4.981062839059521,0.006866760416500279,0.027476014325064746,0.0068701600724181645,0.027348332353979193,-4.977122130912184,0.6893873702906463,0.023535306177727477,0.0026127299365131043,12286.0,-5.947359651587902,-5.959222369007754,0.0025819189717853647,0.011862717419851343,0.002583212682604785,0.011426567431743834,-5.962861853159843,0.25725391977286705,0.015502201571941043,0.0016478439425051336,19480.0,-6.408287547060556,-6.421058137287245,0.0016269338043427971,0.012770590226689471,0.0016284558013484876,0.011905844260919531,-6.423254980885082,0.162336360824769,0.014967433824526033,0.00026985448034097504,118953.0,-8.217627705958055,-8.233162920714951,0.00026569462879157157,0.015535214756896565,0.0002659803670091151,0.01456541088134955,-8.237191123403134,0.026462650971801113,0.019563417445079168,0.00022778396713098644,140923.0,-8.387112890767028,-8.40508038813737,0.00022372780793595057,0.01796749737034098,0.00022391142450107896,0.01729497562947631,-8.40715831499618,0.022326340058413337,0.02004542422915101
2015-04,32.7,3.487375077903208,3.4502478550431444,31.508200807490603,0.03712722286006365,0.021729018539437837,1504.9,-3.829106651889465,-3.8842551258794074,0.020563140009077375,0.05514847398994238,0.020578470989184534,0.05591025450131832,-3.875975923531956,2.073409310725742,0.04686927164249122,0.007178924259055983,4555.0,-4.936605731790851,-4.981123442041916,0.006866344282949241,0.04451771025106499,0.006869782232151211,0.04500026586839374,-4.977405387393744,0.6891921245033288,0.04079965560289267,0.002660483280449109,12291.0,-5.929247488311773,-5.959449220854485,0.0025813333251285286,0.030201732542711746,0.0025826363487888417,0.030142428567914624,-5.9630805828824665,0.25719765684776275,0.033833094570693056,0.0016746043939161162,19527.0,-6.392178324337289,-6.421942363786229,0.0016254958621878715,0.029764039448940238,0.0016270188182530062,0.029247096056457728,-6.424175366370494,0.16218701753175335,0.03199704203320497,0.00027434957337382857,119191.0,-8.201107449503953,-8.234144090605188,0.0002654340650713457,0.033036641101235276,0.0002657195354519498,0.03247799567013525,-8.238291088638425,0.026433558978722262,0.0371836391344722,0.00023159296297345537,141196.0,-8.37052919712491,-8.405826539486688,0.00022356093539400738,0.03529734236177795,0.00022374514227410783,0.035074820483625355,-8.408044276404576,0.022306568542424184,0.03751507927966635
2015-05,33.2,3.502549875922443,3.4509115166448225,31.529118530881643,0.051638359277620616,0.02203783604381016,1506.5,-3.8149944826479127,-3.8848418655812584,0.020551078337316207,0.06984738293334569,0.020566564258378064,0.07153707186812945,-3.8768306260827834,2.071637919613043,0.06183614343487065,0.007280701754385966,4560.0,-4.922528026585989,-4.981184045024311,0.006865928174616373,0.05865601843832202,0.006869404391884258,0.059873802594534745,-4.9777017824873555,0.6889878816088614,0.055173755901366306,0.002697870957256623,12306.0,-5.9152923513779925,-5.959676072701216,0.0025807478113116524,0.04438372132322321,0.002582060014972898,0.04485214968364731,-5.963296624478138,0.2571420974573601,0.04800427310014577,0.0016976886888934344,19556.0,-6.378487547776094,-6.422826590285214,0.0016240591909375353,0.044339042509120574,0.0016255818351575248,0.044357566119654745,-6.425094075903366,0.16203808319681087,0.046606528127272284,0.00027776383381021704,119526.0,-8.188739323987395,-8.235125260495423,0.0002651737568830165,0.04638593650802747,0.00026545870389478447,0.04635421530691177,-8.239388068357862,0.026404577799399292,0.0506487443704664,0.00023456598228037702,141538.0,-8.357773635326307,-8.406572690836008,0.0002233941873177952,0.04879905550970065,0.0002235788600471367,0.04914204424749252,-8.408930870830533,0.022286800427537376,0.051157235504225795
2015-06,34.4,3.5380565643793527,3.451575178246501,31.550050141170097,0.0864813861328515,0.022798064815428457,1508.9,-3.7810796231402533,-3.88542860528311,0.02053902374054093,0.1043489821428567,0.020554657527571595,0.10914350116744112,-3.87770942329398,2.069818169699366,0.09662980015372691,0.007540552389302937,4562.0,-4.887459838464981,-4.981244648006705,0.006865512091500154,0.09378480954172463,0.006869026551617304,0.09776142698524332,-4.9780098729390545,0.6887756437171142,0.09055003447407373,0.002795157227594052,12307.0,-5.879866920792984,-5.959902924547947,0.0025801624303045997,0.08003600375496323,0.0025814836811569545,0.0827716045608836,-5.963509497364087,0.2570873647027418,0.08364257657110308,0.0017582417582417582,19565.0,-6.34344097026516,-6.423710816784198,0.0016226237894685206,0.08026984651903835,0.0016241448520620434,0.08256462224379986,-6.426010593608176,0.1618896404602967,0.08256962334301576,0.0002873995354821461,119694.0,-8.154637200597113,-8.236106430385659,0.00026491370397598577,0.08146922978854576,0.00026519787233761913,0.08371735017640869,-8.240481006934244,0.02637573498231405,0.08584380633713096,0.00024275098970425306,141709.0,-8.323474373749645,-8.407318842185326,0.00022322756361447922,0.0838444684356805,0.00022341257782016556,0.0865591905020398,-8.409816975304956,0.022267060740961856,0.0863426015553106
2015-07,33.2,3.502549875922443,3.4522388398481794,31.570995647575195,0.05031103607426379,0.02195331614097732,1512.3,-3.818837073834252,-3.886015344984961,0.02052697621460161,0.06717827115070918,0.020542750796765125,0.06866487152413485,-3.8786102913114764,2.0679543763502095,0.05977321747722453,0.0072568306010928965,4575.0,-4.925812101787179,-4.9813052509891005,0.006865096033599041,0.05549314920192128,0.006868648711350351,0.05651503025639968,-4.978327789771451,0.6885567051502035,0.052515687984271864,0.00269414915199221,12323.0,-5.91667283801568,-5.960129776394679,0.0025795771820772487,0.043456938378998444,0.0025809073473410113,0.04387674155287532,-5.963718350554198,0.25703367679312716,0.047045512538518075,0.0016937047240077544,19602.0,-6.380837004906682,-6.424595043283182,0.001621189656658548,0.04375803837650061,0.001622707868966562,0.04375208649626348,-6.426924043991128,0.1617418298253405,0.04608703908444589,0.00027680276135766754,119941.0,-8.192205358267385,-8.237087600275895,0.00026465390609990247,0.04488224200851043,0.0002649370407804538,0.04478694463507102,-8.241568457932157,0.02634706825264373,0.04936309966477204,0.00023381763632906313,141991.0,-8.36096907837065,-8.408064993534644,0.00022306106419129262,0.04709591516399492,0.00022324629559319445,0.047352815901286316,-8.410701072126995,0.0222473832030307,0.04973199375634607
2015-08,28.4,3.3463891451671604,3.4529025014498576,31.591955059322334,-0.1065133562826972,0.018825401034071324,1508.6,-3.97254820225237,-3.8866020846868126,0.0205149357553507,-0.08594611756555759,0.02053084406595865,-0.08306736081616109,-3.8795304606808925,2.0660523832878237,-0.09301774157147769,0.00621308247648217,4571.0,-5.081098133164584,-4.981365853971496,0.0068646800009115145,-0.09973227919308858,0.006868270871083397,-0.09539349960114177,-4.978652965318617,0.6883328397466014,-0.1024451678459668,0.0023055690858905667,12318.0,-6.072427741079828,-5.960356628241409,0.002578992066599483,-0.11207111283841886,0.0025803310135250677,-0.10648320939999883,-5.963921687672107,0.2569814176193775,-0.10850605340772113,0.0014488317518620549,19602.0,-6.536997735661965,-6.425479269782167,0.0016197567913863295,-0.11151846587979719,0.0016212708858710807,-0.10636047036419657,-6.427832914447137,0.16159489423753332,-0.10916482121482751,0.00023653854162328738,120065.0,-8.349399396615254,-8.23806877016613,0.0002643943630046611,-0.11133062644912428,0.00026467620922328847,-0.10630977254273485,-8.242648312541135,0.026318632605503562,-0.10675108407411926,0.0001998240985048373,142125.0,-8.518073085885677,-8.408811144883963,0.00022289468895553825,-0.10926194100171394,0.00022308001336622332,-0.10424920866042595,-8.411580977372024,0.022227816223668526,-0.10649210851365254
2015-09,28.7,3.3568971227655755,3.453566163051536,31.61292838564303,-0.09666904028596068,0.01893639482713117,1515.6,-3.96666955637887,-3.8871888243886636,0.020502902358643132,-0.07948073199020644,0.02051893733515218,-0.07712594868691687,-3.8804667007347504,2.0641189675050966,-0.08620285564411967,0.00626500764025322,4581.0,-5.072775471121167,-4.981426456953891,0.006864263993436046,-0.09134901416727637,0.006867893030816444,-0.087783165500403,-4.978982426700982,0.6881060980110651,-0.09379304442018466,0.0023284114879117313,12326.0,-6.062569008756613,-5.9605834800881405,0.002578407083841187,-0.10198552866847255,0.0025797546797091246,-0.0974291058658853,-5.964117649335948,0.2569310640470507,-0.09845135942066552,0.0014632405424696644,19614.0,-6.52710175318669,-6.4263634962811516,0.0016183251925315733,-0.10073825690553839,0.0016198339027755993,-0.09667247983735294,-6.428735336761247,0.16144913317803533,-0.09836641642544297,0.00023869921403917328,120235.0,-8.340306317296996,-8.239049940056367,0.00026413507444040006,-0.10125637724062919,0.00026441537766612314,-0.09725668701243852,-8.243718081062596,0.02629049281502894,-0.09658823623439972,0.0002017220172201722,142275.0,-8.508619960705749,-8.409557296233281,0.000222728437814588,-0.09906266447246814,0.00022291373113925218,-0.0950668844434788,-8.412454123380892,0.02220841656524665,-0.0961658373248575
2015-10,30.7,3.4242626545931514,3.4542298246532144,31.633915635774887,-0.029967170060062998,0.020169502660797582,1522.1,-3.90358358469247,-3.8877755640905147,0.020490876020336234,-0.015808020601955075,0.020507030604345708,-0.016459132970552993,-3.881416498535058,2.0621594025927217,-0.02216708615741192,0.006685540069686411,4592.0,-5.007808283406251,-4.981487059936286,0.006863848011171106,-0.02632122346996546,0.0068675151905494905,-0.026497956802993067,-4.979313991510948,0.6878779840628104,-0.028494291895302837,0.002489054645694827,12334.0,-5.995852300958287,-5.960810331934872,0.00257782223377226,-0.03504196902341494,0.002579178345893181,-0.03494279499587827,-5.96430521340192,0.25688287753117417,-0.03154708755636726,0.0015622614625209912,19651.0,-6.461620851994616,-6.427247722780137,0.0016168948589749712,-0.03437312921447955,0.001618396919680118,-0.034685840337747326,-6.429630285039649,0.1613047091898874,-0.03199056695496694,0.00025472316487309477,120523.0,-8.275333230475368,-8.240031109946601,0.0002638760401575046,-0.035302120528767134,0.0002641545461089578,-0.03570402771706532,-8.244776097494594,0.02626269175120987,-0.03055713298077478,0.0002153192265340618,142579.0,-8.443388856447477,-8.4103034475826,0.00022256231067588293,-0.03308540886487776,0.00022274744891228107,-0.033348181604290955,-8.413318764192814,0.022189222561071628,-0.03007009225466284
2015-11,30.6,3.4210000089583352,3.4548934862548926,31.654916818961688,-0.03389347729655734,0.0200248674824946,1528.1,-3.9107804036528764,-3.8883623037923662,0.020478856736289772,-0.022418099860510132,0.020495123873539238,-0.02294479379320918,-3.882378006289313,2.0601775732614365,-0.028402397363563203,0.006650728102586395,4601.0,-5.013028941197134,-4.98154766291868,0.006863432054115176,-0.03148127827845393,0.006867137350282537,-0.031513749712205524,-4.97964620105268,0.6876495023869553,-0.03338274014445375,0.0024819531186633143,12329.0,-5.998709480910217,-5.9610371837816025,0.002577237516362605,-0.03767229712861475,0.0025786020120772374,-0.037481120762822145,-5.964484117381773,0.25683692427276056,-0.034225363528443964,0.001554720048775531,19682.0,-6.466459782500595,-6.428131949279121,0.001615465789598211,-0.038327833221474705,0.0016169599365846363,-0.03849191708519951,-6.430517492388663,0.16116166193213588,-0.035942290111932174,0.00025346442800699097,120727.0,-8.280287068223114,-8.241012279836838,0.0002636172599066029,-0.03927478838627607,0.0002638937145517925,-0.03952078420099934,-8.245821441114781,0.02623525255813016,-0.03446562710833234,0.00021427371015629378,142808.0,-8.448256340769053,-8.411049598931918,0.0002223963074469331,-0.03720674183713513,0.00022258116668530994,-0.03732326796885478,-8.414173895867357,0.022170255964650634,-0.03408244490169565
2015-12,30.4,3.414442608412176,3.455557147856571,31.67593194445335,-0.04111453944439525,0.019844637378418954,1531.9,-3.9198214656064745,-3.8889490434942173,0.02046684450236596,-0.03087242211225716,0.020483217142732768,-0.03117575524704015,-3.8833495472473456,2.0581769983457887,-0.036471918359128885,0.006591500433651344,4612.0,-5.021974272976774,-4.981608265901075,0.006863016122266713,-0.04036600707569882,0.006866759510015584,-0.04008573126272407,-4.979977816493704,0.687421504999768,-0.041996456483070155,0.0024649314846347196,12333.0,-6.005591267153812,-5.961264035628334,0.0025766529315821283,-0.044327231525477906,0.002578025678261294,-0.043868528766109534,-5.964654342206142,0.2567932079733401,-0.04093692494766987,0.0015424425389416003,19709.0,-6.474388054780318,-6.429016175778105,0.0016140379832839634,-0.04537187900221351,0.001615522953489155,-0.04523638267702594,-6.431396938755401,0.16101999119912894,-0.04299111602491745,0.0002512812035047115,120980.0,-8.288937913248729,-8.241993449727074,0.00026335873343856926,-0.04694446352165471,0.00026363288299462715,-0.046851816623222076,-8.246853426981158,0.02620819211368906,-0.04208448626757111,0.000212473004046772,143077.0,-8.456695617449935,-8.411795750281238,0.00022223042803531717,-0.04489986716869687,0.0002224148844583388,-0.04469970809633043,-8.415018746486398,0.02215153332020712,-0.04167687096353667
2016-01,31.3,3.4436180975461075,3.4562208094582494,31.696961021505885,-0.012602711912141906,0.020316759704011426,1540.6,-3.8963091323727577,-3.8895357831960684,0.02045483931442942,-0.006773349176689258,0.020471310411926298,-0.007549624562618781,-3.884329663813284,2.0561607332229075,-0.011979468559473627,0.006773425665440381,4621.0,-4.994748313324159,-4.98166886888347,0.006862600215624196,-0.013079444440688981,0.00686638166974863,-0.013537844060982997,-4.980307856584415,0.6871946657789787,-0.014440456739744256,0.0025335923587502026,12354.0,-5.978117078709737,-5.961490887475065,0.0025760684794007473,-0.01662619123467124,0.0025774493444453506,-0.01701565378565596,-5.964816132890254,0.2567516645853039,-0.01330094581948238,0.0015874625957295735,19717.0,-6.445618389220161,-6.42990040227709,0.0016126114389158877,-0.015717986943070805,0.0016140859703936735,-0.016494396923360043,-6.432268881419457,0.16087965219171194,-0.013349507800703542,0.00025847261676686267,121096.0,-8.260720800896294,-8.242974619617309,0.000263100460504522,-0.017746181278985418,0.0002633720514374618,-0.01860271294489473,-8.2478716360902,0.026181520274806382,-0.012849164806095104,0.00021856015641365828,143210.0,-8.428449265926641,-8.412541901630556,0.0002220646723486839,-0.01590736429608519,0.00022224860223136767,-0.016596036063568156,-8.415852807113644,0.02213306530122596,-0.012596458812996758
2016-02,31.7,3.456316680883235,3.4568844710599276,31.7180040593815,-0.0005677901766927285,0.020613863961503446,1537.8,-3.8817914217148455,-3.89012252289792,0.020442841168347187,0.008331101183074452,0.020459403681119825,0.007549598355408517,-3.8853171798103814,2.054131243847786,0.0035257580955359025,0.006865930257743123,4617.0,-4.981183741623754,-4.981729471865865,0.0068621843341861,0.00054573024211102,0.006866003829481677,-1.0715365208202025e-05,-4.980635664121941,0.6869694351059616,-0.0005480775018131823,0.0025695063629731702,12337.0,-5.96404147518823,-5.961717739321796,0.0025754841597883885,-0.0023237358664340846,0.0025768730106294074,-0.0028587546323976137,-5.964970050320674,0.2567121490699763,0.0009285751324439318,0.001610199624117438,19687.0,-6.431397117536852,-6.430784628776074,0.0016111861553786335,-0.0006124887607779073,0.0016126489872981921,-0.0015188445843120708,-6.433133909382002,0.1607405469675899,0.0017367918451505204,0.00026140449252894414,121268.0,-8.249441570506596,-8.243955789507545,0.0002628424408558223,-0.005485780999050505,0.0002631112198802965,-0.0064867144477108755,-8.248875974164358,0.026155238377319392,-0.0005655963422377397,0.00022105072312176617,143406.0,-8.417118366393296,-8.413288052979874,0.00022189904029474978,-0.003830313413422104,0.00022208232000439654,-0.004645110347415077,-8.4166758903936,0.02211485544038639,-0.0004424759996961569
2016-03,32.1,3.4688560301359703,3.457548132661606,31.73906106734854,0.011307897474364115,0.02083739045764362,1540.5,-3.8710062879007525,-3.890709262599771,0.02043085005998876,0.019702974699018494,0.020447496950313355,0.01906803107870334,-3.886311011496061,2.0520907972293028,0.015304723595308545,0.00695557963163597,4615.0,-4.968211116800982,-4.981790074848259,0.006861768477950901,0.013578958047276934,0.006865625989214724,0.0131020306906544,-4.980960693326687,0.6867461862599469,0.012749576525704853,0.0026070007309347844,12313.0,-5.949554863656902,-5.961944591168527,0.0025748999727149766,0.012389727511625814,0.002576296676813464,0.011917903088435227,-5.965116758014718,0.25667449018504485,0.015561894357816186,0.0016309318158723707,19682.0,-6.41860376132296,-6.431668855275059,0.0016097621315578304,0.01306509395209865,0.0016112120042027108,0.012239116651453982,-6.433992714649668,0.16060256139897414,0.015388953326707977,0.00026423232689078396,121484.0,-8.238681815712445,-8.24493695939778,0.0002625846742440771,0.006255143685335085,0.00026285038832313116,0.005257510085752421,-8.249866446070875,0.026129345173860535,0.011184630358430425,0.00022344113265860145,143662.0,-8.406362567155625,-8.414034204329193,0.00022173353178130053,0.007671637173567447,0.0002219160377774254,0.006872395958626779,-8.417487906165663,0.02209690511793071,0.01112533901003765
2016-04,31.4,3.4468078929142076,3.4582117942632844,31.76013205468147,-0.011403901349076762,0.02033678756476684,1544.0,-3.8953238376705137,-3.8912960023016225,0.020418865985226024,-0.004027835368891175,0.020435590219506885,-0.0048348324505808945,-3.8873100479228224,2.050041707499918,-0.008013789747691291,0.006793595845954132,4622.0,-4.991774897920118,-4.981850677830654,0.00686135264691706,-0.009924220089463809,0.006865248148947771,-0.010436957476128682,-4.981282402648052,0.6865252891446512,-0.010492495272066193,0.0025476673427991883,12325.0,-5.972577105996684,-5.962171443015259,0.0025743159181504504,-0.010405662981424868,0.0025757203429975202,-0.010891322217723742,-5.965256912324771,0.2566385186698049,-0.007320193671912278,0.0015935041867546308,19705.0,-6.4418197967148965,-6.432553081774043,0.0016083393663400994,-0.009266714940853404,0.0016097750211072294,-0.01010752070274221,-6.434845975827914,0.16046558391530075,-0.006973820886982729,0.00025807512122955534,121670.0,-8.262259847867288,-8.245918129288016,0.00026232716042113484,-0.016341718579271358,0.0002625895567659658,-0.017191984296747953,-8.25084306104116,0.026103839320926164,-0.011416786826128345,0.00021827686404270996,143854.0,-8.429746282422022,-8.414780355678511,0.0002215681467161906,-0.014965926743510494,0.0002217497555504543,-0.0156613092949009,-8.418288767683398,0.022079215641316728,-0.011457514738623331
2016-05,31.7,3.456316680883235,3.4588754558649626,31.781217030660958,-0.0025587749817277405,0.0205297584353345,1544.1,-3.8858798144435838,-3.8918827420034736,0.020406888939933313,0.006002927559889848,0.02042368348870041,0.005193722606050723,-3.8883130600511624,2.0479865216641513,0.002433245607578627,0.006854054054054054,4625.0,-4.982914969063291,-4.9819112808130495,0.006860936841083057,-0.0010036882502415523,0.006864870308680817,-0.0015755948969765818,-4.981600152159073,0.686307180723479,-0.0013148169042178637,0.0025766073315451514,12303.0,-5.961281733176934,-5.962398294861989,0.002573731996064756,0.0011165616850554727,0.002575144009181577,0.0005682487497230995,-5.965391049526876,0.2566040962056763,0.004109316349942382,0.0016124930057480034,19659.0,-6.429973846824372,-6.433437308273028,0.001606917858613039,0.003463461448656169,0.0016083380380117478,0.0025833920718508086,-6.435694252780275,0.16032952237591108,0.005720405955902841,0.00026047444145898554,121701.0,-8.253005814985494,-8.246899299178251,0.0002620698991390895,-0.006106515807243085,0.0002623287252088005,-0.007068550149584424,-8.251805742005459,0.026078721743763297,-0.0012000729800352161,0.00022029186935371785,143900.0,-8.420557211992225,-8.41552650702783,0.00022140288500734323,-0.005030704964395838,0.00022158347332348316,-0.005828972487852186,-8.419078302356706,0.02206179021490285,-0.001478909635519443
2016-06,32.5,3.481240089335692,3.459539117466641,31.802316004573804,0.021700971869051067,0.020806658130601792,1562.0,-3.8724822410639397,-3.8924694817053247,0.02039491891998736,0.019987240641385018,0.02041177675789394,0.01934576188009386,-3.8893188806763757,2.0459276501817794,0.016836639612435977,0.006995264743865691,4646.0,-4.9625218239946625,-4.9819718837954445,0.006860521060447364,0.01945005980078207,0.006864492468413864,0.019050538121144357,-4.981913382893399,0.68609224188577,0.019391558898736783,0.0026377729080431784,12321.0,-5.937820313288976,-5.962625146708721,0.002573148206427839,0.024804833419744376,0.0025745676753656335,0.024549843176512626,-5.965519762380049,0.25657107008580643,0.027699449091072914,0.0016515066822501143,19679.0,-6.406067266971398,-6.434321534772012,0.001605497607265237,0.02825426780061413,0.0016069010549162664,0.02775878900407609,-6.4365381591806345,0.16019427634133512,0.03047089220923649,0.0002664655193617946,121967.0,-8.230265705986916,-8.247880469068487,0.00026181289015027597,0.017614763081571283,0.00026206789365163516,0.016780482526429382,-8.252754499986516,0.026053991081934628,0.022488793999599466,0.00022546428298889329,144147.0,-8.397348801859765,-8.416272658377148,0.00022123774656275028,0.018923856517382376,0.00022141719109651203,0.018278128596696006,-8.419856426002237,0.022044630091488607,0.022507624142471983
2016-07,33.1,3.4995332823830174,3.4602027790683194,31.823428985713,0.03933050331469801,0.021081459779631873,1570.1,-3.8593613081984586,-3.893056221407176,0.02038295592126731,0.03369491320871765,0.02039987002708747,0.03341147525152705,-3.890326323818713,2.0438675323009425,0.030965015620254555,0.007112161581435325,4654.0,-4.94594906147922,-4.982032486777839,0.0068601053050084595,0.036083425298619076,0.0068641146281469105,0.03613677316390899,-4.982221546029871,0.6858808461224651,0.03627248455065146,0.002681899205963377,12342.0,-5.921230076497995,-5.962851998555452,0.002572564549209659,0.041621922057457184,0.0025739913415496903,0.04192238826596835,-5.9656436119356195,0.25653929584045787,0.044413535437624496,0.0016777332860256477,19729.0,-6.3903116311119526,-6.435205761270996,0.0016040786111862593,0.044894130159043755,0.001605464071820785,0.045014532229862264,-6.437378264563941,0.1600597527823009,0.04706663345198869,0.00027079873354549994,122231.0,-8.214134693652378,-8.248861638958724,0.00026155613320727374,0.034726945306346124,0.00026180706209446983,0.034344648227195546,-8.253689355266895,0.0260296457522498,0.03955466161451682,0.0002290340437309715,144520.0,-8.38163990287856,-8.417018809726466,0.00022107273129047227,0.03537890684790668,0.00022125090886954092,0.035177866166506304,-8.420623065847984,0.022027736276239114,0.03898316296942461
2016-08,32.6,3.484312288372662,3.4608664406699976,31.84455598337766,0.023445847702664224,0.020780214176440593,1568.8,-3.8737539865094743,-3.8936429611090273,0.020370999939654768,0.019888974599552967,0.020387963296281,0.019239336193583687,-3.8913340735860835,2.0418088627568323,0.017580087076609185,0.007007738607050731,4652.0,-4.960740225265893,-4.982093089760234,0.006859689574764805,0.021352864494340373,0.006863736787879957,0.020980090528100338,-4.9825239431211035,0.6856734691063493,0.02178371785521005,0.002646318694699245,12319.0,-5.934585776589312,-5.963078850402183,0.0025719810243801824,0.028493073812870584,0.0025734150077337467,0.02832954915798845,-5.965762945514599,0.256508683914688,0.031177168925286658,0.001654654349812202,19702.0,-6.404163144042962,-6.436089987769981,0.001602660869266653,0.03192684372701926,0.0016040270887253036,0.031562597316938744,-6.438214903350235,0.1599258965874487,0.03405175930727289,0.00026638992621162477,122377.0,-8.230549434533955,-8.249842808848959,0.00026129962806290474,0.01929337431500322,0.00026154623053730456,0.0185194627518417,-8.254610154604515,0.026005688703192784,0.024060720070560038,0.0002253544493678324,144661.0,-8.397836064767674,-8.417764961075786,0.00022090783909863793,0.019928896308112343,0.00022108462664256978,0.01931306934410093,-8.421377975451998,0.022011113601667257,0.023541910684324208
2016-09,31.9,3.462606009790799,3.461530102271676,31.86569700687312,0.0010759075191231204,0.020358669985321334,1566.9,-3.8942484143195637,-3.894229700810879,0.020359050971033698,-1.8713508684875535e-05,0.02037605656547453,-0.000853284839356703,-3.8923405751588054,2.0397548128009295,-0.0019078391607583178,0.006852846401718582,4655.0,-4.983091179920368,-4.982153692742629,0.00685927386971488,-0.0009374871777394489,0.006863358947613004,-0.0015316911114021902,-4.9828195958394295,0.6854707778459115,-0.0002715840809388581,0.002589916375740846,12317.0,-5.956129691150686,-5.963305702248914,0.002571397631909375,0.0071760110982284075,0.002572838673917803,0.00663768855628929,-5.965877767740966,0.25647923270737744,0.009748076590279986,0.0016168271667511404,19730.0,-6.427289589225862,-6.436974214268965,0.00160124438039795,0.009684625043103523,0.0016025901056298223,0.00888378199222872,-6.439048046791086,0.15979271086479424,0.011758457565224312,0.00026010241022797687,122644.0,-8.254435119009054,-8.250823978739195,0.000261043374470232,-0.003611140269859092,0.0002612853989801392,-0.004527573131831516,-8.255516439551576,0.02598213081567501,0.0010813205425215244,0.0002200500803631171,144967.0,-8.421655399503345,-8.418511112425104,0.00022074306989544563,-0.0031442870782409926,0.00022091834441559865,-0.003930248774851128,-8.422120607576321,0.021994773509704094,0.00046520807297589784
2016-10,30.8,3.427514689979529,3.4621937638733544,31.886852065510883,-0.03467907389382541,0.019649122807017545,1567.5,-3.929722582527547,-3.89481644051273,0.020347109011290533,-0.03490614201481712,0.02036414983466806,-0.03511204903988908,-3.893344138068377,2.037708817340478,-0.036378444459169934,0.006617963042544048,4654.0,-5.0179676538827085,-4.982214295725024,0.006858858189857158,-0.035753358157684545,0.00686298110734605,-0.035701404531004406,-4.983107357772939,0.6852735538276578,-0.034860296109769706,0.0025008119519324455,12316.0,-5.991139819064863,-5.963532554095645,0.0025708143717672193,-0.027607264969217837,0.00257226234010186,-0.02777725547487703,-5.9659878426741235,0.25645100232673795,-0.025151976390739073,0.0015587833392378158,19759.0,-6.4638496727542885,-6.43785844076795,0.0015998291434726564,-0.025991231986338015,0.0016011531225343409,-0.026462043323789822,-6.439877403393008,0.15966024066520995,-0.023972269361280496,0.0002508756210800684,122770.0,-8.290553275195357,-8.25180514862943,0.00026078737218256245,-0.03874812656592752,0.0002610245674229739,-0.03888119207744824,-8.256407566006567,0.025958987764772068,-0.03414570918879001,0.00021231861579292042,145065.0,-8.457422506839645,-8.419257263774423,0.00022057842358916106,-0.0381652430652224,0.00022075206218862751,-0.03820325079681887,-8.422850233332447,0.02197873140952767,-0.03457227350719805
2016-11,32.1,3.4688560301359703,3.4628574254750326,31.908021168608602,0.005998604660937712,0.0204575871518705,1569.1,-3.889401455429052,-3.895403180214581,0.020335174056314076,0.00600172478552885,0.020352243103861585,0.005176041160245812,-3.89434308656728,2.0356742675506125,0.0049416311382279865,0.006894329896907217,4656.0,-4.977055959275304,-4.982274898707418,0.006858442535190116,0.005218939432114489,0.006862603267079097,0.004623118748583006,-4.98338608460528,0.6850825763172266,0.006330125329976788,0.002607424254731541,12311.0,-5.949392420511645,-5.963759405942376,0.002570231243923695,0.01436698543073156,0.0025716860062859163,0.013896816469145349,-5.966092859156837,0.25642407215856583,0.016700438645192328,0.0016227693240988827,19781.0,-6.423621129880106,-6.438742667266935,0.001598415157384263,0.015121537386828976,0.0015997161394388595,0.01441079707310432,-6.440702590933677,0.159528545368005,0.017081461053571445,0.00026117520706881684,122906.0,-8.250319084405497,-8.252786318519666,0.0002605316209534432,0.002467234114169159,0.00026076373586580857,0.0015779464182090867,-8.257282881524462,0.025936275401644802,0.006963797118965331,0.00022110026656013446,145183.0,-8.41689426449267,-8.420003415123741,0.00022041390008811874,0.003109150631070534,0.00022058577996165638,0.0023323652076190538,-8.423566120242306,0.0219630027540573,0.006671855749635469
2016-12,31.6,3.4531571205928664,3.463521087076711,31.92920432549015,-0.010363966483844411,0.020099224017300597,1572.2,-3.90707407076679,-3.8959899199164325,0.020323246101995554,-0.01108415085035741,0.020340336373055115,-0.011853902085607581,-3.8953360256058702,2.033653970282511,-0.011738045160919697,0.006779661016949153,4661.0,-4.993828175779875,-4.982335501689813,0.006858026905712219,-0.011492674090061605,0.006862225426812143,-0.012031725093202827,-4.983654901003868,0.684898439636914,-0.01017327477600638,0.002564102564102564,12324.0,-5.966146739123692,-5.963986257789108,0.002569648248348796,-0.002160481334584574,0.0025711096724699727,-0.0027253245718908466,-5.966192700105764,0.25639847181387637,4.59609820717688e-05,0.0015968467330335035,19789.0,-6.439724386156037,-6.439626893765919,0.0015970024210272338,-9.749239011824784e-05,0.001598279156343378,-0.0008962284868631653,-6.4415234121619855,0.1593976546777233,0.0017990260059486118,0.00025669352742396675,123104.0,-8.267627684959155,-8.2537674884099,0.00026027612053666505,-0.013860196549254411,0.00026050290430864323,-0.01462316473893565,-8.258141997130213,0.025914002711469968,-0.009485687828941991,0.00021731954225352114,145408.0,-8.434141742607848,-8.42074956647306,0.00022024949930072153,-0.013392176134788158,0.00022041949773468527,-0.014063889596987898,-8.424267802589199,0.02194759710830694,-0.009873940018648497
2017-01,31.7,3.456316680883235,3.4641847486783894,31.950401545485594,-0.007868067795154587,0.02009890945980218,1577.2,-3.9070897211202373,-3.8965766596182836,0.02031132514422862,-0.010513061501953747,0.020328429642248645,-0.011290600724487445,-3.8963215220046328,2.0316507988397134,-0.01076819911560456,0.006796740994854202,4664.0,-4.991312047147093,-4.982396104672208,0.006857611301421944,-0.008915942474884808,0.00686184758654519,-0.009488201372856123,-4.983912882792557,0.6847217711019984,-0.007399164354535692,0.002570131344251662,12334.0,-5.9637982746682034,-5.964213109635838,0.0025690653850125216,0.00041483496763472516,0.0025705333386540296,-0.000156385601510203,-5.966287119576154,0.25637426394882384,0.002488844907950316,0.0015993138590383936,19821.0,-6.438180579814761,-6.440511120264904,0.0015955909332970105,0.002330540450143026,0.0015968421732478967,0.001547858537246403,-6.442339538025428,0.15926761919904497,0.004158958210667585,0.00025707149344751526,123312.0,-8.266156327134539,-8.254748658300137,0.00026002087068625803,-0.011407668834401363,0.0002602420727514779,-0.012183192634614594,-8.258984470115767,0.025892180058026733,-0.007171857018771988,0.00021767791908149531,145628.0,-8.432494023065042,-8.421495717822378,0.00022008522113544068,-0.010998305242663875,0.00022025321550771414,-0.011692435092411298,-8.424954763176059,0.02193252515163008,-0.007539259888982741
2017-02,31.7,3.456316680883235,3.4648484102800676,31.971612837931154,-0.008531729396832777,0.019958446137379588,1588.3,-3.9141028599578744,-3.8971633993201347,0.02029941117890932,-0.016939460637739767,0.020316522911442172,-0.01762490440039405,-3.8972982331553885,2.0296674315961685,-0.016804626802485956,0.006769165065129191,4683.0,-4.995377528300307,-4.982456707654603,0.0068571957223177655,-0.012920820645703657,0.0068614697462782365,-0.013452610674136268,-4.984159184292691,0.6845531438700241,-0.011218344007615677,0.0025668016194331984,12350.0,-5.965094661172889,-5.96443996148257,0.002568482653884873,-0.0006546996903189495,0.002569957004838086,-0.0012277969627302774,-5.966375871268616,0.25635151130867734,0.0012812100957271255,0.0015940061346608337,19887.0,-6.441504850026266,-6.441395346763888,0.0015941806930900148,-0.0001095032623785741,0.0015954051901524153,-0.00087692800563596,-6.443150625590126,0.15913849158763263,0.001645775563859253,0.0002566386010362694,123520.0,-8.267841684375368,-8.255729828190374,0.00025976587115649516,-0.012111856184993997,0.00025998124119431257,-0.012857235940130102,-8.259809930965105,0.025870815895937618,-0.008031753410262965,0.0002173525499499472,145846.0,-8.433989868599456,-8.422241869171696,0.0002199210655008156,-0.011747999427759837,0.000220086933280743,-0.01242410573874376,-8.42562656099362,0.02191779587720076,-0.008363307605835146
2017-03,31.9,3.462606009790799,3.465512071881746,31.99283821216929,-0.0029060620909469037,0.02008310249307479,1588.4,-3.9078764894662976,-3.897750139021986,0.0202875042019361,-0.010126350444311427,0.020304616180635702,-0.010909523508854397,-3.898264899537915,2.0277063683220145,-0.009611589928382624,0.006804607508532423,4688.0,-4.99015532146605,-4.982517310636998,0.006856780168398157,-0.007638010829051467,0.006861091906011283,-0.008232566806075309,-4.9843930169179345,0.6843930917247105,-0.005762304548115438,0.0025806973545829622,12361.0,-5.959695624097025,-5.964666813329301,0.0025679000549358637,0.004971189232276352,0.002569380671022143,0.00440444021722848,-5.966458689679711,0.2563302815629479,0.006763065582686245,0.001601164483260553,19923.0,-6.437024112418024,-6.442279573262873,0.0015927716993036382,0.005255460844848514,0.001593968207056934,0.004514692433487211,-6.443956299831472,0.15901032943955715,0.006932187413447366,0.00025800503069370193,123641.0,-8.262531474419958,-8.256710998080608,0.0002595111217018902,-0.005820476339350122,0.00025972040963714724,-0.006604713683617905,-8.260618065500612,0.025849917241749832,-0.0019134089193464376,0.0002185380557648832,145970.0,-8.428550390333825,-8.422988020521016,0.00021975703230545362,-0.005562369812809109,0.0002199206510537719,-0.006286791541694073,-8.426282813205926,0.02190341699377056,-0.0022675771278990453
2017-04,32.6,3.484312288372662,3.4661757334834244,32.014077677548656,0.018136554889237377,0.020463247755947527,1593.1,-3.889124794206187,-3.8983368787238373,0.02027560420920984,0.009212084517650432,0.020292709449829232,0.008403919966425694,-3.89922039129732,2.025769836913823,0.010095597091133168,0.006949477723299936,4691.0,-4.969088769955796,-4.982577913619393,0.006856364639661598,0.013489143663596437,0.00686071406574433,0.012937961953378185,-4.984613678643245,0.6842420890251707,0.015524908687448935,0.002636047545888251,12367.0,-5.938474625369395,-5.964893665176032,0.0025673175881355146,0.026419039806636846,0.002568804337206199,0.026176851116338752,-5.966535299420121,0.25631064491880684,0.02806067405072632,0.0016339214113873296,19952.0,-6.416772379547155,-6.443163799761857,0.0015913639508362528,0.026391420214701533,0.0015925312239614524,0.02599018895398378,-6.444756173025974,0.15888319219300576,0.02798379347881852,0.00026324289405684756,123840.0,-8.242433400450892,-8.257692167970845,0.0002592566220771963,0.015258767519952698,0.0002594595780799819,0.01458152366107443,-8.26140862151808,0.025829489509820405,0.01897522106718874,0.00022302035231742774,146175.0,-8.408247524671209,-8.423734171870334,0.00021959312145803137,0.015486647199125514,0.00021975436882680076,0.014861972974931222,-8.426923201508712,0.021889394792042893,0.018675676837503374
2017-05,32.5,3.481240089335692,3.4668393950851026,32.03533124342409,0.014400694250589208,0.020364684504041605,1595.9,-3.893953030069449,-3.898923618425689,0.02026371119663379,0.004970588356239869,0.02028080271902276,0.004136018982136614,-3.9001636527422123,2.023859907253554,0.0062106226727633995,0.006926683716965047,4692.0,-4.972374120437674,-4.982638516601788,0.0068559491361065514,0.010264396164113343,0.006860336225477377,0.009671171981523806,-4.984820511905808,0.6841005796364432,0.012446391468134088,0.0026258382483639008,12377.0,-5.94235510120433,-5.965120517022763,0.002566735253453846,0.02276541581843272,0.0025682280033902556,0.02243190437048239,-5.966605372916376,0.25629268496505564,0.02425027171204608,0.0016264638174356921,19982.0,-6.421347057957272,-6.444048026260841,0.0015899574465871996,0.02270096830356927,0.001591094240865971,0.022229718178397067,-6.44554980396104,0.15875714759967938,0.024202746003767928,0.0002620270411906509,124033.0,-8.247062848877691,-8.25867333786108,0.00025900237203740916,0.011610488983388123,0.0002591987465228166,0.010911683431252045,-8.26218136157726,0.025809537738327358,0.015118512699569209,0.00022202486678507994,146380.0,-8.412721169819527,-8.424480323219653,0.00021942933286729245,0.01175915340012601,0.00021958808659982963,0.011097050951088344,-8.427547425094447,0.021875735179306,0.014826255274920541
2017-06,32.0,3.4657359027997265,3.467503056686781,32.056598919156656,-0.0017671538870542847,0.020021272602139775,1598.3,-3.910959940574881,-3.89951035812754,0.020251825160113635,-0.011449582447341289,0.02026889598821629,-0.01221691532782417,-3.9010935502830755,2.0219787996569627,-0.009866390291805693,0.006812859271875665,4697.0,-4.9889433832272685,-4.982699119584183,0.006855533657731496,-0.0062442636430857235,0.006859958385210424,-0.006865801611318903,-4.9850127393518475,0.68396908936761,-0.003930643875420969,0.00258272800645682,12390.0,-5.958909071823461,-5.9653473688694945,0.002566153050860893,0.00643829704603327,0.0025676516695743124,0.005871644141281517,-5.966668366077463,0.25627654078715806,0.007759294254001681,0.0015976833591292625,20029.0,-6.439200599501506,-6.444932252759826,0.001588552185456793,0.005731653258320257,0.0015896572577704896,0.005048950847448449,-6.446336535499744,0.15863229746287777,0.007135935998237919,0.0002576012493660594,124223.0,-8.264097713722315,-8.259654507751316,0.0002587483713377626,-0.004443205970998676,0.00025893791496565125,-0.005162108452789315,-8.262935901824159,0.025790070748587163,-0.0011618118981555625,0.0002183063520326368,146583.0,-8.429611197110054,-8.425226474568971,0.00021926566644204883,-0.004384722541082908,0.0002194218043728585,-0.0050835984300185225,-8.428155039053157,0.021862447214639237,-0.0014561580568965837
2017-07,30.3,3.4111477125153233,3.4681667182884595,32.07788071411365,-0.05701900577313612,0.018916219253339993,1601.8,-3.9677355633742586,-3.900097097829391,0.020239946095557442,-0.06763846554486763,0.02025698925740982,-0.0661880197018609,-3.902008902408922,2.020128823883078,-0.06572666096533641,0.006439957492029756,4705.0,-5.045233339504157,-4.982759722566578,0.006855118204534906,-0.062473616937579024,0.00685958054494347,-0.06117328168455413,-4.985189487590614,0.6838482097186407,-0.06004385191354267,0.0024455205811138017,12390.0,-6.013497262107864,-5.965574220716225,0.002565570980326696,-0.04792304139163939,0.002567075335758369,-0.047351455935615266,-5.966723547696072,0.2562623994230013,-0.04677371441179279,0.0015121269587783212,20038.0,-6.494238037303885,-6.44581647925881,0.0015871481663463226,-0.04842155804507442,0.0015882202746750082,-0.04791105938517106,-6.447115523755577,0.15850877288450274,-0.047122513548307765,0.0002435730477981961,124398.0,-8.320093669472236,-8.260635677641552,0.0002584946197337321,-0.059457991830683454,0.0002586770834084859,-0.05838953884615477,-8.263671741749596,0.025771100365289217,-0.05642192772264032,0.00020644264573624398,146772.0,-8.48548792876004,-8.42597262591829,0.0002191021220911806,-0.059515302841750994,0.00021925552214588736,-0.058438101281289526,-8.428745484074753,0.021849542451672897,-0.05674244468528755
2017-08,32.0,3.4657359027997265,3.4688303798901376,32.09917663766854,-0.0030944770904111074,0.01988689329438817,1609.1,-3.917694392665378,-3.9006838375312425,0.020228073998875672,-0.01701055513413552,0.020245082526603345,-0.017692653598447534,-3.902908603738321,2.0183121286587733,-0.014785788927056842,0.0067882901994060245,4714.0,-4.99255618069635,-4.982820325548972,0.006854702776515262,-0.009735855147377848,0.006859202704676517,-0.010338301450421505,-4.985349913560404,0.6837385115058641,-0.007206267135946298,0.0025733815842380377,12435.0,-5.962534453437779,-5.965801072562956,0.002564989041821296,0.003266619125177783,0.0025664990019424257,0.002681700748920242,-5.966770126693798,0.2562504632552707,0.004235673256019368,0.0015904572564612327,20120.0,-6.443733721413949,-6.446700705757795,0.0015857453881580445,0.002966984343846235,0.0015867832915795268,0.0023153538994279835,-6.447885869780798,0.15838671330144202,0.004152148366848962,0.00025680328066191043,124609.0,-8.267200211066868,-8.261616847531787,0.00025824111698103286,-0.005583363535080821,0.0002584162518513206,-0.0062417559958193895,-8.264388389808985,0.025752638172461578,-0.0028118212578824853,0.00021780709098210578,146919.0,-8.431900790685448,-8.426718777267608,0.00021893869972363581,-0.005182013417840636,0.00021908923991891625,-0.005852176662281472,-8.429318212084931,0.021837032189531976,-0.002582578600517138
2017-09,32.3,3.475067230228611,3.469494041491816,32.120486699201074,0.005573188736795132,0.02006834420627524,1609.5,-3.908611620510252,-3.9012705772330936,0.020216208865981213,-0.007341043277158565,0.020233175795796875,-0.008146599979419852,-3.903792056040002,2.0165298335654716,-0.004819564470250004,0.00685629378051369,4711.0,-4.982588248471431,-4.982880928531367,0.006854287373671026,0.0002926800599363233,0.006858824864409563,-0.00036902588211673706,-4.985493637500836,0.6836402489742733,0.002905389029405292,0.002595837016796592,12443.0,-5.95384626454702,-5.966027924409688,0.0025644072353147485,0.012181659862667615,0.002565922668126482,0.011658320432529647,-5.966807672900527,0.2562408422030211,0.012961408353506343,0.0016036939575989275,20141.0,-6.435445587244271,-6.447584932256779,0.00158434384979519,0.012139345012508684,0.0015853463084840454,0.0115732751996796,-6.448647038227305,0.15826620020413304,0.01320145098303449,0.00025907359133747743,124675.0,-8.258398400185712,-8.262598017422023,0.00025798786283561827,0.004199617236311681,0.0002581554202941553,0.0035566599464613518,-8.265085789812124,0.025734684543677326,0.0066873896264123545,0.0002197159338267305,147008.0,-8.42317505582016,-8.427464928616926,0.00021877539924843031,0.004289872796766403,0.00021892295769194512,0.0036221698406853115,-8.429873112836896,0.021824918165300744,0.006698057016736314
2017-10,32.0,3.4657359027997265,3.470157703093494,32.14181090809718,-0.004421800293767486,0.01995759012099289,1603.4,-3.9141457508091246,-3.901857316934945,0.020204350692789315,-0.01228843387417955,0.020221269064990405,-0.013039683273589857,-3.904658775170572,2.014782825773256,-0.009486975638552497,0.006786850477200424,4715.0,-4.992768292267831,-4.982941531513762,0.006853871996000679,-0.009826760754068964,0.00685844702414261,-0.010439177657880444,-4.985620335255445,0.6835536387765428,-0.007147957012386463,0.0025688367985871397,12457.0,-5.964302090086366,-5.966254776256418,0.002563825560777114,0.0019526861700525089,0.0025653463343105385,0.0013606210708930618,-5.966835723463477,0.256233654603955,0.0025336333771113217,0.0015862000594825023,20174.0,-6.446414022815054,-6.448469158755764,0.0015829435501619543,0.0020551359407106062,0.001583909325388564,0.0014462533032794014,-6.449398461708816,0.15814731993527667,0.002984438893761876,0.00025643491361348846,124788.0,-8.268635673648507,-8.263579187312258,0.0002577348570536829,-0.005056486336249222,0.00025789458873699,-0.005659968015033276,-8.265763907264958,0.02571723932056872,-0.0028717663835493568,0.00021746664945055693,147149.0,-8.433465055052189,-8.428211079966246,0.00021861222057464758,-0.005253975085942386,0.00021875667546497398,-0.0058970818224178415,-8.430410096011153,0.02181320169752101,-0.0030549590410355876
2017-11,31.2,3.4404180948154366,3.4708213646951727,32.16314927374906,-0.030403269879736072,0.019458650367968067,1603.4,-3.9394635587934146,-3.902444056636796,0.02019249947521766,-0.03701950215661842,0.020209362334183932,-0.037146741881412246,-3.905508314174635,2.0130719160232275,-0.033955244618779634,0.006624203821656051,4710.0,-5.017025092195027,-4.983002134496157,0.006853456643502694,-0.03402295769886976,0.0068580691838756565,-0.03410075867555521,-4.985729660249637,0.6834789133637054,-0.03129543194538975,0.0025016035920461836,12472.0,-5.990823315922175,-5.96648162810315,0.002563244018178455,-0.02434168781902546,0.0025647700004945953,-0.024628488494574795,-5.966853715519002,0.25622904447528705,-0.02396960040317353,0.001542187731698878,20231.0,-6.474553265661977,-6.449353385254748,0.001581544488163507,-0.025199880407228648,0.0015824723422930825,-0.025456754925542724,-6.450139470975997,0.1580301747138324,-0.02441379468598015,0.00024961397838278943,124993.0,-8.295594919900942,-8.264560357202495,0.00025748209939165854,-0.031034562698447843,0.00025763375717982465,-0.031128602419276646,-8.266422656073207,0.025700303698587678,-0.029172263827735634,0.00021170914420649785,147372.0,-8.460297186582947,-8.428957231315565,0.00021844916361143994,-0.031339955267382535,0.00021859039323800288,-0.03148010728912809,-8.430929019605669,0.021801885248928263,-0.029368166977278065
2017-12,30.4,3.414442608412176,3.471485026296851,32.1845018055551,-0.0570424178846749,0.01892194696875389,1606.6,-3.967432815327536,-3.9030307963386472,0.0201806552091863,-0.06440201898888898,0.020197455603377462,-0.06315194644667407,-3.906340299298768,2.011397766665537,-0.061092516028768085,0.006447507953340403,4715.0,-5.044061586655382,-4.983062737478551,0.0068530413161755534,-0.06099884917683074,0.006857691343608703,-0.05981362673176983,-4.9858213210628115,0.6834162680018253,-0.05824026559257067,0.0024318054555635548,12501.0,-6.019121311678387,-5.966708479949881,0.0025626626074888455,-0.05241283172850597,0.0025641936666786517,-0.05162956793609772,-5.966861066653813,0.2562271609079618,-0.05226024502457438,0.0014985704426698214,20286.0,-6.503243663523765,-6.450237611753733,0.0015801466627059807,-0.05300605177003259,0.001581035359197601,-0.05215880596726933,-6.45086937375144,0.15791487013638963,-0.05237428977232472,0.00024292986199346325,125139.0,-8.322737790058225,-8.26554152709273,0.00025722958960621773,-0.05719626296549585,0.0002573729256226593,-0.056117260952192737,-8.267061972301281,0.025683878328429034,-0.05567581775694386,0.00020606956203439463,147523.0,-8.487296766397064,-8.429703382664883,0.00021828622826802638,-0.057593383732180925,0.00021842411101103174,-0.05656220331835586,-8.431429765190625,0.02179097078405925,-0.055867001206438616
2018-01,30.1,3.40452517175483,3.472148687898529,32.20586851291996,-0.0676235161436991,0.018718905472636816,1608.0,-3.9782212779840815,-3.9036175360404988,0.020168817890617672,-0.07460374194358277,0.020185548872570992,-0.07265808867486954,-3.9071546187898942,2.0097605129740037,-0.07106665919418731,0.00637441761965269,4722.0,-5.055462545890628,-4.9831233404609465,0.006852626014017718,-0.07233920542968164,0.00685731350334175,-0.07042056389192825,-4.985895267751464,0.683365733500288,-0.0695672781391643,0.002402809930550012,12527.0,-6.031116422089362,-5.966935331796612,0.002562081328678368,-0.06418109029274977,0.0025636173328627086,-0.06272675732502088,-5.966857379405244,0.2562281056829359,-0.06425904268411742,0.001481445024116547,20318.0,-6.514737299896661,-6.451121838252718,0.001578750072696475,-0.06361546164394305,0.0015795983761021197,-0.062138169721204645,-6.451587666135785,0.15780148181565473,-0.0631496337608759,0.0002402503072969047,125286.0,-8.333829231043287,-8.266522696982966,0.00025697732745426984,-0.06730653406032161,0.000257112094065494,-0.06558146099612915,-8.267682017108221,0.025667958109184097,-0.06614721393506606,0.00020384667479344442,147660.0,-8.498142440858327,-8.430449534014201,0.000218123414453694,-0.0676929068441261,0.0002182578287840606,-0.06602811945350315,-8.431912440942433,0.021780455348830385,-0.06622999991589396
2018-02,31.4,3.4468078929142076,3.4728123495002077,32.22724940525457,-0.026004456586000035,0.019517652909000496,1608.8,-3.936435945544235,-3.90420427574235,0.020156987515436642,-0.032231669801884966,0.02017364214176452,-0.03251714430910617,-3.9079516322878063,2.008159344878645,-0.02848431325642853,0.006646909398814563,4724.0,-5.013603284403045,-4.983183943443342,0.00685221073702767,-0.030419340959703334,0.006856935663074796,-0.03062975570723857,-4.985951899756858,0.6833270342242012,-0.02765138464618655,0.0025017926858417654,12551.0,-5.990747729746238,-5.967162183643343,0.002561500181717104,-0.023585546102895094,0.002563040999046765,-0.023896735646358667,-5.966842659553262,0.25623187735048425,-0.02390507019297594,0.0015360532237550142,20442.0,-6.478538993974814,-6.452006064751702,0.00157735471704306,-0.026532929223112234,0.0015781613930066383,-0.02668178897178674,-6.452294248352275,0.15769002147745168,-0.02624474562253898,0.00024993035380268234,125635.0,-8.29432826370325,-8.267503866873202,0.0002567253126929639,-0.026824396830047448,0.00025685126250832866,-0.02694520026126754,-8.268283381250427,0.025652526959908557,-0.02604488245282255,0.00021208477987761222,148054.0,-8.458524458149911,-8.43119568536352,0.00021796072207779746,-0.027328772786392008,0.00021809154655708947,-0.02754240948034577,-8.432377586110047,0.021770326631121127,-0.026146872039864988
2018-03,30.5,3.417726683613366,3.473476011101886,32.248644491976016,-0.055749327488519906,0.0189429227998261,1610.1,-3.966324884237527,-3.904791015444201,0.020145164079570437,-0.06153386879332601,0.02016173541095805,-0.0604517709556647,-3.908732247786148,2.0065923562582655,-0.0575926364513788,0.00645775989836968,4723.0,-5.042472786282751,-4.983244546425737,0.006851795485203883,-0.05922823985701431,0.006856557822807843,-0.05816299296880282,-4.98599215330481,0.6832995284402686,-0.056480632977940814,0.0024252544529262086,12576.0,-6.021818831055622,-5.967389035490074,0.0025609191665751513,-0.05442979556554839,0.0025624646652308214,-0.0535461870621553,-5.96681740870378,0.25623834750473995,-0.055001422351842244,0.0014889669986330794,20484.0,-6.509672688969075,-6.452890291250687,0.0015759605946547644,-0.05678239771838811,0.001576724409911157,-0.055658053320188236,-6.452989507889847,0.15758042408976888,-0.05668318107922765,0.00024234622933104496,125853.0,-8.325143154568241,-8.268485036763437,0.0002564735450796871,-0.056658117804804675,0.0002565904309511633,-0.055513378138522466,-8.268867165879465,0.025637555779371112,-0.05627598868877648,0.00020569193417858107,148280.0,-8.489130973651303,-8.431941836712838,0.0002177981510497592,-0.05718913693846517,0.00021792526433011834,-0.05613543794080677,-8.432826250976364,0.02176056124129097,-0.056304722674939356
2018-04,30.8,3.427514689979529,3.474139672703564,32.27005378250773,-0.046624982724035036,0.01915780307271257,1607.7,-3.9550451751893854,-3.9053777551460525,0.020133347578948663,-0.04966742004333291,0.02014982868015158,-0.049232458656891506,-3.9094975930649314,2.0050572078062054,-0.04554758212445398,0.006518518518518519,4725.0,-5.033108149948315,-4.983305149408131,0.006851380258544838,-0.04980300054018372,0.006856179982540889,-0.04924921237222737,-4.986017177980584,0.6832824293050638,-0.047090971967730155,0.002445414847161572,12595.0,-6.013540498807182,-5.967615887336805,0.0025603382832226056,-0.04592461147037685,0.002561888331414878,-0.045463919260282565,-5.96678231291541,0.25624734054936427,-0.04675818589177183,0.0015003166252618248,20529.0,-6.502079109641079,-6.453774517749671,0.0015745677044415876,-0.04830459189140779,0.0015752874268156756,-0.04759182373809623,-6.453674034743191,0.1574725929687777,-0.0484050748978877,0.00024449101416142757,125976.0,-8.316332001620717,-8.269466206653673,0.0002562220243720634,-0.046865794967043684,0.000256329599393998,-0.0461850104730731,-8.269434673110503,0.025623010408772056,-0.04689732851021411,0.00020751920226384584,148420.0,-8.480286681544596,-8.432687988062156,0.00021763570127906906,-0.04759869348244017,0.0002177589821031472,-0.047023455659115025,-8.43325968757484,0.021751131461399113,-0.04702699396975696
2018-05,31.9,3.462606009790799,3.4748033343052427,32.291477286279374,-0.012197324514443775,0.01972179289026275,1617.5,-3.9260310165842567,-3.9059644948479035,0.020121538009503354,-0.02006652173635315,0.020137921949345106,-0.020663952324827015,-3.910249240291795,2.003550678376518,-0.01578177629246147,0.0067327986492190794,4738.0,-5.000764374927932,-4.983365752390526,0.006850965057049,-0.01739862253740565,0.006855802142273936,-0.017941517345781893,-4.986028559176799,0.6832746527779189,-0.014735815751132364,0.002527133011170086,12623.0,-5.980669815962063,-5.967842739183537,0.0025597575316295756,-0.012827076778526347,0.0025613119975989346,-0.013344327618380381,-5.966738482640459,0.25625857218689724,-0.013931333321604455,0.0015468166610095523,20623.0,-6.471556227013248,-6.454658744248656,0.0015731760453144862,-0.01689748276459202,0.0015738504437201942,-0.017176843465978028,-6.454348856277219,0.15736636291921688,-0.017207370736028516,0.00025258723761411954,126293.0,-8.283753873417224,-8.270447376543908,0.0002559707503279561,-0.013306496873315865,0.00025606876783683266,-0.013596075195439525,-8.269987639287015,0.02560884566734797,-0.013766234130208943,0.0002144653157816891,148742.0,-8.447362530658195,-8.433434139411474,0.0002174733726752845,-0.013928391246720295,0.0002175926998761761,-0.01437265173081024,-8.433679582388947,0.02174200019131813,-0.01368294826924732
2018-06,32.0,3.4657359027997265,3.475466995906921,32.312915012726826,-0.009731093107194333,0.019687461547926662,1625.4,-3.927773315519378,-3.906551234549755,0.02010973536716889,-0.02122208096962286,0.020126015218538636,-0.021790387508403026,-3.9109891130817704,2.0020688539946176,-0.016784202437607476,0.006743940990516333,4745.0,-4.999110808244302,-4.983426355372921,0.006850549880714847,-0.01568445287138065,0.0068554243020069825,-0.0162620585655087,-4.986028245642335,0.6832748670081046,-0.013082562601966607,0.0025284450063211127,12656.0,-5.980150787207709,-5.968069591030267,0.002559176911766177,-0.012081196177441633,0.002560735663782991,-0.012609914376783066,-5.966687389119699,0.25627166567406834,-0.013463398088009448,0.0015475384466582841,20678.0,-6.471089709346912,-6.45554297074764,0.0015717856161853855,-0.015546738599272025,0.0015724134606247128,-0.015819639420121677,-6.4550153733527935,0.15726151049805645,-0.01607433599411845,0.0002530084283432692,126478.0,-8.28208775618188,-8.271428546434144,0.000255719722705464,-0.010659209747736043,0.00025580793627966733,-0.010943788441878153,-8.270528162614577,0.025595007229209085,-0.01155959356730385,0.00021482277121374866,148960.0,-8.445697189711167,-8.434180290760795,0.00021731116514802994,-0.011516898950372223,0.00021742641764920496,-0.011974839412830755,-8.434087984764767,0.021733122519739394,-0.011609204946399387
2018-07,33.6,3.5145260669691587,3.476130657508599,32.33436697129228,0.03839540946055964,0.020640088457521962,1627.9,-3.8805200526453056,-3.907137974251606,0.020097939647882063,0.0266179216063005,0.020114108487732166,0.02614980276707754,-3.911719256822854,2.000607589483142,0.03119920417754818,0.0070766638584667235,4748.0,-4.9509526887604,-4.983486958355316,0.0068501347295408565,0.03253426959491623,0.00685504646174003,0.03232908747790455,-4.986018299828358,0.6832816627666215,0.03506561106795836,0.002650678447459767,12676.0,-5.932939653841653,-5.968296442876999,0.002558596423602526,0.03535678903534567,0.002560159329967048,0.03535682972273606,-5.966630611088764,0.2562862166877149,0.03369095724711091,0.0016213086276780544,20724.0,-6.42452166096552,-6.456427197246624,0.001570396415967168,0.03190553628110404,0.0015709764775292314,0.03203876752374,-6.455675119603699,0.157157792023793,0.031153458638178755,0.0002654363900650951,126584.0,-8.23413533142966,-8.272409716324379,0.0002554689412629253,0.03827438489471824,0.000255547104722502,0.03869848321440328,-8.271058447519707,0.02558143818127736,0.03692311609004584,0.00022547309086028722,149020.0,-8.39730973713856,-8.434926442110113,0.00021714907860699846,0.037616704971553006,0.00021726013542223383,0.03780240411841747,-8.43448704962669,0.02172445132450166,0.03717731248812939
2018-08,33.6,3.5145260669691587,3.4767943191102777,32.3558331714242,0.037731747858881004,0.020637552975861437,1628.1,-3.8806429027683103,-3.907724713953457,0.020086150847582036,0.027081811185146965,0.020102201756925696,0.02663147178648227,-3.9124418464107764,1.9991624934380183,0.03179894364246616,0.007070707070707071,4752.0,-4.951794794073322,-4.983547561337711,0.006849719603525502,0.031752767264388915,0.0068546686214730765,0.031516979326648716,-4.986000885131733,0.6832935620130988,0.03420609105841077,0.002648171500630517,12688.0,-5.933885876905471,-5.96852329472373,0.0025580160671087515,0.03463741781825913,0.0025595829961511042,0.03461052234392285,-5.966569831167528,0.25630179421717464,0.03268395426205739,0.0016175621028307339,20772.0,-6.426835137995051,-6.457311423745609,0.0015690084435736767,0.030476285750558496,0.00156953949443375,0.030596623128817262,-6.456329752694089,0.15705494499992706,0.029494614699038024,0.0002649654204354581,126809.0,-8.235911229415272,-8.273390886214615,0.0002552184057589131,0.037479656799343175,0.00025528627316533667,0.037914875524281265,-8.271580787623316,0.025568079459409088,0.03566955820804374,0.00022508490926264596,149277.0,-8.399032852447053,-8.435672593459431,0.00021698711296194937,0.03663974101237777,0.00021709385319526272,0.03680922306075506,-8.4348790214763,0.021715937619809507,0.035846169029246866
2018-09,33.9,3.5234150143864045,3.477457980711956,32.377313622577276,0.04595703367444859,0.020796270167474387,1630.1,-3.8729816272258395,-3.9083114536553087,0.02007436896221034,0.03532982642946925,0.020090295026119222,0.035140108218288106,-3.9131588160066686,1.9977296684203405,0.0401771887808291,0.007129337539432176,4755.0,-4.943536960593086,-4.983608164320105,0.006849304502667267,0.040071203727019444,0.006854290781206123,0.04012767578816584,-4.985977894381335,0.6833092716254185,0.042440933788249424,0.0026671911880409124,12710.0,-5.926729349797095,-5.968750146570461,0.0025574358422549895,0.042020796773365454,0.002559006662335161,0.042275984388032095,-5.966506472014777,0.25631803379616236,0.03977712221768215,0.001628007491715891,20823.0,-6.4203984096212885,-6.458195650244593,0.0015676216979197194,0.037797240623304695,0.0015681025113382686,0.03820220932271674,-6.456980689906491,0.15695274535821843,0.03658228028520227,0.00026717316604142366,126884.0,-8.227613547836539,-8.274372056104852,0.0002549681159522388,0.04675850826831329,0.00025502544160817134,0.04763338260155411,-8.27209719164573,0.025554879408903754,0.04448364380919223,0.00022697143775358533,149358.0,-8.390686373273558,-8.43641874480875,0.00021682526812270953,0.04573237153519116,0.00021692757096829159,0.046300554330006564,-8.435265857953205,0.021707538727611653,0.04457948467964634
2018-10,34.4,3.5380565643793527,3.478121642313634,32.39880833421251,0.0599349220657186,0.021108179419525065,1629.7,-3.8580946634025906,-3.90889819335716,0.020062593987710927,0.05080352995456927,0.020078388295312753,0.051288535168568024,-3.9138718544094404,1.9963057181743356,0.05577719100684986,0.0072329688814129515,4756.0,-4.92910569343132,-4.9836687673025,0.0068488894269646125,0.0545630738711802,0.00685391294093917,0.05530504162223004,-4.985950956470153,0.6833276787978121,0.05684526303883253,0.002702065823580237,12731.0,-5.913738678682293,-5.968976998417192,0.002556855749011376,0.05523831973489912,0.0025584303285192175,0.056142038913427714,-5.9664417040982896,0.25633463551879326,0.052703025415996585,0.001649010114567854,20861.0,-6.407580101664934,-6.459079876743578,0.001566236177921057,0.05149977507864456,0.001566665528242787,0.05256041244325246,-6.457629120941528,0.15685100531635904,0.05004901927659411,0.0002707638058056797,127048.0,-8.21426368241113,-8.275353225995087,0.00025471807160195014,0.06108954358395735,0.000254764610051006,0.06279991460144532,-8.272609393079199,0.025541793514631414,0.05834571066806937,0.0002300587853698663,149527.0,-8.377175693133635,-8.437164896158068,0.00021666354399917315,0.05998920302443267,0.00021676128874132045,0.061346270386936484,-8.435649240106192,0.021699218039781722,0.058473546972557244
2018-11,33.9,3.5234150143864045,3.4787853039153127,32.42031731579719,0.044629710471091766,0.02080648131099245,1629.3,-3.872490739322505,-3.9094849330590113,0.02005082592003008,0.036994193736506364,0.02006648156450628,0.03687740394883605,-3.9145823404088294,1.994887874649702,0.04209160108632437,0.007124842370744009,4758.0,-4.944167676476498,-4.9837293702848955,0.006848474376416022,0.03956169380839736,0.006853535100672216,0.03958647122784598,-4.985921372814833,0.683347894427357,0.04175369633833448,0.002660701671768307,12741.0,-5.929165404594976,-5.9692038502639235,0.0025562757873480615,0.0400384456689471,0.002557853994703274,0.04020858003545428,-5.966376390963602,0.2563513780841167,0.037210986368625854,0.0016250419442979723,20861.0,-6.422221651657882,-6.459964103242562,0.0015648518824944143,0.03774245158468048,0.0015652285451473057,0.038213843809651156,-6.4582759532291405,0.15674958182730586,0.03605430157125866,0.00026662681683760147,127144.0,-8.229660566990251,-8.276334395885323,0.00025446827246733,0.04667382889507188,0.0002545037784938407,0.047634021056603616,-8.273118782177976,0.025528786116646468,0.04345821518772475,0.00022657853051458055,149617.0,-8.392418960043623,-8.437911047507386,0.0002165019405013017,0.04549208746376365,0.00021659500651434932,0.04609304785412874,-8.436030505006551,0.0216909464665084,0.043611544962928406
2018-12,33.5,3.5115454388310208,3.479448965516991,32.44184057680486,0.03209647331402987,0.0205736043726586,1628.3,-3.883746365939154,-3.9100716727608624,0.020039064755116503,0.026325306821708416,0.02005457483369981,0.025880854780656413,-3.91529122241501,1.9934742356418411,0.03154485647585581,0.007036336904011762,4761.0,-4.956667570363498,-4.983789973267291,0.00684805935101997,0.02712240290379242,0.006853157260405263,0.02672923393496836,-4.985890006211164,0.6833693290660932,0.02922243584766626,0.002625186113940914,12761.0,-5.942603484902955,-5.969430702110654,0.0025556959572352014,0.026827217207698872,0.0025572776608873307,0.026554978402314,-5.966310989497105,0.2563681443884466,0.023707504594149498,0.0016028708133971291,20900.0,-6.4359589991218815,-6.460848329741546,0.0015634688105574694,0.024889330619664918,0.0015637915620518243,0.02499006408119354,-6.458921708018563,0.156648392709296,0.022962708896681505,0.000263162029254191,127298.0,-8.242740634671971,-8.277315565775558,0.00025421871830789896,0.03457493110358634,0.00025424294693667535,0.03508094295232156,-8.273626298997936,0.025515833115510114,0.030885664325964512,0.0002236180736804865,149809.0,-8.405570989536308,-8.438657198856705,0.0002163404575391237,0.03308620932039652,0.00021642872428737818,0.03321809254654272,-8.436410538540787,0.021682704745626148,0.030839549004479494
2019-01,32.8,3.490428515390098,3.480112627118669,32.46337812671538,0.010315888271428708,0.020116528672186443,1630.5,-3.906213479839276,-3.9106584124627135,0.020027310488921247,0.004444932623437481,0.02004266810289334,0.0036851665114607064,-3.9159991240572847,1.9920635513283793,0.009785644218008649,0.006883525708289612,4765.0,-4.978624300698204,-4.983850576249685,0.006847644350774939,0.005226275551480697,0.006852779420138309,0.004486688723840705,-4.985857397281353,0.6833916133719117,0.007233096583148857,0.0025645035183737295,12790.0,-5.965990379182791,-5.9696575539573855,0.0025551162586429526,0.0036671747745948835,0.002556701327071387,0.003051663180102266,-5.96624566946338,0.2563848909112198,0.0002552902805890156,0.0015648854961832059,20960.0,-6.45994262304488,-6.4617325562405314,0.0015620869610288573,0.0017899331956510167,0.001562354578956343,0.0016199377919406967,-6.459566628362257,0.15654739954380478,-0.00037599468262339286,0.0002571500250878073,127552.0,-8.265850888182369,-8.278296735665794,0.0002539694088834118,0.012445847483425254,0.00025398211537951007,0.012472963710707035,-8.274132548269215,0.02550291901274268,0.008281660086845832,0.00021857923497267757,150060.0,-8.428361977709622,-8.439403350206025,0.00021617909502273446,0.011041372496402246,0.00021626244206040708,0.010712876864783387,-8.436789890086576,0.021674480938019706,0.008427912376953728
2019-02,31.2,3.4404180948154366,3.4807762887203477,32.48492997501489,-0.04035819390491113,0.01915638239086388,1628.7,-3.9551193347640785,-3.911245152164565,0.020015563117397737,-0.04387418259951348,0.02003076137208687,-0.04365180958330665,-3.916706425563286,1.9906550599512303,-0.038412909200792544,0.006551868962620748,4762.0,-5.028004932231371,-4.98391117923208,0.006847229375679393,-0.044093752999291524,0.006852401579871356,-0.04385799835978825,-4.985823861165845,0.6834145320562944,-0.042181071065526154,0.002440932561414489,12782.0,-6.01537511539479,-5.969884405804117,0.002554536691541485,-0.04549070959067336,0.002556124993255444,-0.04506525781990323,-5.966180417698735,0.25640162102360875,-0.049194697696055556,0.001491395793499044,20920.0,-6.508042823363422,-6.462616782739516,0.0015607063328281726,-0.04542604062390687,0.0015609175958608615,-0.04453905993895568,-6.460210780131292,0.15644659173070205,-0.04783204323213042,0.000244625299901209,127542.0,-8.315782906285744,-8.27927790555603,0.0002537203439538602,-0.03650500072971319,0.00025372128382234474,-0.03585029913180137,-8.274637896406636,0.025490034415998467,-0.04114500987910752,0.0002079071348131168,150067.0,-8.478419045203763,-8.440149501555343,0.00021601785286229748,-0.03826954364842017,0.00021609615983343594,-0.03789528248272038,-8.437168871062111,0.02166626827840877,-0.041250174141651996
2019-03,31.8,3.459466289786131,3.481439950322026,32.50649613119583,-0.02197366053589489,0.01947455447363586,1632.9,-3.938646564322133,-3.911831891866416,0.020003822636501804,-0.02681467245571678,0.020018854641280396,-0.027189376085590158,-3.917413431654134,1.9892481521038803,-0.021233132667998866,0.006670862177470107,4767.0,-5.0100061654186945,-4.983971782214475,0.006846814425731813,-0.02603438320421958,0.0068520237396044025,-0.026439132294184806,-4.985789657194158,0.6834379079473712,-0.02421650822453625,0.0024867062871441977,12788.0,-5.996796220393601,-5.9701112576508475,0.0025539572559009757,-0.02668496274275345,0.0025555486594395003,-0.026938392286532147,-5.966115219069644,0.25641833860277197,-0.030681001323957346,0.0015175375805297066,20955.0,-6.4906662705730405,-6.463501009238501,0.0015593269248759592,-0.027165261334539892,0.0015594806127653801,-0.0268955137321632,-6.4608542320979305,0.1563459582434588,-0.029812038475109937,0.00024897045237461444,127726.0,-8.298176333703024,-8.280259075446265,0.0002534715232794711,-0.017917258256758828,0.0002534604522651794,-0.017714794755701677,-8.275142645923328,0.02547717157997476,-0.023033687779696166,0.00021158388502611532,150295.0,-8.460889018601849,-8.440895652904661,0.00021585673096804212,-0.01999336569718757,0.0002159298776064648,-0.020126870021526685,-8.437547727855398,0.021658061420196485,-0.023341290746451193
2019-04,32.2,3.4719664525503626,3.482103611923704,32.52807660475694,-0.010137159373341476,0.019699008931848772,1634.6,-3.9271869525316667,-3.912418631568267,0.019992089042191612,-0.014768320963399528,0.020006947910473926,-0.015391601957635092,-3.9181207434468526,1.987841630910406,-0.009066209084814147,0.006751939609981128,4769.0,-4.997925465747862,-4.98403238519687,0.006846399500930675,-0.013893080550992032,0.006851645899337449,-0.014552166124925155,-4.985755370167038,0.6834613414031857,-0.01217009558082438,0.0025185764567852956,12785.0,-5.984061435174924,-5.970338109497579,0.0025533779516916004,-0.013723325677345244,0.0025549723256235567,-0.014245112744764667,-5.966050438031297,0.25643495018704987,-0.018010997143627527,0.0015339176829268293,20992.0,-6.479930239193453,-6.464385235737485,0.0015579487360937209,-0.01554500345596832,0.0015580436296698985,-0.015484769671168158,-6.4614974221088435,0.15624543041758235,-0.018432817084609532,0.0002516175413371675,127972.0,-8.28760031642212,-8.281240245336502,0.0002532229466207054,-0.006360071085618202,0.0002531996207080141,-0.006248348107404924,-8.275647416809347,0.02546431469066776,-0.011952899612772683,0.0002138241993213406,150591.0,-8.450356379055636,-8.44164180425398,0.00021569572925026503,-0.008714574801656383,0.0002157635953794937,-0.008988523085843187,-8.437927025142825,0.021649848133985926,-0.01242935391281108
2019-05,32.8,3.490428515390098,3.4827672735253827,32.54967140520329,0.007661241864715063,0.020037876473822467,1636.9,-3.910130972760211,-3.9130053712701187,0.019980362330427714,0.002874398509907561,0.019995041179667453,0.0021422958707668313,-3.9188291258943666,1.986433977428005,0.00869815313415545,0.006873428331936294,4772.0,-4.980092267827708,-4.984092988179264,0.006845984601274462,0.004000720351555742,0.006851268059070496,0.0032344775703908495,-4.985721771741002,0.6834843050142818,0.005629503913293199,0.0025669118797933947,12778.0,-5.965051705772191,-5.97056496134431,0.0025527987788835503,0.005513255572119569,0.0025543959918076136,0.004899744607305092,-5.965986675775007,0.25645130157936075,0.0009349700028158381,0.0015623511479470322,20994.0,-6.461563446205645,-6.465269462236469,0.0015565717654039103,0.0037060160308239887,0.0015566066465744171,0.0036904001311165364,-6.462141018041863,0.15614490384672874,0.0005775718362182047,0.0002561379396514025,128056.0,-8.269794431836436,-8.282221415226736,0.0002529746137382605,0.01242698339030035,0.00025293878915084875,0.012647923678664547,-8.276153006783824,0.025451443442514432,0.006358574947388007,0.0002177694565058625,150618.0,-8.432073593728008,-8.442387955603298,0.0002155348476193299,0.01031436187528989,0.00021559731315252257,0.010075001963513654,-8.438307507703332,0.021641612311226143,0.0062339139753238015
2019-06,33.3,3.505557396986398,3.483430935127061,32.57128054204621,0.022126461859337088,0.02026410272013631,1643.3,-3.898904297200846,-3.91359211097197,0.019968642497173044,0.014687813771123714,0.019983134448860983,0.014060270274133244,-3.919539413904917,1.985023538158438,0.02063511670407081,0.006966527196652719,4780.0,-4.966638428499103,-4.984153591161659,0.006845569726761637,0.017515162662555817,0.006850890218803542,0.016879117042598347,-4.985689727477627,0.6835062071162803,0.019051298978523867,0.0026042073981387345,12787.0,-5.95062691182477,-5.970791813191041,0.0025522197374470215,0.020164901366270804,0.00255381965799167,0.01973034391421734,-5.96592467246583,0.2564672029016635,0.01529776064105981,0.0015839794510773913,21023.0,-6.447814958478728,-6.466153688735454,0.0015551960117299324,0.018338730256726166,0.0015551696634789358,0.018525173346043554,-6.462785830003347,0.15604425219918416,0.014970871524619511,0.0002596815197217586,128234.0,-8.256054601928616,-8.283202585116973,0.000252726524393067,0.02714798318835676,0.0002526779575936834,0.027717345014072123,-8.276660305795051,0.025438535224861596,0.02060570386643512,0.00022076665031358145,150838.0,-8.418404295215522,-8.443134106952616,0.0002153740859856671,0.02472981173709421,0.00021543103092555143,0.024767181241749234,-8.438690016221363,0.021633335793193407,0.02028572100584114
2019-07,35.2,3.5610460826040513,3.484094596728739,32.59290402480339,0.0769514858753122,0.021391674263141904,1645.5,-3.8447534857793433,-3.9141788506738213,0.019956929538392874,0.06942536489447804,0.019971227718054513,0.07112464817589906,-3.920252375271367,1.9836087974518986,0.07549888949202366,0.007365557648043524,4779.0,-4.910940515974107,-4.984214194144054,0.0068451548773906835,0.07327367816994723,0.006850512378536589,0.07518346673171909,-4.985660059500963,0.6835264856632935,0.0747195435268555,0.0027521501172791244,12790.0,-5.895372811968837,-5.971018665037772,0.0025516408273522123,0.07564585306893523,0.0025532433241757264,0.0779035790361312,-5.9658651610545474,0.25648246608101805,0.07049234908571034,0.0016726858011784833,21044.0,-6.393324680246646,-6.467037915234438,0.001553821473996148,0.07371323498779159,0.0015537326803834544,0.07655957958332434,-6.463432663643082,0.15594335016450772,0.07010798339643554,0.00027421805009153585,128365.0,-8.201586964805939,-8.284183755007207,0.00025247867834629146,0.08259679020126853,0.0002524171260365181,0.08636864065976153,-8.277170154728243,0.025425568720575317,0.07558318992230362,0.00023320988226876115,150937.0,-8.363571727590092,-8.443880258301935,0.00021521344425977395,0.08030853071184296,0.0002152647486985803,0.08336308512504353,-8.439075343280178,0.021625001489359367,0.07550361569008679
2019-08,34.3,3.535145354171894,3.4847582583304177,32.614541862998834,0.05038709584147627,0.020781581338988185,1650.5,-3.8736881971213535,-3.9147655903756724,0.019945223450054873,0.04107739325431892,0.019959320987248043,0.04119680986469841,-3.920968618565,1.982188559632155,0.047280421443646414,0.007166736314249895,4786.0,-4.938304914296425,-4.984274797126449,0.006844740053160077,0.04596988283002457,0.006850134538269635,0.04621832961257931,-4.985633442934292,0.6835446790336918,0.04732852863786707,0.0026819923371647508,12789.0,-5.921195351261426,-5.971245516884504,0.002551062048569332,0.050050165623077625,0.002552666990359783,0.05066283510280357,-5.965808756453665,0.25649693328015516,0.044613405192238886,0.0016303831162658045,21038.0,-6.418940251127325,-6.467922141733423,0.0015524481511278632,0.0489818906060977,0.001552295697287973,0.05030447427913289,-6.464082209094871,0.15584209076052452,0.04514195796754539,0.00026683470251431416,128544.0,-8.228881182987115,-8.285164924897444,0.000252231075359333,0.056283741910329255,0.00025215629447935276,0.058211547188497074,-8.277683235473985,0.025412526696906967,0.048802052486870195,0.00022689837202071852,151169.0,-8.391008341079852,-8.444626409651253,0.0002150529223522145,0.05361806857140117,0.00021509846647160916,0.0548581574879188,-8.439464124937414,0.02161659571955304,0.04845578385756255
2019-09,33.6,3.5145260669691587,3.485421919932096,32.63619406616283,0.029104147037062766,0.020302114803625378,1655.0,-3.8970302208420047,-3.9153523300775235,0.019933524228129062,0.018322109235518802,0.01994741425644157,0.017781780767362646,-3.921688169803939,1.9807627864182185,0.024657948961934295,0.007016078513259553,4789.0,-4.95955083337345,-4.984335400108844,0.006844325254068301,0.0247845667353932,0.006849756698002682,0.02428141941236671,-4.98560997636121,0.6835607196730659,0.026059142987759465,0.0026276687260498944,12787.0,-5.94165824184201,-5.971472368731234,0.0025504834010685986,0.029814126889224468,0.0025520906565438396,0.029614178991747144,-5.96575552965324,0.2565105861545786,0.024097287811230217,0.001596123699586718,21051.0,-6.44017727695124,-6.468806368232407,0.0015510760420513387,0.028629091281167085,0.0015508587141924916,0.029187046492365504,-6.464734615535853,0.1557404515353838,0.024557338584613397,0.0002610479209397725,128712.0,-8.250806562361712,-8.28614609478768,0.000251983715193826,0.035339532425968656,0.0002518954629221874,0.03633435041429209,-8.278199646719235,0.025399406770280852,0.027393084357523634,0.00022197998216232288,151365.0,-8.41292335059758,-8.445372561000573,0.00021489252017361902,0.032449210402992534,0.00021493218424463805,0.032790798374165056,-8.439856414661078,0.02160811741427642,0.02693306406349727
2019-10,33.4,3.5085558999826545,3.486085581533774,32.65786064383203,0.022470318448880366,0.020126544139801143,1659.5,-3.9057157311773745,-3.915939069779375,0.019921831868587814,0.010223338602000531,0.0199355075256351,0.00958273141129659,-3.922410690188241,1.9793321618185187,0.016694959010866484,0.0069728601252609605,4790.0,-4.965729790422306,-4.984396003091239,0.006843910480113818,0.018666212668932758,0.006849378857735729,0.01802809715887895,-4.985589393176048,0.6835747896747304,0.019859602753742323,0.002623105316893112,12733.0,-5.943396427590781,-5.971699220577966,0.0025499048848202288,0.02830279298718441,0.0025515143227278964,0.028058237230930275,-5.965705207404095,0.25652349466899355,0.02230877981331325,0.001590249012045898,21003.0,-6.443864663662652,-6.469690594731392,0.00154970514569378,0.02582593106873965,0.0015494217310970102,0.026350011833112492,-6.465389683825594,0.155638464312098,0.021525020162942,0.0002593369050392111,128790.0,-8.257382549904062,-8.287127264677915,0.00025173659761163874,0.02974471477385343,0.0002516346313650221,0.03060895725046706,-8.278719110591906,0.025386216122405554,0.021336560687844397,0.0002205202693780536,151460.0,-8.419520942685159,-8.446118712349891,0.00021473223763468575,0.026597769664732596,0.00021476590201766692,0.026793673047378393,-8.440251892031956,0.02159957358236924,0.02073094934679709
2019-11,33.3,3.505557396986398,3.4867492431354523,32.67954160554941,0.018808153850945697,0.020026461390425788,1662.8,-3.9107008103920844,-3.916525809481226,0.01991014636740589,0.005824999089141691,0.01992360079482863,0.005162751284589915,-3.9231356506560098,1.9778977442594528,0.012434840263925384,0.006946182728410513,4794.0,-4.969563018007932,-4.984456606073634,0.006843495731295114,0.014893588065701735,0.006849001017468776,0.01418918039198261,-4.985571225699503,0.6835872086164988,0.016008207691570853,0.002606245597558112,12777.0,-5.949844561604925,-5.971926072424696,0.002549326499794456,0.02208151081977139,0.002550937988911953,0.021681283075700886,-5.965657330521187,0.2565357765083167,0.01581276891626171,0.0015839794510773913,21023.0,-6.447814958478728,-6.470574821230376,0.0015483354609833449,0.02275986275164854,0.0015479847480015289,0.02325262126925482,-6.466047025338018,0.15553619030673324,0.018232066859289908,0.0002582236076862234,128958.0,-8.261684651948933,-8.288108434568151,0.00025148972237487154,0.026423782619218628,0.00025137379980785676,0.027249490136213302,-8.27924113785352,0.025372967283948746,0.017556485904586694,0.00021955995701108347,151667.0,-8.423885210078362,-8.44686486369921,0.00021457207464617827,0.02297965362084753,0.00021459961979069579,0.023114380282805838,-8.440650028813979,0.02159097570932842,0.016764818735616416
2019-12,32.3,3.475067230228611,3.487412904737131,32.7012369608643,-0.012345674508519977,0.01945197229750075,1660.5,-3.9398068105881903,-3.917112549183077,0.0198984677205604,-0.022694261405113103,0.019911694064022156,-0.023088028825837707,-3.9238623933262216,1.9764608437630777,-0.015944417261968713,0.00674744098600376,4787.0,-4.998591959163898,-4.984517209056029,0.006843081007610662,-0.014074750107869072,0.0068486231772018225,-0.014774092336527577,-4.985554853014597,0.6835984008660945,-0.013037106149300648,0.0025313479623824448,12760.0,-5.9790033266701705,-5.972152924271428,0.002548748245961511,-0.006850402398742794,0.0025503616550960092,-0.007455292732923676,-5.965611267683829,0.2565475935462275,-0.01339205898634166,0.0015395614871306005,20980.0,-6.476257651721677,-6.47145904772936,0.0015469669868491355,-0.004798603992316686,0.0015465477649060475,-0.00451733721646252,-6.46670608535893,0.15543371639383585,-0.00955156636274701,0.00025025567917686797,129068.0,-8.29302744601299,-8.289089604458386,0.00025124308924585995,-0.003937841554604304,0.00025111296825069143,-0.003413957788781412,-8.27976507463164,0.025359676935173908,-0.01326237138134978,0.00021278838425761227,151794.0,-8.455212387242195,-8.447611015048528,0.00021441203111892713,-0.0076013721936671885,0.00021443333756372468,-0.00767116403074949,-8.441050136810052,0.0215823387152845,-0.014162250432143253
2020-01,31.7,3.456316680883235,3.488076566338809,32.72294671933231,-0.03175988545557429,0.019162183400834188,1654.3,-3.9548165567297353,-3.9176992888849287,0.019886795924030788,-0.03711726784480662,0.019899787333215686,-0.03706592035535618,-3.924590164370012,1.9750229560817754,-0.030226392359723242,0.0066290255123379336,4782.0,-5.016297467135035,-4.984577812038424,0.0068426663090589415,-0.031719655096611454,0.006848245336934869,-0.032011093909648645,-4.985539530684231,0.6836088752668762,-0.03075793645080438,0.0024872499019223224,12745.0,-5.996577635926981,-5.972379776118159,0.002548170123291638,-0.024197859808821498,0.002549785321280066,-0.024525758633808865,-5.965566265559228,0.25655913899278127,-0.03101137036775281,0.0015095956950330967,20999.0,-6.495913415640883,-6.472343274228345,0.0015455997222211999,-0.023570141412537993,0.001545110781810566,-0.022985463046120678,-6.4673661684946095,0.15533115107347148,-0.02854724714627377,0.00024526112185686654,129250.0,-8.31318711148744,-8.290070774348623,0.0002509966979871707,-0.02311633713881811,0.00025085213669352616,-0.022288089351578198,-8.28029013158712,0.025346365155437464,-0.032896979900320034,0.00020851010649143925,152031.0,-8.475523045519163,-8.448357166397846,0.00021425210696382943,-0.027165879121316294,0.00021426705533675354,-0.026868100820568827,-8.441451398464908,0.021573680287599626,-0.034071647054254584
2020-02,31.0,3.4339872044851463,3.4887402279404873,32.74467089051545,-0.054753023455341054,0.018744709154674084,1653.8,-3.97684374480292,-3.9182860285867798,0.01987513097379891,-0.05855771621614014,0.019887880602409216,-0.05748080806542294,-3.925318332986424,1.973585329829146,-0.051525411816495836,0.006485355648535565,4780.0,-5.038208621000355,-4.984638415020818,0.006842251635638434,-0.0535702059795371,0.006847867496667916,-0.0529379180173601,-4.985524614866257,0.6836190719284705,-0.05268400613409785,0.002432708153496037,12743.0,-6.018750175727133,-5.97260662796489,0.002547592131755088,-0.046143547762243387,0.0025492089874641225,-0.04570077798288989,-5.965521674148372,0.2565705795818311,-0.05322850157876147,0.0014735941436516613,21037.0,-6.520050866648883,-6.473227500727329,0.0015442336660305357,-0.04682336592155334,0.0015436737987150847,-0.045397968872540294,-6.468026653051691,0.15522859112031476,-0.05202421359719178,0.00023950060261441949,129436.0,-8.336954624981107,-8.291051944238857,0.0002507505483616051,-0.04590268074225001,0.0002505913051363608,-0.044258129849741853,-8.280815621713923,0.025333049389756057,-0.056139003267183796,0.00020355498939544168,152293.0,-8.499574371424558,-8.449103317747165,0.00021409230209184867,-0.05047105367739313,0.0002141007731097824,-0.04925616830413436,-8.441853105499902,0.021565015728880994,-0.05772126592465554
2020-03,30.4,3.414442608412176,3.489403889542166,32.76640948398208,-0.07496128112999001,0.018458922824700952,1646.9,-3.9922074034679866,-3.9188727682886313,0.01986347286584893,-0.07333463517935535,0.019875973871602743,-0.07129467245508728,-3.926041945515533,1.9721577353321404,-0.06616545795245354,0.0063946150610012615,4754.0,-5.052299039507964,-4.984699018003213,0.006841836987347605,-0.06760002150475053,0.006847489656400962,-0.06613731719570518,-4.985506811329149,0.6836312428743283,-0.06679222817881492,0.0023967202775149795,12684.0,-6.033654027246062,-5.972833479811621,0.0025470142713221126,-0.06082054743444054,0.0025486326536481793,-0.059605442124328306,-5.965466633089835,0.2565847018867704,-0.06818739415622677,0.001454336698081615,20903.0,-6.533205359909607,-6.4741117272263144,0.0015428688172090805,-0.05909363268329226,0.001542236815619603,-0.056995214125188515,-6.468682169914167,0.15512686950505664,-0.06452318999544016,0.00023737389511821843,128068.0,-8.345874043426255,-8.292033114129094,0.00025050464013219554,-0.05384092929716111,0.0002503304735791955,-0.05175789537616191,-8.281337798399903,0.025319824515141053,-0.06453624502635158,0.00020146459458563902,150895.0,-8.509896901268627,-8.449849469096483,0.0002139326164140148,-0.060047432172144255,0.00021393449088281128,-0.05828838653231936,-8.442247918807812,0.02155650325421566,-0.06764898246081508
2020-04,29.5,3.3843902633457743,3.490067551143844,32.78816250930686,-0.10567728779806984,0.01899060126174842,1553.4,-3.963811092639773,-3.9194595079904824,0.019851821596167406,-0.044351584649290565,0.019864067140796273,-0.043972157003736266,-3.926765558044642,1.9707311734867345,-0.037045534595130825,0.006778492647058824,4352.0,-4.994000525190004,-4.984759620985608,0.006841422364184938,-0.009240904204395939,0.006847111816134009,-0.010021622388799922,-4.98548900779204,0.6836434140368739,-0.008511517397963964,0.002591811632402038,11382.0,-5.955398175817295,-5.973060331658353,0.0025464365419629754,0.017662155841057903,0.0025480563198322357,0.017172035103479692,-5.965411592031297,0.25659882496903796,0.010013416214002646,0.0015926145872698807,18523.0,-6.442378218776949,-6.474995953725299,0.0015415051746897211,0.03261773494834941,0.0015407998325241217,0.03362847895750134,-6.469337686776642,0.15502521454818233,0.026959467999692954,0.00027184680741266343,108517.0,-8.210271858371181,-8.29301428401933,0.00025025897306220785,0.08274242564814926,0.00025006964202203016,0.08708440262698815,-8.281859975085881,0.025306606544444603,0.07158811671470033,0.00022618189624768067,130426.0,-8.394171031757136,-8.450595620445803,0.00021377304984142374,0.0564245886886674,0.00021376820865584014,0.05807078456566083,-8.442642732115724,0.021547994139725208,0.048471700358588166
2020-05,28.4,3.3463891451671604,3.4907312127455223,32.80992997607085,-0.144342067578362,0.017997465145754118,1578.0,-4.017524356238659,-3.9200462476923335,0.019840177160743218,-0.09747810854632544,0.019852160409989803,-0.0934253615693325,-3.927489170573751,1.9693056435459593,-0.09003518566490776,0.006384892086330935,4448.0,-5.053820690763258,-4.984820223968003,0.00684100776614891,-0.06900046679525484,0.006846733975867055,-0.06745433533185195,-4.9854712042549325,0.6836555854161106,-0.06834948650832562,0.002446167097329888,11610.0,-6.013232929524777,-5.973287183505083,0.002545858943647948,-0.03994574601969347,0.002547479986016292,-0.03976984676721074,-5.965356550972761,0.256612948828676,-0.047876378552015986,0.0014784736321515955,19209.0,-6.5167450530197515,-6.475880180224283,0.0015401427374062832,-0.0408648727954688,0.0015393628494286403,-0.039554817955782716,-6.469993203639118,0.1549236262060105,-0.046751849380633814,0.00025437315825772297,111647.0,-8.276708242058104,-8.293995453909565,0.0002500135469151403,0.017287211851460427,0.00024980881046486483,0.018271364346054954,-8.282382151771861,0.025293395474062494,0.005673909713756586,0.00021346963319302464,133040.0,-8.45201596869965,-8.451341771795121,0.00021361360228523886,-0.0006741969045283014,0.000213601926428869,-0.000619344769291793,-8.443037545423634,0.021539488384083327,-0.008978423276015945
2020-06,29.0,3.367295829986474,3.491394874347201,32.831711893861474,-0.12409904436072683,0.018218369141851994,1591.8,-4.005324900385275,-3.920632987394185,0.0198285395555676,-0.08469191299108969,0.01984025367918333,-0.08174716732745409,-3.92821278310286,1.967881144763385,-0.07711211728241452,0.006411673667919522,4523.0,-5.049634939491369,-4.9848808269503975,0.006840593193238004,-0.06475411254097185,0.006846356135600102,-0.06349106868985256,-4.985453400717824,0.6836677570120434,-0.06418153877354538,0.002426778242677824,11950.0,-6.021190727373183,-5.973514035351815,0.002545281476347302,-0.04767669202136826,0.002546903652200349,-0.04716527435921841,-5.965301509914223,0.25662707346572794,-0.055889217458959806,0.0014729784640390086,19688.0,-6.520468762084418,-6.476764406723268,0.0015387815042935348,-0.04370435536115025,0.001537925866333159,-0.04223051560281181,-6.470648720501593,0.15482210443488836,-0.049820041582824715,0.00024944305387109814,116259.0,-8.296279909821244,-8.294976623799801,0.00024976836145472144,-0.0013032860214430286,0.0002495479789076995,-0.00042046037423598757,-8.282904328457839,0.02528019130039257,-0.013375581363405331,0.0002106471224876699,137671.0,-8.465326229790774,-8.45208792314444,0.00021345427365668864,-0.013238306646334408,0.0002134356442018979,-0.013064929827701277,-8.443432358731545,0.02153098598596409,-0.021893871059228687
2020-07,28.7,3.3568971227655755,3.492058535948879,32.85350827227248,-0.13516141318330366,0.017973446893787576,1596.8,-4.018859782791624,-3.921219727096036,0.019816908776634178,-0.09764005569558831,0.01982834694837686,-0.09354789178434894,-3.9289363956319696,1.9664576763931223,-0.08992338715965476,0.006342541436464088,4525.0,-5.060475733368451,-4.9849414299327925,0.006840178645450685,-0.07553430343565815,0.0068459782953331485,-0.07353760662844191,-4.985435597180715,0.6836799288246757,-0.0750401361877353,0.0023970600517831788,11973.0,-6.0335122709512685,-5.973740887198546,0.002544704140031322,-0.05977138375272251,0.0025463273183844054,-0.058620612331934496,-5.965246468855686,0.256641198880236,-0.0682658020955822,0.001454048029182288,19738.0,-6.533403867966377,-6.477648633222252,0.0015374214742871898,-0.055755234744125026,0.0015364888832376776,-0.05365535341959055,-6.47130423736407,0.1547206491911917,-0.062099630602307165,0.00024375536134396683,117741.0,-8.319345453070909,-8.295957793690036,0.00024952341644491363,-0.02338765938087306,0.00024928714735053417,-0.022190418019380837,-8.283426505143819,0.025266994019834385,-0.03591894792709027,0.00020609672902229721,139255.0,-8.487164941022057,-8.452834074493758,0.0002132950638670682,-0.03433086652829864,0.00021326936197492677,-0.033631801990727614,-8.443827172039455,0.021522486944042237,-0.04333776898260133
2020-08,28.3,3.342861804649192,3.4927221975505574,32.87531912090403,-0.14986039290136555,0.017558009678620177,1611.8,-4.042245041241219,-3.9218064667978876,0.019805284819938877,-0.12043857444333117,0.01981644021757039,-0.11396751960262567,-3.9296600081610786,1.9650352376898228,-0.11258503308014012,0.00620750164509761,4559.0,-5.0819967755642494,-4.985002032915188,0.006839764122785437,-0.09699474264906183,0.006845600455066195,-0.09321297878206583,-4.985417793643607,0.6836921008540111,-0.09657898192064263,0.0023585298774897907,11999.0,-6.049716787315197,-5.973967739045277,0.0025441269346702993,-0.07574904826992057,0.0025457509845684618,-0.07354258457074012,-5.965191427797149,0.2566553250722434,-0.0845253595180484,0.001430304255534216,19786.0,-6.549868091233976,-6.478532859721237,0.0015360626463238967,-0.07133523151273913,0.0015350519001421962,-0.06823720070850835,-6.471959754226545,0.15461926043132515,-0.07790833700743072,0.00023817338685922523,118821.0,-8.342511633316692,-8.296938963580272,0.0002492787116499087,-0.04557266973641916,0.00024902631579336884,-0.043581454030540666,-8.283948681829798,0.025253803628789494,-0.058562951486893056,0.00020096434480652744,140821.0,-8.512383054662743,-8.453580225843076,0.0002131359728277387,-0.05880282881966714,0.00021310307974795563,-0.056961799687668006,-8.444221985347365,0.021513991256992923,-0.06816106931537824
2020-09,28.6,3.353406717825807,3.493385859152236,32.89714444936265,-0.13997914132642908,0.017694734888325188,1616.3,-4.034488147589956,-3.9223932064997387,0.01979366768148001,-0.11209494109021723,0.019804533486763917,-0.10653109298680441,-3.9303836206901877,1.963613827908676,-0.10410452689976823,0.006251366120218579,4575.0,-5.074955259883815,-4.985062635897583,0.006839349625240738,-0.08989262398623232,0.006845222614799242,-0.08675488409927762,-4.985399990106498,0.6837042731000538,-0.08955526977731676,0.0023720660197395706,12057.0,-6.043993965291504,-5.974194590892008,0.0025435498602345255,-0.06979937439949602,0.0025451746507525186,-0.06801444095860606,-5.965136386738612,0.25666945204179265,-0.078857578552892,0.0014392833777867244,19871.0,-6.54360994358001,-6.479417086220221,0.00153470501934125,-0.06419285735978875,0.0015336149170467148,-0.06150927342415581,-6.472615271089021,0.15451793811172165,-0.0709946724909889,0.00023864954397910567,119841.0,-8.340514425349703,-8.297920133470509,0.0002490342468341312,-0.042594291879193946,0.0002487654842362035,-0.040664565215537414,-8.284470858515776,0.025240620123661347,-0.056043566833926306,0.00020173520490936024,141770.0,-8.50855458728587,-8.454326377192395,0.0002129770004501276,-0.054228210093475226,0.00021293679752098452,-0.05260524597924598,-8.444616798655277,0.021505498923491823,-0.06393778863059296
2020-10,28.4,3.3463891451671604,3.494049520753914,32.91898426726121,-0.14766037558675382,0.01751572714937708,1621.4,-4.044656107386446,-3.9229799462015897,0.019782057357258208,-0.12167616118485647,0.019792626755957447,-0.11503776808679711,-3.9311072332192967,1.9621934463054092,-0.11354887416714954,0.0061819764910753154,4594.0,-5.086117238081883,-4.985123238879977,0.006838935152815071,-0.10099399920190599,0.006844844774532288,-0.09684197455044069,-4.985382186569391,0.6837164455628066,-0.10073505151249229,0.002349826245242429,12086.0,-6.053413891754343,-5.974421442738739,0.002542972916694306,-0.07899244901560376,0.002544598316936575,-0.07654334689988745,-5.965081345680074,0.25668357978892675,-0.08833254607426877,0.0014240585669157097,19943.0,-6.554244338386061,-6.480301312719206,0.0015333485922777777,-0.07394302566685518,0.0015321779339512332,-0.0705658035138919,-6.473270787951496,0.15441668218884275,-0.08097355043456478,0.00023538187393808791,120655.0,-8.354301367215461,-8.298901303360743,0.0002487900217622366,-0.05540006385471763,0.0002485046526790382,-0.052806974032390805,-8.284993035201756,0.025227443500855113,-0.0693083320137049,0.0001993542046890355,142460.0,-8.520427392365185,-8.455072528541713,0.00021281814664572826,-0.06535486382347244,0.0002127705152940134,-0.06305530908001414,-8.445011611963187,0.021497009942215244,-0.07541578040199859
2020-11,28.9,3.3638415951183864,3.4947131823555924,32.940838584219,-0.13087158723720593,0.01778789930448698,1624.7,-4.029236867217318,-3.9235666859034413,0.019770453843276456,-0.10567018131387718,0.019780720025150977,-0.10074561078313359,-3.9318308457484057,1.9607740921362897,-0.09740602146891275,0.006281243207998261,4601.0,-5.070187355037082,-4.985183841862372,0.006838520705506903,-0.08500351317471022,0.006844466934265335,-0.08228891039672016,-4.985364383032282,0.683728618242275,-0.08482297200480016,0.002384881993728338,12118.0,-6.038605634386548,-5.97464829458547,0.002542396104019952,-0.0639573398010782,0.002544021983120632,-0.0625544867332806,-5.965026304621538,0.25669770831368827,-0.07357932976501047,0.001445505927074476,19993.0,-6.539295896153447,-6.48118553921819,0.0015319933640729505,-0.05811035693525657,0.0015307409508557518,-0.05568220000492295,-6.473926304813972,0.15431549261917848,-0.06536959133947473,0.00023874432052870714,121050.0,-8.340117367247817,-8.29988247325098,0.00024854603619910994,-0.04023489399683733,0.00024824382112187285,-0.038266815867703016,-8.285515211887734,0.025214273756778045,-0.05460215536008306,0.00020247595160194208,142733.0,-8.504889435991187,-8.455818679891031,0.00021265941132610013,-0.04907075610015532,0.00021260423306704225,-0.047639133609848415,-8.445406425271099,0.021488524311839872,-0.0594830107200881
2020-12,29.1,3.370738174177447,3.495376843957271,32.96270740986169,-0.12463866977982407,0.01783088235294118,1632.0,-4.026823361346605,-3.9241534256052923,0.019758857135540105,-0.102669935741313,0.019768813294344503,-0.0980297053014169,-3.9325544582775147,1.9593557646581228,-0.09426890306909064,0.006298701298701299,4620.0,-5.067411809898338,-4.985244444844767,0.0068381062833147155,-0.08216736505357058,0.006844089093998382,-0.07968741899858324,-4.9853465794951735,0.6837407911384621,-0.08206523040316416,0.002394470501110837,12153.0,-6.034593157693354,-5.974875146432201,0.002541819422181775,-0.05971801126115217,0.0025434456493046882,-0.05857217677703362,-5.964971263563,0.2567118376161203,-0.06962189413035347,0.001450142024218867,20067.0,-6.536093779609071,-6.482069765717174,0.0015306393336671736,-0.054024013891896594,0.0015293039677602704,-0.0517633807341385,-6.4745818216764475,0.15421436935924748,-0.06151195793262332,0.00024075452965996525,120870.0,-8.331732692676056,-8.300863643141215,0.00024830228990986857,-0.030869049534841153,0.0002479829895647075,-0.02914901508942453,-8.286037388573714,0.02520111088783908,-0.045695304102341794,0.00020414176277464433,142548.0,-8.496695889900094,-8.456564831240351,0.00021250079440286826,-0.040131058659742536,0.00021243795084007112,-0.039052288127521886,-8.445801238579008,0.021480042031043065,-0.050894651321085504
2021-01,29.6,3.3877743613300146,3.496040505558949,32.98459075382132,-0.10826614422893455,0.018141701397401327,1631.6,-4.009542046113388,-3.924740165307144,0.019747267230056813,-0.08480188080624451,0.019756906563538033,-0.08175395074842418,-3.9332780708066237,1.9579384631282497,-0.07626397530676465,0.006409701169337376,4618.0,-5.049942628584426,-4.985305047827162,0.006837691886236988,-0.06463758075726389,0.006843711253731429,-0.06341735767379365,-4.985328775958065,0.6837529642513717,-0.0646138526263611,0.0024378191401746006,12142.0,-6.016651434360365,-5.975101998278933,0.0025412428711501013,-0.041549436081432134,0.0025428693154887446,-0.04131166893802924,-5.964916222504463,0.2567259676962654,-0.051735211855901575,0.0014760883658305492,20053.0,-6.5183596861470186,-6.482953992216159,0.0015292865000017875,-0.03540569393085935,0.001527866984664789,-0.033889480795083735,-6.475237338538923,0.1541133123655969,-0.043122347608095524,0.0002443816977923086,121122.0,-8.316779219754467,-8.301844813031451,0.00024805878265985837,-0.01493440672301638,0.0002477221580075422,-0.013484704969879597,-8.286559565259692,0.0251879548904492,-0.030219654494775483,0.00020719150514828894,142863.0,-8.481867046738468,-8.45731098258967,0.00021234229578772468,-0.02455606414879874,0.00021227166861309999,-0.023932366942808946,-8.44619605188692,0.02147156309850255,-0.03567099485154834
2021-02,29.5,3.3843902633457743,3.4967041671606274,33.00648862573634,-0.11231390381485307,0.018101491071976436,1629.7,-4.011760964436169,-3.925326905008995,0.01973568412283662,-0.08643405942717397,0.019744999832731563,-0.0832367067448975,-3.934001683335733,1.9565221868045497,-0.07775928110043573,0.006375621352928463,4627.0,-5.055273725561226,-4.985365650809556,0.006837277514272205,-0.0699080747516696,0.006843333413464475,-0.06834564857175802,-4.985310972420956,0.6837651375810077,-0.06996275314026956,0.002423595136378574,12172.0,-6.022503247671088,-5.975328850125663,0.0025406664508952617,-0.047174397545424185,0.0025422929816728015,-0.04668928646301245,-5.964861181445926,0.2567400985541666,-0.05764206622516177,0.0014758116964330382,19989.0,-6.518547137884872,-6.483838218715143,0.0015279348620190736,-0.03470891916972896,0.0015264300015693077,-0.03316123574892347,-6.4758928554013995,0.15401232159480208,-0.042654282483472805,0.00024254682386989625,121626.0,-8.324315778102566,-8.302825982921686,0.0002478155142146572,-0.021489795180880122,0.00024746132645037686,-0.019859679292012967,-8.287081741945672,0.02517480576102109,-0.037234036156894135,0.00020574696610405914,143380.0,-8.488863464061088,-8.458057133938988,0.00021218391539242623,-0.030806330122100434,0.00021210538638612888,-0.02997764644455799,-8.44659086519483,0.021463087512896724,-0.04227259886625845
2021-03,29.7,3.391147045808654,3.4973678287623056,33.0284010352516,-0.10622078295365167,0.018159584225007644,1635.5,-4.008556801169784,-3.925913644710846,0.01972410780989187,-0.08264315645893827,0.01973309310192509,-0.07973959626045347,-3.934725295864842,1.9551069349454406,-0.07383150530494209,0.006395348837209302,4644.0,-5.052184297009128,-4.985426253791951,0.006836863167418832,-0.0667580432171766,0.006842955573197522,-0.06541131696680964,-4.985293168883849,0.6837773111273733,-0.06689112812527931,0.002428653201406493,12229.0,-6.020418413380716,-5.975555701972395,0.0025400901613875882,-0.04486271140832088,0.002541716647856858,-0.044483104183032605,-5.964806140387389,0.2567542301898663,-0.055612272993326606,0.0014716812843763936,20181.0,-6.521349800885061,-6.484722445214128,0.0015265844186622417,-0.03662735567093289,0.0015249930184738263,-0.034958674204807645,-6.476548372263875,0.15391139700346737,-0.04480142862118619,0.0002426708500833415,122388.0,-8.323804559229865,-8.303807152811922,0.000247572484340071,-0.019997406417942898,0.0002472004948932115,-0.018323769181072175,-8.287603918631651,0.025161663495969443,-0.036200640598213596,0.0002059182428309945,144232.0,-8.488031347413383,-8.458803285288306,0.0002120256531287959,-0.02922806212507645,0.00021193910415915774,-0.028408449455565442,-8.44698567850274,0.0214546152729044,-0.041045668910642874
2021-04,29.4,3.380994674344636,3.498031490363984,33.05032799201835,-0.11703681601934823,0.018031278748850046,1630.5,-4.015647320884738,-3.9265003844126976,0.019712538287237256,-0.0891469364720403,0.01972118637111862,-0.08568995751408844,-3.9354489083939512,1.9536927068098744,-0.08019841249078663,0.006336206896551724,4640.0,-5.061474970875665,-4.985486856774346,0.006836448845675353,-0.07598811410131834,0.0068425777329305685,-0.07400293517191421,-4.98527536534674,0.6837894848904736,-0.07619960552892469,0.002411219552202083,12193.0,-6.027622621215629,-5.975782553819125,0.002539514002597429,-0.05184006739650382,0.0025411403140409147,-0.05112695317175615,-5.964751099328852,0.2567683626034077,-0.0628715218867768,0.0014592019058963668,20148.0,-6.529865632520905,-6.4856066717131124,0.001525235168875442,-0.04425896080779257,0.001523556035378345,-0.04223942407605441,-6.477203889126351,0.15381053854822507,-0.05266174339455443,0.00023962051934079906,122694.0,-8.336454055403234,-8.304788322702159,0.0002473296928021366,-0.0316657327010752,0.0002469396633360462,-0.029639402177717114,-8.28812609531763,0.02514852809171083,-0.04832796008560436,0.00020333778278821746,144587.0,-8.500642007139442,-8.459549436637625,0.00021186750890872248,-0.04109257050181725,0.0002117728219321866,-0.039830602751613695,-8.447380491810652,0.021446146377204902,-0.05326151532879031
2021-05,28.6,3.353406717825807,3.4986951519656624,33.072269505694244,-0.14528843413985548,0.017570805430976225,1627.7,-4.0415165365716454,-3.9270871241145486,0.019700975550889833,-0.11442941245709681,0.01970927964031215,-0.1085008812276437,-3.9361725209230602,1.9522795016573398,-0.1053440156485852,0.006157158234660926,4645.0,-5.090139933422132,-4.9855474597567415,0.006836034549040246,-0.1045924736653907,0.006842199892663615,-0.10012008838520024,-4.9852575618096315,0.683801658870312,-0.10488237161250069,0.002341191879502292,12216.0,-6.057095129072661,-5.976009405665857,0.0025389379744951293,-0.08108572340680453,0.002540563980224971,-0.07847552837658682,-5.964696058270315,0.2567824957948337,-0.09239907080234655,0.0014183693711565166,20164.0,-6.558247397376714,-6.486490898212097,0.001523887111603753,-0.07175649916461779,0.0015221190522828635,-0.06816134452212781,-6.477859405988826,0.1537097461857361,-0.08038799138788821,0.00023226351351351353,123136.0,-8.367637996759516,-8.305769492592393,0.0002470871393671205,-0.06186850416712275,0.00024667883177888086,-0.058437597427447724,-8.28864827200361,0.025135399544663532,-0.07898972475590682,0.0001971530003791404,145065.0,-8.531530478993366,-8.460295587986943,0.00021170948264416045,-0.07123489100642288,0.0002116065397052155,-0.0683038404494021,-8.447775305118562,0.0214376808244782,-0.08375517387480436
2021-06,27.9,3.32862668882732,3.4993588135673406,33.09422558594334,-0.17073212474002064,0.01713969775156653,1627.8,-4.066358000065621,-3.9276738638163997,0.01968941959686896,-0.1386841362492217,0.019697372909505677,-0.1298485422238642,-3.9368961334521693,1.9508673187478613,-0.12946186661345216,0.006003873466752743,4647.0,-5.115350440257658,-4.985608062739136,0.006835620277511997,-0.12974237751852247,0.006841822052396662,-0.12247447817652445,-4.985239758272523,0.683813833066892,-0.1301106819851352,0.002278108924634604,12247.0,-6.084409599193967,-5.976236257512588,0.0025383620770510476,-0.10817334168137904,0.0025399876464090275,-0.10310236041685521,-5.964641017211778,0.25679662976418666,-0.1197685819821892,0.001381256497846428,20199.0,-6.584761688386071,-6.487375124711082,0.001522540245793186,-0.09738656367498955,0.0015206820691873821,-0.09168620723953173,-6.478514922851302,0.15360901987268974,-0.10624676553476942,0.00022538351549814602,123789.0,-8.397707093468961,-8.30675066248263,0.00024684482380151694,-0.09095643098633133,0.00024641800022171553,-0.08536099109904169,-8.289170448689587,0.025122277851247914,-0.10853664477937386,0.00019133177890549993,145820.0,-8.561501574533102,-8.461041739336261,0.00021155157424712997,-0.10045983519684043,0.00021144025747824437,-0.09510241243824372,-8.448170118426473,0.02142921861340463,-0.11333145610662854
2021-07,27.3,3.3068867021909143,3.500022475169019,33.11619624243615,-0.1931357729781049,0.016710534369835342,1633.7,-4.091715957841549,-3.9282606035182512,0.01967787042119634,-0.16345535432329772,0.019685466178699207,-0.15112325925422634,-3.9376197459812783,1.9494561573419982,-0.15409621186027067,0.005852090032154341,4665.0,-5.140956411090531,-4.985668665721531,0.00683520603108907,-0.1552877453689998,0.006841444212129708,-0.14461189031129823,-4.985221954735415,0.6838260074802174,-0.1557344563551153,0.0022186103210077206,12305.0,-6.110874260634242,-5.976463109359319,0.0025377863102355497,-0.1344111512749233,0.0025394113125930843,-0.12632888181386506,-5.9645859761532405,0.2568107645115099,-0.14628828448100162,0.0013454240796412203,20291.0,-6.6110460147767105,-6.488259351210066,0.0015211945703906878,-0.1227866635666448,0.0015192450860919008,-0.11441274883291995,-6.479170439713777,0.15350835956580358,-0.13187557506293324,0.00021888504926918052,124723.0,-8.426963855132147,-8.307731832372864,0.0002466027458720509,-0.11923202275928269,0.00024615716866455026,-0.11079148961342951,-8.289692625375567,0.02510916300788601,-0.13727122975658013,0.00018601545359152915,146762.0,-8.589680803876917,-8.461787890685581,0.00021139378362971644,-0.1278929131913351,0.00021127397525127323,-0.11955339804490124,-8.448564931734383,0.021420759742665194,-0.1411158721425334
2021-08,26.5,3.2771447329921766,3.5006861367706974,33.13818148484955,-0.22354140377852083,0.01621985555147509,1633.8,-4.121519135915593,-3.9288473432201023,0.019666328019896026,-0.1926717926954904,0.019673559447892737,-0.17555053550757327,-3.9383433585103873,1.9480460167008458,-0.1831757774052054,0.005659974369927381,4682.0,-5.17433591505868,-4.985729268703926,0.006834791809769951,-0.18860664635475377,0.006841066371862755,-0.17264735316604946,-4.985204151198307,0.6838381821102927,-0.1891317638603729,0.0021452278798672385,12353.0,-6.1445094945446375,-5.97668996120605,0.002537210674019001,-0.16781953333858723,0.0025388349787771407,-0.1550345344223545,-5.964530935094704,0.2568249000368459,-0.17997855944993368,0.0013022113022113022,20350.0,-6.643691457878565,-6.489143577709051,0.001519850084344131,-0.15454788016951415,0.0015178081029964194,-0.142044834494882,-6.479825956576253,0.15340776522182378,-0.16386550130231203,0.00021169854127722122,125178.0,-8.460347270365753,-8.3087130022631,0.0002463609053456745,-0.15163426810265257,0.0002458963371073849,-0.13907403515014236,-8.290214802061545,0.025096055011001907,-0.17013246830420847,0.00017988785858777848,147314.0,-8.62317690906977,-8.4625340420349,0.00021123611070407198,-0.16064286703486985,0.0002111076930243021,-0.1478858206883521,-8.448959745042295,0.02141230421094127,-0.17421716402747478
2021-09,27.2,3.3032169733019514,3.5013497983723756,33.160181322866876,-0.19813282507042418,0.016593460224499756,1639.2,-4.098746623622739,-3.9294340829219534,0.019654792388994386,-0.16931254070078516,0.019661652717086267,-0.15604957206472303,-3.9390669710394963,1.9466368960860323,-0.15967965258324224,0.005793397231096911,4695.0,-5.151036418340412,-4.985789871686321,0.00683437761355312,-0.16524654665409066,0.006840688531595801,-0.15309735206648523,-4.985186347661198,0.6838503569571215,-0.16585007067921342,0.0021947873799725653,12393.0,-6.121670102762923,-5.976916813052782,0.0025366351683717803,-0.1447532897101409,0.002538258644961197,-0.13531767760171762,-5.964475894036166,0.25683903634023764,-0.15719420872675638,0.0013305287873599766,20443.0,-6.6221788312830565,-6.490027804208035,0.0015185067866023223,-0.1321510270750217,0.0015163711199009378,-0.12255728831943331,-6.480481473438728,0.1533072367975246,-0.14169735784432813,0.00021644160453254183,125669.0,-8.438189771926968,-8.309694172153336,0.0002461193019895701,-0.12849559977363256,0.0002456355055502196,-0.11885049334494169,-8.290736978747525,0.025082953857021365,-0.14745279317944338,0.0001840685926196615,147771.0,-8.600202083846296,-8.463280193384218,0.00021107855538241311,-0.13692189046207837,0.00021094141079733096,-0.12739470204590803,-8.449354558350205,0.02140385201691491,-0.1508475254960917
2021-10,27.5,3.3141860046725258,3.502013459974054,33.182195766177905,-0.18782745530152845,0.016686893203883495,1648.0,-4.093131705796892,-3.930020822623805,0.019643263524520112,-0.16311088317308675,0.019649745986279794,-0.15078326124241384,-3.9397905835686053,1.9452287947597215,-0.15334112222828633,0.005831212892281595,4716.0,-5.144530256984736,-4.985850474668716,0.006833963442437053,-0.1586797823160202,0.006840310691328848,-0.14752221713064012,-4.98516854412409,0.6838625320207076,-0.1593617128606466,0.0022083032201076045,12453.0,-6.115530832048623,-5.977143664899512,0.002536059793264274,-0.13838716714911037,0.002537682311145254,-0.12979524252939328,-5.9644208529776295,0.2568531734217278,-0.1511099790709931,0.001338851022395326,20540.0,-6.615943478810023,-6.49091203070702,0.0015171646761149935,-0.12503144810300348,0.0015149341368054564,-0.11623153121457609,-6.481136990301204,0.15320677424970877,-0.13480648850881938,0.00021731399897269746,126545.0,-8.434167250445132,-8.310675342043572,0.0002458779355711466,-0.12349190840155977,0.00024537467399305426,-0.11435848110857239,-8.291259155433504,0.02506985954237217,-0.14290809501162727,0.00018509544194060792,148572.0,-8.594638963536166,-8.464026344733536,0.00021092111757702218,-0.13061261880262975,0.00021077512857035986,-0.12183452005903855,-8.449749371658115,0.021395403159268564,-0.1448895918780515
2021-11,28.1,3.3357695763397,3.5026771215757324,33.204224824478786,-0.16690754523603246,0.016975774784027065,1655.3,-4.07596796392642,-3.930607562325656,0.01963174142250426,-0.1453604016007639,0.019637839255473324,-0.13555791127602324,-3.940514196097715,1.9438217119846093,-0.1354537678287051,0.005925769717418811,4742.0,-5.128444690285651,-4.98591107765111,0.006833549296420238,-0.14253361263454067,0.0068399328510618945,-0.13365089300564703,-4.985150740586981,0.6838747073010548,-0.14329394969866982,0.0022483597375580096,12498.0,-6.097554334149327,-5.977370516746244,0.0025354845486668673,-0.12018381740308293,0.0025371059773293104,-0.11380929387713244,-5.964365811919092,0.2568673112813594,-0.1331885222302347,0.0013619620007754945,20632.0,-6.59882897122148,-6.491796257206004,0.0015158237518328092,-0.10703271401547632,0.001513497153709975,-0.10012252257166689,-6.48179250716368,0.15310637753520717,-0.11703646405779988,0.0002209397408479054,127184.0,-8.417620559473194,-8.311656511933808,0.0002456368058580423,-0.10596404753938593,0.00024511384243588893,-0.09862397548725314,-8.291781332119482,0.02505677206348396,-0.1258392273537119,0.00018829993969041078,149230.0,-8.577474442585814,-8.464772496082855,0.00021076379720024697,-0.11270194650295906,0.00021060884634338872,-0.10592578156287047,-8.450144184966026,0.02138695763668521,-0.12733025761978745
2021-12,29.9,3.3978584803966405,3.5033407831774106,33.22626850747218,-0.10548230278077009,0.018005540166204988,1660.6,-4.01707578143129,-3.9311943020275075,0.019620226078980164,-0.0858814794037821,0.01962593252466685,-0.08256384028760277,-3.941237808626824,1.9424156470239273,-0.0758379728044658,0.006281512605042017,4760.0,-5.070144466828825,-4.985971680633505,0.006833135175501139,-0.08417278619532009,0.006839555010794941,-0.08159045506208519,-4.985132937049873,0.6838868827981663,-0.08501152977895199,0.0023849405758953495,12537.0,-6.038581070719385,-5.977597368592975,0.002534909434549959,-0.06098370212640969,0.002536529643513367,-0.0597623875619488,-5.964310770860555,0.2568814499191751,-0.0742702998588296,0.001443816698053986,20709.0,-6.540465186974945,-6.492680483704988,0.0015144840127073577,-0.047784703269956985,0.0015120601706144936,-0.045132775723319134,-6.482448024026156,0.15300604661087935,-0.058017162948789114,0.00023404355245236938,127754.0,-8.360003338333724,-8.312637681824043,0.00024539591261812336,-0.047365656509681386,0.0002448530108787236,-0.04414672454939987,-8.292303508805462,0.025043691416788093,-0.06769982952826226,0.0001995781491963475,149816.0,-8.519304673043704,-8.465518647432173,0.00021060659416450062,-0.05378602561153123,0.0002104425641164176,-0.05162650895120178,-8.450538998273936,0.021378515447848453,-0.06876567476976803
2022-01,29.1,3.370738174177447,3.5040044447790892,33.24832682486715,-0.1332662706016423,0.017483777937995673,1664.4,-4.046481802931339,-3.9317810417293586,0.019608717489983538,-0.11470076120198058,0.01961402579386038,-0.10860839474023336,-3.941961421155933,1.9410105991414377,-0.10452038177540635,0.00610831234256927,4764.0,-5.098104756297744,-4.9860322836159,0.006832721079678243,-0.1120724726818434,0.006839177170527988,-0.10686443847488374,-4.985115133512765,0.6838990585120474,-0.11298962278497893,0.0023161413562559695,12564.0,-6.06785268648109,-5.977824220439706,0.0025343344508839557,-0.09002846604138437,0.0025359533096974236,-0.08667823362555556,-5.964255729802018,0.25689558933521794,-0.10359695667907243,0.0014032888074456287,20737.0,-6.568936649120394,-6.493564710203973,0.0015131454576911537,-0.07537193891642069,0.0015106231875190123,-0.07105304682212991,-6.4831035408886315,0.15290578143361275,-0.08583310823176227,0.00022742014895629003,127957.0,-8.388711374784664,-8.31361885171428,0.00024515525561948244,-0.07509252307038494,0.00024459217932155827,-0.07020678425982163,-8.29282568549144,0.025030617598717986,-0.09588568929322427,0.0001939922403103876,150006.0,-8.547692398100967,-8.466264798781491,0.00021044950838226164,-0.08142759931947552,0.00021027628188944648,-0.07744117136149613,-8.450933811581848,0.021370076591442272,-0.09675858651911895
2022-02,29.3,3.3775875160230218,3.5046681063807674,33.270399786379194,-0.12708059035774566,0.01750717017208413,1673.6,-4.0451447578475825,-3.9323677814312097,0.01959721565155238,-0.11277697641637285,0.01960211906305391,-0.10687359281060287,-3.942685033685042,1.939606567601437,-0.10245972416254068,0.0061130815773002296,4793.0,-5.09732428313661,-4.986092886598295,0.0068323070089500275,-0.11123139653831426,0.006838799330261035,-0.10611771422354413,-4.985097329975656,0.6839112344427011,-0.11222695316095344,0.0023252122847393065,12601.0,-6.063943938846672,-5.978051072286437,0.002533759597639263,-0.08589286656023454,0.00253537697588148,-0.08289287673644868,-5.964200688743481,0.25690972952953045,-0.09974325010319074,0.0014064225027600442,20833.0,-6.56670603090536,-6.494448936702957,0.001511808085737642,-0.07225709420240278,0.0015091862044235309,-0.0680921289647885,-6.483759057751107,0.1528055819603232,-0.08294697315425292,0.00022749683600816815,128793.0,-8.388374227326386,-8.314600021604514,0.0002449148346304412,-0.07377420572187177,0.00024433134776439294,-0.06890033518113362,-8.29334786217742,0.025017550605708722,-0.09502636514896601,0.00019426487651251452,150825.0,-8.546287987285941,-8.46701095013081,0.00021029253976607382,-0.07927703715513168,0.00021010999966247535,-0.0754134652106741,-8.451328624889758,0.021361641066151314,-0.09495936239618352
2022-03,29.6,3.3877743613300146,3.5053317679824456,33.292487401730284,-0.11755740665243097,0.01763584366062917,1678.4,-4.037821876312018,-3.932954521133061,0.019585720559727023,-0.10486735517895651,0.01959021233224744,-0.09976250581016848,-3.943408646214151,1.9382035516687521,-0.09441323009786684,0.00615256703388069,4811.0,-5.090885880369439,-4.98615348958069,0.00683189296331498,-0.10473239078874919,0.006838421489994082,-0.10029426485584834,-4.985079526438548,0.6839234105901314,-0.1058063539308911,0.0023354899794855613,12674.0,-6.059533568553447,-5.9782779241331685,0.0025331848747863,-0.08125564442027855,0.002534800642065537,-0.07862971914728685,-5.964145647684944,0.2569238705021556,-0.0953879208685029,0.0014125507038892865,20955.0,-6.562358199029157,-6.495333163201942,0.0015104718958011867,-0.06702503582721508,0.0015077492213280493,-0.06313949036890258,-6.484414574613583,0.15270544814795473,-0.07794362441557467,0.00022895685400906547,129282.0,-8.381976982602273,-8.31558119149475,0.0002446746494195468,-0.06639579110752258,0.0002440705162072276,-0.061923342618450124,-8.2938700388634,0.0250044904341974,-0.08810694373887351,0.00019561841192214916,151315.0,-8.539344674312218,-8.46775710148013,0.00021013568822854573,-0.0715875728320885,0.0002099437174355042,-0.06823402809258083,-8.451723438197668,0.021353208870660632,-0.08762123611455053
2022-04,29.6,3.3877743613300146,3.5059954295841242,33.31458968064886,-0.11822106825410961,0.017566765578635016,1685.0,-4.041746481456447,-3.9335412608349123,0.019574232210550137,-0.1082052206215347,0.019578305601440967,-0.10274331516502128,-3.94413225874326,1.936801550608743,-0.0976142227131871,0.006125827814569536,4832.0,-5.095241378284636,-4.986214092563085,0.006831478942771565,-0.10902728572155151,0.006838043649727128,-0.1041549120830799,-4.985061722901439,0.6839355869543421,-0.11017965538319707,0.002325946880402326,12726.0,-6.063628062462723,-5.978504775979899,0.0025326102822954928,-0.08512328648282352,0.0025342243082495932,-0.08218586932864126,-5.9640906066264066,0.2569380122531365,-0.09953745583631601,0.0014081826831588964,21020.0,-6.565455283100928,-6.496217389700926,0.001509136886837082,-0.0692378934000013,0.0015063122382325679,-0.06514556051726156,-6.485070091476058,0.15260537995347956,-0.08038519162486946,0.0002284761566605431,129554.0,-8.384078700293195,-8.316562361384987,0.00024443469975557474,-0.06751633890820763,0.00024380968465006228,-0.06289138190522353,-8.294392215549378,0.024991437080622965,-0.08968648474381702,0.00019522104166254462,151623.0,-8.541378094392408,-8.468503252829448,0.00020997895368235237,-0.07287484156296031,0.00020977743520853308,-0.06938970119221072,-8.45211825150558,0.0213447800036558,-0.08925984288682898
2022-05,29.4,3.380994674344636,3.5066590911858024,33.336706632869756,-0.12566441684116647,0.01735639648149241,1693.9,-4.0537941672477,-3.934128000536764,0.019562750600066695,-0.11966616671093622,0.019566398870634497,-0.11294885705610784,-3.944855871272369,1.935400563687301,-0.10893829597533111,0.00607312538731667,4841.0,-5.103881915595059,-4.98627469554548,0.00683106494731827,-0.11760722004957902,0.006837665809460175,-0.11181307239171209,-4.985043919364331,0.6839477635353365,-0.11883799623072733,0.0023085983510011776,12735.0,-6.071114713068922,-5.9787316278266305,0.0025320358201372673,-0.09238308524229133,0.00253364797443365,-0.08882434564840372,-5.96403556556787,0.2569521547825156,-0.10707914750105196,0.001395150192189057,21073.0,-6.574753204852577,-6.4971016161999104,0.0015078030578015405,-0.07765158865266653,0.0015048752551370865,-0.07291306211160617,-6.485725608338534,0.15250537733389824,-0.08902759651404324,0.00022650405627161994,129799.0,-8.392747704717568,-8.317543531275222,0.0002441949854075273,-0.07520417344234609,0.00024354885309289695,-0.06998512456462114,-8.294914392235357,0.02497839054142608,-0.09783331248221039,0.00019351781153734761,151924.0,-8.550141000442096,-8.469249404178766,0.00020982233604023264,-0.08089159626332965,0.00020961115298156194,-0.07677712380900815,-8.45251306481349,0.021336354463823017,-0.09762793562860672
2022-06,29.7,3.391147045808654,3.5073227527874806,33.35883826813434,-0.11617570697882673,0.01745826475429109,1701.2,-4.047942117570824,-3.934714740238615,0.01955127572432401,-0.11322737733220922,0.019554492139828024,-0.10719927526357995,-3.9455794838014784,1.9340005901708472,-0.10236263376934573,0.006109853939518618,4861.0,-5.0978524112368016,-4.986335298527875,0.006830650976953574,-0.11151711270892672,0.006837287969193221,-0.10639218838700439,-4.985026115827223,0.6839599403331196,-0.11282629540957867,0.0023263100180151955,12767.0,-6.063471950011697,-5.978958479673362,0.0025314614882820633,-0.08451347033833478,0.0025330716406177065,-0.08162486180299691,-5.963980524509332,0.25696629809033605,-0.09949142550236445,0.0014051854655563966,21136.0,-6.567585980953453,-6.4979858426988955,0.0015064704076516984,-0.06960013825455746,0.0015034382720416051,-0.06535207218836156,-6.48638112520101,0.15240544024623923,-0.08120485575244274,0.00022808257049824907,130216.0,-8.385802843262681,-8.318524701165458,0.00024395550614463187,-0.06727814209722283,0.00024328802153573165,-0.06249979321423089,-8.295436568921335,0.024965350813049462,-0.09036627434134559,0.00019493561217658409,152358.0,-8.542841247892794,-8.469995555528085,0.00020966583521499094,-0.07284569236470873,0.0002094448707545908,-0.06927483363871634,-8.452907878121401,0.021327932249848865,-0.08993336977139244
2022-07,29.4,3.380994674344636,3.5079864143891593,33.38098459619042,-0.1269917400445233,0.017223198594024602,1707.0,-4.061498048449804,-3.935301479940466,0.019539807579371692,-0.12619656850933847,0.019542585409021554,-0.11868372410572861,-3.9463030963305874,1.932601629326336,-0.11519495211921704,0.006038200862600123,4869.0,-5.109649181838065,-4.986395901510269,0.006830237031675963,-0.1232532803277957,0.006836910128926268,-0.11682313373506079,-4.985008312290114,0.6839721173476947,-0.1246408695479504,0.002296875,12800.0,-6.076205775563072,-5.9791853315200925,0.002530887286700326,-0.09702044404297983,0.002532495306801763,-0.09303879307058742,-5.9639254834507955,0.2569804421766404,-0.11228029211227675,0.0013864000754503442,21206.0,-6.581044765141107,-6.49887006919788,0.001505138935345617,-0.08217469594322768,0.0015020012889461237,-0.07696478980846343,-6.487036642063486,0.15230556864755954,-0.09400812307762152,0.00022482908401266384,130766.0,-8.400170071032724,-8.319505871055693,0.00024371626173634397,-0.080664199977031,0.00024302718997856631,-0.07488094631513229,-8.295958745607315,0.0249523178919375,-0.10421132542540867,0.00019206647851991219,153072.0,-8.557669003573313,-8.470741706877403,0.00020950945111949671,-0.08692729669590982,0.0002092785885276197,-0.0822449641351434,-8.453302691429311,0.021319513360420574,-0.10436631214400194
2022-08,29.9,3.3978584803966405,3.5086500759908374,33.403145626792266,-0.11079159559419693,0.017519189078338313,1706.7,-4.04445848002807,-3.9358882196423175,0.01952834616126167,-0.10857026038575279,0.019530678678215084,-0.10299128018118632,-3.9470267088596964,1.931203680421249,-0.09743177116837387,0.006144677353062063,4866.0,-5.092169042946828,-4.986456504492664,0.006829823111483904,-0.10571253845416351,0.0068365322886593145,-0.10119968814378673,-4.984990508753006,0.6839842945790657,-0.10717853419382184,0.0023301122194513716,12832.0,-6.061838849709655,-5.979412183366824,0.0025303132153625023,-0.08242666634283147,0.0025319189729858197,-0.07970505995160783,-5.963870442392258,0.2569945870414718,-0.09796840731739742,0.0014073899741115555,21245.0,-6.566018372152271,-6.499754295696865,0.001503808639842273,-0.06626407645540677,0.0015005643058506424,-0.062092861582675074,-6.487692158925961,0.15220576249494408,-0.07832621322631006,0.00022814674642900742,131056.0,-8.385521511358743,-8.32048704094593,0.00024347725195234348,-0.0650344704128134,0.00024276635842140098,-0.060220913999197566,-8.296480922293295,0.02493929177453657,-0.08904058906544776,0.00019496355029277135,153362.0,-8.542697938448073,-8.471487858226721,0.00020935318366668439,-0.071210080221352,0.00020911230630064857,-0.06766103945855308,-8.453697504737221,0.021311097794225797,-0.08900043371085253
2022-09,29.9,3.3978584803966405,3.5093137375925156,33.425321369700626,-0.11145525719587512,0.017471076311791515,1711.4,-4.047208547587314,-3.9364749593441686,0.019516891466048212,-0.11073358824314505,0.019518771947408614,-0.10490904044242184,-3.9477503213888054,1.9298067427235999,-0.09945822619850819,0.006135850605376565,4873.0,-5.093606562446865,-4.986517107475059,0.006829409216375883,-0.10708945497180622,0.006836154448392361,-0.10244119677262188,-4.984972705215897,0.6839964720272365,-0.10863385723096819,0.0023270293408047316,12849.0,-6.06316278588684,-5.979639035213555,0.0025297392742390516,-0.08352375067328488,0.002531342639169876,-0.08071341082143925,-5.963815401333721,0.25700873268487284,-0.09934738455311898,0.0014040854660718478,21295.0,-6.568369101960673,-6.500638522195849,0.0015024795201015692,-0.06773057976482466,0.001499127322755161,-0.06339812185441404,-6.488347675788437,0.1521060217455058,-0.08002142617223651,0.00022774879079864415,131285.0,-8.38726733117466,-8.321468210836164,0.00024323847656253792,-0.06579912033849666,0.00024250552686423565,-0.06085113298820985,-8.297003098979273,0.024926272457294892,-0.0902642321953877,0.0001946842728965634,153582.0,-8.544131424932077,-8.47223400957604,0.00020919703276955334,-0.07189741535603744,0.00020894602407367743,-0.06825567148425438,-8.454092318045133,0.021302685549952696,-0.09003910688694461
2022-10,30.7,3.4242626545931514,3.5099773991941943,33.44751183468275,-0.08571474460104289,0.01793957809852159,1711.3,-4.020745939990254,-3.93706169904602,0.01950544348978787,-0.08368424094423421,0.01950686521660214,-0.0803454117654252,-3.9484739339179145,1.9284108155019304,-0.07227200607233986,0.006289694734685515,4881.0,-5.068842741293996,-4.986577710457454,0.00682899534635038,-0.0822650308365418,0.006835776608125408,-0.07988585712277192,-4.9849549016787895,0.6840086496922101,-0.08388783961520652,0.0023829853295039977,12883.0,-6.039401237198374,-5.979865887060286,0.00252916546330044,-0.05953535013808775,0.0025307663053539325,-0.058393766163749916,-5.963760360275184,0.25702287910688665,-0.07564087692318999,0.0014380738242458309,21348.0,-6.544450682860684,-6.501522748694834,0.0015011515750843218,-0.04292793416585017,0.0014976903396596796,-0.03980563527397485,-6.489003192650912,0.15200634635638596,-0.055447490209771466,0.00023320116068851313,131646.0,-8.363609126276854,-8.3224493807264,0.00024299993533705863,-0.041159745550453763,0.00024224469530707035,-0.03733222974023681,-8.297525275665253,0.024913259936662442,-0.06608385061160149,0.00019942964420971944,153939.0,-8.520049044436641,-8.47298016092536,0.00020904099834116746,-0.047068883511281356,0.00020877974184670633,-0.044784506170393035,-8.454487131353043,0.02129427662629007,-0.06556191308359871
2022-11,30.7,3.4242626545931514,3.5106410607958725,33.46971703151234,-0.08637840620272108,0.017891485517804066,1715.9,-4.023430348698424,-3.937648438747871,0.01949400222853954,-0.08578190995055301,0.01949495848579567,-0.0822506479898339,-3.9491975464470235,1.927015898025312,-0.07423280225140072,0.006285831285831285,4884.0,-5.0694571806374435,-4.986638313439849,0.0068285815014058745,-0.08281886719759424,0.006835398767858454,-0.08040020790174758,-4.984937098141681,0.684020827573992,-0.0845200824957626,0.0023805831265508682,12896.0,-6.040409810153258,-5.980092738907017,0.0025285917825171337,-0.06031707124624042,0.0025301899715379893,-0.05912870048100847,-5.963705319216647,0.25703702630755576,-0.0767044909366108,0.0014357199644577468,21383.0,-6.546088838196484,-6.502406975193818,0.0014998248037522708,-0.04368186300266608,0.0014962533565641982,-0.040456645821969936,-6.489658709513388,0.15190673628475376,-0.05643012868309594,0.00023281739381024244,131863.0,-8.365256129218333,-8.323430550616637,0.0002427616280462638,-0.04182557860169567,0.00024198386374990502,-0.03788050078056571,-8.29804745235123,0.02490025420909119,-0.06720867686710186,0.00019903787554621956,154242.0,-8.522015421972132,-8.473726312274678,0.00020888508029465657,-0.04828910969745337,0.0002086134596197352,-0.04590108467099964,-8.454881944660954,0.021285871021927076,-0.06713347731117736
2022-12,31.0,3.4339872044851463,3.5113047223975506,33.4919369699696,-0.07731751791240438,0.01802639995348026,1719.7,-4.015917931505007,-3.9382351784497223,0.019482567678364406,-0.07768275305528505,0.0194830517549892,-0.07476507375883372,-3.9499211589761325,1.925621989563345,-0.06599677252887481,0.006373355263157895,4864.0,-5.055629219160856,-4.9866989164222435,0.006828167681540854,-0.06893030273861278,0.006835020927591501,-0.06754414790011276,-4.984919294604572,0.684033005672585,-0.07070992455628389,0.002404032570763862,12895.0,-6.030607713830299,-5.980319590753748,0.0025280182318596148,-0.05028812307655084,0.0025296136377220457,-0.04964436666750082,-5.963650278158109,0.25705117428692337,-0.06695743567218937,0.0014481244452749101,21407.0,-6.537486045842076,-6.503291201692802,0.00149849920506807,-0.03419484414927432,0.0014948163734687168,-0.031235895607336868,-6.4903142263758635,0.15180719148780653,-0.04717181946621274,0.0002348894125491563,131977.0,-8.356395739477144,-8.324411720506872,0.00024252355446073668,-0.03198401897027203,0.0002417230321927397,-0.028270453094989094,-8.29856962903721,0.024887255271034796,-0.05782611043993313,0.0002008526519029169,154342.0,-8.512938993846014,-8.474472463623997,0.00020872927854321424,-0.03846653022201707,0.00020844717739276406,-0.03643381304001663,-8.455276757968864,0.021277468735553546,-0.05766223587714947
2023-01,31.3,3.4436180975461075,3.511968383999229,33.514171659841246,-0.06835028645312136,0.01815124101136627,1724.4,-4.009016345326872,-3.938821918151574,0.019471139835325956,-0.07019442717529811,0.019471145024182727,-0.06778769359363125,-3.9506447715052415,1.9242290893861578,-0.058371573821630385,0.006431066365317444,4867.0,-5.046614912287347,-4.986759519404639,0.006827753886753784,-0.05985539288270836,0.006834643087324547,-0.05904869015846232,-4.984901491067464,0.6840451839879931,-0.0617134212198831,0.002425792451367899,12903.0,-6.021597023905739,-5.980546442600479,0.0025274448112983625,-0.04105058130525929,0.0025290373039061026,-0.04082377605847946,-5.963595237099573,0.257065323045032,-0.05800178680616597,0.001457916065023988,21469.0,-6.530747215623458,-6.504175428191787,0.0014971747779952904,-0.026571787431670657,0.0014933793903732354,-0.02374703011026837,-6.490969743238339,0.1517077119227696,-0.03977747238511853,0.0002365978290448402,132292.0,-8.34914878209674,-8.325392890397108,0.00024228571435128433,-0.02375589169963277,0.00024146220063557436,-0.020145478579795147,-8.299091805723188,0.024874263118948955,-0.05005697637355233,0.00020222773556623767,154776.0,-8.506116091812215,-8.475218614973315,0.00020857359300009907,-0.030897476838900317,0.00020828089516579292,-0.02906248119750447,-8.455671571276776,0.02126906976585968,-0.05044452053543935
2023-02,31.0,3.4339872044851463,3.5126320456009075,33.53642111092047,-0.0786448411157612,0.017953321364452424,1726.7,-4.019980146933238,-3.939408657853425,0.019459718695490024,-0.08057148907981349,0.019459238293376258,-0.07738827729122538,-3.9513683840343505,1.9228371967644067,-0.06861176289888782,0.006370735717221537,4866.0,-5.056040318858321,-4.986820122387034,0.006827340117043153,-0.06922019647128774,0.006834265247057594,-0.06782434001016036,-4.984883687530356,0.6840573625202198,-0.07115663132796524,0.0024034734067297256,12898.0,-6.030840335085176,-5.980773294447211,0.00252687152080387,-0.0500670406379653,0.002528460970090159,-0.04943226920998375,-5.963540196041036,0.25707947258192465,-0.06730013904414012,0.001443606221477135,21474.0,-6.540610975508935,-6.505059654690771,0.0014958515214984224,-0.03555132081816392,0.0014919424072777538,-0.03239815797502166,-6.491625260100815,0.1516082975468964,-0.048985715408120356,0.00023391283351442715,132528.0,-8.3605620183529,-8.326374060287343,0.00024204810748894027,-0.034187958065556856,0.00024120136907840903,-0.030217637618850088,-8.299613982409168,0.024861277749291016,-0.06094803594373133,0.00019991487495647016,155066.0,-8.51761890723801,-8.475964766322633,0.00020841802357863442,-0.04165414091537656,0.0002081146129388218,-0.039400106828452526,-8.456066384584686,0.02126067411153634,-0.061552522653324004
2023-03,30.6,3.4210000089583352,3.5132957072025857,33.55868533300696,-0.09229569824425043,0.01768377253814147,1730.4,-4.035107865680514,-3.939995397555276,0.01944830425492472,-0.09511246812523799,0.019447331562569788,-0.09068385648459013,-3.95209199656346,1.921446310969275,-0.08301586911705394,0.006296296296296296,4860.0,-5.067793707936205,-4.986880725369429,0.0068269263724074405,-0.08091298256677604,0.0068338874067906405,-0.07866549132198974,-4.984865883993248,0.6840695412692699,-0.08292782394295717,0.0023743016759776537,12888.0,-6.0430519158984755,-5.981000146293941,0.002526298360346637,-0.06205176960453418,0.0025278846362742154,-0.06075552582293615,-5.963485154982498,0.2570936228976444,-0.07956676091597714,0.0014267064528161134,21448.0,-6.5523866709574605,-6.505943881189756,0.0014945294345428668,-0.04644278976770444,0.0014905054241822725,-0.04280358214808962,-6.492280776963291,0.1515089483174682,-0.060105893994169435,0.000230849314241743,132554.0,-8.3737453795951,-8.327355230177579,0.00024181073364496083,-0.04639014941752073,0.0002409405375212437,-0.04188262956212158,-8.300136159095148,0.024848299158520333,-0.07360922049995189,0.00019724883004370417,155134.0,-8.531044529593249,-8.476710917671952,0.00020826257019220825,-0.054333611921297376,0.00020794833071185068,-0.051452688422743656,-8.456461197892596,0.021252281771274795,-0.07458333170065323
2023-04,30.6,3.4210000089583352,3.513959368804264,33.58096433590693,-0.09295935984592862,0.01767253826162287,1731.5,-4.035743354884142,-3.9405821372571275,0.019436896509700454,-0.09516121762701424,0.019435424831763314,-0.09070481275301778,-3.952815609092569,1.9200564312724755,-0.0829277457915727,0.0062950010285949395,4861.0,-5.067999448087121,-4.986941328351823,0.006826512652845134,-0.08105811973529775,0.006833509566523687,-0.078804095126583,-4.984848080456139,0.6840817202351467,-0.08315136763098163,0.0023750388078236572,12884.0,-6.042741501492754,-5.981226998140673,0.002525725329897163,-0.06151450335208164,0.002527308302458272,-0.06024967135450189,-5.963430113923962,0.2571077739922338,-0.07931138756879275,0.0014248463401005775,21476.0,-6.553691302584125,-6.50682810768874,0.0014932085160949437,-0.046863194895384375,0.001489068441086791,-0.04312904579412168,-6.492936293825767,0.15140966419179464,-0.06075500875835793,0.0002305379973329918,132733.0,-8.37509486168178,-8.328336400067814,0.0002415735925908284,-0.04675846161396713,0.00024067970596407836,-0.04213778054307669,-8.300658335781126,0.024835327343098092,-0.07443652590065497,0.00019694288012872085,155375.0,-8.532596819854676,-8.47745706902127,0.0002081072327542732,-0.05513975083340661,0.00020778204848487955,-0.052166048199045786,-8.456856011200507,0.021243892743766826,-0.0757408086541691
2023-05,31.8,3.459466289786131,3.5146230304059425,33.6032581294331,-0.05515674061981146,0.01836770057182464,1731.3,-3.9971615605988995,-3.9411688769589786,0.01942549545588998,-0.05599268363992094,0.019423518100956844,-0.05435768760553177,-3.953539221621678,1.9186675569462452,-0.04362233897722145,0.00654994850669413,4855.0,-5.028298090939294,-4.987001931334218,0.0068260989583547,-0.04129615960507582,0.0068331317262567345,-0.04144266946800619,-4.9848302769190305,0.6840938994178541,-0.04346781402026334,0.0024710544719869455,12869.0,-6.003110307707534,-5.981453849987404,0.002525152429425961,-0.021656457720129474,0.0025267319686423286,-0.022035379037571575,-5.963375072865424,0.257121925865736,-0.03973523484210961,0.0014807226671633453,21476.0,-6.515225021756329,-6.507712334187724,0.001491888765121883,-0.007512687568604903,0.0014876314579913097,-0.004644154834755318,-6.493591810688242,0.151310445127213,-0.02163321106808702,0.00023921825280404414,132933.0,-8.338134231089867,-8.32931756995805,0.00024133668409824773,-0.008816661131817227,0.00024041887440691303,-0.004993874153311379,-8.301180512467106,0.0248223622994872,-0.036953718622761755,0.00020429796665703,155655.0,-8.495931008921357,-8.478203220370588,0.00020795201117834638,-0.01772778855076851,0.0002076157662579084,-0.01598048000245282,-8.457250824508417,0.021235507027704853,-0.03868018441293941
2023-06,30.7,3.4242626545931514,3.5152866920076207,33.625566723404674,-0.0910240374144693,0.01774566473988439,1730.0,-4.031614032898673,-3.94175561666083,0.01941410108956831,-0.0898584162378433,0.019411611370150374,-0.08582217099337476,-3.954262834150787,1.9172796872633486,-0.07735119874788632,0.006332508250825083,4848.0,-5.062058873155999,-4.987062534316613,0.006825685288934627,-0.0749963388393855,0.006832753885989781,-0.07321288656253623,-4.984812473381922,0.684106078817396,-0.07724639977407666,0.002384466019417476,12875.0,-6.0387800709387855,-5.981680701834135,0.0025245796589035514,-0.057099369104650854,0.0025261556348263855,-0.05608902850463029,-5.963320031806887,0.2571360785181936,-0.07546003913189825,0.0014265136378421076,21521.0,-6.552521827004433,-6.508596560686709,0.0014905701805918274,-0.04392526631772409,0.0014861944748958283,-0.04015681531712323,-6.494247327550718,0.1512112910810886,-0.058274499453715656,0.00023067444097138736,133088.0,-8.374503187949486,-8.330298739848287,0.0002411000079391488,-0.04420444810119939,0.0002401580428497477,-0.03948900384857675,-8.301702689153084,0.024809404024152586,-0.07280049879640238,0.00019694636900179625,155880.0,-8.532579104859494,-8.478949371719908,0.00020779690537800908,-0.05362973313958541,0.0002074494840309373,-0.05062974766220536,-8.457645637816329,0.021227124621781654,-0.07493346704316473
2023-07,30.2,3.407841924380824,3.515950353609299,33.64789012764742,-0.10810842922847508,0.01747179635522129,1728.5,-4.0471673349808555,-3.942342356362681,0.0194027134068128,-0.1048249786181743,0.0193997046393439,-0.09937822868770294,-3.954986446679896,1.9158928214970763,-0.09218088830095938,0.00624353938391565,4837.0,-5.076208048442159,-4.987123137299008,0.006825271644583394,-0.08908491114315087,0.006832376045722828,-0.08618329229343255,-4.984794669844814,0.6841182584337756,-0.09141337859734477,0.002348001865961748,12862.0,-6.054190582313985,-5.981907553680866,0.0025240070183004536,-0.07228302863311864,0.002525579301010442,-0.07031156573766989,-5.96326499074835,0.2571502319496498,-0.09092559156563507,0.0014033457249070633,21520.0,-6.5688960898948965,-6.5094807871856935,0.0014892527614738357,-0.05941530270920303,0.001484757491800347,-0.05483169294843402,-6.494902844413193,0.1511122020108147,-0.07399324548170316,0.00022671651427112893,133206.0,-8.39181015673815,-8.331279909738521,0.00024086356388568515,-0.060530246999627835,0.00023989721129258237,-0.054943102299668096,-8.302224865839063,0.02479645251356085,-0.08958529089908573,0.00019353639701877046,156043.0,-8.550044964894482,-8.479695523069227,0.00020764191526690816,-0.07034944182525571,0.00020728320180396617,-0.06631895235869843,-8.458040451124239,0.021218745524690677,-0.09200451377024343
2023-08,30.0,3.4011973816621555,3.5166140152109775,33.670228351993615,-0.11541663354882203,0.017358097552508247,1728.3,-4.053696163744291,-3.9429290960645322,0.019391332403703075,-0.11076706767975919,0.01938779790853743,-0.10468957669170897,-3.955710059209005,1.9145069589212445,-0.09798610453528633,0.006208609271523178,4832.0,-5.081818357952495,-4.987183740281402,0.0068248580252994896,-0.09463461767109305,0.006831998205455874,-0.09124547682621931,-4.984776866307706,0.684130438266998,-0.0970414916447897,0.002332633543270352,12861.0,-6.0607573736039315,-5.982134405527598,0.0025234345075872003,-0.07862296807633395,0.0025250029671944983,-0.07618582093702869,-5.963209949689813,0.25716438616014703,-0.09754742391411853,0.0013924990716672856,21544.0,-6.57665525282928,-6.5103650136846785,0.0014879365067378728,-0.06629023914460141,0.0014833205087048656,-0.06122846445161005,-6.495558361275669,0.15101317787381252,-0.081096891553611,0.00022496513040478727,133354.0,-8.399565143748594,-8.332261079628758,0.00024062735171023262,-0.06730406411983658,0.00023963637973541704,-0.061222963503405975,-8.302747042525041,0.024783507764180607,-0.09681810122355294,0.00019198648415151573,156261.0,-8.55808558345853,-8.480441674418545,0.00020748704075875378,-0.07764390903998475,0.00020711691957699504,-0.07305262871030012,-8.45843526443215,0.02121036973512573,-0.09965031902637911
2023-09,30.0,3.4011973816621555,3.5172776768126557,33.69258140628203,-0.11608029515050022,0.017289073305670817,1735.2,-4.057680577850509,-3.9435158357663838,0.019379958076321067,-0.11416474208412541,0.01937589117773096,-0.10770177500060277,-3.956433671738114,1.9131220988101942,-0.10124690611239506,0.006194507536650836,4843.0,-5.084092260741074,-4.987244343263797,0.006824444431081382,-0.09684791747727672,0.006831620365188921,-0.09325940179354013,-4.984759062770597,0.6841426183170665,-0.09933319797047702,0.0023306401491609697,12872.0,-6.061612307010064,-5.982361257374328,0.002522862126734332,-0.0792510496357357,0.002524426633378555,-0.07676455384176964,-5.963154908631275,0.2571785411497287,-0.09845739837878842,0.0013910785495687657,21566.0,-6.577675897779862,-6.511249240183663,0.0014866214153548183,-0.06642665759619959,0.001481883525609384,-0.0612767295616416,-6.496213878138144,0.15091421862753113,-0.08146201964171773,0.00022477129520712675,133469.0,-8.400427138457603,-8.333242249518992,0.0002403913711853919,-0.06718488893861085,0.00023937554817825174,-0.06100979436817785,-8.303269219211021,0.024770569772482154,-0.09715791924658213,0.00019179500949385297,156417.0,-8.559083415176422,-8.481187825767863,0.00020733228176732078,-0.07789558940855912,0.0002069506373500239,-0.07323305716878567,-8.45883007774006,0.02120199725178129,-0.10025333743636189
2023-10,29.5,3.3843902633457743,3.517941338414334,33.714949300358015,-0.13355107506855957,0.016908351005903592,1744.7,-4.079947636740082,-3.944102575468235,0.019368590420751022,-0.13584506127184692,0.019363984446924488,-0.1268144708415584,-3.9571572842672236,1.9117382404387908,-0.12279035247285819,0.006086238910666392,4847.0,-5.101724972499602,-4.9873049462461925,0.006824030861927558,-0.11442002625340919,0.006831242524921967,-0.10905828793775485,-4.9847412592334885,0.6841547985839848,-0.11698371326611312,0.0022980447144971567,12837.0,-6.075696641739152,-5.9825881092210595,0.002522289875712388,-0.0931085325180927,0.0025238502995626115,-0.08946869198406393,-5.963099867572739,0.2571926969184372,-0.11259677416641356,0.0013685284839487846,21556.0,-6.594019215707613,-6.512133466682647,0.0014853074862964586,-0.08188574902496626,0.0014804465425139026,-0.07559750072101434,-6.496869395000621,0.15081532422944735,-0.09714982070699207,0.00022083648368430116,133583.0,-8.41808802313353,-8.334223419409229,0.00024015562208398497,-0.08386460372430093,0.0002391147166210864,-0.07644127134905664,-8.303791395897,0.024757638534937742,-0.11429662723652889,0.00018840690782750868,156576.0,-8.576906530743075,-8.481933977117182,0.00020717763820644834,-0.09497255362589385,0.00020678435512305277,-0.08887252270418658,-8.45922489104797,0.021193628073352243,-0.11768163969510503
2023-11,29.2,3.374168709274236,3.5186050000160125,33.73733204407344,-0.14443629074177666,0.01671436748712078,1747.0,-4.09148660085982,-3.944689315170086,0.019357229433079465,-0.14679728568973438,0.019352077716118018,-0.13630113870410593,-3.9578808967963326,1.9103553830824276,-0.1336057040634877,0.006030565881866997,4842.0,-5.110914428223768,-4.9873655492285875,0.006823617317836498,-0.12354887899518019,0.006830864684655014,-0.11715922357323573,-4.98472345569638,0.6841669790677569,-0.12619097252738776,0.0022707831091064623,12859.0,-6.087630524996203,-5.982814961067791,0.002521717754491922,-0.10481556392841185,0.0025232739657466683,-0.10006478094244149,-5.963044826514201,0.2572068534663159,-0.12458569848200174,0.0013529166473613492,21583.0,-6.605492537484734,-6.513017693181632,0.001483994718535488,-0.09247484430310227,0.0014790095594184212,-0.08525496759240316,-6.497524911863096,0.15071649463706632,-0.10796762562163753,0.00021845332056528538,133667.0,-8.428938202108837,-8.335204589299465,0.00023992010417905792,-0.09373361280937154,0.00023885388506392108,-0.08541022681366972,-8.304313572582979,0.024744714048021473,-0.12462462952585796,0.00018633976375691594,156703.0,-8.587938863749411,-8.4826801284665,0.00020702310999003997,-0.10525873528291108,0.00020661807289608166,-0.09814392736769292,-8.459619704355882,0.021185262198533977,-0.1283191593935289
2023-12,29.6,3.3877743613300146,3.5192686616176907,33.75972964728669,-0.13149430028767606,0.016888229588634677,1752.7,-4.081138373749115,-3.9452760548719374,0.019345875109395214,-0.13586231887717792,0.019340170985311548,-0.12677971660845547,-3.9586045093254416,1.908973526017018,-0.12253386442367376,0.006111914102828826,4843.0,-5.097515281073214,-4.987426152210982,0.00682320379880669,-0.11008912886223232,0.0068304868443880605,-0.10520080895106552,-4.984705652159272,0.6841791597683861,-0.11280962891394175,0.0022995649471721567,12872.0,-6.075035327342205,-5.9830418129145215,0.0025211457630434937,-0.09199351442768311,0.0025226976319307247,-0.08845003140063018,-5.962989785455664,0.2572210107934071,-0.11204554188654026,0.0013697362332253586,21610.0,-6.593137088170917,-6.513901919680616,0.0014826831110455133,-0.07923516849030143,0.0014775725763229398,-0.07298209565173493,-6.498180428725572,0.1506177298079206,-0.09495665944534526,0.00022128194010436137,133766.0,-8.416072922441822,-8.3361857591897,0.00023968481724387944,-0.0798871632521223,0.00023859305350675575,-0.07255497655091712,-8.304835749268959,0.024731796308209167,-0.11123717317286363,0.00018870691139062968,156857.0,-8.575315479919057,-8.483426279815818,0.0002068686970320633,-0.09188920010323898,0.00020645179066911053,-0.08595168499614206,-8.460014517663792,0.021176899626022525,-0.1153009622552652
2024-01,29.7,3.391147045808654,3.519932323219369,33.78214211986273,-0.128785277410715,0.016896120150187734,1757.8,-4.080671260321891,-3.9458627945737885,0.01933452744578941,-0.13480846574810235,0.019328264254505075,-0.1258335498879808,-3.9593281218545506,1.9075926685190008,-0.12134313846734024,0.00612118713932399,4852.0,-5.095999224255287,-4.987486755193377,0.0068227903048366035,-0.10851246906191037,0.006830109004121107,-0.10379363848649742,-4.984687848622164,0.6841913406858773,-0.11131137563312343,0.0023067961165048542,12875.0,-6.071895679723283,-5.983268664761253,0.0025205739013376624,-0.08862701496202963,0.002522121298114781,-0.0853746335558392,-5.962934744397127,0.2572351688997543,-0.1089609353261558,0.0013730294484767232,21631.0,-6.590735704154848,-6.514786146179601,0.001481372662801043,-0.07594955797524694,0.0014761355932274584,-0.06984869494631009,-6.498835945588048,0.1505190296995707,-0.09189975856680022,0.00022182057180414064,133892.0,-8.413641738006579,-8.337166929079936,0.00023944976105193922,-0.07647480892664227,0.00023833222194959044,-0.06927997402274112,-8.305357925954937,0.024718885311978644,-0.10828381205164206,0.0001891334250343879,157032.0,-8.57305783940903,-8.484172431165138,0.00020671439924654984,-0.08888540824389146,0.0002062855084421394,-0.08314730170472667,-8.460409330971704,0.02116854035451426,-0.1126485084373261
2024-02,30.0,3.4011973816621555,3.5205959848210475,33.80456947167308,-0.11939860315889206,0.01704158145875937,1760.4,-4.072098953274781,-3.94644953427564,0.019323186438355445,-0.12564941899914128,0.019316357523698605,-0.11776423490548804,-3.9600517343836596,1.9062128098653388,-0.11204721889112168,0.006188118811881188,4848.0,-5.085124146086995,-4.987547358175772,0.006822376835924725,-0.09757678791122348,0.006829731163854154,-0.0939440128139525,-4.984670045085055,0.6842035218202339,-0.10045410100194019,0.002334267040149393,12852.0,-6.060057338573594,-5.983495516607984,0.002520002169345002,-0.07656182196560923,0.002521544964298838,-0.07427110236026309,-5.96287970333859,0.25724932778539983,-0.09717763523500356,0.0013877966415321275,21617.0,-6.580037939495897,-6.515670372678585,0.0014800633727774968,-0.06436756681731204,0.001474698610131977,-0.05892862989276996,-6.499491462450523,0.15042039426960496,-0.08054647704537388,0.00022383549583292919,134027.0,-8.404599169511311,-8.338148098970171,0.00023921493537695083,-0.06645107054113986,0.0002380713903924251,-0.05979674641304098,-8.305880102640916,0.024705981055809394,-0.09871906687039456,0.00019079357407242523,157238.0,-8.56431847838293,-8.484918582514457,0.00020656021654759626,-0.07939989586847318,0.00020611922621516828,-0.0743533362906407,-8.460804144279614,0.021160184382706247,-0.10351433410331623
2024-03,30.3,3.4111477125153233,3.5212596464227257,33.82701171259575,-0.11011193390740237,0.01719831990010217,1761.8,-4.062943580160372,-3.947036273977491,0.019311852083189043,-0.11590730618288081,0.019304450792892135,-0.10910079314794277,-3.9607753469127687,1.9048339493335165,-0.10216823324760327,0.006256452612017345,4843.0,-5.074141929887905,-4.987607961158167,0.006821963392069537,-0.0865339687297384,0.0068293533235872,-0.08388798828011616,-4.984652241547947,0.6842157031714596,-0.08948968833995874,0.002360548457463384,12836.0,-6.0488612897144245,-5.983722368454715,0.002519430567036092,-0.06513892125970955,0.0025209686304828944,-0.06363433922967206,-5.962824662280053,0.2572634874503869,-0.08603662743437113,0.0014004437049362174,21636.0,-6.570966160475995,-6.51655459917757,0.0014787552399511954,-0.054411561298424616,0.0014732616270364957,-0.04942633457897999,-6.500146979312999,0.1503218234756395,-0.0708191811629959,0.00022583289856152643,134170.0,-8.395715219069194,-8.339129268860408,0.00023898033999284805,-0.05658595020878643,0.00023781055883525978,-0.050366393874170745,-8.306402279326896,0.024693083536182884,-0.08931293974229781,0.0001924224912044505,157466.0,-8.555817128412695,-8.485664733863775,0.00020640614884936224,-0.07015239454891997,0.00020595294398819715,-0.06569681657244028,-8.461198957587523,0.02115183170929594,-0.09461817082517143
2024-04,30.7,3.4242626545931514,3.521923308024404,33.84946885251538,-0.09766065343125252,0.017397710529298425,1764.6,-4.051416660194853,-3.947623013679342,0.01930052437638819,-0.10379364651551093,0.01929254406208566,-0.09821584580496179,-3.9614989594418777,1.903456086201542,-0.08991770075297545,0.006336429308565531,4845.0,-5.061439869731715,-4.987668564140561,0.006821549973269526,-0.07377130559115397,0.006828975483320247,-0.07212592517834608,-4.984634438010838,0.6842278847395585,-0.07680543172087706,0.0023922699290890672,12833.0,-6.03551260265131,-5.983949220301446,0.0025188590943815126,-0.051563382349863573,0.0025203922966669508,-0.05083429581470978,-5.962769621221516,0.2572776478947586,-0.07274298142979418,0.0014192593962368823,21631.0,-6.55762009537035,-6.517438825676554,0.0014774482632993692,-0.04018126969379576,0.0014718246439410143,-0.03571434132491578,-6.500802496175474,0.15022331727531818,-0.05681759919487561,0.00022870680086118912,134233.0,-8.383069720337058,-8.340110438750642,0.00023874597467378805,-0.042959281586416154,0.00023754972727809445,-0.037225580168960166,-8.306924456012874,0.024680192749582407,-0.07614526432418423,0.00019488351425125372,157530.0,-8.543108540706863,-8.486410885213093,0.00020625219606607186,-0.05669765549376926,0.00020578666176122602,-0.052982770684249704,-8.461593770895435,0.021143482332981297,-0.08151476981142736
2024-05,30.9,3.4307561839036995,3.5225869696260825,33.87194090132315,-0.09183078572238301,0.01748330881520878,1767.4,-4.046508635180205,-3.9482097533811937,0.019289203314053167,-0.09829888179901092,0.01928063733127919,-0.09321935189116322,-3.9622225719709867,1.902079219747945,-0.08428606320921794,0.0063790255986787775,4844.0,-5.054739920769284,-4.987729167122956,0.006821136579523163,-0.06701075364632736,0.006828597643053293,-0.06583665752101588,-4.98461663447373,0.6842400665245337,-0.0701232862955532,0.002409356725146199,12825.0,-6.02839548613527,-5.984176072148177,0.002518287751351859,-0.0442194139870935,0.0025198159628510076,-0.043836232222226004,-5.962714580162979,0.2572918091185573,-0.06568090597229137,0.0014289017341040462,21625.0,-6.55084914789638,-6.518323052175538,0.0014761424418001485,-0.03252609572084175,0.001470387660845533,-0.028214278347269712,-6.50145801303795,0.1501248756263127,-0.049391134858430163,0.0002301196026154694,134278.0,-8.376911372828532,-8.341091608640879,0.00023851183919414783,-0.03581976418765365,0.00023728889572092912,-0.03021335273055253,-8.307446632698854,0.024667308692492958,-0.0694647401296784,0.00019605603776458048,157608.0,-8.53711003263522,-8.487157036562412,0.00020609835811201312,-0.049952996072807565,0.00020562037953425488,-0.04651456140358427,-8.461988584203345,0.021135136252460923,-0.07512144843187407
2024-06,30.9,3.4307561839036995,3.5232506312277607,33.89442786891677,-0.0924944473240612,0.017449740230404336,1770.8,-4.048430516954286,-3.948796493083045,0.019277888892286557,-0.09963402387124143,0.01926873060047272,-0.09440115219752772,-3.9629461845000957,1.9007033492517775,-0.08548433245419051,0.006376392901361948,4846.0,-5.0551527174727715,-4.987789770105351,0.006820723210828934,-0.06736294736742021,0.00682821980278634,-0.0661705267952884,-4.984598830936622,0.6842522485263903,-0.07055388653614969,0.002411425003901982,12814.0,-6.0275374182952675,-5.984402923994908,0.0025177165379177244,-0.043134494300359094,0.002519239629035064,-0.042796494581334374,-5.9626595391044415,0.25730597112182657,-0.064877879190826,0.0014285714285714286,21630.0,-6.551080335043404,-6.519207278674523,0.001474837774432567,-0.03187305636888116,0.0014689506777500515,-0.027488498960680317,-6.502113529900425,0.1500264984863224,-0.04896680514297902,0.00022998600732382625,134356.0,-8.377492088614263,-8.342072778531115,0.00023827793332852683,-0.03541931008314769,0.0002370280641637638,-0.02970980193751295,-8.307968809384832,0.02465443136140156,-0.06952327922943091,0.00019594787406068676,157695.0,-8.53766188277434,-8.48790318791173,0.00020594463490153803,-0.04975869486261075,0.00020545409730728375,-0.04626932911627057,-8.462383397511257,0.021126793466433768,-0.0752784852630839
2024-07,31.4,3.4468078929142076,3.523914292829439,33.916929765200585,-0.07710639991523127,0.01770510290386242,1773.5,-4.033902381299469,-3.9493832327848963,0.019266581107193204,-0.08451914851457243,0.019256823869666248,-0.08058031668701775,-3.963669797029205,1.8993284739926126,-0.07023258427026358,0.006479570780024762,4846.0,-5.039101008462263,-4.987850373087746,0.006820309867185322,-0.05125063537451702,0.006827841962519387,-0.051007504919770796,-4.984581027399513,0.6842644307451314,-0.054519981062750134,0.002451975636420428,12806.0,-6.01086119716454,-5.98462977584164,0.0025171454540497155,-0.02623142132290024,0.002518663295219121,-0.026477401296663237,-5.962604498045905,0.2573201339046086,-0.04825669911863528,0.001451284895544463,21636.0,-6.53530598007711,-6.520091505173507,0.0014735342601765646,-0.015214474903602948,0.0014675136946545701,-0.011058703689935351,-6.502769046762902,0.14992818581307432,-0.03253693331420848,0.00023372138029594783,134348.0,-8.361380834528115,-8.34305394842135,0.00023804425685174566,-0.018326886106764917,0.00023676723260659846,-0.012864332100005895,-8.308490986070812,0.024641560752796873,-0.052889848457303046,0.00019905165200192711,157748.0,-8.52194620912045,-8.488649339261048,0.00020579102634906243,-0.03329686985940228,0.00020528781508031264,-0.030377658196351378,-8.462778210819167,0.02111845397359946,-0.05916799830128383
2024-08,32.1,3.4688560301359703,3.524577954431117,33.93944660008546,-0.055721924295146774,0.018048917627213945,1778.5,-4.01466956125254,-3.9499699724867474,0.019255279954880262,-0.06469958876579263,0.019244917138859778,-0.06214625415200377,-3.964393409558314,1.8979545932505462,-0.050276151694225835,0.0066294919454770755,4842.0,-5.016227107362034,-4.9879109760701414,0.006819896548590808,-0.028316131291892255,0.006827464122252434,-0.028996443369085904,-4.984563223862405,0.6842766131807613,-0.03166388349962901,0.0025133103664265583,12772.0,-5.986154523698702,-5.98485662768837,0.002516574499718446,-0.0012978960103318116,0.0025180869614031772,-0.0018969142248992147,-5.962549456987367,0.2573342974669469,-0.023605066711335,0.0014841871647863882,21628.0,-6.512888020365925,-6.520975731672492,0.0014722318980129774,0.008087711306567158,0.0014660767115590885,0.012353005190322019,-6.503424563625377,0.14982993756432347,-0.009463456740547826,0.00023897975744671348,134321.0,-8.339131706495422,-8.344035118311586,0.0002378108095388444,0.004903411816163938,0.00023650640104943313,0.010457883534253221,-8.30901316275679,0.024628696863169576,-0.030118543738632653,0.00020347750020601306,157757.0,-8.499955123292501,-8.489395490610367,0.00020563753236906598,-0.01055963268213489,0.0002051215328533415,-0.008014919859749196,-8.463173024127077,0.021110117772658022,-0.03678209916542485
2024-09,30.8,3.427514689979529,3.5252416160327957,33.96197838348888,-0.09772692605326672,0.017279102384291724,1782.5,-4.058257462308922,-3.9505567121885985,0.019243985431457153,-0.10770075012032354,0.019233010408053308,-0.10159137765263399,-3.9651170220874232,1.8965817063061923,-0.09314044022149881,0.006367583212735167,4837.0,-5.056535282843455,-4.987971579052536,0.00681948325504388,-0.06856370379091903,0.0068270862819854805,-0.0673058828131112,-4.984545420325296,0.6842887958332834,-0.07198986251815853,0.002414171500235147,12758.0,-6.026399114822372,-5.985083479535102,0.002516003674894528,-0.04131563528726989,0.0025175106275872336,-0.041048139467489114,-5.9624944159288304,0.25734846180888393,-0.06390469889354122,0.0014236849403716373,21634.0,-6.554506740210706,-6.5218599581714765,0.0014709306869235476,-0.03264678203922955,0.0014646397284636071,-0.027962363232445605,-6.504080080487853,0.14973175369785227,-0.050426659722853096,0.0002290592951220782,134463.0,-8.381529657262696,-8.34501628820182,0.0002375775911650855,-0.036513369060875434,0.0002362455694922678,-0.030418663027772935,-8.30953533944277,0.024615839689012008,-0.07199431781992693,0.00019504534170930647,157912.0,-8.542278504843294,-8.490141641959687,0.00020548415287609183,-0.05213686288360719,0.00020495525062637037,-0.048351573754650885,-8.463567837434988,0.021101784862309986,-0.07871066740830557
2024-10,30.3,3.4111477125153233,3.525905277634474,33.98452512533488,-0.11475756511915058,0.017016735931708413,1780.6,-4.073557952624247,-3.95114345189045,0.019232697533035577,-0.12241450073379712,0.019221103677246835,-0.11468476433784927,-3.9658406346165322,1.895209812440687,-0.10771731800771489,0.006277190801740212,4827.0,-5.07083272314517,-4.988032182034931,0.00681906998654301,-0.08280054111023905,0.006826708441718527,-0.08049525546164706,-4.9845276167881885,0.6843009787027011,-0.0863051063569813,0.0023863904859415612,12697.0,-6.037973311554468,-5.985310331381833,0.002515432979548589,-0.05266298017263438,0.0025169342937712905,-0.051866196170789476,-5.962439374870293,0.25736262693046297,-0.07553393668417474,0.0014040127890273852,21581.0,-6.56842086442614,-6.5227441846704615,0.0014696306258909124,-0.045676679755678684,0.0014632027453681258,-0.04045232728554584,-6.5047355973503285,0.14963363417147085,-0.06368526707581168,0.00022534750370001264,134459.0,-8.397866886324017,-8.345997458092057,0.00023734460150595004,-0.05186942823196006,0.00023598473793510246,-0.04507594147048246,-8.310057516128749,0.024602989226818466,-0.08780937019526824,0.00019183893127354458,157945.0,-8.558854437626648,-8.490887793309005,0.0002053308877847479,-0.06796664431764299,0.00020478896839939924,-0.06323600937623866,-8.463962650742898,0.021093455241256512,-0.09489178688374977
2024-11,30.9,3.4307561839036995,3.526568939236152,34.007086835554105,-0.09581275533245259,0.017357600269632623,1780.2,-4.053724812621131,-3.951730191592301,0.019221416255729536,-0.10199462102883006,0.019209196946440365,-0.09639115481872654,-3.9665642471456413,1.8938389109356861,-0.08716056547548989,0.006416112956810631,4816.0,-5.048942803084957,-4.988092785017326,0.006818656743086684,-0.06085001806763124,0.006826330601451574,-0.06009343358695711,-4.98450981325108,0.6843131617890196,-0.06443298983387713,0.0024309653056407833,12711.0,-6.019466855390969,-5.985537183228564,0.002514862413651262,-0.03392967216240539,0.002516357959955347,-0.03393501865532632,-5.962384333811756,0.25737679283172654,-0.05708252157921301,0.0014304231089713915,21602.0,-6.54978499807472,-6.523628411169446,0.001468331713898613,-0.026156586905274004,0.0014617657622726444,-0.021441638674395875,-6.505391114212804,0.14953557894301703,-0.04439388386191556,0.00022961174066505664,134575.0,-8.379120759525458,-8.346978627982292,0.00023711184033714102,-0.03214213154316603,0.00023572390637793713,-0.025929341689598654,-8.310579692814727,0.024590145473085072,-0.0685410667107309,0.00019547188431100904,158079.0,-8.540094003147056,-8.491633944658323,0.00020517773700970478,-0.04846005848873247,0.00020462268617242813,-0.04472036816928522,-8.46435746405081,0.021085128908199132,-0.07573653909624589
2024-12,30.2,3.407841924380824,3.5272326008378307,34.029663524083794,-0.11939067645700696,0.01697678340547529,1778.9,-4.0759085503504,-3.952316931294152,0.019210141595655296,-0.12359161905624783,0.019197290215633895,-0.11566772108025261,-3.9672878596747503,1.8924690010733645,-0.10862069067564972,0.00626816106268161,4818.0,-5.072272258793992,-4.988153387999721,0.006818243524673385,-0.0841188707942715,0.00682595276118462,-0.08171631390050921,-4.984492009713971,0.684325345092242,-0.08778024908002102,0.002379264161348775,12693.0,-6.040964015007353,-5.985764035075295,0.0025142919771731806,-0.05519997993205816,0.0025157816261394037,-0.05426443351528958,-5.9623292927532185,0.257390959512718,-0.07863472225413481,0.0013987309527117781,21591.0,-6.57218991579509,-6.52451263766843,0.0014670339499310854,-0.04767727812666056,0.001460328779177163,-0.042180793355379054,-6.50604663107528,0.14943758797035622,-0.06614328471981068,0.0002240572162003754,134787.0,-8.403609109259826,-8.347959797872528,0.00023687930743457975,-0.05564931138729712,0.00023546307482077183,-0.04844011584015146,-8.311101869500707,0.024577308424309656,-0.09250723975911868,0.00019075772505621668,158316.0,-8.564506390290953,-8.492380096007642,0.00020502470046569697,-0.07212629428331141,0.000204456403945457,-0.06700048824538031,-8.46475227735872,0.021076805861840027,-0.09975411293223324
2025-01,29.4,3.380994674344636,3.527896262439509,34.052255200867755,-0.14690158809487297,0.016524280575539566,1779.2,-4.102924429711628,-3.9529036709960037,0.019198873548931388,-0.15002075871562415,0.01918538348482742,-0.13870470253525885,-3.9680114722038593,1.8911000821364166,-0.13491295750776855,0.006105919003115265,4815.0,-5.09849664988759,-4.988213990982115,0.006817830331301602,-0.11028265890547484,0.006825574920917667,-0.10543520892239329,-4.984474206176863,0.6843375286123723,-0.11402244371072712,0.002319892685236329,12673.0,-6.066234350737428,-5.985990886922027,0.0025137216700849905,-0.08024346381540148,0.00251520529232346,-0.07765274973109966,-5.962274251694682,0.2574051269734798,-0.10396009904274628,0.0013636996150099725,21559.0,-6.597553967413371,-6.525396864167415,0.0014657373329736627,-0.07215710324595648,0.0014588917960816816,-0.06524965136371182,-6.506702147937755,0.14933966121138148,-0.09085181947561605,0.0002182449837058592,134711.0,-8.429892347674295,-8.348940967762765,0.0002366470025744085,-0.08095137991153045,0.0002352022432636065,-0.0720965043634477,-8.311624046186685,0.02456447807699205,-0.11826830148761047,0.00018576086132383047,158268.0,-8.591050403269248,-8.49312624735696,0.00020487177806752263,-0.09792415591228831,0.00020429012171848586,-0.09070071640658636,-8.465147090666632,0.021068486100881745,-0.12590331260261678
2025-02,29.7,3.391147045808654,3.528559924041187,34.07486187585643,-0.13741287823253323,0.016689143627781525,1779.6,-4.092996853123233,-3.953490410697855,0.019187612111678652,-0.13950644242537802,0.01917347675402095,-0.12957134264751577,-3.9687350847329688,1.889732153408055,-0.12426176839026404,0.006172069825436409,4812.0,-5.087721031285915,-4.98827459396451,0.006817417162969805,-0.09944643732140523,0.006825197080650713,-0.09569353785635086,-4.984456402639754,0.6843497123494141,-0.10326462864616115,0.002343934969615658,12671.0,-6.055924150990254,-5.986217738768757,0.002513151492357346,-0.06970641222149698,0.0025146289585075165,-0.06788038780606778,-5.962219210636144,0.25741929521405527,-0.09370494035410992,0.0013775510204081633,21560.0,-6.5874479792142795,-6.526281090666399,0.0014644418620125793,-0.06116688854788066,0.0014574548129862,-0.05482419891586257,-6.507357664800232,0.14924179862401335,-0.0800903144140479,0.00022040652759534253,134751.0,-8.420036864085331,-8.349922137653,0.00023641492553298912,-0.07011472643233141,0.00023494141170644117,-0.061865994613414306,-8.312146222872665,0.02455165442763373,-0.10789064121266634,0.00018760659465605456,158310.0,-8.58116336925917,-8.493872398706278,0.00020471896973004344,-0.08729097055289081,0.00020412383949151473,-0.08091776480692141,-8.465541903974541,0.0210601696240275,-0.11562146528462769
2025-03,29.9,3.3978584803966405,3.5292235856428658,34.09748355900687,-0.13136510524622524,0.016779841741960826,1781.9,-4.087577009336728,-3.9540771503997063,0.019176357280020175,-0.133499858937022,0.01916157002321448,-0.12429713631858777,-3.969458697262078,1.8883652141720133,-0.11811831207465051,0.006213632585203657,4812.0,-5.081009596697929,-4.988335196946905,0.006817004019676482,-0.09267439975102398,0.00682481924038376,-0.0895535300867156,-4.9844385991026465,0.684361896303371,-0.09657099759528265,0.0023606505605558185,12666.0,-6.048818036679735,-5.986444590615489,0.002512581443960899,-0.062373446064245996,0.0025140526246915733,-0.06101784132485069,-5.9621641695776075,0.25743346423448704,-0.08665386710212708,0.0013868917853332714,21559.0,-6.580690161361367,-6.527165317165384,0.00146314753603496,-0.0535248441959828,0.0014560178298907186,-0.04747609757130205,-6.508013181662707,0.14914400016620025,-0.0726769796986595,0.00022178047441736266,134818.0,-8.413822519306482,-8.350903307543236,0.00023618307608690145,-0.062919211763246,0.00023468058014927586,-0.05496878234964176,-8.312668399558644,0.024538837472738138,-0.10115411974783761,0.00018879003895767691,158377.0,-8.574875065402786,-8.494618550055597,0.00020456627536818468,-0.08025651534718925,0.0002039575572645436,-0.07436605198793204,-8.465936717282451,0.021051856429980902,-0.10893834812033454
2025-04,30.2,3.407841924380824,3.529887247244544,34.1201202602827,-0.12204532286372016,0.016931098278858553,1783.7,-4.078603213183434,-3.9546638901015574,0.019165109050081345,-0.12393932308187638,0.019149663292408012,-0.11585399595140772,-3.970182309791187,1.886999263712541,-0.10842090339224697,0.00627989186941152,4809.0,-5.070402516896839,-4.9883957999293,0.006816590901420116,-0.08200671696753847,0.0068244414001168065,-0.07979400785769306,-4.984420795565538,0.6843740804742479,-0.08598172133130078,0.002385089243405465,12662.0,-6.038518736723248,-5.98667144246222,0.002512011524866317,-0.05184729426102752,0.0025134762908756297,-0.0510794742469753,-5.962109128519071,0.25744763403481813,-0.07640960820417675,0.0014010670378102527,21555.0,-6.570521162800411,-6.528049543664368,0.0014618543540288306,-0.042471619136042804,0.0014545808467952373,-0.036789848500265385,-6.508668698525183,0.14904626579591784,-0.06185246427522806,0.0002238413246662763,134917.0,-8.404573129148798,-8.35188447743347,0.0002359514540129462,-0.052688651715326884,0.00023441974859211053,-0.04512599296504089,-8.313190576244622,0.024526027208810534,-0.09138255290417518,0.00019055431113354574,158485.0,-8.565573306216288,-8.495364701404917,0.00020441369489693456,-0.0702086048113717,0.00020379127503757248,-0.06495353592339158,-8.466331530590363,0.02104354651744607,-0.0992417756259254
2025-05,34.5,3.5409593240373143,3.530550908846222,34.14277198965418,0.010408415191092146,0.019321236559139785,1785.6,-3.9465504481496776,-3.9552506298034085,0.019153867417989794,0.008700181653730876,0.01913775656160154,0.009587330518478088,-3.970905922320296,1.8856343013144052,0.02435547417061823,0.00717852684144819,4806.0,-4.9366610922591,-4.9884564029116945,0.006816177808199196,0.05179531065259457,0.006824063559849853,0.05194313893614085,-4.984402992028429,0.6843862648620479,0.04774189976932952,0.0027270571496324403,12651.0,-5.904532218377355,-5.986898294308951,0.002511441735044273,0.08236607593159562,0.0025128999570596866,0.08522312715677564,-5.962054087460533,0.25746180461509166,0.057521869083178245,0.0016018200390008357,21538.0,-6.436614771851512,-6.528933770163352,0.0014605623149831063,0.09231899831183998,0.0014531438636997559,0.10231345912478684,-6.509324215387658,0.14894859547116945,0.07270944353614617,0.00025567487049511995,134937.0,-8.271603957793808,-8.352865647323707,0.00023572005908814123,0.08126168952989943,0.0002341589170349452,0.0918861162010062,-8.313712752930602,0.02451322363235787,0.04210879513679444,0.00021766836174588953,158498.0,-8.432537929886017,-8.496110852754235,0.00020426122823134592,0.06357292286821803,0.00020362499281060135,0.06896682348001554,-8.466726343898273,0.021035239885127753,0.03418841401225592
2025-06,34.6,3.543853682063679,3.5312145704479008,34.165438757098215,0.01263911161577802,0.01938918464555898,1784.5,-3.9430398608665365,-3.95583736950526,0.019142632379875433,0.012797508638723532,0.01912584983079507,0.013768528828450293,-3.971629534849405,1.884270326262891,0.02858967398286838,0.007203830938996461,4803.0,-4.933142319601146,-4.9885170058940895,0.006815764740012192,0.05537468629294384,0.0068236857195829,0.05570966117659911,-4.984385188491321,0.6843984494667753,0.05124286889017515,0.0027382082937638494,12636.0,-5.900451479858297,-5.987125146155682,0.00251087207446544,0.0866736662973846,0.002512323623243743,0.0899106581772532,-5.9619990464019965,0.2574759759753502,0.061547566543699084,0.0016078814071285841,21519.0,-6.4328378627308656,-6.529817996662337,0.001459271417887597,0.09698013393147153,0.0014517068806042745,0.10757993132835592,-6.509979732250134,0.1488509891499859,0.07714186951926827,0.00025650149749429176,134892.0,-8.268376055186119,-8.353846817213942,0.00023548889108972475,0.085470762027823,0.00023389808547777987,0.09663786674585328,-8.31423492961658,0.024500426739889117,0.04585887443046133,0.00021832683400850592,158478.0,-8.429517379340178,-8.496857004103553,0.00020410887528653378,0.06733962476337574,0.00020345871058363022,0.07307685860303469,-8.467121157206185,0.021026936531731058,0.03760377786600699
2025-07,34.7,3.5467396869528134,3.531878232049579,34.18812057259828,0.014861454903234428,0.019441954280591665,1784.8,-3.940321956165509,-3.956424109207111,0.019131403931870464,0.01610215304160212,0.019113943099988595,0.01716083274325882,-3.972353147378514,1.8829073378438008,0.032031191213004906,0.007242746816948446,4791.0,-4.927754749930308,-4.988577608876485,0.006815351696857594,0.06082285894617634,0.006823307879315946,0.061471495211872146,-4.984367384954213,0.684410634288433,0.0566126350239049,0.0027485148514851485,12625.0,-5.896694567190747,-5.9873519980024135,0.0025103025431005045,0.09065743081166655,0.0025117472894277994,0.09426408582341383,-5.961944005343459,0.2574901481156371,0.065249438152712,0.0016142538146631932,21496.0,-6.4288824633425135,-6.530702223161321,0.001457981661733009,0.10181975981880775,0.001450269897508793,0.11307130999277039,-6.510635249112609,0.14875344679042551,0.08175278577009593,0.00025711893417903483,134957.0,-8.265971801211437,-8.354827987104178,0.00023525794979515182,0.08885618589274102,0.00023363725392061454,0.10050486326294056,-8.31475710630256,0.024487636527914865,0.048785305091122666,0.00021886944784347368,158542.0,-8.42703513447167,-8.497603155452872,0.00020395663597767692,0.0705680209812023,0.0002032924283566591,0.07662370710376894,-8.467515970514095,0.021018636455961758,0.04048083604242514
2025-08,35.2,3.5610460826040513,3.532541893651257,34.21081744614452,0.028504188952794163,0.019719887955182074,1785.0,-3.926127611609688,-3.957010848908962,0.019120182070109338,0.030883237299274224,0.019102036369182125,0.03234480209642712,-3.973076759907623,1.881545335343453,0.04694914829793495,0.007339449541284404,4796.0,-4.914491433543353,-4.98863821185888,0.006814938678733885,0.07414677831552652,0.006822930039048993,0.07570347332879963,-4.984349581417105,0.684422819327026,0.06985814787375144,0.0027903289734443125,12615.0,-5.881595778471107,-5.987578849849144,0.0025097331409201593,0.10598307137803697,0.002511170955611856,0.11116647283953568,-5.961888964284922,0.25750432103599485,0.08029318581381517,0.0016401845207585854,21461.0,-6.412946530817431,-6.531586449660306,0.001456693045510935,0.1186399188428755,0.0014488329144133117,0.13207292879783816,-6.511290765975085,0.1486559683505741,0.09834423515765423,0.0002608624765631369,134937.0,-8.251517199227072,-8.355809156994415,0.00023502723498209694,0.10429195776734268,0.0002333764223634492,0.11777562583799579,-8.315279282988538,0.024474852992947722,0.06376208376146586,0.00022212125801403403,158472.0,-8.412287117938465,-8.49834930680219,0.0002038045102200173,0.08606218886372474,0.00020312614612968797,0.09351386931851911,-8.467910783822006,0.021010339656525975,0.05562366588354095
2025-09,35.9,3.580737295494233,3.533205555252936,34.23352938773371,0.04753174024129736,0.020122190460176,1784.1,-3.9059320698864246,-3.9575975886108137,0.01910896679072877,0.05166551872438907,0.019090129638375655,0.05406253605138747,-3.973800372436732,1.8801843180486828,0.06786830255030729,0.007482284285118799,4798.0,-4.895217147905407,-4.988698814841274,0.006814525685639553,0.09348166693586712,0.00682255219878204,0.09669872316323704,-4.984331777879996,0.6844350045825578,0.0891146299745893,0.002846495401205201,12612.0,-5.861666725170719,-5.9878057016958754,0.0025091638678950987,0.12613897652515682,0.0025105946217959126,0.13379331593127025,-5.961833923226385,0.2575184947364668,0.10016719805566598,0.001671944858420268,21472.0,-6.393767744277175,-6.53247067615929,0.0014554055682138652,0.1387029318821149,0.0014473959313178303,0.15513994632967473,-6.5119462828375605,0.148558553788545,0.11817853856038507,0.00026591607718232655,135005.0,-8.232329798277517,-8.35679032688465,0.0002347967464284527,0.1244605286071323,0.00023311559080628388,0.1407048162784593,-8.315801459674518,0.024462076131501923,0.08347166139700057,0.00022642985089688927,158548.0,-8.393075370075449,-8.499095458151508,0.0002036524979288602,0.10602008807605934,0.00020295986390271684,0.11563856292996981,-8.468305597129916,0.0210020461321305,0.07523022705446714
2025-10,35.7,3.5751506887855933,3.533869216854614,34.25625640736923,0.04128147193097931,0.02,1785.0,-3.912023005428146,-3.9581843283126648,0.019097758089867755,0.046161322884518796,0.019078222907569185,0.04831566844022484,-3.974523984965841,1.8788242852468409,0.06250097953769496,0.00744060025010421,4798.0,-4.900803754614047,-4.988759417823669,0.00681411271757307,0.08795566320962234,0.006822174358515087,0.09064938230686469,-4.9843139743428875,0.6844471900550323,0.08351021972884087,0.0028326588907403,12603.0,-5.866539471051898,-5.988032553542607,0.002508594723996028,0.12149308249070856,0.002510018287979969,0.12854113625601837,-5.961778882167848,0.2575326692170955,0.09523941111594958,0.00166418049599105,21452.0,-6.398422471317223,-6.5333549026582745,0.001454119228835175,0.13493243134105182,0.001445958948222349,0.1509182180012655,-6.512601799700036,0.14846120306247884,0.11417932838281342,0.000264409189885793,135018.0,-8.238012693080208,-8.357771496774886,0.00023456648391232814,0.11975880369467795,0.00023285475924911855,0.1355112119607404,-8.316323636360497,0.024449305940093678,0.07831094328028954,0.0002253674056865815,158408.0,-8.397778573352037,-8.499841609500827,0.00020350059901957397,0.10206303614878998,0.0002027935816757457,0.1113142922192179,-8.468700410437826,0.02099375588148253,0.07092183708578936
2025-11,33.6,3.5145260669691587,3.534532878456292,34.278998515061126,-0.020006811487133458,0.01886368740175163,1781.2,-3.9705165064783885,-3.9587710680145163,0.019086555963667543,-0.011745438463872215,0.019066316176762712,-0.01062757866451617,-3.9752475974949504,1.8774652362257922,0.004731091016561884,0.007013149655604258,4791.0,-4.959968369913963,-4.988820020806064,0.006813699774532925,0.028851650892100622,0.006821796518248133,0.028050255800544613,-4.984296170805779,0.6844593757444531,0.02432780089181552,0.0026681489716509172,12593.0,-5.926370316036688,-5.988259405389337,0.0025080257091936605,0.061889089352649584,0.002509441954164026,0.06324394840994109,-5.96172384110931,0.25754684447792436,0.03535352507262246,0.0015644643106579132,21477.0,-6.460211807095136,-6.5342391291572595,0.001452834026369131,0.0740273220621237,0.0014445219651268676,0.08303255223987649,-6.5132573165625125,0.14836391613054375,0.05304550946737674,0.0002487230735065512,135090.0,-8.299170434994569,-8.35875266666512,0.00023433644721205173,0.05958223167055188,0.00023259392769195322,0.06934465561783455,-8.316845813046475,0.02443654241524099,0.017675378051906776,0.00021205561410927176,158449.0,-8.458661986990831,-8.500587760850145,0.00020334881340759015,0.04192577385931351,0.00020262729944877457,0.04653032777984948,-8.469095223745738,0.020985468903289752,0.010433236754906261
2025-12,32.1,3.4688560301359703,3.535196540057971,34.30175572082611,-0.06634050992200047,0.018031681833501855,1780.2,-4.015624966388861,-3.9593578077163674,0.01907536040827166,-0.05626715867249388,0.019054409445956242,-0.05367406506904006,-3.9759712100240594,1.8761071702739205,-0.03965375636480184,0.006711269077984529,4783.0,-5.0039672135443265,-4.988880623788459,0.006813286856517602,-0.015086589755867408,0.00682141867798118,-0.01614760875948021,-4.984278367268671,0.6844715616508237,-0.01968884627565526,0.002551669316375199,12580.0,-5.9710075001184615,-5.988486257236069,0.002507456823458709,0.01747875711760738,0.0025088656203480822,0.017060975956607063,-5.961668800050774,0.2575610205189958,-0.009338700067687888,0.0014960850111856825,21456.0,-6.504903575385489,-6.535123355656244,0.0014515499598108913,0.03021978027075445,0.0014430849820313862,0.036726893990463236,-6.513912833424988,0.14826669295093553,0.009009258039498924,0.00023763167830148874,135083.0,-8.344788653178213,-8.359733836555357,0.00023410663610616753,0.014945183377143678,0.0002323330961347879,0.02280597235112332,-8.317367989732455,0.024423785553463567,-0.02742066344575811,0.00020261058372046052,158432.0,-8.504224728025179,-8.501333912199465,0.00020319714100840294,-0.0028908158257134886,0.00020246101722180346,0.0007387422068180094,-8.469490037053648,0.020977185196260496,-0.034734690971530924
2026-01,31.6,3.4531571205928664,3.535860201659649,34.324528034687475,-0.08270308106678259,0.01775081451522301,1780.2,-4.031323875931965,-3.9599445474182184,0.019064171419825877,-0.07137932851374629,0.01904250271514977,-0.06783185063689771,-3.9766948225531684,1.8747500866801203,-0.05462905337879631,0.0066122619794936185,4779.0,-5.0188294779852916,-4.988941226770854,0.006812873963525584,-0.02988825121443739,0.0068210408377142265,-0.03060806454437988,-4.984260563731563,0.6844837477741491,-0.03456891425372888,0.002511524399936417,12582.0,-5.986865379537108,-5.988713109082799,0.0025068880667619034,0.0018477295456911236,0.002508289286532139,0.0012897688562672786,-5.961613758992236,0.2575751973403533,-0.02525162054487229,0.0014696990837635459,21501.0,-6.522697604069163,-6.536007582155229,0.0014502670281564974,0.013309978086065932,0.0014416479989359046,0.019457651832032574,-6.514568350287464,0.14816953348187697,-0.008129253781699042,0.0002336189497497468,135263.0,-8.36181918979624,-8.360715006445593,0.00023387705037343812,-0.0011041833506464371,0.00023207226457762256,0.006664670485028701,-8.317890166418433,0.024411035351283094,-0.043929023377806686,0.00019925343018563357,158592.0,-8.520933024955893,-8.502080063548783,0.00020304558173757072,-0.018852961407109348,0.00020229473499483233,-0.015034028489552367,-8.46988485036156,0.020968904759103436,-0.05104817459433342
2026-02,31.5,3.449987545831587,3.536523863261327,34.34731546667524,-0.08653631742974,0.017697623461992246,1779.9,-4.03432491610112,-3.96053128712007,0.019052988994478225,-0.07379362898105013,0.0190305959843433,-0.07004365619698436,-3.9774184350822774,1.873393984733803,-0.05690648101884266,0.0066010058675607716,4772.0,-5.0205332373862195,-4.989001829753248,0.006812461095555359,-0.03153140763297113,0.006820662997447273,-0.03220465957176176,-4.984242760194454,0.6844959341144324,-0.03629047719176537,0.0025033775729158387,12583.0,-5.99011442976038,-5.988939960929531,0.0025063194390739685,-0.0011744688308494844,0.0025077129527161955,-0.0017288182029211107,-5.961558717933699,0.25758937494203915,-0.02855571182668104,0.0014664804469273743,21480.0,-6.524890002791214,-6.536891808654213,0.0014489852304028837,0.012001805862999149,0.0014402110158404232,0.01823998761155271,-6.515223867149939,0.1480724376816185,-0.009666135641274387,0.0002331347370758243,135115.0,-8.36389400082096,-8.361696176335828,0.00023364768979284298,-0.0021978244851315054,0.00023181143302045725,0.005708536624465248,-8.318412343104413,0.024398291805222915,-0.045481657716546664,0.00019881845035219268,158436.0,-8.523118459435613,-8.502826214898102,0.00020289413551071375,-0.02029224453751155,0.0002021284527678612,-0.016375737162891958,-8.47027966366947,0.020960627590527917,-0.05283879576614403
2026-03,31.6,3.4531571205928664,3.537187524863006,34.37011802682607,-0.08403040427013941,0.01776978012708767,1778.3,-4.030256010156749,-3.961118026821921,0.019041813128379027,-0.06913798333482779,0.01901868925353683,-0.06566746581744086,-3.9781420476113865,1.8720388637248924,-0.05211396254536238,0.006619187264348555,4774.0,-5.017782686305909,-4.989062432735643,0.006812048252605402,-0.028720253570265974,0.00682028515718032,-0.02948526171520137,-4.9842249566573456,0.6845081206716777,-0.03355772964856385,0.0025083346562946502,12598.0,-5.988136229589008,-5.989166812776262,0.0025057509403656445,0.0010305831872541305,0.002507136618900252,0.00047785086196214347,-5.961503676875163,0.2576035533240968,-0.02663255271384557,0.0014688792822944267,21513.0,-6.523255561957818,-6.537776035153198,0.0014477045655478654,0.014520473195379857,0.0014387740327449418,0.020924237485749658,-6.515879384012415,0.1479754055084378,-0.007376177945403128,0.0002335257210845644,135317.0,-8.362218332384138,-8.362677346226064,0.00023341855414357716,0.000459013841926037,0.00023155060146329192,0.008529969729254168,-8.318934519790393,0.024385554911808306,-0.04328381259374581,0.000199180586196029,158650.0,-8.521298676418475,-8.50357236624742,0.00020274280224351555,-0.01772631017105475,0.0002019621705408901,-0.013772798823717904,-8.47067447697738,0.02095235368924368,-0.05062419944109564
2026-04,31.6,3.4531571205928664,3.537851186464684,34.39293572518324,-0.0846940658718176,0.017764785248482125,1778.8,-4.030537138043675,-3.9617047665237726,0.019030643817680815,-0.0688323715199024,0.01900678252273036,-0.06534495108590416,-3.9788656601404955,1.8706847229438273,-0.0516714779031795,0.006621961441743504,4772.0,-5.01736366262494,-4.9891230357180385,0.0068116354346742,-0.028240626906901767,0.006819907316913366,-0.029024716315272623,-4.984207153120237,0.6845203074458888,-0.03315650950470328,0.0025085337778836233,12597.0,-5.988056848759436,-5.989393664622993,0.0025051825706076778,0.0013368158635564953,0.0025065602850843087,0.0007873310732074266,-5.961448635816625,0.2576177324865693,-0.02660821294281135,0.0014684697244295739,21519.0,-6.523534424201678,-6.538660261652182,0.001446425032590149,0.015125837450503887,0.0014373370496494604,0.021659968194451047,-6.51653490087489,0.14787843692063987,-0.00699952332678766,0.00023326714255132247,135467.0,-8.363326226612326,-8.363658516116299,0.00023318964320505385,0.0003322895039730156,0.0002312897699061266,0.008549330331377976,-8.31945669647637,0.02437282466756636,-0.043869530135955515,0.00019899494955855868,158798.0,-8.522231112664556,-8.504318517596738,0.00020259158185172255,-0.01791259506781806,0.00020179588831391895,-0.01388005860160569,-8.47106929028529,0.020944083053960963,-0.05116182237926559
2026-05,31.0,3.4339872044851463,3.538514848066362,34.415768571796754,-0.10452764358121591,0.017495343981037303,1771.9,-4.045820491678877,-3.9622915062256236,0.019019481058538425,-0.08352898545325349,0.018994875791923885,-0.07894401770840444,-3.9795892726696045,1.8693315616815587,-0.06623121900927265,0.006518082422203532,4756.0,-5.033175053325526,-4.989183638700434,0.006811222641760238,-0.043991414625092595,0.006819529476646413,-0.04420349753970429,-4.984189349583129,0.6845324944370688,-0.04898570374239686,0.0024612941643509328,12595.0,-6.007067984301564,-5.989620516469724,0.0025046143297708144,-0.017447467831839703,0.002505983951268365,-0.017833229496467172,-5.961393594758088,0.2576319124294991,-0.04567438954347569,0.0014403865811727535,21522.0,-6.542843742275191,-6.539544488151166,0.0014451466305293221,-0.003299254124025097,0.001435900066553979,0.003124531242304072,-6.517190417737366,0.14778153187655713,-0.025653324537825206,0.00022873502154536332,135528.0,-8.382946335535635,-8.364639686006536,0.00023296095675690096,-0.018306649529099772,0.00023102893834896126,-0.009929131908718095,-8.31997887316235,0.024360101069025857,-0.06296746237328499,0.0001951391468012917,158861.0,-8.541797680532976,-8.505064668946057,0.00020244047425114405,-0.03673301158691977,0.00020162960608694782,-0.03219001123702667,-8.4714641035932,0.020935815683390643,-0.07033357693977571
2026-06,30.7,3.4242626545931514,3.5391785096680404,34.43861657672326,-0.114915855074889,0.01733777602078274,1770.7,-4.05486757301902,-3.9628782459274747,0.019008324847108914,-0.09198932709154484,0.018982969061117416,-0.08666679248318984,-3.980312885198714,1.86797937922955,-0.07455468782030561,0.0064550042052144655,4756.0,-5.042899603217521,-4.989244241682828,0.0068108098738620055,-0.05365536153469286,0.006819151636379459,-0.053400694189333686,-4.984171546046021,0.6845446816452228,-0.05872805717149987,0.0024349619289340103,12608.0,-6.017824157504509,-5.989847368316456,0.002504046217825814,-0.027976789188053353,0.002505407617452422,-0.028117456028988654,-5.961338553699551,0.25764609315292974,-0.05648560380495837,0.001425520059435364,21536.0,-6.553218577851303,-6.540428714650151,0.001443869358365856,-0.012789863201152052,0.0014344630834584977,-0.006234405141728736,-6.517845934599842,0.1476846903345491,-0.03537264325146072,0.000226478008764035,135554.0,-8.392862709304389,-8.36562085589677,0.00023273249457896413,-0.02724185340761842,0.00023076810679179596,-0.018590515333349676,-8.320501049848328,0.024347384112717554,-0.07236165945606032,0.00019321300002517433,158892.0,-8.551717350534606,-8.505810820295375,0.0002022894793576521,-0.04590653023923075,0.00020146332385997668,-0.04095198906048323,-8.471858916901112,0.020927551576243944,-0.07985843363349332
2026-07,30.4,3.414442608412176,3.539842171269719,34.46147975002611,-0.12539956285754306,0.017206248585012452,1766.8,-4.062482671310195,-3.9634649856293263,0.018997175179551604,-0.09901768568086888,0.018971062330310946,-0.09302661677932336,-3.981036497727823,1.8666281748797797,-0.08144617358237216,0.006405394016013485,4746.0,-5.050614828583533,-4.989304844665223,0.006810397130977975,-0.061309983918309996,0.006818773796112506,-0.060623770850808355,-4.984153742508912,0.6845568690703543,-0.06646108607462065,0.0024084931072730154,12622.0,-6.028753993732009,-5.990074220163186,0.0025034782347434434,-0.03867977356882246,0.0025048312836364784,-0.03846094425313971,-5.961283512641014,0.25766027465690367,-0.06747048109099474,0.001409691629955947,21565.0,-6.564384300669768,-6.541312941149135,0.0014425932151011101,-0.02307135952063266,0.0014330261003630163,-0.016283353388440135,-6.518501451462318,0.14758791225300297,-0.045882849207449894,0.000224147465437788,135625.0,-8.403206394864686,-8.366602025787007,0.00023250425645130325,-0.036604369077679166,0.00023050727523463063,-0.02759049487860651,-8.321023226534308,0.02433467379517385,-0.08218316833037775,0.0001912996419424465,158913.0,-8.561669553226842,-8.506556971644695,0.0002021385970871812,-0.05511258158214716,0.00020129704163300555,-0.049664911165390124,-8.472253730209022,0.020919290731232748,-0.08941582301781992
2026-08,,,3.540505832871397,34.48435810177527,,,1764.6,,-3.9640517253311773,0.018986032052028083,,0.018959155599504472,,-3.981760110256932,1.8652779479247366,,,4747.0,,-4.989365447647618,0.006809984413106636,,0.0068183959558455525,,-4.984135938971804,0.6845690567124669,,,12638.0,,-5.990301072009918,0.002502910380494467,,0.0025042549498205348,,-5.961228471582476,0.25767445694146424,,,21606.0,,-6.54219716764812,0.0014413181997373207,,0.0014315891172675347,,-6.519156968324793,0.14749119759033288,,,135752.0,,-8.367583195677243,0.0002322762421541952,,0.0002302464436774653,,-8.321545403220288,0.024321970112929095,,,159075.0,,-8.507303122994013,0.00020198782735572954,,0.00020113075940603444,,-8.472648543516932,0.020911033147069345,
