# Industry: Mining, quarrying, and oil and gas extraction
# Series ID: CES1021000001
# Parent series: Total private (CES0500000001)
# Generated: 2026-05-28
# Denominator options:
#   opt1: Level 4 parent (default) = Goods-producing
#   opt2: Level 3 parent = Goods-producing
#   opt3: Level 2 parent = Mining and logging
#   opt4: Goods/Service-providing total = Goods-producing
#   opt5: Total private / Total government = Total private
#   opt6: Total nonfarm = Total nonfarm
date,employment_level,log_level,trend_log_level,predicted_level,resid_log_level,share_opt1,denom_employment_opt1,log_share_opt1,trend_log_share_opt1,predicted_share_opt1,resid_log_share_opt1,trend_raw_share_opt1,resid_raw_pct_dev_opt1,hp_cf_log_share_opt1,predicted_share_hp_opt1,resid_log_share_hp_opt1,share_opt2,denom_employment_opt2,log_share_opt2,trend_log_share_opt2,predicted_share_opt2,resid_log_share_opt2,trend_raw_share_opt2,resid_raw_pct_dev_opt2,hp_cf_log_share_opt2,predicted_share_hp_opt2,resid_log_share_hp_opt2,share_opt3,denom_employment_opt3,log_share_opt3,trend_log_share_opt3,predicted_share_opt3,resid_log_share_opt3,trend_raw_share_opt3,resid_raw_pct_dev_opt3,hp_cf_log_share_opt3,predicted_share_hp_opt3,resid_log_share_hp_opt3,share_opt4,denom_employment_opt4,log_share_opt4,trend_log_share_opt4,predicted_share_opt4,resid_log_share_opt4,trend_raw_share_opt4,resid_raw_pct_dev_opt4,hp_cf_log_share_opt4,predicted_share_hp_opt4,resid_log_share_hp_opt4,share_opt5,denom_employment_opt5,log_share_opt5,trend_log_share_opt5,predicted_share_opt5,resid_log_share_opt5,trend_raw_share_opt5,resid_raw_pct_dev_opt5,hp_cf_log_share_opt5,predicted_share_hp_opt5,resid_log_share_hp_opt5,share_opt6,denom_employment_opt6,log_share_opt6,trend_log_share_opt6,predicted_share_opt6,resid_log_share_opt6,trend_raw_share_opt6,resid_raw_pct_dev_opt6,hp_cf_log_share_opt6,predicted_share_hp_opt6,resid_log_share_hp_opt6
2000-01,512.7,6.239690878789655,,,,0.020816923139388526,24629.0,-3.8719890106074706,,,,,,,,,0.020816923139388526,24629.0,-3.8719890106074706,,,,,,,,,0.8645868465430018,593.0,-0.14550352020807045,,,,,,,,,0.020816923139388526,24629.0,-3.8719890106074706,,,,,,,,,0.004642339731981166,110440.0,-5.372536787254436,,,,,,,,,0.003913411850913283,131011.0,-5.5433456893340445,,,,,,,,
2000-02,513.0,6.240275845170769,,,,0.020846879063719116,24608.0,-3.870551027134601,,,,,,,,,0.020846879063719116,24608.0,-3.870551027134601,,,,,,,,,0.8636363636363636,594.0,-0.1466034741918754,,,,,,,,,0.020846879063719116,24608.0,-3.870551027134601,,,,,,,,,0.004641651812777662,110521.0,-5.372684981961733,,,,,,,,,0.0039124466137888956,131120.0,-5.543592368246942,,,,,,,,
2000-03,512.9,6.240080894395223,,,,0.020760139237432203,24706.0,-3.8747205137015364,,,,,,,,,0.020760139237432203,24706.0,-3.8747205137015364,,,,,,,,,0.8649241146711636,593.0,-0.14511350460250266,,,,,,,,,0.020760139237432203,24706.0,-3.8747205137015364,,,,,,,,,0.004626096995607508,110871.0,-5.3760417479029705,,,,,,,,,0.003897297954469469,131604.0,-5.547471798152986,,,,,,,,
2000-04,517.0,6.248042874508429,,,,0.020940499817732595,24689.0,-3.866070204782936,,,,,,,,,0.020940499817732595,24689.0,-3.866070204782936,,,,,,,,,0.8674496644295302,596.0,-0.14219779255692064,,,,,,,,,0.020940499817732595,24689.0,-3.866070204782936,,,,,,,,,0.004654219405484237,111082.0,-5.36998107179163,,,,,,,,,0.003920111613235874,131884.0,-5.541635152820854,,,,,,,,
2000-05,519.4,6.252674299228648,,,,0.021074413697963156,24646.0,-3.8596955952694203,,,,,,,,,0.021074413697963156,24646.0,-3.8596955952694203,,,,,,,,,0.868561872909699,598.0,-0.14091645472198366,,,,,,,,,0.021074413697963156,24646.0,-3.8596955952694203,,,,,,,,,0.0046810504875718735,110958.0,-5.364232731084283,,,,,,,,,0.003931720979523864,132105.0,-5.538678040679022,,,,,,,,
2000-06,518.3,6.2505542251956605,,,,0.021009323064450747,24670.0,-3.8627889843277416,,,,,,,,,0.021009323064450747,24670.0,-3.8627889843277416,,,,,,,,,0.8681742043551088,597.0,-0.14136288819694126,,,,,,,,,0.021009323064450747,24670.0,-3.8627889843277416,,,,,,,,,0.004661977405195365,111176.0,-5.368315584970757,,,,,,,,,0.003924642026911398,132063.0,-5.540480135241718,,,,,,,,
2000-07,520.8,6.255366090894359,,,,0.02107051826677995,24717.0,-3.8598804540893403,,,,,,,,,0.02107051826677995,24717.0,-3.8598804540893403,,,,,,,,,0.8665557404326122,601.0,-0.14322884364084823,,,,,,,,,0.02107051826677995,24717.0,-3.8598804540893403,,,,,,,,,0.00467668214186295,111361.0,-5.365166364518625,,,,,,,,,0.003938651420274072,132228.0,-5.5369168933814175,,,,,,,,
2000-08,520.9,6.255558084751145,,,,0.021103593566422232,24683.0,-3.858311941796578,,,,,,,,,0.021103593566422232,24683.0,-3.858311941796578,,,,,,,,,0.8681666666666666,600.0,-0.14137157046500054,,,,,,,,,0.021103593566422232,24683.0,-3.858311941796578,,,,,,,,,0.004676068475811737,111397.0,-5.36529759137951,,,,,,,,,0.003939228942632001,132234.0,-5.536770274663601,,,,,,,,
2000-09,525.7,6.264730707825403,,,,0.021334361430136766,24641.0,-3.847436293414113,,,,,,,,,0.021334361430136766,24641.0,-3.847436293414113,,,,,,,,,0.8689256198347108,605.0,-0.14049775020543898,,,,,,,,,0.021334361430136766,24641.0,-3.847436293414113,,,,,,,,,0.004710489059335855,111602.0,-5.3579635420903164,,,,,,,,,0.003972434013163363,132337.0,-5.528376270600526,,,,,,,,
2000-10,528.3,6.26966430417027,,,,0.021442487214871336,24638.0,-3.8423809413516494,,,,,,,,,0.021442487214871336,24638.0,-3.8423809413516494,,,,,,,,,0.8703459637561779,607.0,-0.13886448688922814,,,,,,,,,0.021442487214871336,24638.0,-3.8423809413516494,,,,,,,,,0.004733489234739134,111609.0,-5.353092666668721,,,,,,,,,0.003991628384912959,132352.0,-5.523556014817721,,,,,,,,
2000-11,527.1,6.267390283861161,,,,0.021405945419103314,24624.0,-3.844086572217499,,,,,,,,,0.021405945419103314,24624.0,-3.844086572217499,,,,,,,,,0.8712396694214877,605.0,-0.1378381741696802,,,,,,,,,0.021405945419103314,24624.0,-3.844086572217499,,,,,,,,,0.004714837740169595,111796.0,-5.357040777026607,,,,,,,,,0.0039764326020700685,132556.0,-5.527370192768921,,,,,,,,
2000-12,525.8,6.264920912295781,,,,0.02139659803043867,24574.0,-3.844523340131736,,,,,,,,,0.02139659803043867,24574.0,-3.844523340131736,,,,,,,,,0.8748752079866888,601.0,-0.13367402223942676,,,,,,,,,0.02139659803043867,24574.0,-3.844523340131736,,,,,,,,,0.004698334405604403,111912.0,-5.360547214860486,,,,,,,,,0.00396184333463938,132716.0,-5.531045873476634,,,,,,,,
2001-01,529.8,6.272499576837969,,,,0.021593641736295088,24535.0,-3.8353563716860344,,,,,,,,,0.021593641736295088,24535.0,-3.8353563716860344,,,,,,,,,0.8742574257425741,606.0,-0.13438040923134525,,,,,,,,,0.021593641736295088,24535.0,-3.8353563716860344,,,,,,,,,0.004735938784996603,111868.0,-5.352575306949212,,,,,,,,,0.0039923739478384054,132703.0,-5.523369250611866,,,,,,,,
2001-02,532.9,6.278333789302737,,,,0.021770569490971482,24478.0,-3.827196244639547,,,,,,,,,0.021770569490971482,24478.0,-3.827196244639547,,,,,,,,,0.8779242174629324,607.0,-0.1301950017567618,,,,,,,,,0.021770569490971482,24478.0,-3.827196244639547,,,,,,,,,0.0047630539318210255,111882.0,-5.346866234149412,,,,,,,,,0.0040131638401060335,132788.0,-5.5181753611931095,,,,,,,,
2001-03,535.5,6.283200889887803,,,,0.02193773043834494,24410.0,-3.8195472734992024,,,,,,,,,0.02193773043834494,24410.0,-3.8195472734992024,,,,,,,,,0.8778688524590164,610.0,-0.13025806727955352,,,,,,,,,0.02193773043834494,24410.0,-3.8195472734992024,,,,,,,,,0.004789546178201528,111806.0,-5.341319615638266,,,,,,,,,0.004033867918132443,132751.0,-5.513029582144695,,,,,,,,
2001-04,535.3,6.282827337399335,,,,0.02206967635539064,24255.0,-3.8135507232799815,,,,,,,,,0.02206967635539064,24255.0,-3.8135507232799815,,,,,,,,,0.8789819376026272,609.0,-0.12899093031056147,,,,,,,,,0.02206967635539064,24255.0,-3.8135507232799815,,,,,,,,,0.004802361258141496,111466.0,-5.338647553246109,,,,,,,,,0.00404128100982953,132458.0,-5.511193555627865,,,,,,,,
2001-05,535.3,6.282827337399335,,,,0.022195041048179782,24118.0,-3.8078863912642023,,,,,,,,,0.022195041048179782,24118.0,-3.8078863912642023,,,,,,,,,0.8789819376026272,609.0,-0.12899093031056147,,,,,,,,,0.022195041048179782,24118.0,-3.8078863912642023,,,,,,,,,0.0048061124628520635,111379.0,-5.337866741431439,,,,,,,,,0.004042807081143133,132408.0,-5.510816006221041,,,,,,,,
2001-06,535.2,6.282640508814019,,,,0.022334432249718317,23963.0,-3.8016257442585495,,,,,,,,,0.022334432249718317,23963.0,-3.8016257442585495,,,,,,,,,0.877377049180328,610.0,-0.13081844835333808,,,,,,,,,0.022334432249718317,23963.0,-3.8016257442585495,,,,,,,,,0.004814551604400745,111163.0,-5.3361123628034735,,,,,,,,,0.004045351473922903,132300.0,-5.510186841289029,,,,,,,,
2001-07,536.0,6.284134161070802,,,,0.02248699446215808,23836.0,-3.7948181607960674,,,,,,,,,0.02248699446215808,23836.0,-3.7948181607960674,,,,,,,,,0.8786885245901639,610.0,-0.129324796096555,,,,,,,,,0.02248699446215808,23836.0,-3.7948181607960674,,,,,,,,,0.004829394433582311,110987.0,-5.333034195247807,,,,,,,,,0.004055321853342614,132172.0,-5.507725222593497,,,,,,,,
2001-08,534.0,6.280395838960195,,,,0.022562109176947776,23668.0,-3.79148336483639,,,,,,,,,0.022562109176947776,23668.0,-3.79148336483639,,,,,,,,,0.8782894736842105,608.0,-0.12977904300597218,,,,,,,,,0.022562109176947776,23668.0,-3.79148336483639,,,,,,,,,0.004819364096639983,110803.0,-5.335113289780857,,,,,,,,,0.0040448110527870566,132021.0,-5.510320440863787,,,,,,,,
2001-09,532.9,6.278333789302737,,,,0.022642872317824515,23535.0,-3.7879101645325064,,,,,,,,,0.022642872317824515,23535.0,-3.7879101645325064,,,,,,,,,0.8793729372937293,606.0,-0.1285461967665779,,,,,,,,,0.022642872317824515,23535.0,-3.7879101645325064,,,,,,,,,0.004821708091674885,110521.0,-5.334627037829766,,,,,,,,,0.004044382717454824,131763.0,-5.510426343959893,,,,,,,,
2001-10,529.1,6.271177449910086,,,,0.022631421361050515,23379.0,-3.7884160126015844,,,,,,,,,0.022631421361050515,23379.0,-3.7884160126015844,,,,,,,,,0.8789036544850499,602.0,-0.1290799953987349,,,,,,,,,0.022631421361050515,23379.0,-3.7884160126015844,,,,,,,,,0.0048022727066447625,110177.0,-5.338665992573846,,,,,,,,,0.004025043361835499,131452.0,-5.515219595042808,,,,,,,,
2001-11,528.3,6.26966430417027,,,,0.022762721358093842,23209.0,-3.7826311092928244,,,,,,,,,0.022762721358093842,23209.0,-3.7826311092928244,,,,,,,,,0.8805,600.0,-0.12726535104587627,,,,,,,,,0.022762721358093842,23209.0,-3.7826311092928244,,,,,,,,,0.0048106867726602194,109818.0,-5.336915424877747,,,,,,,,,0.0040283962666992,131144.0,-5.5143869309360225,,,,,,,,
2001-12,525.5,6.264350190317006,,,,0.0227548280938772,23094.0,-3.7829779321947954,,,,,,,,,0.0227548280938772,23094.0,-3.7829779321947954,,,,,,,,,0.8802345058626466,597.0,-0.1275669230755962,,,,,,,,,0.0227548280938772,23094.0,-3.7829779321947954,,,,,,,,,0.0047934834166453825,109628.0,-5.34049790500356,,,,,,,,,0.004011971019139888,130983.0,-5.518472632452933,,,,,,,,
2002-01,529.4,6.271744289793001,,,,0.0230544789443888,22963.0,-3.7698952141258695,,,,,,,,,0.0230544789443888,22963.0,-3.7698952141258695,,,,,,,,,0.8823333333333333,600.0,-0.1251853654231455,,,,,,,,,0.0230544789443888,22963.0,-3.7698952141258695,,,,,,,,,0.004835498072742551,109482.0,-5.331771141371589,,,,,,,,,0.004045575772396243,130859.0,-5.510131396846984,,,,,,,,
2002-02,523.7,6.260919001285442,,,,0.022888986013986017,22880.0,-3.777099444208292,,,,,,,,,0.022888986013986017,22880.0,-3.777099444208292,,,,,,,,,0.8786912751677853,596.0,-0.12932166577990764,,,,,,,,,0.022888986013986017,22880.0,-3.777099444208292,,,,,,,,,0.0047893403568456385,109347.0,-5.34136258960088,,,,,,,,,0.004005752005935581,130737.0,-5.520023949312363,,,,,,,,
2002-03,517.3,6.248622977009469,,,,0.02270154035195506,22787.0,-3.7853224998826365,,,,,,,,,0.02270154035195506,22787.0,-3.7853224998826365,,,,,,,,,0.8782682512733446,589.0,-0.12980320664211734,,,,,,,,,0.02270154035195506,22787.0,-3.7853224998826365,,,,,,,,,0.004733235124575674,109291.0,-5.353146351587364,,,,,,,,,0.003957252796009852,130722.0,-5.53220523284492,,,,,,,,
2002-04,515.6,6.245331271065032,,,,0.022724668341487064,22689.0,-3.784304233459107,,,,,,,,,0.022724668341487064,22689.0,-3.784304233459107,,,,,,,,,0.8783645655877342,587.0,-0.12969354876306413,,,,,,,,,0.022724668341487064,22689.0,-3.784304233459107,,,,,,,,,0.004722779441803377,109173.0,-5.355357787908656,,,,,,,,,0.003947449010840939,130616.0,-5.534685728740968,,,,,,,,
2002-05,512.6,6.239495813929971,,,,0.022675395912589578,22606.0,-3.786474822820706,,,,,,,,,0.022675395912589578,22606.0,-3.786474822820706,,,,,,,,,0.8777397260273972,584.0,-0.13040516889825635,,,,,,,,,0.022675395912589578,22606.0,-3.786474822820706,,,,,,,,,0.004697666746091387,109118.0,-5.360689330533602,,,,,,,,,0.00392400024496295,130632.0,-5.540643674852175,,,,,,,,
2002-06,508.9,6.232251533594787,,,,0.02254063870310493,22577.0,-3.7924354343431856,,,,,,,,,0.02254063870310493,22577.0,-3.7924354343431856,,,,,,,,,0.8789291882556131,579.0,-0.12905094397820832,,,,,,,,,0.02254063870310493,22577.0,-3.7924354343431856,,,,,,,,,0.004663459335624284,109125.0,-5.367997759547117,,,,,,,,,0.0038944242925141957,130674.0,-5.548209417383877,,,,,,,,
2002-07,507.5,6.229496710915942,,,,0.022534523333777364,22521.0,-3.7927067753251698,,,,,,,,,0.022534523333777364,22521.0,-3.7927067753251698,,,,,,,,,0.8795493934142115,577.0,-0.12834555559215716,,,,,,,,,0.022534523333777364,22521.0,-3.7927067753251698,,,,,,,,,0.004654255319148936,109040.0,-5.369973355454472,,,,,,,,,0.003886387306254978,130584.0,-5.550275265917929,,,,,,,,
2002-08,507.2,6.228905403123016,,,,0.022594440484675696,22448.0,-3.790051399219226,,,,,,,,,0.022594440484675696,22448.0,-3.790051399219226,,,,,,,,,0.8805555555555555,576.0,-0.1272022575728751,,,,,,,,,0.022594440484675696,22448.0,-3.790051399219226,,,,,,,,,0.004653552554315913,108992.0,-5.370124360899344,,,,,,,,,0.003884179168485461,130581.0,-5.550843599728888,,,,,,,,
2002-09,505.5,6.225548038460526,,,,0.022570994820503662,22396.0,-3.791089612008258,,,,,,,,,0.022570994820503662,22396.0,-3.791089612008258,,,,,,,,,0.8791304347826087,575.0,-0.12882200233682436,,,,,,,,,0.022570994820503662,22396.0,-3.791089612008258,,,,,,,,,0.004639487499541099,108956.0,-5.373151371529429,,,,,,,,,0.0038735038543470596,130502.0,-5.55359579283742,,,,,,,,
2002-10,506.4,6.227326870829966,,,,0.022685122967343097,22323.0,-3.7860459452354047,,,,,,,,,0.022685122967343097,22323.0,-3.7860459452354047,,,,,,,,,0.880695652173913,575.0,-0.12704316996738407,,,,,,,,,0.022685122967343097,22323.0,-3.7860459452354047,,,,,,,,,0.004643400759229034,109058.0,-5.372308258952684,,,,,,,,,0.0038769838535565814,130617.0,-5.5526977849766155,,,,,,,,
2002-11,506.9,6.228313745478304,,,,0.02274930437124136,22282.0,-3.783220711140958,,,,,,,,,0.02274930437124136,22282.0,-3.783220711140958,,,,,,,,,0.8785095320623917,577.0,-0.12952852102979587,,,,,,,,,0.02274930437124136,22282.0,-3.783220711140958,,,,,,,,,0.004648965928371623,109035.0,-5.371110465108542,,,,,,,,,0.003880841550805414,130616.0,-5.5517032543276965,,,,,,,,
2002-12,505.6,6.225745842832648,,,,0.022787092121867678,22188.0,-3.7815610383424776,,,,,,,,,0.022787092121867678,22188.0,-3.7815610383424776,,,,,,,,,0.8762564991334489,577.0,-0.13209642367545182,,,,,,,,,0.022787092121867678,22188.0,-3.7815610383424776,,,,,,,,,0.004643772330244221,108877.0,-5.372228240843447,,,,,,,,,0.0038753688728777836,130465.0,-5.553114427706674,,,,,,,,
2003-01,504.4,6.223369604090764,,,,0.022776122098798878,22146.0,-3.7820425681672893,,,,,,,,,0.022776122098798878,22146.0,-3.7820425681672893,,,,,,,,,0.8772173913043478,575.0,-0.13100043670658593,,,,,,,,,0.022776122098798878,22146.0,-3.7820425681672893,,,,,,,,,0.004629774110347233,108947.0,-5.375247200336117,,,,,,,,,0.0038629732027295072,130573.0,-5.55631813222873,,,,,,,,
2003-02,504.9,6.22436038986487,,,,0.022927072927072925,22022.0,-3.7754368428086664,,,,,,,,,0.022927072927072925,22022.0,-3.7754368428086664,,,,,,,,,0.8780869565217391,575.0,-0.13000965093248049,,,,,,,,,0.022927072927072925,22022.0,-3.7754368428086664,,,,,,,,,0.0046399000156225586,108817.0,-5.373062461333349,,,,,,,,,0.0038707154958946954,130441.0,-5.554315906369012,,,,,,,,
2003-03,501.3,6.2172047242694575,,,,0.022843472317156527,21945.0,-3.7790898778528765,,,,,,,,,0.022843472317156527,21945.0,-3.7790898778528765,,,,,,,,,0.8794736842105263,570.0,-0.12843163655913814,,,,,,,,,0.022843472317156527,21945.0,-3.7790898778528765,,,,,,,,,0.004614959723820484,108625.0,-5.378452138298235,,,,,,,,,0.0038491956847237687,130235.0,-5.559891065566578,,,,,,,,
2003-04,498.0,6.210600077024653,,,,0.02277820976078306,21863.0,-3.781950912252235,,,,,,,,,0.02277820976078306,21863.0,-3.781950912252235,,,,,,,,,0.8798586572438163,566.0,-0.12799400117852996,,,,,,,,,0.02277820976078306,21863.0,-3.781950912252235,,,,,,,,,0.004586564497411998,108578.0,-5.384624010666694,,,,,,,,,0.0038256781360189902,130173.0,-5.566019536955253,,,,,,,,
2003-05,500.5,6.215607598755275,,,,0.022922964184299715,21834.0,-3.7756160680849398,,,,,,,,,0.022922964184299715,21834.0,-3.7756160680849398,,,,,,,,,0.8780701754385964,570.0,-0.13002876207332062,,,,,,,,,0.022922964184299715,21834.0,-3.7756160680849398,,,,,,,,,0.004607382859246985,108630.0,-5.380095292672522,,,,,,,,,0.0038441745969569193,130197.0,-5.561196368261218,,,,,,,,
2003-06,501.3,6.2172047242694575,,,,0.023008077841013403,21788.0,-3.7719099142341075,,,,,,,,,0.023008077841013403,21788.0,-3.7719099142341075,,,,,,,,,0.8763986013986014,572.0,-0.1319342671103402,,,,,,,,,0.023008077841013403,21788.0,-3.7719099142341075,,,,,,,,,0.004616872352182722,108580.0,-5.378037783189984,,,,,,,,,0.0038506444625382146,130186.0,-5.559514751823998,,,,,,,,
2003-07,502.2,6.218998446723485,,,,0.02313326270210512,21709.0,-3.7664837533652706,,,,,,,,,0.02313326270210512,21709.0,-3.7664837533652706,,,,,,,,,0.8795096322241681,571.0,-0.1283907629325256,,,,,,,,,0.02313326270210512,21709.0,-3.7664837533652706,,,,,,,,,0.004626396808873248,108551.0,-5.375976940885062,,,,,,,,,0.0038576169114484114,130184.0,-5.5577056666169655,,,,,,,,
2003-08,501.5,6.2176036074019905,,,,0.023104210817285545,21706.0,-3.76774039160397,,,,,,,,,0.023104210817285545,21706.0,-3.76774039160397,,,,,,,,,0.8798245614035087,570.0,-0.12803275342660567,,,,,,,,,0.023104210817285545,21706.0,-3.76774039160397,,,,,,,,,0.0046179912888938,108597.0,-5.377795454389031,,,,,,,,,0.003853157437784761,130153.0,-5.558862353081613,,,,,,,,
2003-09,501.2,6.217005223021913,,,,0.023097838610074195,21699.0,-3.7680162324954773,,,,,,,,,0.023097838610074195,21699.0,-3.7680162324954773,,,,,,,,,0.879298245614035,570.0,-0.12863113780668267,,,,,,,,,0.023097838610074195,21699.0,-3.7680162324954773,,,,,,,,,0.004608820392099165,108748.0,-5.379783334955307,,,,,,,,,0.003847925559684304,130252.0,-5.560221091562185,,,,,,,,
2003-10,503.9,6.222377835686553,,,,0.02322976212428545,21692.0,-3.7623209722743987,,,,,,,,,0.02322976212428545,21692.0,-3.7623209722743987,,,,,,,,,0.8778745644599303,574.0,-0.13025156063301405,,,,,,,,,0.02322976212428545,21692.0,-3.7623209722743987,,,,,,,,,0.004627988354258318,108881.0,-5.375632986019837,,,,,,,,,0.0038631084261608875,130439.0,-5.556283127827304,,,,,,,,
2003-11,505.3,6.225152312297863,,,,0.02329859830320915,21688.0,-3.7593620788806383,,,,,,,,,0.02329859830320915,21688.0,-3.7593620788806383,,,,,,,,,0.8772569444444445,576.0,-0.13095534839802833,,,,,,,,,0.02329859830320915,21688.0,-3.7593620788806383,,,,,,,,,0.0046381201523704625,108945.0,-5.373446134410515,,,,,,,,,0.003872624156958921,130480.0,-5.553822924997033,,,,,,,,
2003-12,506.2,6.226931848111024,,,,0.02332611400396295,21701.0,-3.7581817733050498,,,,,,,,,0.02332611400396295,21701.0,-3.7581817733050498,,,,,,,,,0.8803478260869565,575.0,-0.12743819268632678,,,,,,,,,0.02332611400396295,21701.0,-3.7581817733050498,,,,,,,,,0.004642205368524344,109043.0,-5.372565730720244,,,,,,,,,0.0038762836073482454,130589.0,-5.552878417519933,,,,,,,,
2004-01,507.7,6.229890721953349,,,,0.023381228700377635,21714.0,-3.7558217708384487,,,,,,,,,0.023381228700377635,21714.0,-3.7558217708384487,,,,,,,,,0.8829565217391304,575.0,-0.12447931884400182,,,,,,,,,0.023381228700377635,21714.0,-3.7558217708384487,,,,,,,,,0.004648501162811991,109218.0,-5.3712104419206055,,,,,,,,,0.003882804613172627,130756.0,-5.551197548022286,,,,,,,,
2004-02,510.0,6.234410725718371,,,,0.023509887982298437,21693.0,-3.75033418112469,,,,,,,,,0.023509887982298437,21693.0,-3.75033418112469,,,,,,,,,0.8854166666666666,576.0,-0.12169693497751982,,,,,,,,,0.023509887982298437,21693.0,-3.75033418112469,,,,,,,,,0.004667295073715808,109271.0,-5.367175588447263,,,,,,,,,0.00389845666980072,130821.0,-5.547174529858734,,,,,,,,
2004-03,515.1,6.24436105657154,,,,0.023674050923798144,21758.0,-3.743375728409488,,,,,,,,,0.023674050923798144,21758.0,-3.743375728409488,,,,,,,,,0.8820205479452056,584.0,-0.12553992625668742,,,,,,,,,0.023674050923798144,21758.0,-3.743375728409488,,,,,,,,,0.004701876734336206,109552.0,-5.359793544789304,,,,,,,,,0.003927863352142748,131140.0,-5.539659677246071,,,,,,,,
2004-04,517.6,6.249202743186691,,,,0.023740941198055227,21802.0,-3.740554244501613,,,,,,,,,0.023740941198055227,21802.0,-3.740554244501613,,,,,,,,,0.8832764505119455,586.0,-0.12411704639032171,,,,,,,,,0.023740941198055227,21802.0,-3.740554244501613,,,,,,,,,0.004714111368148782,109798.0,-5.357194849768735,,,,,,,,,0.003938757495510304,131412.0,-5.536889961877068,,,,,,,,
2004-05,521.8,6.257284372702628,,,,0.02384717334673918,21881.0,-3.7360895866280233,,,,,,,,,0.02384717334673918,21881.0,-3.7360895866280233,,,,,,,,,0.8829103214890016,591.0,-0.12453164470347022,,,,,,,,,0.02384717334673918,21881.0,-3.7360895866280233,,,,,,,,,0.004740059773080312,110083.0,-5.351705533000166,,,,,,,,,0.003962125181287348,131697.0,-5.530974735726018,,,,,,,,
2004-06,522.4,6.258433577962221,,,,0.02386804952711655,21887.0,-3.735214554281864,,,,,,,,,0.02386804952711655,21887.0,-3.735214554281864,,,,,,,,,0.8839255499153976,591.0,-0.1233824394438769,,,,,,,,,0.02386804952711655,21887.0,-3.735214554281864,,,,,,,,,0.004740773007359814,110193.0,-5.351555074850051,,,,,,,,,0.003963761627995204,131794.0,-5.53056179853161,,,,,,,,
2004-07,526.3,6.265871392359733,,,,0.02402976897087024,21902.0,-3.728461843475971,,,,,,,,,0.02402976897087024,21902.0,-3.728461843475971,,,,,,,,,0.8860269360269359,594.0,-0.12100792700291176,,,,,,,,,0.02402976897087024,21902.0,-3.728461843475971,,,,,,,,,0.004773782744358174,110248.0,-5.344616260195248,,,,,,,,,0.003991536092951295,131854.0,-5.5235791364662665,,,,,,,,
2004-08,527.7,6.268527940411622,,,,0.024048671558127878,21943.0,-3.7276755206242473,,,,,,,,,0.024048671558127878,21943.0,-3.7276755206242473,,,,,,,,,0.8868907563025211,595.0,-0.12003346513400745,,,,,,,,,0.024048671558127878,21943.0,-3.7276755206242473,,,,,,,,,0.004783661037230427,110313.0,-5.3425491182657625,,,,,,,,,0.003999575561433693,131939.0,-5.5215670331338496,,,,,,,,
2004-09,529.2,6.271366432240801,,,,0.02410055560615721,21958.0,-3.725520384553877,,,,,,,,,0.02410055560615721,21958.0,-3.725520384553877,,,,,,,,,0.8864321608040202,597.0,-0.12055068115180134,,,,,,,,,0.02410055560615721,21958.0,-3.725520384553877,,,,,,,,,0.004791134771035907,110454.0,-5.340987991433816,,,,,,,,,0.0040063896312334864,132089.0,-5.519864784552645,,,,,,,,
2004-10,527.6,6.268338420843159,,,,0.02397745864388293,22004.0,-3.7306411131521893,,,,,,,,,0.02397745864388293,22004.0,-3.7306411131521893,,,,,,,,,0.8867226890756303,595.0,-0.12022298470247013,,,,,,,,,0.02397745864388293,22004.0,-3.7306411131521893,,,,,,,,,0.004762893484874473,110773.0,-5.346899920446333,,,,,,,,,0.003984021626682977,132429.0,-5.525463510890238,,,,,,,,
2004-11,532.1,6.276831441602324,,,,0.024190761956719403,21996.0,-3.721784456025382,,,,,,,,,0.024190761956719403,21996.0,-3.721784456025382,,,,,,,,,0.888313856427379,599.0,-0.11843015651312566,,,,,,,,,0.024190761956719403,21996.0,-3.721784456025382,,,,,,,,,0.004801869850466109,110811.0,-5.338749884743604,,,,,,,,,0.0040157581337781035,132503.0,-5.517529124059209,,,,,,,,
2004-12,535.2,6.282640508814019,,,,0.024322850390838032,22004.0,-3.71633902518133,,,,,,,,,0.024322850390838032,22004.0,-3.71633902518133,,,,,,,,,0.8890365448504984,602.0,-0.11761693649480223,,,,,,,,,0.024322850390838032,22004.0,-3.71633902518133,,,,,,,,,0.004824359771762352,110937.0,-5.334077242785443,,,,,,,,,0.004035286134358743,132630.0,-5.51267806667438,,,,,,,,
2005-01,540.3,6.29212454085002,,,,0.024604945580399835,21959.0,-3.7048078163959715,,,,,,,,,0.024604945580399835,21959.0,-3.7048078163959715,,,,,,,,,0.8901153212520593,607.0,-0.11640425020947821,,,,,,,,,0.024604945580399835,21959.0,-3.7048078163959715,,,,,,,,,0.004865551213010824,111046.0,-5.325575268012928,,,,,,,,,0.004069106272734804,132781.0,-5.5043318926494775,,,,,,,,
2005-02,544.3,6.299500565440154,,,,0.02470161107329249,22035.0,-3.7008868118359333,,,,,,,,,0.02470161107329249,22035.0,-3.7008868118359333,,,,,,,,,0.8922950819672131,610.0,-0.11395839172720264,,,,,,,,,0.02470161107329249,22035.0,-3.7008868118359333,,,,,,,,,0.00489082577050948,111290.0,-5.320394120527316,,,,,,,,,0.004091435272186058,133034.0,-5.498859448191374,,,,,,,,
2005-03,548.5,6.307187279715285,,,,0.024858372988896444,22065.0,-3.6945606419883625,,,,,,,,,0.024858372988896444,22065.0,-3.6945606419883625,,,,,,,,,0.890422077922078,616.0,-0.11605968381823481,,,,,,,,,0.024858372988896444,22065.0,-3.6945606419883625,,,,,,,,,0.004923079684779292,111414.0,-5.3138209921133654,,,,,,,,,0.004119290445649399,133154.0,-5.492074352382359,,,,,,,,
2005-04,555.2,6.319328409192595,,,,0.02508244861079738,22135.0,-3.6855869359736464,,,,,,,,,0.02508244861079738,22135.0,-3.6855869359736464,,,,,,,,,0.895483870967742,620.0,-0.11039106884654247,,,,,,,,,0.02508244861079738,22135.0,-3.6855869359736464,,,,,,,,,0.004967521428699247,111766.0,-5.3048342697681905,,,,,,,,,0.004158178550029958,133520.0,-5.482678149143122,,,,,,,,
2005-05,556.5,6.3216671707156,,,,0.02510148849797023,22170.0,-3.6848281318947578,,,,,,,,,0.02510148849797023,22170.0,-3.6848281318947578,,,,,,,,,0.8961352657004831,621.0,-0.10966391121787926,,,,,,,,,0.02510148849797023,22170.0,-3.6848281318947578,,,,,,,,,0.004972834828609215,111908.0,-5.303765213432889,,,,,,,,,0.004162646141417768,133689.0,-5.48160431524257,,,,,,,,
2005-06,560.2,6.328293862826008,,,,0.0252524341868013,22184.0,-3.6788327244696055,,,,,,,,,0.0252524341868013,22184.0,-3.6788327244696055,,,,,,,,,0.8977564102564103,624.0,-0.10785650554341948,,,,,,,,,0.0252524341868013,22184.0,-3.6788327244696055,,,,,,,,,0.004993537460444801,112185.0,-5.29961071046787,,,,,,,,,0.004182219965956939,133948.0,-5.476913081090896,,,,,,,,
2005-07,560.8,6.32936433572038,,,,0.02525671050261214,22204.0,-3.6786633960896715,,,,,,,,,0.02525671050261214,22204.0,-3.6786633960896715,,,,,,,,,0.8958466453674121,626.0,-0.10998603537971824,,,,,,,,,0.02525671050261214,22204.0,-3.6786633960896715,,,,,,,,,0.004987415846250989,112443.0,-5.300837369840638,,,,,,,,,0.00417572598659717,134300.0,-5.478467046790949,,,,,,,,
2005-08,564.4,6.335763219978659,,,,0.025395968322534195,22224.0,-3.6731648450154664,,,,,,,,,0.025395968322534195,22224.0,-3.6731648450154664,,,,,,,,,0.8958730158730158,630.0,-0.10995659940691949,,,,,,,,,0.025395968322534195,22224.0,-3.6731648450154664,,,,,,,,,0.005010697893269649,112639.0,-5.296180073532893,,,,,,,,,0.00419622013055568,134502.0,-5.473571127823292,,,,,,,,
2005-09,570.1,6.3458117840375365,,,,0.025653602123925662,22223.0,-3.6630712835439323,,,,,,,,,0.025653602123925662,22223.0,-3.6630712835439323,,,,,,,,,0.8977952755905512,635.0,-0.10781321485515548,,,,,,,,,0.025653602123925662,22223.0,-3.6630712835439323,,,,,,,,,0.005058248378539044,112707.0,-5.286735025862716,,,,,,,,,0.00423702360425709,134552.0,-5.4638942363697325,,,,,,,,
2005-10,575.6,6.355412975013213,,,,0.02582323912068192,22290.0,-3.656480451366702,,,,,,,,,0.02582323912068192,22290.0,-3.656480451366702,,,,,,,,,0.8979719188767551,641.0,-0.10761648190745726,,,,,,,,,0.02582323912068192,22290.0,-3.656480451366702,,,,,,,,,0.0051022940821898385,112812.0,-5.278065020353338,,,,,,,,,0.004275072229112975,134641.0,-5.454954281037203,,,,,,,,
2005-11,582.1,6.36664225427769,,,,0.026038917468127937,22355.0,-3.6481630343903912,,,,,,,,,0.026038917468127937,22355.0,-3.6481630343903912,,,,,,,,,0.8996908809891808,647.0,-0.10570404022321075,,,,,,,,,0.026038917468127937,22355.0,-3.6481630343903912,,,,,,,,,0.005145044105428769,113138.0,-5.269721337249142,,,,,,,,,0.00431194767291125,134997.0,-5.446365580673737,,,,,,,,
2005-12,586.8,6.374684046268826,,,,0.02622804273007643,22373.0,-3.6409261074042494,,,,,,,,,0.02622804273007643,22373.0,-3.6409261074042494,,,,,,,,,0.9013824884792626,651.0,-0.10382559593974267,,,,,,,,,0.02622804273007643,22373.0,-3.6409261074042494,,,,,,,,,0.005180084745762712,113280.0,-5.26293386265872,,,,,,,,,0.004341553281690453,135159.0,-5.439523095893379,,,,,,,,
2006-01,591.1,6.381985207830324,,,,0.026312040952592923,22465.0,-3.6377286136739366,,,,,,,,,0.026312040952592923,22465.0,-3.6377286136739366,,,,,,,,,0.9010670731707318,656.0,-0.10417558111376518,,,,,,,,,0.026312040952592923,22465.0,-3.6377286136739366,,,,,,,,,0.005204261313611552,113580.0,-5.258277505601099,,,,,,,,,0.004364713092662468,135427.0,-5.434202820908674,,,,,,,,
2006-02,596.1,6.390408438225881,,,,0.026454533351085077,22533.0,-3.6323277421282407,,,,,,,,,0.026454533351085077,22533.0,-3.6323277421282407,,,,,,,,,0.9018154311649017,661.0,-0.10334540162580538,,,,,,,,,0.026454533351085077,22533.0,-3.6323277421282407,,,,,,,,,0.005235606692723201,113855.0,-5.252272549736884,,,,,,,,,0.004391710195751955,135733.0,-5.428036561525766,,,,,,,,
2006-03,602.6,6.401253626696201,,,,0.026702707493242345,22567.0,-3.622990314475709,,,,,,,,,0.026702707493242345,22567.0,-3.622990314475709,,,,,,,,,0.9020958083832336,668.0,-0.10303454684044484,,,,,,,,,0.026702707493242345,22567.0,-3.622990314475709,,,,,,,,,0.005279712621018969,114135.0,-5.243883610582532,,,,,,,,,0.004429644658110234,136038.0,-5.419435910758497,,,,,,,,
2006-04,612.3,6.417222358483909,,,,0.027060591328943295,22627.0,-3.609676803967419,,,,,,,,,0.027060591328943295,22627.0,-3.609676803967419,,,,,,,,,0.9030973451327433,678.0,-0.10192492945648682,,,,,,,,,0.027060591328943295,22627.0,-3.609676803967419,,,,,,,,,0.0053573772213035145,114291.0,-5.229280748041344,,,,,,,,,0.004495264664855737,136210.0,-5.4047307329574785,,,,,,,,
2006-05,614.1,6.420157781335353,,,,0.027179782243073384,22594.0,-3.6052818819515204,,,,,,,,,0.027179782243073384,22594.0,-3.6052818819515204,,,,,,,,,0.9017621145374449,681.0,-0.10340452481415884,,,,,,,,,0.027179782243073384,22594.0,-3.6052818819515204,,,,,,,,,0.005371622508156714,114323.0,-5.226625273051439,,,,,,,,,0.004507189043589311,136249.0,-5.402081591713662,,,,,,,,
2006-06,620.0,6.429719478039138,,,,0.027440913516862883,22594.0,-3.5957201852477367,,,,,,,,,0.027440913516862883,22594.0,-3.5957201852477367,,,,,,,,,0.9051094890510949,685.0,-0.09969936022308805,,,,,,,,,0.027440913516862883,22594.0,-3.5957201852477367,,,,,,,,,0.005418869903421754,114415.0,-5.217867990174487,,,,,,,,,0.004547554955734687,136337.0,-5.393165562821557,,,,,,,,
2006-07,624.2,6.436470829836679,,,,0.02763536547571612,22587.0,-3.588658968681553,,,,,,,,,0.02763536547571612,22587.0,-3.588658968681553,,,,,,,,,0.9046376811594203,690.0,-0.10022076775462596,,,,,,,,,0.02763536547571612,22587.0,-3.588658968681553,,,,,,,,,0.005448863437969203,114556.0,-5.212348235547092,,,,,,,,,0.0045719224487105305,136529.0,-5.387821495417726,,,,,,,,
2006-08,627.6,6.441903020858877,,,,0.02781175219356554,22566.0,-3.5822966068395137,,,,,,,,,0.02781175219356554,22566.0,-3.5822966068395137,,,,,,,,,0.9069364161849711,692.0,-0.09768293475879201,,,,,,,,,0.02781175219356554,22566.0,-3.5822966068395137,,,,,,,,,0.005472571742485678,114681.0,-5.208006619016699,,,,,,,,,0.004591344043543148,136692.0,-5.383582477829035,,,,,,,,
2006-09,631.1,6.447464328590194,,,,0.028007810766431458,22533.0,-3.5752718517639277,,,,,,,,,0.028007810766431458,22533.0,-3.5752718517639277,,,,,,,,,0.9080575539568345,695.0,-0.0964475169745983,,,,,,,,,0.028007810766431458,22533.0,-3.5752718517639277,,,,,,,,,0.0055000697204211114,114744.0,-5.2029945103838555,,,,,,,,,0.0046124274626167545,136826.0,-5.379000996001101,,,,,,,,
2006-10,636.6,6.456141514847992,,,,0.02835761058399038,22449.0,-3.562859833900476,,,,,,,,,0.02835761058399038,22449.0,-3.562859833900476,,,,,,,,,0.9107296137339056,699.0,-0.09350922738581778,,,,,,,,,0.02835761058399038,22449.0,-3.562859833900476,,,,,,,,,0.005546504029623176,114775.0,-5.19458745426943,,,,,,,,,0.00465204650584977,136843.0,-5.37044804741744,,,,,,,,
2006-11,637.6,6.4577111274760055,,,,0.028464285714285716,22400.0,-3.559105110367126,,,,,,,,,0.028464285714285716,22400.0,-3.559105110367126,,,,,,,,,0.9108571428571429,700.0,-0.09336920756739932,,,,,,,,,0.028464285714285716,22400.0,-3.559105110367126,,,,,,,,,0.005545456917470451,114977.0,-5.194776259866715,,,,,,,,,0.0046519772362468995,137060.0,-5.3704629376638096,,,,,,,,
2006-12,641.4,6.463653287259055,,,,0.028636485400482185,22398.0,-3.5530736608835842,,,,,,,,,0.028636485400482185,22398.0,-3.5530736608835842,,,,,,,,,0.9110795454545454,704.0,-0.09312506889898793,,,,,,,,,0.028636485400482185,22398.0,-3.5530736608835842,,,,,,,,,0.00556959387292573,115161.0,-5.19043314100004,,,,,,,,,0.00467325809295514,137249.0,-5.36589878611168,,,,,,,,
2007-01,643.5,6.466922027036182,,,,0.028684140144423644,22434.0,-3.551410917168987,,,,,,,,,0.028684140144423644,22434.0,-3.551410917168987,,,,,,,,,0.9127659574468086,705.0,-0.09127577577608725,,,,,,,,,0.028684140144423644,22434.0,-3.551410917168987,,,,,,,,,0.005577368106295015,115377.0,-5.189038279396625,,,,,,,,,0.004680953212290503,137472.0,-5.364253511952246,,,,,,,,
2007-02,648.3,6.47435355218095,,,,0.029033991670025527,22329.0,-3.5392880088470706,,,,,,,,,0.029033991670025527,22329.0,-3.5392880088470706,,,,,,,,,0.9130985915492957,710.0,-0.09091141785441116,,,,,,,,,0.029033991670025527,22329.0,-3.5392880088470706,,,,,,,,,0.005616439542922489,115429.0,-5.182057349131363,,,,,,,,,0.0047128525734225065,137560.0,-5.3574619123652525,,,,,,,,
2007-03,652.8,6.481270803649897,,,,0.029163688348820584,22384.0,-3.534830893255365,,,,,,,,,0.029163688348820584,22384.0,-3.534830893255365,,,,,,,,,0.9142857142857143,714.0,-0.08961215868968717,,,,,,,,,0.029163688348820584,22384.0,-3.534830893255365,,,,,,,,,0.0056453495913866905,115635.0,-5.176923153911575,,,,,,,,,0.004737850548684898,137784.0,-5.352171716865685,,,,,,,,
2007-04,658.7,6.490268195646648,,,,0.029478630566122176,22345.0,-3.5240896657209047,,,,,,,,,0.029478630566122176,22345.0,-3.5240896657209047,,,,,,,,,0.9148611111111111,720.0,-0.08898301636345372,,,,,,,,,0.029478630566122176,22345.0,-3.5240896657209047,,,,,,,,,0.005694550107199668,115672.0,-5.168245683061315,,,,,,,,,0.004778486292773873,137847.0,-5.343631457782846,,,,,,,,
2007-05,661.0,6.493753839851686,,,,0.02962000358487184,22316.0,-3.5193053491137327,,,,,,,,,0.02962000358487184,22316.0,-3.5193053491137327,,,,,,,,,0.9167822468793343,721.0,-0.08688529743326275,,,,,,,,,0.02962000358487184,22316.0,-3.5193053491137327,,,,,,,,,0.005708166737191167,115799.0,-5.165857368653475,,,,,,,,,0.004790132761319497,137992.0,-5.3411971515927785,,,,,,,,
2007-06,663.4,6.497378126512952,,,,0.029728881917992382,22315.0,-3.5156362505504184,,,,,,,,,0.029728881917992382,22315.0,-3.5156362505504184,,,,,,,,,0.9150344827586206,725.0,-0.08879352834172277,,,,,,,,,0.029728881917992382,22315.0,-3.5156362505504184,,,,,,,,,0.005725727799211137,115863.0,-5.1627856111219605,,,,,,,,,0.004804809154776562,138070.0,-5.338137955397246,,,,,,,,
2007-07,668.1,6.5044378629314314,,,,0.03000134716421932,22269.0,-3.506512992854225,,,,,,,,,0.03000134716421932,22269.0,-3.506512992854225,,,,,,,,,0.9177197802197803,728.0,-0.08586318526525426,,,,,,,,,0.03000134716421932,22269.0,-3.506512992854225,,,,,,,,,0.00576579531038292,115873.0,-5.155812179809344,,,,,,,,,0.004839761235548086,138044.0,-5.3308898909687645,,,,,,,,
2007-08,669.7,6.506829850916005,,,,0.030222482964032675,22159.0,-3.4991691625732004,,,,,,,,,0.030222482964032675,22159.0,-3.4991691625732004,,,,,,,,,0.9199175824175825,728.0,-0.08347119728068139,,,,,,,,,0.030222482964032675,22159.0,-3.4991691625732004,,,,,,,,,0.005783896292329882,115787.0,-5.15267772438153,,,,,,,,,0.004852441436676256,138013.0,-5.328273311685074,,,,,,,,
2007-09,669.1,6.505933525788771,,,,0.03029109511521572,22089.0,-3.4969015002480552,,,,,,,,,0.03029109511521572,22089.0,-3.4969015002480552,,,,,,,,,0.9190934065934067,728.0,-0.08436752240791463,,,,,,,,,0.03029109511521572,22089.0,-3.4969015002480552,,,,,,,,,0.005777067863926783,115820.0,-5.15385901499101,,,,,,,,,0.0048450749100283136,138099.0,-5.329792572452779,,,,,,,,
2007-10,670.5,6.508023702721733,,,,0.030408163265306123,22050.0,-3.4930441781532586,,,,,,,,,0.030408163265306123,22050.0,-3.4930441781532586,,,,,,,,,0.9197530864197531,729.0,-0.08365002928692496,,,,,,,,,0.030408163265306123,22050.0,-3.4930441781532586,,,,,,,,,0.0057862579609589395,115878.0,-5.152269489778921,,,,,,,,,0.0048525420662203726,138175.0,-5.32825257397973,,,,,,,,
2007-11,675.5,6.515453157400254,,,,0.030693384223918575,22008.0,-3.4837081452041567,,,,,,,,,0.030693384223918575,22008.0,-3.4837081452041567,,,,,,,,,0.920299727520436,734.0,-0.08305587121426201,,,,,,,,,0.030693384223918575,22008.0,-3.4837081452041567,,,,,,,,,0.005825485528993756,115956.0,-5.1455129303870555,,,,,,,,,0.004884662665413262,138290.0,-5.321655051058451,,,,,,,,
2007-12,680.2,6.522386872573096,,,,0.030963219227967957,21968.0,-3.474955255434657,,,,,,,,,0.030963219227967957,21968.0,-3.474955255434657,,,,,,,,,0.9204330175913397,739.0,-0.08291104837510667,,,,,,,,,0.030963219227967957,21968.0,-3.474955255434657,,,,,,,,,0.0058628328118670225,116019.0,-5.139122377206229,,,,,,,,,0.004914917446439539,138395.0,-5.315480321772379,,,,,,,,
2008-01,686.7,6.531897515626631,,,,0.03130042390263914,21939.0,-3.4641236383124303,,,,,,,,,0.03130042390263914,21939.0,-3.4641236383124303,,,,,,,,,0.9205093833780161,746.0,-0.08282808457713009,,,,,,,,,0.03130042390263914,21939.0,-3.4641236383124303,,,,,,,,,0.005919674491176953,116003.0,-5.129473816196419,,,,,,,,,0.004962027877535389,138391.0,-5.3059407755228705,,,,,,,,
2008-02,688.9,6.53509612259915,,,,0.03147099132023755,21890.0,-3.4586890679177587,,,,,,,,,0.03147099132023755,21890.0,-3.4586890679177587,,,,,,,,,0.9222222222222222,747.0,-0.0809690625336672,,,,,,,,,0.03147099132023755,21890.0,-3.4586890679177587,,,,,,,,,0.005943301815170129,115912.0,-5.125490438901408,,,,,,,,,0.0049801560048869,138329.0,-5.302294062153723,,,,,,,,
2008-03,695.9,6.545205971850804,,,,0.03190738193489225,21810.0,-3.4449178873448703,,,,,,,,,0.03190738193489225,21810.0,-3.4449178873448703,,,,,,,,,0.9229442970822281,754.0,-0.08018639615715169,,,,,,,,,0.03190738193489225,21810.0,-3.4449178873448703,,,,,,,,,0.006008668923119431,115816.0,-5.1145520319830755,,,,,,,,,0.00503330705415199,138259.0,-5.291678044872404,,,,,,,,
2008-04,695.9,6.545205971850804,,,,0.03211203913063541,21671.0,-3.4385242683615265,,,,,,,,,0.03211203913063541,21671.0,-3.4385242683615265,,,,,,,,,0.9217218543046357,755.0,-0.0815117773982204,,,,,,,,,0.03211203913063541,21671.0,-3.4385242683615265,,,,,,,,,0.006020416991089194,115590.0,-5.112598754437509,,,,,,,,,0.005041292379020574,138040.0,-5.290092805361136,,,,,,,,
2008-05,706.1,6.5597568705223015,,,,0.03270041217061085,21593.0,-3.42036759655253,,,,,,,,,0.03270041217061085,21593.0,-3.42036759655253,,,,,,,,,0.9242146596858639,764.0,-0.07881091864421928,,,,,,,,,0.03270041217061085,21593.0,-3.42036759655253,,,,,,,,,0.006120414673046252,115368.0,-5.096125427719605,,,,,,,,,0.00512219715489913,137851.0,-5.274171800165209,,,,,,,,
2008-06,712.3,6.568499170984308,,,,0.03316880093131548,21475.0,-3.4061455758681483,,,,,,,,,0.03316880093131548,21475.0,-3.4061455758681483,,,,,,,,,0.9274739583333332,768.0,-0.07529056216336415,,,,,,,,,0.03316880093131548,21475.0,-3.4061455758681483,,,,,,,,,0.0061840723023362815,115183.0,-5.085778275925733,,,,,,,,,0.005172839506172839,137700.0,-5.2643335137324385,,,,,,,,
2008-07,714.5,6.571582997369922,,,,0.03346760972410886,21349.0,-3.3971771817824017,,,,,,,,,0.03346760972410886,21349.0,-3.3971771817824017,,,,,,,,,0.9279220779220779,770.0,-0.07480751747780744,,,,,,,,,0.03346760972410886,21349.0,-3.3971771817824017,,,,,,,,,0.0062168817269792655,114929.0,-5.0804868280066255,,,,,,,,,0.005196477014043943,137497.0,-5.259774380299003,,,,,,,,
2008-08,724.8,6.585895754728769,,,,0.03412108087750682,21242.0,-3.3778398781527152,,,,,,,,,0.03412108087750682,21242.0,-3.3778398781527152,,,,,,,,,0.9292307692307692,780.0,-0.07339816495486788,,,,,,,,,0.03412108087750682,21242.0,-3.3778398781527152,,,,,,,,,0.0063221799658071945,114644.0,-5.063691198999888,,,,,,,,,0.005282375319762993,137211.0,-5.243379411258428,,,,,,,,
2008-09,728.5,6.590987625635259,,,,0.03453424982223276,21095.0,-3.3658036989231794,,,,,,,,,0.03453424982223276,21095.0,-3.3658036989231794,,,,,,,,,0.9292091836734694,784.0,-0.07342139471514833,,,,,,,,,0.03453424982223276,21095.0,-3.3658036989231794,,,,,,,,,0.006377874858828782,114223.0,-5.054920331341107,,,,,,,,,0.0053268499561275225,136760.0,-5.234995218117978,,,,,,,,
2008-10,725.4,6.586723226848802,,,,0.034731399023269174,20886.0,-3.360111130190692,,,,,,,,,0.034731399023269174,20886.0,-3.360111130190692,,,,,,,,,0.928809218950064,781.0,-0.07385192299088404,,,,,,,,,0.034731399023269174,20886.0,-3.360111130190692,,,,,,,,,0.006377591391042887,113742.0,-5.0549647778208175,,,,,,,,,0.005322435083754613,136291.0,-5.235824357841312,,,,,,,,
2008-11,720.6,6.580084198313993,,,,0.03495512975988358,20615.0,-3.3536900468270074,,,,,,,,,0.03495512975988358,20615.0,-3.3536900468270074,,,,,,,,,0.9286082474226804,776.0,-0.07406832186922586,,,,,,,,,0.03495512975988358,20615.0,-3.3536900468270074,,,,,,,,,0.006378063568210584,112981.0,-5.054890743650182,,,,,,,,,0.005316472506474056,135541.0,-5.2369452582447185,,,,,,,,
2008-12,715.3,6.572702035114338,,,,0.03521390242701718,20313.0,-3.346314319039417,,,,,,,,,0.03521390242701718,20313.0,-3.346314319039417,,,,,,,,,0.9289610389610389,770.0,-0.07368847973339149,,,,,,,,,0.03521390242701718,20313.0,-3.346314319039417,,,,,,,,,0.006370056371392186,112291.0,-5.056146959925105,,,,,,,,,0.005304530319547338,134847.0,-5.239194046265026,,,,,,,,
2009-01,706.4,6.56018164928975,,,,0.035534986669349566,19879.0,-3.337237527844771,,,,,,,,,0.035534986669349566,19879.0,-3.337237527844771,,,,,,,,,0.9294736842105263,760.0,-0.07313678399062648,,,,,,,,,0.035534986669349566,19879.0,-3.337237527844771,,,,,,,,,0.00633542600896861,111500.0,-5.06159822059256,,,,,,,,,0.005268535714019347,134079.0,-5.246002808164457,,,,,,,,
2009-02,693.7,6.542039590391256,,,,0.03545617173524151,19565.0,-3.3394579442532573,,,,,,,,,0.03545617173524151,19565.0,-3.3394579442532573,,,,,,,,,0.9274064171122995,748.0,-0.07536338758322154,,,,,,,,,0.03545617173524151,19565.0,-3.3394579442532573,,,,,,,,,0.006264109371331564,110742.0,-5.072918860144091,,,,,,,,,0.0052033483850642825,133318.0,-5.2584529404177465,,,,,,,,
2009-03,676.6,6.517080256346608,,,,0.035213906526491104,19214.0,-3.3463142026230757,,,,,,,,,0.035213906526491104,19214.0,-3.3463142026230757,,,,,,,,,0.9306740027510316,727.0,-0.07184622118691128,,,,,,,,,0.035213906526491104,19214.0,-3.3463142026230757,,,,,,,,,0.006154601852020303,109934.0,-5.090555208355913,,,,,,,,,0.00510664633870213,132494.0,-5.2772123840176315,,,,,,,,
2009-04,660.7,6.49329987903584,,,,0.0349928499549812,18881.0,-3.352611525362692,,,,,,,,,0.0349928499549812,18881.0,-3.352611525362692,,,,,,,,,0.9305633802816902,710.0,-0.07196509099952107,,,,,,,,,0.0349928499549812,18881.0,-3.352611525362692,,,,,,,,,0.006053415181639104,109145.0,-5.1071326733726226,,,,,,,,,0.005012061719591571,131822.0,-5.295907927660295,,,,,,,,
2009-05,644.3,6.468164456144597,,,,0.03455803475649002,18644.0,-3.365115201348035,,,,,,,,,0.03455803475649002,18644.0,-3.365115201348035,,,,,,,,,0.928386167146974,694.0,-0.07430750436220786,,,,,,,,,0.03455803475649002,18644.0,-3.365115201348035,,,,,,,,,0.005919209179689294,108849.0,-5.129552423521372,,,,,,,,,0.004900886921333272,131466.0,-5.318339085891139,,,,,,,,
2009-06,636.8,6.456455634530173,,,,0.03459177576185561,18409.0,-3.3641393199163887,,,,,,,,,0.03459177576185561,18409.0,-3.3641393199163887,,,,,,,,,0.9282798833819241,686.0,-0.07442199319571204,,,,,,,,,0.03459177576185561,18409.0,-3.3641393199163887,,,,,,,,,0.005872805075992326,108432.0,-5.137422892845721,,,,,,,,,0.0048607718612603806,131008.0,-5.326558034490788,,,,,,,,
2009-07,628.7,6.443654195389016,,,,0.03442290845378888,18264.0,-3.369032992820616,,,,,,,,,0.03442290845378888,18264.0,-3.369032992820616,,,,,,,,,0.9272861356932154,678.0,-0.07549309255138012,,,,,,,,,0.03442290845378888,18264.0,-3.369032992820616,,,,,,,,,0.005813706179894768,108141.0,-5.14753701477628,,,,,,,,,0.004811651436530897,130662.0,-5.33671491979199,,,,,,,,
2009-08,618.7,6.427620502536943,,,,0.03411446846052051,18136.0,-3.378033689650422,,,,,,,,,0.03411446846052051,18136.0,-3.378033689650422,,,,,,,,,0.9248131539611361,669.0,-0.0781635575912853,,,,,,,,,0.03411446846052051,18136.0,-3.378033689650422,,,,,,,,,0.005732153610969565,107935.0,-5.161663970532034,,,,,,,,,0.00474201361211601,130472.0,-5.35129342079981,,,,,,,,
2009-09,616.8,6.4245448222491195,,,,0.03420206277032272,18034.0,-3.3754693218107326,,,,,,,,,0.03420206277032272,18034.0,-3.3754693218107326,,,,,,,,,0.9247376311844078,667.0,-0.07824522366650401,,,,,,,,,0.03420206277032272,18034.0,-3.3754693218107326,,,,,,,,,0.0057219722621642925,107795.0,-5.163441731942988,,,,,,,,,0.004735654069990633,130246.0,-5.352635426722182,,,,,,,,
2009-10,611.4,6.4157514094567345,,,,0.03414879356568364,17904.0,-3.3770280210949726,,,,,,,,,0.03414879356568364,17904.0,-3.3770280210949726,,,,,,,,,0.9249621785173978,661.0,-0.07800243039495222,,,,,,,,,0.03414879356568364,17904.0,-3.3770280210949726,,,,,,,,,0.005685484995861889,107537.0,-5.169838843921203,,,,,,,,,0.004700871129700679,130061.0,-5.360007440695885,,,,,,,,
2009-11,614.5,6.42080892900609,,,,0.03441034830328144,17858.0,-3.369397937071072,,,,,,,,,0.03441034830328144,17858.0,-3.369397937071072,,,,,,,,,0.9254518072289156,664.0,-0.07747322047034438,,,,,,,,,0.03441034830328144,17858.0,-3.369397937071072,,,,,,,,,0.005715003162084744,107524.0,-5.164660428439848,,,,,,,,,0.004724851411304274,130057.0,-5.35491916587392,,,,,,,,
2009-12,614.4,6.420646181833463,,,,0.03455179394893713,17782.0,-3.3652958068476218,,,,,,,,,0.03455179394893713,17782.0,-3.3652958068476218,,,,,,,,,0.9266968325791854,663.0,-0.07612880835240017,,,,,,,,,0.03455179394893713,17782.0,-3.3652958068476218,,,,,,,,,0.0057246147252296735,107326.0,-5.162980028709486,,,,,,,,,0.004733144336250462,129808.0,-5.353165532801384,,,,,,,,
2010-01,618.3,6.426973776564523,6.646285358011257,769.9190334930815,-0.21931158144673368,0.0349460238512406,17693.0,-3.35395058354848,-3.1283879104763552,0.04378833109385661,-0.22556267307212474,0.04348235237248584,-0.19631708165464257,-3.2431444485577363,3.9040939660364273,-0.11080613499074365,0.0349460238512406,17693.0,-3.35395058354848,-3.1283879104763552,0.04378833109385661,-0.22556267307212474,0.04348235237248584,-0.19631708165464257,-3.2431444485577363,3.9040939660364273,-0.11080613499074365,0.9283783783783783,666.0,-0.07431589397586615,-0.06427787929214489,0.9377443835769969,-0.010038014683721258,0.9377592075955582,-0.010003451996203356,-0.06957308248549798,93.27919601385517,-0.004742811490368162,0.0349460238512406,17693.0,-3.35395058354848,-3.1283879104763552,0.04378833109385661,-0.22556267307212474,0.04348235237248584,-0.19631708165464257,-3.2431444485577363,3.9040939660364273,-0.11080613499074365,0.005761757881298282,107311.0,-5.156512663109242,-4.93448220364649,0.007194185104448939,-0.22203045946275246,0.007140162620274701,-0.19304948812543823,-5.047250675232742,0.642697903104851,-0.10926198787650065,0.004763408884300704,129802.0,-5.34679171488939,-5.120970820605775,0.005970224064106597,-0.22582089428361485,0.005936849960547044,-0.19765382046781835,-5.237315660513481,0.5314503637655095,-0.10947605437590902
2010-02,624.2,6.436470829836679,6.645040882890208,768.9614843572967,-0.2085700530535286,0.03543973201612446,17613.0,-3.3399217148956164,-3.131180273698067,0.04366622872499102,-0.20874144119754945,0.04338081583949247,-0.18305519778027576,-3.2403439061820913,3.9150428709067855,-0.09957780871352506,0.03543973201612446,17613.0,-3.3399217148956164,-3.131180273698067,0.04366622872499102,-0.20874144119754945,0.04338081583949247,-0.18305519778027576,-3.2403439061820913,3.9150428709067855,-0.09957780871352506,0.9261127596439169,674.0,-0.07675928107562796,-0.06434759188817636,0.9376790132601975,-0.0124116891874516,0.9376940708365121,-0.012350841871340374,-0.06935284105749488,93.29974221966805,-0.007406440018133079,0.03543973201612446,17613.0,-3.3399217148956164,-3.131180273698067,0.04366622872499102,-0.20874144119754945,0.04338081583949247,-0.18305519778027576,-3.2403439061820913,3.9150428709067855,-0.09957780871352506,0.005821132145854706,107230.0,-5.1462605093775124,-4.937371510259452,0.007173428897813884,-0.20888899911806025,0.007123011300817687,-0.18277089562016166,-5.044598133880945,0.6444049488734005,-0.10166237549656731,0.004812421938846314,129706.0,-5.336554799999256,-5.123625108677821,0.005954398381836954,-0.2129296913214347,0.005923571849674296,-0.18758106409886427,-5.234278625199586,0.5330668507093307,-0.10227617479966966
2010-03,630.9,6.447147371376764,6.643796407769159,768.0051261264093,-0.19664903639239473,0.035730871608993596,17657.0,-3.3317402129260345,-3.1339726369197787,0.04354446683469838,-0.19776757600625583,0.0432792793064991,-0.17441158490760697,-3.2375442187920545,3.9260191249343617,-0.09419599413398005,0.035730871608993596,17657.0,-3.3317402129260345,-3.1339726369197787,0.04354446683469838,-0.19776757600625583,0.0432792793064991,-0.17441158490760697,-3.2375442187920545,3.9260191249343617,-0.09419599413398005,0.926431718061674,681.0,-0.07641493477274858,-0.06441730448420784,0.9376136475003738,-0.011997630288540742,0.937628934077466,-0.011942054696519029,-0.06913263622525943,93.32028953597728,-0.007282298547489144,0.035730871608993596,17657.0,-3.3317402129260345,-3.1339726369197787,0.04354446683469838,-0.19776757600625583,0.0432792793064991,-0.17441158490760697,-3.2375442187920545,3.9260191249343617,-0.09419599413398005,0.005877147222118717,107348.0,-5.1366838011091955,-4.940260816872415,0.007152732575669926,-0.19642298423678017,0.007105859981360672,-0.17291541945168956,-5.041946435600042,0.6461159839403109,-0.0947373655091539,0.004858084487086689,129866.0,-5.3271110572222415,-5.126279396749866,0.005938614649788382,-0.20083166047237544,0.005910293738801548,-0.17802994203266442,-5.231242434608329,0.5346878027804567,-0.09586862261391271
2010-04,635.9,6.455041318273362,6.64255193264811,767.0499573192893,-0.18751061437474803,0.03589613322043466,17715.0,-3.3271256990262104,-3.1367650001414904,0.04342304447356501,-0.19036069888471996,0.04317774277350573,-0.16864266368132458,-3.234747009720522,3.937016394906735,-0.09237868930568816,0.03589613322043466,17715.0,-3.3271256990262104,-3.1367650001414904,0.04342304447356501,-0.19036069888471996,0.04317774277350573,-0.16864266368132458,-3.234747009720522,3.937016394906735,-0.09237868930568816,0.9256186317321689,687.0,-0.07729297394898724,-0.0644870170802393,0.9375482862972081,-0.012805956868747942,0.9375637973184198,-0.012740642951888686,-0.06891256173301619,93.34082921135932,-0.00838041221597105,0.03589613322043466,17715.0,-3.3271256990262104,-3.1367650001414904,0.04342304447356501,-0.19036069888471996,0.04317774277350573,-0.16864266368132458,-3.234747009720522,3.937016394906735,-0.09237868930568816,0.005912543816421976,107551.0,-5.130679114380218,-4.943150123485378,0.007132095965242141,-0.18752899089484032,0.0070887086619036595,-0.16592088934373364,-5.039297207892833,0.647829961663223,-0.09138190648738487,0.00488702735936059,130120.0,-5.321171062313925,-5.128933684821912,0.005922872756760542,-0.1922373774920132,0.0058970156279287995,-0.17127108562928228,-5.228208722630362,0.5363123545373353,-0.09296233968356304
2010-05,645.3,6.469715324941794,6.641307457527062,766.0959764566499,-0.17159213258526762,0.036402098493822976,17727.0,-3.3131288550719904,-3.1395573633632017,0.043301960694824664,-0.17357149170878872,0.04307620624051236,-0.1549372224059163,-3.231954629121334,3.948025406628471,-0.08117422595065626,0.036402098493822976,17727.0,-3.3131288550719904,-3.1395573633632017,0.043301960694824664,-0.17357149170878872,0.04307620624051236,-0.1549372224059163,-3.231954629121334,3.948025406628471,-0.08117422595065626,0.9271551724137931,696.0,-0.07563433539262561,-0.06455672967627077,0.9374829296503827,-0.01107760571635484,0.9374986605593736,-0.011033069785303903,-0.06869276751556493,93.36134724066159,-0.006941567877060684,0.036402098493822976,17727.0,-3.3131288550719904,-3.1395573633632017,0.043301960694824664,-0.17357149170878872,0.04307620624051236,-0.1549372224059163,-3.231954629121334,3.948025406628471,-0.08117422595065626,0.005994649127696337,107646.0,-5.116888019705645,-4.946039430098341,0.007111518894254059,-0.17084858960730465,0.007071557342446645,-0.1522872774128866,-5.036652809260312,0.6495453494128411,-0.08023521044533322,0.004939452855896266,130642.0,-5.3105007118321526,-5.131587972893958,0.00590717259184788,-0.1789127389381946,0.005883737517056051,-0.1604906164529687,-5.2251798628833654,0.5379392319878757,-0.08532084894878711
2010-06,650.8,6.478202375344883,6.640062982406013,765.1431820610417,-0.16186060706113015,0.036670986645630246,17747.0,-3.305769391189682,-3.1423497265849134,0.043181214554351074,-0.16341966460476876,0.04297466970751899,-0.14668368843299867,-3.2291701399468584,3.959033960120004,-0.07659925124282374,0.036670986645630246,17747.0,-3.305769391189682,-3.1423497265849134,0.043181214554351074,-0.16341966460476876,0.04297466970751899,-0.14668368843299867,-3.2291701399468584,3.959033960120004,-0.07659925124282374,0.927065527065527,702.0,-0.07573102868092843,-0.06462644227230224,0.93741757755958,-0.011104586408626188,0.9374335238003274,-0.011059980757642238,-0.06847346817137996,93.3818235680242,-0.007257560509548469,0.036670986645630246,17747.0,-3.305769391189682,-3.1423497265849134,0.043181214554351074,-0.16341966460476876,0.04297466970751899,-0.14668368843299867,-3.2291701399468584,3.959033960120004,-0.07659925124282374,0.00603878630416628,107770.0,-5.109552230245995,-4.948928736711304,0.007091001190926271,-0.16062349353469063,0.007054406022989631,-0.14396955824679558,-5.034016303310775,0.6512601391243855,-0.0755359269352196,0.004986591065818711,130510.0,-5.301002755816691,-5.134242260966004,0.005891514044438819,-0.16676049485068667,0.005870459406183303,-0.15056203939228693,-5.222158946287023,0.5395667586149856,-0.0788438095296673
2010-07,657.9,6.489052944091952,6.638818507284964,764.1915726568553,-0.1497655631930117,0.03703766255700051,17763.0,-3.2958199771079335,-3.145142089806625,0.04306080511065069,-0.15067788730130838,0.04287313317452562,-0.13611019735297614,-3.2263972314937996,3.970027233480323,-0.06942274561413386,0.03703766255700051,17763.0,-3.2958199771079335,-3.145142089806625,0.04306080511065069,-0.15067788730130838,0.04287313317452562,-0.13611019735297614,-3.2263972314937996,3.970027233480323,-0.06942274561413386,0.9279266572637518,709.0,-0.07480258244017528,-0.06469615486833372,0.9373522300244824,-0.010106427571841561,0.9373683870412813,-0.010072592491978012,-0.06825493186041615,93.40223311729041,-0.006547650579759132,0.03703766255700051,17763.0,-3.2958199771079335,-3.145142089806625,0.04306080511065069,-0.15067788730130838,0.04287313317452562,-0.13611019735297614,-3.2263972314937996,3.970027233480323,-0.06942274561413386,0.0061003653357565414,107846.0,-5.099406618488643,-4.951818043324266,0.007070542683974975,-0.1475885751643764,0.007037254703532617,-0.13313279215341867,-5.031391372751367,0.6529718974061379,-0.0680152457372758,0.00504466510754131,130415.0,-5.289424008442063,-5.136896549038049,0.005875897004214995,-0.15252745940401446,0.005857181295310554,-0.13872136558582712,-5.219149722100906,0.5411928814119565,-0.0702742863411574
2010-08,665.2,6.500087747318773,6.637574032163915,763.2411467703155,-0.13748628484514214,0.03741703228709641,17778.0,-3.2856292694828477,-3.147934453028337,0.04294073142485526,-0.13769481645451087,0.042771596641532246,-0.1251897234352113,-3.2236401841024684,3.980987889288711,-0.06198908538037928,0.03741703228709641,17778.0,-3.2856292694828477,-3.147934453028337,0.04294073142485526,-0.13769481645451087,0.042771596641532246,-0.1251897234352113,-3.2236401841024684,3.980987889288711,-0.06198908538037928,0.929050279329609,716.0,-0.0735924196418729,-0.06476586746436519,0.9372868870447723,-0.008826552177507704,0.9373032502822352,-0.008805016893029049,-0.0680374827423236,93.42254555889086,-0.005554936899549293,0.03741703228709641,17778.0,-3.2856292694828477,-3.147934453028337,0.04294073142485526,-0.13769481645451087,0.042771596641532246,-0.1251897234352113,-3.2236401841024684,3.980987889288711,-0.06198908538037928,0.006159544423352934,107995.0,-5.0897524614195815,-4.954707349937229,0.007050143202610526,-0.1350451114823521,0.007020103384075603,-0.1225849412239085,-5.028782283128175,0.6546777840457475,-0.06097017829140672,0.005100640263773339,130415.0,-5.278389205215243,-5.139550837110095,0.005860321361150455,-0.13883836810514794,0.005843903184437806,-0.12718604282216053,-5.21615654794731,0.5428151926755777,-0.06223265726793237
2010-09,672.0,6.51025834052315,6.636329557042866,762.2919029294801,-0.12607121651971642,0.03781228899392303,17772.0,-3.2751211235326494,-3.1507268162500486,0.042820992560714546,-0.12439430728260081,0.042670060108538875,-0.11384495597754596,-3.2209038137825092,3.9918962642632643,-0.054217309750140164,0.03781228899392303,17772.0,-3.2751211235326494,-3.1507268162500486,0.042820992560714546,-0.12439430728260081,0.042670060108538875,-0.11384495597754596,-3.2209038137825092,3.9918962642632643,-0.054217309750140164,0.9307479224376731,722.0,-0.07176679836967668,-0.06483558006039665,0.9372215486201322,-0.006931218309280035,0.937238113523189,-0.006924804904826645,-0.0678214954987477,93.4427258162546,-0.0039453028709289795,0.03781228899392303,17772.0,-3.2751211235326494,-3.1507268162500486,0.042820992560714546,-0.12439430728260081,0.042670060108538875,-0.11384495597754596,-3.2209038137825092,3.9918962642632643,-0.054217309750140164,0.006216811293873851,108094.0,-5.080498157400925,-4.9575966565501925,0.007029802576536051,-0.12290150085073215,0.00700295206461859,-0.1122584823501224,-5.026193824796281,0.656374585312858,-0.05430433260464351,0.005155706953299422,130341.0,-5.267651031575619,-5.142205125182141,0.005844787005510915,-0.12544590639347852,0.0058306250735650576,-0.11575399065283502,-5.213184323688398,0.5444309611830411,-0.05446670788722141
2010-10,682.2,6.525322869984546,6.635085081921817,761.3438396642375,-0.1097622119372712,0.03835169777378008,17788.0,-3.2609564816460415,-3.15351917947176,0.04270158758458903,-0.1074373021742816,0.042568523575545504,-0.09905971472752419,-3.2181934148544094,4.002730571633913,-0.04276306679163211,0.03835169777378008,17788.0,-3.2609564816460415,-3.15351917947176,0.04270158758458903,-0.1074373021742816,0.042568523575545504,-0.09905971472752419,-3.2181934148544094,4.002730571633913,-0.04276306679163211,0.9319672131147542,732.0,-0.07045764397676613,-0.06490529265642812,0.9371562147502446,-0.005552351320338003,0.9371729767641428,-0.0055547521945874,-0.06760738767350126,93.46273477702532,-0.002850256303264867,0.03835169777378008,17788.0,-3.2609564816460415,-3.15351917947176,0.04270158758458903,-0.1074373021742816,0.042568523575545504,-0.09905971472752419,-3.2181934148544094,4.002730571633913,-0.04276306679163211,0.006297831485464768,108323.0,-5.0675499134944335,-4.960485963163155,0.007009520635946006,-0.10706395033127869,0.006985800745161575,-0.09848108825223807,-5.023631258559672,0.6580587456283087,-0.043918654934761214,0.005222783647220947,130620.0,-5.254724753472103,-5.144859413254187,0.005829293827852969,-0.10986534021791616,0.005817346962692309,-0.10220523535632364,-5.210238429376587,0.5460371619420137,-0.044486324095515783
2010-11,687.6,6.533207273508694,6.633840606800769,760.3969555063055,-0.10063333329207502,0.038601021725705946,17813.0,-3.254476533283791,-3.1563115426934716,0.042582515565442555,-0.09816499059031925,0.04246698704255213,-0.09103460325481698,-3.2155146999820943,4.013467119200823,-0.03896183330169656,0.038601021725705946,17813.0,-3.254476533283791,-3.1563115426934716,0.042582515565442555,-0.09816499059031925,0.04246698704255213,-0.09103460325481698,-3.2155146999820943,4.013467119200823,-0.03896183330169656,0.9342391304347827,736.0,-0.06802284522018197,-0.0649750052524596,0.9370908854347919,-0.003047839967722371,0.9371078400050967,-0.0030612374028355593,-0.0673956072525488,93.4825304504338,-0.0006272379676331707,0.038601021725705946,17813.0,-3.254476533283791,-3.1563115426934716,0.042582515565442555,-0.09816499059031925,0.04246698704255213,-0.09103460325481698,-3.2155146999820943,4.013467119200823,-0.03896183330169656,0.006339547491287271,108462.0,-5.0609478866942155,-4.963375269776118,0.006989297211524741,-0.09757261691809749,0.006968649425704561,-0.09027601992672848,-5.021100264237246,0.6597263980965424,-0.03984762245696949,0.005258931234655715,130749.0,-5.247827460205671,-5.147513701326232,0.00581384171902332,-0.10031375887943916,0.005804068851819561,-0.0939233546467918,-5.2073246653321,0.5476305055778391,-0.04050279487357056
2010-12,686.0,6.530877627725885,6.63259613167972,759.4512489892254,-0.10171850395383508,0.03858267716535433,17780.0,-3.25495188134201,-3.1591039059151833,0.042463775574835196,-0.09584797542682688,0.04236545050955876,-0.08928910937347258,-3.2128737117914232,4.024080647398643,-0.042078169550586964,0.03858267716535433,17780.0,-3.25495188134201,-3.1591039059151833,0.042463775574835196,-0.09584797542682688,0.04236545050955876,-0.08928910937347258,-3.2128737117914232,4.024080647398643,-0.042078169550586964,0.9346049046321526,734.0,-0.06763140088863032,-0.06504471784849106,0.9370255606734565,-0.0025866830401392593,0.9370427032460505,-0.002601587532193612,-0.06718662421457325,93.50206875516099,-0.000444776674057068,0.03858267716535433,17780.0,-3.25495188134201,-3.1591039059151833,0.042463775574835196,-0.09584797542682688,0.04236545050955876,-0.08928910937347258,-3.2128737117914232,4.024080647398643,-0.042078169550586964,0.006318853395232305,108564.0,-5.064217512087857,-4.966264576389081,0.006969132134445122,-0.09795293569877561,0.006951498106247548,-0.09100839867116743,-5.0186068605264085,0.6613734148312125,-0.04561065156144828,0.0052434456928838954,130830.0,-5.250776421779037,-5.150167989398278,0.005798430570158001,-0.100608432380759,0.005790790740946812,-0.09451991490430273,-5.204449175133835,0.549207477926573,-0.046327246645201825
2011-01,688.3,6.534224789404319,6.631351656558671,758.5067186483648,-0.09712686715435215,0.03873382104670793,17770.0,-3.2510421317443785,-3.161896269136895,0.04234536668691593,-0.08914586260748347,0.04226391397656539,-0.08352498852365722,-3.2102767935396845,4.034544436800545,-0.04076533820469397,0.03873382104670793,17770.0,-3.2510421317443785,-3.161896269136895,0.04234536668691593,-0.08914586260748347,0.04226391397656539,-0.08352498852365722,-3.2102767935396845,4.034544436800545,-0.04076533820469397,0.933921302578019,737.0,-0.06836310278501811,-0.06511443044452253,0.9369602404659213,-0.003248672340495584,0.9369775664870044,-0.003261832532921993,-0.06698091337805664,93.52130512243741,-0.0013821894069614704,0.03873382104670793,17770.0,-3.2510421317443785,-3.161896269136895,0.04234536668691593,-0.08914586260748347,0.04226391397656539,-0.08352498852365722,-3.2102767935396845,4.034544436800545,-0.04076533820469397,0.006339163189935438,108579.0,-5.061008508213487,-4.969153883002043,0.006949025236367105,-0.09185462521144316,0.006934346786790533,-0.0858312419547404,-5.016157373590787,0.6629954261071198,-0.044851134622699185,0.005260744284873544,130837.0,-5.247482763217173,-5.152822277470324,0.00578306027268163,-0.09466048574684915,0.005777512630074064,-0.08944477983666395,-5.20161841488225,0.5507643551584218,-0.04586434833492259
2011-02,688.4,6.534370064337384,6.630107181437622,757.5633630209121,-0.09573711710023769,0.0386177493548749,17826.0,-3.254043280353278,-3.1646886323586068,0.04222728797841544,-0.08935464799467141,0.04216237744357202,-0.08407087796320475,-3.2077306131614014,4.044830203833021,-0.046312667191876766,0.0386177493548749,17826.0,-3.254043280353278,-3.1646886323586068,0.04222728797841544,-0.08935464799467141,0.04216237744357202,-0.08407087796320475,-3.2077306131614014,4.044830203833021,-0.046312667191876766,0.9327913279132791,738.0,-0.06957376026308816,-0.065184143040554,0.9368949248118684,-0.004389617222534156,0.9369124297279582,-0.004398598720560965,-0.06677895299339978,93.54019462859532,-0.002794807269688379,0.0386177493548749,17826.0,-3.254043280353278,-3.1646886323586068,0.04222728797841544,-0.08935464799467141,0.04216237744357202,-0.08407087796320475,-3.2077306131614014,4.044830203833021,-0.046312667191876766,0.006324764337296264,108842.0,-5.063282503988176,-4.972043189615007,0.006928976349436313,-0.09123931437316912,0.00691719546733352,-0.08564614558530466,-5.01375848152805,0.6645877897630783,-0.049524022460126105,0.005252676316411943,131057.0,-5.249017557714856,-5.1554765655423695,0.00576773071830663,-0.09354099217248635,0.005764234519201316,-0.08874694481727183,-5.198839198141128,0.5522971777111088,-0.05017835957372796
2011-03,703.5,6.556067876554444,6.628862706316573,756.6211806458749,-0.07279482976212925,0.0393236444941308,17890.0,-3.2359292999483213,-3.167480995580318,0.04210953852863893,-0.06844830436800331,0.04206084091057865,-0.06507707304918445,-3.205242153138459,4.054908136160128,-0.030687146809862398,0.0393236444941308,17890.0,-3.2359292999483213,-3.167480995580318,0.04210953852863893,-0.06844830436800331,0.04206084091057865,-0.06507707304918445,-3.205242153138459,4.054908136160128,-0.030687146809862398,0.9330238726790451,754.0,-0.06932449145351234,-0.06525385563658548,0.9368296137109807,-0.0040706358169268625,0.936847292968912,-0.0040811563619406275,-0.0665812319760452,93.55869131957284,-0.002743259477467147,0.0393236444941308,17890.0,-3.2359292999483213,-3.167480995580318,0.04210953852863893,-0.06844830436800331,0.04206084091057865,-0.06507707304918445,-3.205242153138459,4.054908136160128,-0.030687146809862398,0.006448744626046145,109091.0,-5.043869798738401,-4.97493249622797,0.006908985306282668,-0.06893730251043095,0.0069000441478765055,-0.06540530932244086,-5.011417208509433,0.6661455941348251,-0.03245259022896807,0.00535865268161148,131283.0,-5.229042700867989,-5.158130853614415,0.005752441799032474,-0.07091184725357458,0.005750956408328567,-0.06821538868716695,-5.196118692365828,0.5538017510450114,-0.03292400850216115
2011-04,718.8,6.577583154909404,6.627618231195524,755.680170064078,-0.05003507628611992,0.040064656373669245,17941.0,-3.2172607205099806,-3.1702733588020298,0.04199211741945889,-0.046987361707950814,0.04195930437758528,-0.04515441883560292,-3.2028187533035704,4.064746716459668,-0.014441967206410222,0.040064656373669245,17941.0,-3.2172607205099806,-3.1702733588020298,0.04199211741945889,-0.046987361707950814,0.04195930437758528,-0.04515441883560292,-3.2028187533035704,4.064746716459668,-0.014441967206410222,0.9371577574967405,767.0,-0.06490364645785231,-0.06532356823261695,0.9367643071629408,0.000419921774764645,0.9367821562098659,0.00040094837885701774,-0.06638826080630633,93.57674719175138,0.0014846143484540247,0.040064656373669245,17941.0,-3.2172607205099806,-3.1702733588020298,0.04199211741945889,-0.046987361707950814,0.04195930437758528,-0.04515441883560292,-3.2028187533035704,4.064746716459668,-0.014441967206410222,0.006569603246414959,109413.0,-5.025301836982609,-4.977821802840932,0.006889051940018979,-0.04748003414167723,0.006882892828419492,-0.04551713789744899,-5.009140960835976,0.6676636335550555,-0.01616087614663364,0.005462130595682272,131597.0,-5.209916346351526,-5.1607851416864605,0.0057371934071449035,-0.049131204665065376,0.005737678297455819,-0.048024250836044564,-5.193464452190411,0.5552736263930801,-0.01645189416111492
2011-05,729.2,6.591948042804508,6.626373756074476,754.7403298181614,-0.03442571326996813,0.04053362979433019,17990.0,-3.2056232841400707,-3.1730657220237415,0.04187502373530801,-0.03255756211632921,0.04185776784459191,-0.03163422510196758,-3.2004679902729887,4.074313212646744,-0.0051552938670820225,0.04053362979433019,17990.0,-3.2056232841400707,-3.1730657220237415,0.04187502373530801,-0.03255756211632921,0.04185776784459191,-0.03163422510196758,-3.2004679902729887,4.074313212646744,-0.0051552938670820225,0.9384813384813385,777.0,-0.06349230756313942,-0.06539328082864841,0.9366990051674311,0.00190097326550899,0.9367170194508198,0.0018835133705087975,-0.06620057113162221,93.59431222932632,0.002708263568482791,0.04053362979433019,17990.0,-3.2056232841400707,-3.1730657220237415,0.04187502373530801,-0.03255756211632921,0.04185776784459191,-0.03163422510196758,-3.2004679902729887,4.074313212646744,-0.0051552938670820225,0.006654863379998905,109574.0,-5.012407356271567,-4.980711109453895,0.006869176084239528,-0.03169624681767225,0.006865741508962478,-0.03071454535366563,-5.006937395214507,0.6691364963636055,-0.005469961057060324,0.005536699999240716,131703.0,-5.196356623710706,-5.1634394297585064,0.005721985435215201,-0.0329171939521995,0.005724400186583071,-0.0327894943093408,-5.190884286292212,0.5567081743580923,-0.0054723374184941775
2011-06,740.1,6.606785312203421,6.625129280953427,753.8016584525759,-0.018343968750006212,0.041057361588816156,18026.0,-3.192785126912934,-3.175858085245453,0.04175825656317203,-0.016927041667480935,0.041756231311598536,-0.016736896526106198,-3.198197552097898,4.08357419817127,0.005412425184963876,0.041057361588816156,18026.0,-3.192785126912934,-3.175858085245453,0.04175825656317203,-0.016927041667480935,0.041756231311598536,-0.016736896526106198,-3.198197552097898,4.08357419817127,0.005412425184963876,0.9392131979695432,788.0,-0.0627127776544584,-0.06546299342467989,0.9366337077241343,0.002750215770221484,0.9366518826917736,0.0027345434574997294,-0.06601868314407422,93.61133745871908,0.003305905489615818,0.041057361588816156,18026.0,-3.192785126912934,-3.175858085245453,0.04175825656317203,-0.016927041667480935,0.041756231311598536,-0.016736896526106198,-3.198197552097898,4.08357419817127,0.005412425184963876,0.00674246358195086,109767.0,-4.9993299042329244,-4.983600416066858,0.0068493575730187205,-0.01572948816606612,0.006848590189505463,-0.015496124693988594,-5.004814293049972,0.6705586506626354,0.005484388817047936,0.005609750551424608,131931.0,-5.18324902542283,-5.166093717830552,0.005706817776099413,-0.01715530759227768,0.0057111220757103225,-0.017749843715800098,-5.1883861302921925,0.5581006568191504,0.005137104869362474
2011-07,750.6,6.62087288670092,6.623884805832378,752.8641545135843,-0.0030119191314579297,0.04152697095435685,18075.0,-3.181412160326045,-3.178650448467165,0.04164181499258256,-0.002761711858879856,0.041654694778605166,-0.003066252794004881,-3.196015166607985,4.092495862963224,0.01460300628194,0.04152697095435685,18075.0,-3.181412160326045,-3.178650448467165,0.04164181499258256,-0.002761711858879856,0.041654694778605166,-0.003066252794004881,-3.196015166607985,4.092495862963224,0.01460300628194,0.9394242803504381,799.0,-0.06248805906535413,-0.06553270602071136,0.9365684148327332,0.003044646955357229,0.9365867459327274,0.003029654679647306,-0.06584309613864832,93.62777583627788,0.0033550370732941884,0.04152697095435685,18075.0,-3.181412160326045,-3.178650448467165,0.04164181499258256,-0.002761711858879856,0.041654694778605166,-0.003066252794004881,-3.196015166607985,4.092495862963224,0.01460300628194,0.00682717408111476,109943.0,-4.986844441952855,-4.986489722679821,0.006829596240909676,-0.0003547192730346538,0.00683143887004845,-0.0006242885305449835,-5.0027794779538075,0.6719245026847519,0.015935036000952252,0.005686708285350627,131992.0,-5.16962370697036,-5.168748005902597,0.005691690322937606,-0.0008757010677626909,0.005697843964837574,-0.001954367223052584,-5.185977962036142,0.5594462766938154,0.016354255065781587
2011-08,756.4,6.6285703367843025,6.622640330711329,751.9278165492569,0.005930006072973448,0.04177851422259044,18105.0,-3.175373085415439,-3.1814428116888767,0.04152569811561004,0.006069726273437492,0.041553158245611795,0.005423317660877099,-3.1939285198703975,4.101044371861617,0.01855543445495833,0.04177851422259044,18105.0,-3.175373085415439,-3.1814428116888767,0.04152569811561004,0.006069726273437492,0.041553158245611795,0.005423317660877099,-3.1939285198703975,4.101044371861617,0.01855543445495833,0.9396273291925465,805.0,-0.06227194063426098,-0.06560241861674282,0.9365031264929105,0.0033304779824818373,0.9365216091736812,0.003316228892577924,-0.0656742839018005,93.64358268470508,0.0034023432675395135,0.04177851422259044,18105.0,-3.175373085415439,-3.1814428116888767,0.04152569811561004,0.006069726273437492,0.041553158245611795,0.005423317660877099,-3.1939285198703975,4.101044371861617,0.01855543445495833,0.006869618919606205,110108.0,-4.980646644503846,-4.989379029292784,0.006809891922942838,0.008732384788937786,0.006814287550591436,0.008119905214444095,-5.000840731219636,0.6732284577307996,0.02019408671579015,0.00572488174077578,132125.0,-5.162933386388237,-5.171402293974643,0.005676602969153089,0.008468907586406615,0.005684565853964826,0.007092166375878168,-5.1836677197316945,0.5607402272434405,0.020734333343457756
2011-09,763.8,6.6383059747914155,6.62139585559028,750.9926431094699,0.016910119201135387,0.042087282345162,18148.0,-3.1680096659924386,-3.184235174910588,0.04140990502685668,0.016225508918149334,0.041451621712618424,0.015335000327624642,-3.191945185274767,4.109186186344815,0.02393551928232851,0.042087282345162,18148.0,-3.1680096659924386,-3.184235174910588,0.04140990502685668,0.016225508918149334,0.041451621712618424,0.015335000327624642,-3.191945185274767,4.109186186344815,0.02393551928232851,0.9406403940886698,812.0,-0.06119436537026223,-0.06567213121277429,0.9364378427043487,0.004477765842512062,0.9364564724146351,0.004467822901844582,-0.06551269433235499,93.65871573355092,0.004318328962092756,0.042087282345162,18148.0,-3.1680096659924386,-3.184235174910588,0.04140990502685668,0.016225508918149334,0.041451621712618424,0.015335000327624642,-3.191945185274767,4.109186186344815,0.02393551928232851,0.0069209231522005055,110361.0,-4.9732061147528315,-4.992268335905747,0.0067902444546246235,0.01906222115291545,0.006797136231134422,0.018211628670773874,-4.999005711185558,0.6744649796124819,0.025799596432726446,0.005771323218279635,132344.0,-5.154853897495436,-5.174056582046689,0.005661555608451699,0.019202684551252958,0.005671287743092077,0.017638934880249403,-5.181463215396246,0.5619777450609782,0.026609317900809337
2011-10,772.5,6.649632008771901,6.620151380469231,750.0586327459027,0.029480628302669842,0.04251513483764447,18170.0,-3.157895152618316,-3.1870275381322997,0.04129443482344928,0.02913238551398356,0.04135008517962505,0.02817526621670631,-3.190072593036076,4.116888225643542,0.03217744041775994,0.04251513483764447,18170.0,-3.157895152618316,-3.1870275381322997,0.04129443482344928,0.02913238551398356,0.04135008517962505,0.02817526621670631,-3.190072593036076,4.116888225643542,0.03217744041775994,0.9420731707317073,820.0,-0.059672331486398326,-0.06574184380880577,0.9363725634667306,0.00606951232240744,0.936391335655589,0.006067799711261018,-0.06535874907648737,93.6731351583813,0.005686417590089039,0.04251513483764447,18170.0,-3.157895152618316,-3.1870275381322997,0.04129443482344928,0.02913238551398356,0.04135008517962505,0.02817526621670631,-3.190072593036076,4.116888225643542,0.03217744041775994,0.006987472298855773,110555.0,-4.9636364048943555,-4.995157642518709,0.006770653671936038,0.03152123762435366,0.006779984911677408,0.03060292757008974,-4.997281920371103,0.6756286187961356,0.033645515476747434,0.00582785753623079,132553.0,-5.145105835657841,-5.176710870118735,0.005646548134821029,0.031605034460894466,0.005658009632219329,0.030019019947274104,-5.179372101060052,0.5631541343338616,0.034266265402211005
2011-11,775.9,6.654023645899904,6.618906905348183,749.125784012037,0.03511674055172076,0.04269990644433438,18171.0,-3.153558549749153,-3.1898199013540114,0.04117928660503233,0.036261351604858216,0.04124854864663168,0.03518566944345598,-3.1883179886816566,4.124118076560024,0.03475943893250344,0.04269990644433438,18171.0,-3.153558549749153,-3.1898199013540114,0.04117928660503233,0.036261351604858216,0.04124854864663168,0.03518566944345598,-3.1883179886816566,4.124118076560024,0.03475943893250344,0.9404848484848485,825.0,-0.06135974043477741,-0.06581155640483724,0.9363072887797391,0.004451815970059829,0.9363261988965428,0.004441453836501265,-0.06521283645993367,93.68680424785511,0.0038530960251562593,0.04269990644433438,18171.0,-3.153558549749153,-3.1898199013540114,0.04117928660503233,0.036261351604858216,0.04124854864663168,0.03518566944345598,-3.1883179886816566,4.124118076560024,0.03475943893250344,0.007007830634308474,110719.0,-4.960727093118899,-4.998046949131672,0.006751119411331285,0.037319856012773656,0.006762833592220394,0.03622698070967063,-4.99567666222484,0.6767140481043434,0.03494956910594116,0.005847464013866908,132690.0,-5.141747213630579,-5.17936515819078,0.005631580442529691,0.03761794456020162,0.0056447315213465805,0.035915347214239925,-5.177401823434558,0.5642647981231518,0.03565460980397894
2011-12,781.3,6.660959199002699,6.617662430227134,748.194095463151,0.043296768775564765,0.04286968449931413,18225.0,-3.1495903578741604,-3.192612264575723,0.04106445947376094,0.043021906701562695,0.04114701211363831,0.041866281345488844,-3.1866883694561223,4.130844297767112,0.03709801158196191,0.04286968449931413,18225.0,-3.1495903578741604,-3.192612264575723,0.04106445947376094,0.043021906701562695,0.04114701211363831,0.041866281345488844,-3.1866883694561223,4.130844297767112,0.03709801158196191,0.9401925391095065,831.0,-0.06167059585274968,-0.06588126900086871,0.9362420186430569,0.004210673148119036,0.9362610621374966,0.004199124721724827,-0.06507530093175101,93.6996903980925,0.003404705079001334,0.04286968449931413,18225.0,-3.1495903578741604,-3.192612264575723,0.04106445947376094,0.043021906701562695,0.04114701211363831,0.041866281345488844,-3.1866883694561223,4.130844297767112,0.03709801158196191,0.007042926424721005,110934.0,-4.955731509855709,-5.000936255744635,0.006731641509736445,0.04520474588892576,0.006745682272763381,0.04406435701215695,-4.994196980584877,0.677716110640766,0.03846547072916806,0.005879387153091325,132888.0,-5.136302748168214,-5.182019446262826,0.00561665242612655,0.045716698094611985,0.005631453410473832,0.04402659927122295,-5.17555956483101,0.5653052779243307,0.03925681666279601
2012-01,790.1,6.672159519728687,6.616417955106085,747.2635656563225,0.05574156462260227,0.04320555585935364,18287.0,-3.1417861841459453,-3.1954046277974344,0.04094995253429382,0.053618443651489045,0.04104547558064493,0.05262651359623423,-3.1851904643985387,4.137036546875651,0.04340428025259335,0.04320555585935364,18287.0,-3.1417861841459453,-3.1954046277974344,0.04094995253429382,0.053618443651489045,0.04104547558064493,0.05262651359623423,-3.1851904643985387,4.137036546875651,0.04340428025259335,0.9394768133174792,841.0,-0.06243214024426042,-0.06595098159690017,0.9361767530563667,0.0035188413526397525,0.9361959253784504,0.0035044885905720366,-0.06494645721031728,93.71176379267443,0.002514316966056855,0.04320555585935364,18287.0,-3.1417861841459453,-3.1954046277974344,0.04094995253429382,0.053618443651489045,0.04104547558064493,0.05262651359623423,-3.1851904643985387,4.137036546875651,0.04340428025259335,0.007098831985624439,111300.0,-4.9478250175349485,-5.003825562357598,0.0067122198045480655,0.05600054482264927,0.006728530953306366,0.05503445475510648,-4.99284964961672,0.6786298339498829,0.04502463208177154,0.005929633910211189,133246.0,-5.127792803087106,-5.184673734334872,0.005601763980440014,0.0568809312477665,0.005618175299601084,0.05543768109767235,-5.173852232447926,0.5662712663286482,0.0460594293608203
2012-02,796.3,6.679975999263399,6.615173479985036,746.3341931504224,0.06480251927836278,0.0434756497051758,18316.0,-3.135554274513587,-3.198196991019146,0.04083576489378627,0.06264271650555919,0.04094393904765156,0.06183358798423789,-3.1838307162978823,4.14266570071091,0.048276441784295354,0.0434756497051758,18316.0,-3.135554274513587,-3.198196991019146,0.04083576489378627,0.06264271650555919,0.04094393904765156,0.06183358798423789,-3.1838307162978823,4.14266570071091,0.048276441784295354,0.9412529550827423,846.0,-0.060543360342824114,-0.06602069419293165,0.9361114920193514,0.005477333850107534,0.9361307886194044,0.005471635508209359,-0.06482659374313783,93.72299708281521,0.004283233400313717,0.0434756497051758,18316.0,-3.135554274513587,-3.198196991019146,0.04083576489378627,0.06264271650555919,0.04094393904765156,0.06183358798423789,-3.1838307162978823,4.14266570071091,0.048276441784295354,0.0071377350710815505,111562.0,-4.9423597698899355,-5.006714868970561,0.006692854133631843,0.06435509908062542,0.006711379633849352,0.06352724186273746,-4.9916411466844055,0.6794504558562825,0.04928137679446998,0.005964391913653761,133509.0,-5.121948171017041,-5.187328022406918,0.005586915000577272,0.0653798513898769,0.005604897188728336,0.06413939682040595,-5.1722864305762855,0.56715862947346,0.050338259559244314
2012-03,799.4,6.6838614462772235,6.613929004863987,745.4059765061145,0.06993244141323629,0.04355453852021358,18354.0,-3.1337413671017353,-3.200989354240858,0.04072189566188332,0.0672479871391225,0.04084240251465819,0.06640490858935173,-3.182615233033559,4.14770410296631,0.048873865931823524,0.04355453852021358,18354.0,-3.1337413671017353,-3.200989354240858,0.04072189566188332,0.0672479871391225,0.04084240251465819,0.06640490858935173,-3.182615233033559,4.14770410296631,0.048873865931823524,0.9415783274440518,849.0,-0.06019774003412421,-0.06609040678896312,0.9360462355316939,0.005892666754838911,0.9360656518603582,0.005889197592858577,-0.06471597957712416,93.73336474736855,0.004518239542999951,0.04355453852021358,18354.0,-3.1337413671017353,-3.200989354240858,0.04072189566188332,0.0672479871391225,0.04084240251465819,0.06640490858935173,-3.182615233033559,4.14770410296631,0.048873865931823524,0.007149948571173024,111805.0,-4.940650115145023,-5.009604175583523,0.006673544335321256,0.06895406043850016,0.0066942283143923385,0.0680765930556782,-4.990577601739685,0.6801734663627298,0.04992748659466173,0.005976911804288662,133748.0,-5.119851265098201,-5.189982310478963,0.005572105381923564,0.0701310453807622,0.005591619077855587,0.06890539592708388,-5.170868408110237,0.5679634436392916,0.05101714301203586
2012-04,801.5,6.686484972049608,6.612684529742939,744.478914285853,0.07380044230666893,0.04364279880206915,18365.0,-3.13171698620416,-3.2037817174625696,0.040608343950712694,0.07206473125840951,0.04074086598166482,0.07122904117232874,-3.181549749981566,4.152125766578211,0.049832763777406086,0.04364279880206915,18365.0,-3.13171698620416,-3.2037817174625696,0.040608343950712694,0.07206473125840951,0.04074086598166482,0.07122904117232874,-3.181549749981566,4.152125766578211,0.049832763777406086,0.9429411764705883,850.0,-0.05875137743475444,-0.06616011938499458,0.9359809835930769,0.00740874195024014,0.936000515101312,0.007415232424872158,-0.06461485070954733,93.74284437572358,0.005863473274792884,0.04364279880206915,18365.0,-3.13171698620416,-3.2037817174625696,0.040608343950712694,0.07206473125840951,0.04074086598166482,0.07122904117232874,-3.181549749981566,4.152125766578211,0.049832763777406086,0.0071630292955833196,111894.0,-4.9388223015098935,-5.012493482196486,0.006654290248416193,0.07367118068659284,0.006677076994935324,0.07277919679773032,-4.989664764476771,0.6807946375190261,0.050842462966877555,0.005989164954231272,133825.0,-5.117803283211974,-5.192636598551009,0.005557335020141425,0.07483331533903481,0.005578340966982839,0.07364626681660805,-5.169604025531433,0.5686820209053849,0.051800742319458415
2012-05,804.1,6.689723639554104,6.61144005462189,743.5530050538781,0.07828358493221366,0.04377960472586705,18367.0,-3.1285872155744316,-3.2065740806842813,0.04049510887487793,0.07798686510984965,0.04063932944867145,0.07727182804927549,-3.1806396254047384,4.155906438464685,0.05205240983030679,0.04377960472586705,18367.0,-3.1285872155744316,-3.2065740806842813,0.04049510887487793,0.07798686510984965,0.04063932944867145,0.07727182804927549,-3.1806396254047384,4.155906438464685,0.05205240983030679,0.94046783625731,855.0,-0.06137782938265678,-0.06622983198102605,0.9359157362031834,0.004852002598369272,0.9359353783422658,0.004842703908759291,-0.06452340827471893,93.75141684159864,0.0031455788920621494,0.04377960472586705,18367.0,-3.1285872155744316,-3.2065740806842813,0.04049510887487793,0.07798686510984965,0.04063932944867145,0.07727182804927549,-3.1806396254047384,4.155906438464685,0.05205240983030679,0.007178118388516439,112021.0,-4.9367179931472,-5.0153827888094495,0.006635091712181647,0.07866479566224971,0.006659925675478311,0.07780758198940592,-4.988907999346925,0.6813100341537901,0.05219000619972558,0.006003792969566646,133932.0,-5.115363847889612,-5.195290886623055,0.005542603811169978,0.07992703873344276,0.005565062856110091,0.07883650639720209,-5.16849874967073,0.5693109189043719,0.05313490178111824
2012-06,801.1,6.685985783221071,6.610195579500841,742.6282473762179,0.0757902037202296,0.04355934968190963,18391.0,-3.13363091027791,-3.209366443905993,0.04038218955145146,0.07573553362808294,0.04053779291567808,0.07453678527878015,-3.1798898330538434,4.1590236738168525,0.04625892277593335,0.04355934968190963,18391.0,-3.13363091027791,-3.209366443905993,0.04038218955145146,0.07573553362808294,0.04053779291567808,0.07453678527878015,-3.1798898330538434,4.1590236738168525,0.04625892277593335,0.9402582159624413,852.0,-0.06160074360824463,-0.06629954457705753,0.9358504933616963,0.004698800968812901,0.9358702415832197,0.0046886568075916015,-0.06444180816410124,93.75906727971753,0.002841064555856608,0.04355934968190963,18391.0,-3.13363091027791,-3.209366443905993,0.04038218955145146,0.07573553362808294,0.04053779291567808,0.07453678527878015,-3.1798898330538434,4.1590236738168525,0.04625892277593335,0.0071473818509497425,112083.0,-4.941009164026887,-5.018272095422412,0.006615948566346352,0.07726293139552443,0.006642774356021296,0.07596336528743418,-4.9883122784984515,0.6817160256622063,0.0473031144715641,0.005977778275241955,134013.0,-5.1197063059317065,-5.197945174695101,0.005527911651224182,0.07823886876339436,0.005551784745237342,0.07673091619232099,-5.1675576476619,0.5698469507445605,0.04785134173019312
2012-07,799.5,6.683986532274009,6.608951104379792,741.7046398206829,0.07503542789421669,0.04338742063276713,18427.0,-3.137585727060852,-3.2121588071277043,0.04026958509996775,0.07457308006685226,0.04043625638268471,0.07298312242738055,-3.179304945040684,4.161456948437327,0.041719217979832024,0.04338742063276713,18427.0,-3.137585727060852,-3.2121588071277043,0.04026958509996775,0.07457308006685226,0.04043625638268471,0.07298312242738055,-3.179304945040684,4.161456948437327,0.041719217979832024,0.9394829612220916,851.0,-0.06242559629936524,-0.066369257173089,0.9357852550682986,0.003943660873723762,0.9358051048241736,0.0039301521000028004,-0.06437018199771444,93.76578312278295,0.0019445856983491966,0.04338742063276713,18427.0,-3.137585727060852,-3.2121588071277043,0.04026958509996775,0.07457308006685226,0.04043625638268471,0.07298312242738055,-3.179304945040684,4.161456948437327,0.041719217979832024,0.007122875164819501,112244.0,-4.944443819786064,-5.021161402035375,0.0065968606511014275,0.07671758224931136,0.006625623036564283,0.07504986708586855,-4.987882171378989,0.6820092996433877,0.04343835159292553,0.005959435586663387,134157.0,-5.122779502613492,-5.200599462767146,0.005513258436794115,0.07781996015365422,0.005538506634364594,0.07600044201212444,-5.166785376647185,0.5702871970002747,0.044005874033693715
2012-08,800.5,6.685236532436769,6.607706629258743,740.782180956865,0.07752990317802588,0.043411062906724515,18440.0,-3.1370409646738153,-3.214951170349416,0.040157294642416366,0.0779102056756007,0.040334719849691336,0.07627034645331052,-3.1788891765409306,4.163187510881313,0.04184821186711529,0.043411062906724515,18440.0,-3.1370409646738153,-3.214951170349416,0.040157294642416366,0.0779102056756007,0.040334719849691336,0.07627034645331052,-3.1788891765409306,4.163187510881313,0.04184821186711529,0.9395539906103286,852.0,-0.06234999439254637,-0.06643896976912048,0.9357200213226731,0.004088975376574107,0.9357399680651274,0.004075942756926024,-0.0643086394737843,93.77155388330638,0.001958645081237935,0.043411062906724515,18440.0,-3.1370409646738153,-3.214951170349416,0.040157294642416366,0.0779102056756007,0.040334719849691336,0.07627034645331052,-3.1788891765409306,4.163187510881313,0.04184821186711529,0.007120429093690793,112423.0,-4.944787289406365,-5.024050708648338,0.006577827807099083,0.07926341924197278,0.006608471717107269,0.07746985967394346,-4.98762188244301,0.682186842223502,0.04283459303664472,0.005958805707947804,134339.0,-5.1228852025570655,-5.203253750839192,0.005498644064644217,0.08036854828212636,0.0055252285234918454,0.07847226275121474,-5.166186224545517,0.5706289881551317,0.04330102198845154
2012-09,795.0,6.678342114654332,6.606462154137694,739.860869356135,0.07187996051663781,0.04310812276325778,18442.0,-3.1440438364447547,-3.2177435335711277,0.04004531730323524,0.07369969712637303,0.040233183316697965,0.0714569221115206,-3.178646420822707,4.164198271134569,0.03460258437795227,0.04310812276325778,18442.0,-3.1440438364447547,-3.2177435335711277,0.04004531730323524,0.07369969712637303,0.040233183316697965,0.0714569221115206,-3.178646420822707,4.164198271134569,0.03460258437795227,0.9386068476977568,847.0,-0.06335857999772246,-0.06650868236515194,0.9356547921245029,0.0031501023674294776,0.9356748313060812,0.003133584759977889,-0.06425727528601732,93.77637050670715,0.0008986952882948651,0.04310812276325778,18442.0,-3.1440438364447547,-3.2177435335711277,0.04004531730323524,0.07369969712637303,0.040233183316697965,0.0714569221115206,-3.178646420822707,4.164198271134569,0.03460258437795227,0.007060892425749609,112592.0,-4.953183829551998,-5.0269400152613,0.00655884987545127,0.07375618570930254,0.006591320397650254,0.07124096535600866,-4.987535280972521,0.682245923165398,0.034351451420523205,0.005910033676040947,134517.0,-5.131103749434688,-5.205908038911238,0.005484068431812597,0.07480428947654971,0.005511950412619097,0.07222185136326252,-5.1657641397243275,0.5708698928270888,0.03466039028963941
2012-10,785.3,6.666065810380829,6.605217679016646,738.9407035916414,0.060848131364182656,0.042559072187296765,18452.0,-3.156862234296882,-3.2205358967928395,0.039933652209303734,0.0636736624959573,0.040131646783704594,0.06048656355108317,-3.178580248251269,4.1644738359594635,0.021718013954386883,0.042559072187296765,18452.0,-3.156862234296882,-3.2205358967928395,0.039933652209303734,0.0636736624959573,0.040131646783704594,0.06048656355108317,-3.178580248251269,4.1644738359594635,0.021718013954386883,0.9382317801672639,837.0,-0.06375826010864648,-0.06657839496118341,0.9355895674734709,0.002820134852536932,0.935609694547035,0.0028025421663660437,-0.06421616901511784,93.78022538282642,0.0004579089064713632,0.042559072187296765,18452.0,-3.156862234296882,-3.2205358967928395,0.039933652209303734,0.0636736624959573,0.040131646783704594,0.06048656355108317,-3.178580248251269,4.1644738359594635,0.021718013954386883,0.006963978504159055,112766.0,-4.967004343789882,-5.029829321874264,0.006539926697728331,0.06282497808438148,0.006574169078193241,0.059294098057019184,-4.987625905735697,0.6821840975916901,0.02062156194581455,0.0058313346055885165,134669.0,-5.144509384476915,-5.208562326983284,0.005469531435610289,0.06405294250636828,0.005498672301746349,0.06049865960124881,-5.165522736438227,0.5710077193303692,0.0210133519613116
2012-11,792.8,6.675570983015779,6.603973203895597,738.0216822383048,0.07159777912018139,0.042951565716762376,18458.0,-3.147682176809744,-3.2233282600145508,0.03982229848993593,0.07564608320480692,0.04003011025071122,0.07298144940780538,-3.1786939621966224,4.164000304133351,0.031011785386878543,0.042951565716762376,18458.0,-3.147682176809744,-3.2233282600145508,0.03982229848993593,0.07564608320480692,0.04003011025071122,0.07298144940780538,-3.1786939621966224,4.164000304133351,0.031011785386878543,0.9393364928909952,844.0,-0.06258151158017895,-0.06664810755721488,0.9355243473692602,0.0040665959770359306,0.935544557787989,0.004053184930038959,-0.06418539330741298,93.78311158004345,0.0016038817272340244,0.042951565716762376,18458.0,-3.147682176809744,-3.2233282600145508,0.03982229848993593,0.07564608320480692,0.04003011025071122,0.07298144940780538,-3.1786939621966224,4.164000304133351,0.031011785386878543,0.007019532149244744,112942.0,-4.959058708572052,-5.032718628487227,0.006521058115957721,0.0736599199151744,0.006557017758736227,0.07053730941818599,-4.987897030443214,0.6819991656986927,0.028838321871162087,0.005880215093639903,134825.0,-5.13616193718965,-5.211216615055329,0.005455032973620535,0.07505467786567888,0.005485394190873601,0.07197676028883959,-5.165465361500542,0.571040481802547,0.029303424310891835
2012-12,797.3,6.681231019508449,6.602728728774548,737.1038038728209,0.07850229073390125,0.04306936041486603,18512.0,-3.144943429925008,-3.2261206232362625,0.03971125527687372,0.08117719331125439,0.03992857371771785,0.07866012744037713,-3.178990698451506,4.162764877584757,0.03404726852649809,0.04306936041486603,18512.0,-3.144943429925008,-3.2261206232362625,0.03971125527687372,0.08117719331125439,0.03992857371771785,0.07866012744037713,-3.178990698451506,4.162764877584757,0.03404726852649809,0.9391048292108363,849.0,-0.06282816680289757,-0.06671782015324634,0.9354591318115537,0.0038896533503487707,0.9354794210289428,0.0038754547672527908,-0.06416501727598216,93.78502252714138,0.001336850473084586,0.04306936041486603,18512.0,-3.144943429925008,-3.2261206232362625,0.03971125527687372,0.08117719331125439,0.03992857371771785,0.07866012744037713,-3.178990698451506,4.162764877584757,0.03404726852649809,0.00704409516994001,113187.0,-4.955565577658639,-5.035607935100189,0.006502243972622666,0.08004235744154986,0.006539866439279213,0.07710076885245543,-4.988351769688762,0.6816891044164785,0.03278619203012312,0.0059026903771266116,135074.0,-5.1323470358819465,-5.213870903127375,0.005440572943698046,0.08152386724542815,0.005472116080000852,0.07868515412152811,-5.165595199584539,0.5709663438135764,0.033248163702592315
2013-01,802.0,6.687108607866515,6.601484253653499,736.187067073654,0.08562435421301551,0.04320887883195949,18561.0,-3.141709276332584,-3.228912986457974,0.039600521704280155,0.08720371012539019,0.03982703718472448,0.08491321188541985,-3.1794733535201924,4.160756182809194,0.037764077187608436,0.04320887883195949,18561.0,-3.141709276332584,-3.228912986457974,0.039600521704280155,0.08720371012539019,0.03982703718472448,0.08491321188541985,-3.1794733535201924,4.160756182809194,0.037764077187608436,0.94021101992966,853.0,-0.06165093962516459,-0.06678753274927782,0.9353939208000346,0.0051365931241132284,0.9354142842698966,0.005127926460421095,-0.06415509765827418,93.78595284332577,0.002504158033109591,0.04320887883195949,18561.0,-3.141709276332584,-3.228912986457974,0.039600521704280155,0.08720371012539019,0.03982703718472448,0.08491321188541985,-3.1794733535201924,4.160756182809194,0.037764077187608436,0.007073058877482626,113388.0,-4.951462236704112,-5.038497241713152,0.006483484110660834,0.08703500500904049,0.006522715119822199,0.08437341621558175,-4.988993015548115,0.6812521142249554,0.03753077884400291,0.005929452819447422,135257.0,-5.127823343510311,-5.216525191199421,0.005426151243968311,0.08870184768910949,0.0054588379691281035,0.08621154410166276,-5.165915209256817,0.5707836582931363,0.03809186574650614
2013-02,806.6,6.692827882439268,6.60023977853245,735.2714704210372,0.09258810390681749,0.04332831972496777,18616.0,-3.1389488225428597,-3.231705349679686,0.03949009690873265,0.09275652713682625,0.03972550065173111,0.09069285507115844,-3.1801445611965478,4.157964388361594,0.041195738653688085,0.04332831972496777,18616.0,-3.1389488225428597,-3.231705349679686,0.03949009690873265,0.09275652713682625,0.03972550065173111,0.09069285507115844,-3.1801445611965478,4.157964388361594,0.041195738653688085,0.9400932400932401,858.0,-0.061776217048694466,-0.06685724534530929,0.935328714334386,0.005081028296614824,0.9353491475108504,0.005072001824147375,-0.0641556808765336,93.78589814566153,0.002379463827839136,0.04332831972496777,18616.0,-3.1389488225428597,-3.231705349679686,0.03949009690873265,0.09275652713682625,0.03972550065173111,0.09069285507115844,-3.1801445611965478,4.157964388361594,0.041195738653688085,0.0070962917344829105,113665.0,-4.948182922294179,-5.041386548326114,0.006464778373463059,0.09320362603193555,0.0065055638003651845,0.09080349563008912,-4.98982340711717,0.6806866430266532,0.041640484822990764,0.005950747347763859,135546.0,-5.12423846264601,-5.219179479271466,0.0054117677728268655,0.09494101662545607,0.005445559858255355,0.09277053281172737,-5.166428092539504,0.5704909879560442,0.042189629893494285
2013-03,808.2,6.694809552644373,6.598995303411401,734.3570124969688,0.09581424923297188,0.04336069531627233,18639.0,-3.13820188608743,-3.2344977129013976,0.03937998002921621,0.09629582681396753,0.03962396411873774,0.09430482993415426,-3.1810066638849555,4.154381340783476,0.04280477779752534,0.04336069531627233,18639.0,-3.13820188608743,-3.2344977129013976,0.03937998002921621,0.09629582681396753,0.03962396411873774,0.09430482993415426,-3.1810066638849555,4.154381340783476,0.04280477779752534,0.9397674418604651,860.0,-0.062122836603180104,-0.06692695794134076,0.935263512414291,0.004804121338160661,0.9352840107518042,0.004793657388686677,-0.06416679403079796,93.78485589429899,0.002043957427617857,0.04336069531627233,18639.0,-3.13820188608743,-3.2344977129013976,0.03937998002921621,0.09629582681396753,0.03962396411873774,0.09430482993415426,-3.1810066638849555,4.154381340783476,0.04280477779752534,0.007100747678331386,113819.0,-4.947555193672002,-5.044275854939078,0.006446126604871994,0.09672066126707524,0.006488412480908172,0.09437365445322411,-4.990845293902484,0.6799914136245733,0.04329010023048152,0.005956267641444774,135689.0,-5.12331122872862,-5.221833767343512,0.005397422428938559,0.09852253861489135,0.005432281747382607,0.09645779037779757,-5.16713625753601,0.5700871292237385,0.043825028807389366
2013-04,805.0,6.690842277418564,6.597750828290353,733.4436918852116,0.09309144912821044,0.04320755729697816,18631.0,-3.14173986160179,-3.2372900761231094,0.03927017020711679,0.09555021452131918,0.03952242758574437,0.09324148176978395,-3.182061686121446,4.1500006873398165,0.04032182451965571,0.04320755729697816,18631.0,-3.14173986160179,-3.2372900761231094,0.03927017020711679,0.09555021452131918,0.03952242758574437,0.09324148176978395,-3.182061686121446,4.1500006873398165,0.04032182451965571,0.9393232205367561,857.0,-0.06259564117921645,-0.06699667053737224,0.9351983150394325,0.0044010293581557836,0.9352188739927582,0.004388648110228067,-0.0641884458610444,93.78282530250257,0.0015928046818279445,0.04320755729697816,18631.0,-3.14173986160179,-3.2372900761231094,0.03927017020711679,0.09555021452131918,0.03952242758574437,0.09324148176978395,-3.182061686121446,4.1500006873398165,0.04032182451965571,0.0070611557489210905,114004.0,-4.953146537061808,-5.047165161552041,0.006427528649180842,0.09401862449023302,0.006471261161451157,0.09115604713713203,-4.992060704110577,0.6791654471647495,0.0389141670487696,0.005924650224842316,135873.0,-5.128633627485392,-5.2244880554155575,0.005383115111236873,0.09585442793016519,0.005419003636509859,0.09330988171436648,-5.168041786812479,0.5695711322985084,0.03940815932708652
2013-05,808.8,6.695551667706262,6.596506353169304,732.5315071712877,0.09904531453695764,0.043325476751660597,18668.0,-3.1390144393634447,-3.2400824393448207,0.03916066658621455,0.10106799998137594,0.039420891052751,0.09904864133295932,-3.183311322158271,4.1448179358790105,0.04429688279482624,0.043325476751660597,18668.0,-3.1390144393634447,-3.2400824393448207,0.03916066658621455,0.10106799998137594,0.039420891052751,0.09904864133295932,-3.183311322158271,4.1448179358790105,0.04429688279482624,0.9393728222996515,861.0,-0.06254283672146925,-0.0670663831334037,0.935133122209494,0.004523546411934448,0.935153737233712,0.004511648617712856,-0.06422062933597363,93.77980709386414,0.0016777926145043753,0.043325476751660597,18668.0,-3.1390144393634447,-3.2400824393448207,0.03916066658621455,0.10106799998137594,0.039420891052751,0.09904864133295932,-3.183311322158271,4.1448179358790105,0.04429688279482624,0.007080327754044401,114232.0,-4.95043507940387,-5.050054468165003,0.006408984351132043,0.09961938876113319,0.006454109841994143,0.09702622474376316,-4.9934713319194195,0.6782080729063046,0.043036252515549656,0.005942863860804138,136096.0,-5.125564130347098,-5.227142343487603,0.005368845718923186,0.10157821314050519,0.00540572552563711,0.09936470740506587,-5.169146424778971,0.5689423097757121,0.04358229443187245
2013-06,811.9,6.6993771798684,6.595261878048255,731.6204569424805,0.10411530182014506,0.04341479065290626,18701.0,-3.1369550974803193,-3.2428748025665324,0.039051468312677175,0.10591970508621307,0.03931935451975763,0.10415827480307978,-3.1847569551224946,4.138830379387478,0.04780185764217526,0.04341479065290626,18701.0,-3.1369550974803193,-3.2428748025665324,0.039051468312677175,0.10591970508621307,0.03931935451975763,0.10415827480307978,-3.1847569551224946,4.138830379387478,0.04780185764217526,0.939699074074074,864.0,-0.062195588935654876,-0.06713609572943517,0.9350679339241584,0.004940506793780296,0.9350886004746658,0.004930520591383426,-0.06426332513412678,93.77580317562547,0.002067736198471899,0.04341479065290626,18701.0,-3.1369550974803193,-3.2428748025665324,0.039051468312677175,0.10591970508621307,0.03931935451975763,0.10415827480307978,-3.1847569551224946,4.138830379387478,0.04780185764217526,0.0070946093552023345,114439.0,-4.948420029054042,-5.052943774777966,0.00639049355591596,0.10452374572392387,0.0064369585225371295,0.10216794629989193,-4.995078571243347,0.6771189057323437,0.046658542189304875,0.0059576310363298815,136279.0,-5.123082354045708,-5.229796631559649,0.005354614151466074,0.10671427751394091,0.005392447414764362,0.10481022402148306,-5.1704516117702415,0.5682002180637807,0.04736925772453304
2013-07,812.2,6.699746615252198,6.594017402927206,730.7105397878294,0.10572921232499155,0.043470348961678444,18684.0,-3.1356762063698014,-3.245667165788244,0.038942574535053245,0.10999095941844272,0.039217817986764256,0.10843364555237082,-3.1863996263442442,4.1320372228204905,0.05072341997444285,0.043470348961678444,18684.0,-3.1356762063698014,-3.245667165788244,0.038942574535053245,0.10999095941844272,0.039217817986764256,0.10843364555237082,-3.1863996263442442,4.1320372228204905,0.05072341997444285,0.9411355735805331,863.0,-0.06066807583123043,-0.06720580832546665,0.9350027501831092,0.006537732494236219,0.9350234637156196,0.00653685185677058,-0.06431650098811433,93.77081669978948,0.0036484251568838985,0.043470348961678444,18684.0,-3.1356762063698014,-3.245667165788244,0.038942574535053245,0.10999095941844272,0.039217817986764256,0.10843364555237082,-3.1863996263442442,4.1320372228204905,0.05072341997444285,0.007088744588744589,114576.0,-4.949247021994523,-5.055833081390929,0.006372056109169616,0.10658605939640609,0.006419807203080115,0.1041989836304631,-4.996883483926848,0.6758978674963309,0.04763646193232507,0.005954938375699276,136391.0,-5.123534424557675,-5.232450919631694,0.0053404203086005984,0.10891649507401979,0.005379169303891614,0.10703680053184357,-5.171958451837911,0.5673446759531898,0.04842402728023654
2013-08,815.1,6.703310805100412,6.592772927806157,729.801754298129,0.1105378772942549,0.04350216149863906,18737.0,-3.134944652498101,-3.248459529009956,0.038833984404265595,0.11351487651185499,0.039116281453770885,0.11212415602570949,-3.1882400083121523,4.124439689351093,0.053295355814051426,0.04350216149863906,18737.0,-3.134944652498101,-3.248459529009956,0.038833984404265595,0.11351487651185499,0.039116281453770885,0.11212415602570949,-3.1882400083121523,4.124439689351093,0.053295355814051426,0.9401384083044982,867.0,-0.06172817168013014,-0.06727552092149812,0.9349375709860293,0.005547349241367981,0.9349583269565735,0.00554044089300388,-0.06438010867579211,93.76485234465896,0.00265193699566197,0.04350216149863906,18737.0,-3.134944652498101,-3.248459529009956,0.038833984404265595,0.11351487651185499,0.039116281453770885,0.11212415602570949,-3.1882400083121523,4.124439689351093,0.053295355814051426,0.007099246614118365,114815.0,-4.9477666112525585,-5.058722388003892,0.006353671856975397,0.11095577675133317,0.006402655883623102,0.10879715279982838,-4.998886771794792,0.6745452048371248,0.051120160542233783,0.005965048373168626,136646.0,-5.121838113964951,-5.23510520770374,0.00532626409032759,0.11326709373878963,0.005365891193018866,0.11166032977509417,-5.173667683530066,0.5663757807217766,0.05182956956511564
2013-09,816.0,6.704414354964107,6.591528452685108,728.8940990659265,0.11288590227899853,0.04343197785820737,18788.0,-3.1365592921827785,-3.251251892231667,0.038725697073604695,0.1146926000488886,0.039014744920777514,0.11321957753150488,-3.1902783821304364,4.116041102111386,0.05371908994765784,0.04343197785820737,18788.0,-3.1365592921827785,-3.251251892231667,0.038725697073604695,0.1146926000488886,0.039014744920777514,0.11321957753150488,-3.1902783821304364,4.116041102111386,0.05371908994765784,0.9400921658986175,868.0,-0.06177735969624312,-0.06734523351752958,0.934872396332602,0.0055678738212864565,0.9348931901975274,0.005561037084879957,-0.06445407182358721,93.75791745749322,0.0026767121273440914,0.04343197785820737,18788.0,-3.1365592921827785,-3.251251892231667,0.038725697073604695,0.1146926000488886,0.039014744920777514,0.11321957753150488,-3.1902783821304364,4.116041102111386,0.05371908994765784,0.007096516097611884,114986.0,-4.948151305840036,-5.061611694616855,0.0063353406458597425,0.11346038877681863,0.006385504564166087,0.11134774492775742,-5.001088769106752,0.6730614922743334,0.05293746326671567,0.005963996754884119,136821.0,-5.122014426197144,-5.237759495775786,0.005312145396912965,0.11574506957864195,0.005352613082146117,0.11422153317550628,-5.175579671752606,0.565293911489702,0.05356524555546205
2013-10,815.8,6.704169226883458,6.59028397756406,727.9875726855198,0.11388524931939781,0.04331988105352591,18832.0,-3.1391436026166,-3.254044255453379,0.03861771169872198,0.11490065283677886,0.03891320838778414,0.11324362210968797,-3.1925146176737176,4.106846948679058,0.05337101505711761,0.04331988105352591,18832.0,-3.1391436026166,-3.254044255453379,0.03861771169872198,0.11490065283677886,0.03891320838778414,0.11324362210968797,-3.1925146176737176,4.106846948679058,0.05337101505711761,0.9398617511520737,868.0,-0.062022487776892114,-0.06741494611356105,0.9348072262225107,0.0053924583366689385,0.9348280534384812,0.005384624151016429,-0.06453829359544991,93.7500213320763,0.002515805818557794,0.04331988105352591,18832.0,-3.1391436026166,-3.254044255453379,0.03861771169872198,0.11490065283677886,0.03891320838778414,0.11324362210968797,-3.1925146176737176,4.106846948679058,0.05337101505711761,0.007080921092604005,115211.0,-4.950351281913073,-5.064501001229818,0.006317062322791902,0.11414971931674511,0.0063683532447090735,0.11189201046392074,-5.003489415676617,0.6714476474222141,0.05313813376354393,0.005952962981881334,137041.0,-5.123866203227441,-5.240413783847831,0.005298064128887015,0.11654758062039061,0.005339334971273368,0.11492592502800449,-5.177694381491912,0.5640997420553981,0.05382817826447095
2013-11,814.8,6.70294268435265,6.589039502443011,727.0821737529536,0.113903181909639,0.04314535345512311,18885.0,-3.1431805507939066,-3.2568366186750906,0.03851002743762339,0.11365606788118399,0.03881167185479077,0.11165923530803543,-3.1949481703174656,4.096864871311318,0.051767619523559016,0.04314535345512311,18885.0,-3.1431805507939066,-3.2568366186750906,0.03851002743762339,0.11365606788118399,0.03881167185479077,0.11165923530803543,-3.1949481703174656,4.096864871311318,0.051767619523559016,0.9387096774193547,868.0,-0.06324903030769953,-0.06748465870959253,0.9347420606554385,0.004235628401892996,0.934762916679435,0.004222205084835668,-0.06463265650168751,93.74117522498231,0.0013836261939879774,0.04314535345512311,18885.0,-3.1431805507939066,-3.2568366186750906,0.03851002743762339,0.11365606788118399,0.03881167185479077,0.11165923530803543,-3.1949481703174656,4.096864871311318,0.051767619523559016,0.007056133848312174,115474.0,-4.953857991025567,-5.06739030784278,0.00629883673518264,0.11353231681721354,0.00635120192525206,0.11099189277187682,-5.006088242850195,0.669704936513532,0.05223025182462848,0.0059337154176103465,137317.0,-5.127104716199092,-5.243068071919877,0.005284020187043686,0.11596335572078509,0.00532605686040062,0.1140916391125459,-5.180011364422282,0.5627942455725992,0.05290664822318991
2013-12,813.3,6.70110004517273,6.587795027321962,726.1779008660204,0.11330501785076752,0.04312758510976773,18858.0,-3.143592460852893,-3.2596289818968023,0.03840264345066271,0.11603652104390916,0.0387101353217974,0.11411610295980798,-3.197578083623762,4.086104627328457,0.053985622770869046,0.04312758510976773,18858.0,-3.143592460852893,-3.2596289818968023,0.03840264345066271,0.11603652104390916,0.0387101353217974,0.11411610295980798,-3.197578083623762,4.086104627328457,0.053985622770869046,0.9391454965357967,866.0,-0.06278486338970568,-0.067554371305624,0.9346768996310689,0.00476950791591832,0.9346977799203888,0.004758454241526826,-0.06473702364052542,93.73139223725288,0.0019521602508197344,0.04312758510976773,18858.0,-3.143592460852893,-3.2596289818968023,0.03840264345066271,0.11603652104390916,0.0387101353217974,0.11411610295980798,-3.197578083623762,4.086104627328457,0.053985622770869046,0.007038389642758238,115552.0,-4.9563758789044545,-5.070279614455743,0.006280663730882943,0.11390373555128885,0.006334050605795045,0.11119883322668604,-5.008884371956832,0.6678349705990847,0.05250849305237715,0.005920420464141164,137372.0,-5.129347808260163,-5.245722359991923,0.00527001347243991,0.11637455173176026,0.005312778749527872,0.11437361562765833,-5.182529756877136,0.5613786919987894,0.053181948616972896
2014-01,818.2,6.7071068054952985,6.586550552200913,725.274752624256,0.12055625329438513,0.04325896161573438,18914.0,-3.1405508620801594,-3.262421345118514,0.03829555890053505,0.12187048303835457,0.03860859878880403,0.12044888892157596,-3.2004030017131817,4.074578004998779,0.05985213963302227,0.04325896161573438,18914.0,-3.1405508620801594,-3.262421345118514,0.03829555890053505,0.12187048303835457,0.03860859878880403,0.12044888892157596,-3.2004030017131817,4.074578004998779,0.05985213963302227,0.9393800229621125,871.0,-0.06253517135720459,-0.06762408390165546,0.9346117431490851,0.005088912544450874,0.9346326431613428,0.00507940722540145,-0.06485124743406097,93.72068649349514,0.0023160760768563826,0.04325896161573438,18914.0,-3.1405508620801594,-3.262421345118514,0.03829555890053505,0.12187048303835457,0.03860859878880403,0.12044888892157596,-3.2004030017131817,4.074578004998779,0.05985213963302227,0.007068865715742093,115747.0,-4.952055248190741,-5.0731689210687065,0.006262543158182789,0.12111367287796515,0.006316899286338031,0.11904043349723625,-5.01187652131467,0.6658396951903158,0.059821273123928265,0.005947906746825046,137561.0,-5.124715928579584,-5.248376648063969,0.0052560438863948926,0.12366071948438506,0.005299500638655124,0.12235230305292884,-5.185248286959579,0.5598546396666176,0.060532358379995266
2014-02,823.2,6.71319918451984,6.585306077079864,724.372727628938,0.1278931074399754,0.04340398608035432,18966.0,-3.137203996923833,-3.2652137083402257,0.038188772952270335,0.12800971141639295,0.03850706225581066,0.1271694992469783,-3.203421152150567,4.062298855092796,0.0662171552267341,0.04340398608035432,18966.0,-3.137203996923833,-3.2652137083402257,0.038188772952270335,0.12800971141639295,0.03850706225581066,0.1271694992469783,-3.203421152150567,4.062298855092796,0.0662171552267341,0.9408000000000001,875.0,-0.06102470183777449,-0.06769379649768693,0.9345465912091705,0.0066690946599124445,0.9345675064022966,0.006668853298458941,-0.06497516524142662,93.7090735510601,0.003950463403652127,0.04340398608035432,18966.0,-3.137203996923833,-3.2652137083402257,0.038188772952270335,0.12800971141639295,0.03850706225581066,0.1271694992469783,-3.203421152150567,4.062298855092796,0.0662171552267341,0.007103471485153641,115887.0,-4.947171672856913,-5.076058227681669,0.006244474865809855,0.12888655482475553,0.006299747966881018,0.12758026551188273,-5.015063004083727,0.6637213852460913,0.06789133122681346,0.005977692575810387,137712.0,-5.1197206423694155,-5.251030936136015,0.005242111330489416,0.13131029376659953,0.005286222527782375,0.13080608021964799,-5.188165272418177,0.5582239313562773,0.06844463004876111
2014-03,827.4,6.7182882540273114,6.584061601958815,723.4718244830837,0.13422665206849604,0.043517593225687684,19013.0,-3.134589980682275,-3.268006071561937,0.03808228477322676,0.133416090879662,0.03840552572281729,0.13310760383194653,-3.206630300678696,4.049283230407816,0.0720403199964208,0.043517593225687684,19013.0,-3.134589980682275,-3.268006071561937,0.03808228477322676,0.133416090879662,0.03840552572281729,0.13310760383194653,-3.206630300678696,4.049283230407816,0.0720403199964208,0.941296928327645,879.0,-0.060496643657865924,-0.06776350909371841,0.9344814438110084,0.007266865435852483,0.9345023696432504,0.007270777373190021,-0.06510859655079744,93.69657066083332,0.004611952892931516,0.043517593225687684,19013.0,-3.134589980682275,-3.268006071561937,0.03808228477322676,0.133416090879662,0.03840552572281729,0.13310760383194653,-3.206630300678696,4.049283230407816,0.0720403199964208,0.007123424478269853,116152.0,-4.944366703136213,-5.078947534294632,0.006226458702928247,0.13458083115841912,0.006282596647424004,0.13383444426447563,-5.018441671840123,0.6614826752607973,0.0740749687039104,0.005996303946081096,137985.0,-5.116612008552056,-5.25368522420806,0.005228215706565156,0.13707321565600417,0.0052729444169096265,0.13718322667156368,-5.191278563930825,0.5564887200395177,0.07466655537876932
2014-04,835.0,6.727431724850855,6.582817126837767,722.572041791448,0.14461459801308774,0.04376539650925101,19079.0,-3.128911807876455,-3.2707984347836487,0.03797609353308431,0.14188662690719367,0.03830398918982392,0.14258064068371246,-3.2100277021055064,4.035549532435724,0.0811158942290513,0.04376539650925101,19079.0,-3.128911807876455,-3.2707984347836487,0.03797609353308431,0.14188662690719367,0.03830398918982392,0.14258064068371246,-3.2100277021055064,4.035549532435724,0.0811158942290513,0.9424379232505643,886.0,-0.0592852257542255,-0.06783322168974988,0.9344163009542823,0.008547995935524383,0.9344372328842042,0.008562041499208469,-0.0652513303683778,93.68319794600075,0.005966104614152298,0.04376539650925101,19079.0,-3.128911807876455,-3.2707984347836487,0.03797609353308431,0.14188662690719367,0.03830398918982392,0.14258064068371246,-3.2100277021055064,4.035549532435724,0.0811158942290513,0.007170767315041436,116445.0,-4.9377426126570345,-5.081836840907595,0.006208494519137267,0.14409422825056062,0.00626544532796699,0.14449443570010448,-5.022009852307115,0.6591265916651972,0.08426723965008076,0.006037686734443015,138298.0,-5.109734331381448,-5.256339512280106,0.005214356916723967,0.14660518089865793,0.005259666306036879,0.14792201313477793,-5.1945854840532775,0.5546514957445772,0.08485115267182941
2014-05,836.6,6.7293460590080985,6.581572651716718,721.6733781605199,0.1477734072913801,0.04376209656326829,19117.0,-3.1289872115209203,-3.2735907980053605,0.037870198403838304,0.14460358648444016,0.038202452656830546,0.14553107247797847,-3.213610055372269,4.021118632109431,0.08462284385134877,0.04376209656326829,19117.0,-3.1289872115209203,-3.2735907980053605,0.037870198403838304,0.14460358648444016,0.038202452656830546,0.14553107247797847,-3.213610055372269,4.021118632109431,0.08462284385134877,0.9421171171171171,888.0,-0.05962568398407203,-0.06790293428578134,0.9343511626386757,0.00827725030170931,0.934372096125158,0.008289011437817623,-0.06540312011431576,93.66897887636763,0.005777436130243729,0.04376209656326829,19117.0,-3.1289872115209203,-3.2735907980053605,0.037870198403838304,0.14460358648444016,0.038202452656830546,0.14553107247797847,-3.213610055372269,4.021118632109431,0.08462284385134877,0.007169976260059479,116681.0,-4.937852935385925,-5.084726147520557,0.006190582164470145,0.14687321213463278,0.006248294008509975,0.14750942421950727,-5.025764301641842,0.6566565739512248,0.08791136625591722,0.006039866294138456,138513.0,-5.109373404012478,-5.258993800352152,0.005200534863327227,0.1496203963396736,0.00524638819516413,0.15124273489821372,-5.198082779210457,0.5527151037953593,0.08870937519797906
2014-06,841.2,6.734829443828545,6.580328176595669,720.7758321985227,0.1545012672328756,0.04387648654287503,19172.0,-3.1263767164509773,-3.276383161227072,0.03776459855979293,0.15000644477609493,0.038100916123837175,0.1515861298522549,-3.2173734335260096,4.006014081989882,0.09099671707503232,0.04387648654287503,19172.0,-3.1263767164509773,-3.276383161227072,0.03776459855979293,0.15000644477609493,0.038100916123837175,0.1515861298522549,-3.2173734335260096,4.006014081989882,0.09099671707503232,0.941993281075028,893.0,-0.05975713704795432,-0.06797264688181281,0.9342860288638717,0.008215509833858492,0.934306959366112,0.008226762769840523,-0.0655636731740016,93.65394124241277,0.005806536126047271,0.04387648654287503,19172.0,-3.1263767164509773,-3.276383161227072,0.03776459855979293,0.15000644477609493,0.038100916123837175,0.1515861298522549,-3.2173734335260096,4.006014081989882,0.09099671707503232,0.007192571438343281,116954.0,-4.9347065302495885,-5.087615454133521,0.0061727214893927684,0.15290892388393207,0.006231142689052962,0.15429413147276871,-5.02970112579126,0.6540765144455752,0.09499459554167178,0.006058379966726445,138849.0,-5.106312846863902,-5.261648088424197,0.005186749448995126,0.15533524156029532,0.005233110084291382,0.15770160939521163,-5.201766541111606,0.5506827785531951,0.09545369424770467
2014-07,845.4,6.739809888132689,6.57908370147462,719.8794025154106,0.16072618665806893,0.04393970893970894,19240.0,-3.124936836087008,-3.2791755244487835,0.03765929317755481,0.15423868836177546,0.037999379590843804,0.15632700883086242,-3.22131325665971,3.9902621453333453,0.0963764205727018,0.04393970893970894,19240.0,-3.124936836087008,-3.2791755244487835,0.03765929317755481,0.15423868836177546,0.037999379590843804,0.15632700883086242,-3.22131325665971,3.9902621453333453,0.0963764205727018,0.9424749163879599,897.0,-0.05924597392610657,-0.06804235947784429,0.934220899629554,0.008796385551737722,0.9342418226070658,0.008812593893430165,-0.06573265235384305,93.63811701325298,0.006486678427736488,0.04393970893970894,19240.0,-3.124936836087008,-3.2791755244487835,0.03765929317755481,0.15423868836177546,0.037999379590843804,0.15632700883086242,-3.22131325665971,3.9902621453333453,0.0963764205727018,0.007215095885500678,117171.0,-4.931579797100927,-5.090504760746484,0.006154912344802469,0.15892496364555697,0.006213991369595948,0.16110490928631999,-5.033815752373883,0.6513907630533852,0.10223595527295615,0.006078865623561896,139072.0,-5.102937175483412,-5.264302376496243,0.005173000576605974,0.16136520101283125,0.005219831973418633,0.16457113074094876,-5.205632176980043,0.5485581486208462,0.10269500149663102
2014-08,847.0,6.741700694652055,6.577839226353571,718.9840877228662,0.16386146829848336,0.04390648488932663,19291.0,-3.1256932502358348,-3.281967887670495,0.037554281436026515,0.1562746374346604,0.03789784305785043,0.15854838551904135,-3.225424242731189,3.973891905201942,0.09973099249535444,0.04390648488932663,19291.0,-3.1256932502358348,-3.281967887670495,0.037554281436026515,0.1562746374346604,0.03789784305785043,0.15854838551904135,-3.225424242731189,3.973891905201942,0.09973099249535444,0.9421579532814238,899.0,-0.059582339819565865,-0.06811207207387576,0.9341557749354061,0.008529732254309898,0.9341766858480196,0.008543638001583226,-0.0659096756567284,93.6215423515973,0.00632733583716253,0.04390648488932663,19291.0,-3.1256932502358348,-3.281967887670495,0.037554281436026515,0.1562746374346604,0.03789784305785043,0.15854838551904135,-3.225424242731189,3.973891905201942,0.09973099249535444,0.007213790519018175,117414.0,-4.931760735040206,-5.093394067359446,0.006137154582026756,0.16163333231923982,0.006196840050138934,0.16410790994297825,-5.038102876025233,0.648604147856818,0.10634214098502692,0.006081755451679842,139269.0,-5.102461899072041,-5.266956664568289,0.0051592881492955435,0.16449476549624809,0.005206553862545885,0.16809613656930542,-5.2096743575136655,0.5463452530257616,0.10721245844162475
2014-09,851.7,6.747234352147035,6.576594751232523,718.0898864342995,0.17063960091451147,0.044022329043262524,19347.0,-3.1230582955314516,-3.284760250892207,0.037449562516400296,0.16170195536075527,0.03779630652485706,0.16472568594264272,-3.229700366053047,3.9569353333815713,0.10664207052159513,0.044022329043262524,19347.0,-3.1230582955314516,-3.284760250892207,0.037449562516400296,0.16170195536075527,0.03779630652485706,0.16472568594264272,-3.229700366053047,3.9569353333815713,0.10664207052159513,0.9421460176991151,904.0,-0.05959500824514124,-0.06818178466990722,0.9340906547811115,0.008586776424765984,0.9341115490889734,0.008601187532664152,-0.06609431103401478,93.60425809849447,0.006499302788873541,0.044022329043262524,19347.0,-3.1230582955314516,-3.284760250892207,0.037449562516400296,0.16170195536075527,0.03779630652485706,0.16472568594264272,-3.229700366053047,3.9569353333815713,0.10664207052159513,0.007238284636173577,117666.0,-4.928371029361859,-5.096283373972409,0.006119448052822068,0.16791234461055016,0.00617968873068192,0.1713024638661439,-5.042556402523155,0.6457219947340203,0.11418537316129562,0.006102620322005117,139563.0,-5.099037039053333,-5.269610952640335,0.005145612070456365,0.1705739135870017,0.005193275751673137,0.1751003824588003,-5.2138869610106715,0.5440485580314086,0.11484992195733845
2014-10,846.6,6.741228328086823,6.575350276111474,717.1967972648432,0.16587805197534866,0.04365942963230365,19391.0,-3.131335991795795,-3.2875526141139186,0.03734513560215158,0.15621662231812383,0.03769476999186369,0.15823573513586658,-3.2341348314086167,3.9394272888305077,0.10279883961282188,0.04365942963230365,19391.0,-3.131335991795795,-3.2875526141139186,0.03734513560215158,0.15621662231812383,0.03769476999186369,0.15823573513586658,-3.2341348314086167,3.9394272888305077,0.10279883961282188,0.9417130144605117,899.0,-0.06005470638479693,-0.0682514972659387,0.9340255391663536,0.008196790881141766,0.9340464123299272,0.00820794558962069,-0.06628607761502359,93.58630965096228,0.006231371230226657,0.04365942963230365,19391.0,-3.131335991795795,-3.2875526141139186,0.03734513560215158,0.15621662231812383,0.03769476999186369,0.15823573513586658,-3.2341348314086167,3.9394272888305077,0.10279883961282188,0.007181818953011936,117881.0,-4.936202591932083,-5.099172680585371,0.006101792609372565,0.16297008865328877,0.006162537411224906,0.16539965176202176,-5.047169417104276,0.6427501296555134,0.11096682517219314,0.006055880627762915,139798.0,-5.106725474441045,-5.272265240712381,0.005131972243737052,0.16553976627133604,0.005179997640800389,0.16908945673326384,-5.218263038512631,0.5416729610659176,0.1115375640715861
2014-11,845.8,6.740282925038388,6.574105800990425,716.3048188313543,0.16617712404796237,0.04352838248160156,19431.0,-3.1343420828126387,-3.2903449773356304,0.03724099987903266,0.15600289452299165,0.03759323345887032,0.15787811998733012,-3.238720020725751,3.921405616872902,0.10437793791311245,0.04352838248160156,19431.0,-3.1343420828126387,-3.2903449773356304,0.03724099987903266,0.15600289452299165,0.03759323345887032,0.15787811998733012,-3.238720020725751,3.921405616872902,0.10437793791311245,0.9408231368186873,899.0,-0.061000109433232155,-0.06832120986197017,0.933960428090816,0.007321100428738014,0.9339812755708812,0.0073254800998276874,-0.06648444438013491,93.56774707861769,0.005484334946902758,0.04352838248160156,19431.0,-3.1343420828126387,-3.2903449773356304,0.03724099987903266,0.15600289452299165,0.03759323345887032,0.15787811998733012,-3.238720020725751,3.921405616872902,0.10437793791311245,0.0071582724679875075,118157.0,-4.939486602541919,-5.102061987198335,0.006084188104288855,0.16257538465641552,0.006145386091767892,0.16482062495250488,-5.051934123945246,0.6396948981370639,0.11244752140332714,0.006037590388967014,140089.0,-5.109750288858038,-5.274919528784426,0.005118368573041631,0.16516923992638777,0.00516671952992764,0.16855392556049392,-5.222794754873445,0.5392238064744216,0.11304446601540707
2014-12,842.8,6.736729681930034,6.572861325869376,715.413949752409,0.1638683560606573,0.04332270998252287,19454.0,-3.1390783014993517,-3.293137340557342,0.03713715453506633,0.15405903905799034,0.03749169692587695,0.15552811781696996,-3.2434475227313797,3.902910915268967,0.10436922123202796,0.04332270998252287,19454.0,-3.1390783014993517,-3.293137340557342,0.03713715453506633,0.15405903905799034,0.03749169692587695,0.15552811781696996,-3.2434475227313797,3.902910915268967,0.10436922123202796,0.9416759776536312,895.0,-0.06009403634482149,-0.06839092245800164,0.9338953215541824,0.008296886113180156,0.933916138811835,0.008308924666050403,-0.06668883222816073,93.54862492238242,0.0065947958833392425,0.04332270998252287,19454.0,-3.1390783014993517,-3.293137340557342,0.03713715453506633,0.15405903905799034,0.03749169692587695,0.15552811781696996,-3.2434475227313797,3.902910915268967,0.10436922123202796,0.007117221344908248,118417.0,-4.945237890276313,-5.104951293811298,0.006066634390606801,0.15971340353498498,0.006128234772310878,0.16138196549941175,-5.056841870997214,0.6365631286388099,0.1116039807209015,0.006004388589666866,140364.0,-5.115264645508673,-5.277573816856472,0.005104800962528842,0.16230917134779865,0.005153441419054891,0.16512211965107249,-5.227473414317663,0.5367068544916032,0.11220876880898967
2015-01,834.7,6.727072378856691,6.5716168507483275,714.524188648302,0.15545552810836316,0.04286447902223592,19473.0,-3.1497117908448873,-3.2959297037790534,0.03703359876053958,0.14621791293416608,0.03739016039288358,0.1464106752105364,-3.248308120767109,3.883986463475344,0.09859632992222167,0.04286447902223592,19473.0,-3.1497117908448873,-3.2959297037790534,0.03703359876053958,0.14621791293416608,0.03739016039288358,0.1464106752105364,-3.248308120767109,3.883986463475344,0.09859632992222167,0.9399774774774775,888.0,-0.06189936413547906,-0.0684606350540331,0.9338302195561362,0.006561270918554046,0.9338510020527888,0.006560442095389404,-0.06689861974051373,93.52900164750689,0.004999255605034669,0.04286447902223592,19473.0,-3.1497117908448873,-3.2959297037790534,0.03703359876053958,0.14621791293416608,0.03739016039288358,0.1464106752105364,-3.248308120767109,3.883986463475344,0.09859632992222167,0.007037467961688925,118608.0,-4.95650683803981,-5.10784060042426,0.006049131321786277,0.15133376238444995,0.006111083452853864,0.1515908784394757,-5.061883138560701,0.6333621189387805,0.10537630052089053,0.0059380513345853965,140568.0,-5.126374257581037,-5.280228104928518,0.005091269316611489,0.15385384734748087,0.0051401633081821435,0.15522620169152404,-5.232289448813152,0.534128270026286,0.10591519123211501
2015-02,822.8,6.712713157778802,6.5703723756272785,713.6355341410439,0.1423407821515239,0.04217108297883245,19511.0,-3.166020530291097,-3.298722067000765,0.03693033174799718,0.13270153670966822,0.03728862385989021,0.13093696182749448,-3.2532917928564795,3.864678101776917,0.08727126256538265,0.04217108297883245,19511.0,-3.166020530291097,-3.298722067000765,0.03693033174799718,0.13270153670966822,0.03728862385989021,0.13093696182749448,-3.2532917928564795,3.864678101776917,0.08727126256538265,0.940342857142857,875.0,-0.061510728578812436,-0.06853034765006458,0.9337651220963611,0.007019619071252141,0.9337858652937426,0.007021943780495925,-0.06711313461283586,93.50894043745093,0.00560240603402342,0.04217108297883245,19511.0,-3.166020530291097,-3.298722067000765,0.03693033174799718,0.13270153670966822,0.03728862385989021,0.13093696182749448,-3.2532917928564795,3.864678101776917,0.08727126256538265,0.006923070450740015,118849.0,-4.972895901006955,-5.110729907037223,0.006031678751709929,0.13783400603026852,0.006093932133396851,0.13605965724481897,-5.067047545794398,0.6300996107418702,0.09415164478744309,0.005842629609378883,140827.0,-5.142574307907053,-5.282882393000563,0.005077773539955759,0.14030808509350923,0.005126885197309395,0.13960609308067065,-5.237232424519377,0.531494601405911,0.09465811661232326
2015-03,806.9,6.693199744854461,6.56912790050623,712.7479848543595,0.12407184434823026,0.04142197125256673,19480.0,-3.1839438323420652,-3.301514430222477,0.03682735269223556,0.11757059788041158,0.03718708732689684,0.11388049535696956,-3.2583877562488803,3.8450339391250523,0.07444392390681509,0.04142197125256673,19480.0,-3.1839438323420652,-3.301514430222477,0.03682735269223556,0.11757059788041158,0.03718708732689684,0.11388049535696956,-3.2583877562488803,3.8450339391250523,0.07444392390681509,0.9382558139534883,860.0,-0.06373264439309258,-0.06860006024609605,0.9337000291745408,0.004867415853003473,0.9337207285346966,0.00485700411289868,-0.06733166596626596,93.48850803478095,0.0035990215731733777,0.04142197125256673,19480.0,-3.1839438323420652,-3.301514430222477,0.03682735269223556,0.11757059788041158,0.03718708732689684,0.11388049535696956,-3.2583877562488803,3.8450339391250523,0.07444392390681509,0.006783351407698839,118953.0,-4.993283991239565,-5.113619213650186,0.006014276534681989,0.12033522241062133,0.006076780813939836,0.11627383237818367,-5.072323898768259,0.6267837383363105,0.07903990752869383,0.005725821902741213,140923.0,-5.1627691760485375,-5.2855366810726085,0.0050643135374805305,0.12276750502407108,0.005113607086436647,0.11972269397240305,-5.242291090348956,0.5288127368745016,0.07952191430041822
2015-04,791.6,6.67405621372841,6.567883425385181,711.8615394136835,0.10617278834322885,0.04053874123009167,19527.0,-3.205497188512086,-3.3043067934441885,0.03672466079029639,0.09880960493210234,0.037085550793903466,0.09311417418009278,-3.263584554804329,3.8251039033488357,0.05808736629224276,0.04053874123009167,19527.0,-3.205497188512086,-3.3043067934441885,0.03672466079029639,0.09880960493210234,0.037085550793903466,0.09311417418009278,-3.263584554804329,3.8251039033488357,0.05808736629224276,0.937914691943128,844.0,-0.06409628086754637,-0.06866977284212752,0.9336349407903588,0.004573491974581151,0.9336555917756504,0.004561746542295742,-0.06755345969350124,93.46777516942498,0.0034571788259548653,0.04053874123009167,19527.0,-3.205497188512086,-3.3043067934441885,0.03672466079029639,0.09880960493210234,0.037085550793903466,0.09311417418009278,-3.263584554804329,3.8251039033488357,0.05808736629224276,0.006641441048401306,119191.0,-5.014426313678749,-5.116508520263149,0.0059969245254270385,0.10208220658439959,0.006059629494482822,0.09601437752064085,-5.077700277073497,0.6234229543618764,0.06327396339474767,0.005606391115895635,141196.0,-5.183848061299707,-5.2881909691446545,0.005050889214356737,0.1043429078449476,0.005100328975563898,0.09922147037109223,-5.247453464827806,0.5260898418465885,0.06360540352809885
2015-05,770.4,6.646909860483916,6.5666389502641325,710.9761964461621,0.08027091021978361,0.03939455921456331,19556.0,-3.2341275632146202,-3.3070991566659,0.036622255241460365,0.07297159345127957,0.036984014260910095,0.06517802358196188,-3.2688701579698503,3.804939260145778,0.034742594755230005,0.03939455921456331,19556.0,-3.2341275632146202,-3.3070991566659,0.036622255241460365,0.07297159345127957,0.036984014260910095,0.06517802358196188,-3.2688701579698503,3.804939260145778,0.034742594755230005,0.9360874848116646,823.0,-0.06604634019315406,-0.06873948543815898,0.933569856943499,0.002693145245004927,0.9335904550166042,0.002674652232831558,-0.06777773391701074,93.44681510721439,0.0017313937238566807,0.03939455921456331,19556.0,-3.2341275632146202,-3.3070991566659,0.036622255241460365,0.07297159345127957,0.036984014260910095,0.06517802358196188,-3.2688701579698503,3.804939260145778,0.034742594755230005,0.006445459565282867,119526.0,-5.044379339425923,-5.119397826876112,0.005979622579088787,0.07501848745018869,0.0060424781750258085,0.06669141014404034,-5.083164150425496,0.6200259391760674,0.03878481099957298,0.005443061227373567,141538.0,-5.213413650764834,-5.2908452572167,0.005037500476006673,0.07743160645186631,0.0050870508646911495,0.06998364517120509,-5.252706952886826,0.5233332822607952,0.03929330212199211
2015-06,765.3,6.640267913815875,6.5653944751430835,710.0919545806483,0.07487343867279161,0.039115767952977255,19565.0,-3.2412296208286375,-3.3098915198876115,0.03652013524724095,0.06866189905897402,0.036882477727916724,0.060551523721795175,-3.2742320869874826,3.784592044827588,0.033002466158845056,0.039115767952977255,19565.0,-3.2412296208286375,-3.3098915198876115,0.03652013524724095,0.06866189905897402,0.036882477727916724,0.060551523721795175,-3.2742320869874826,3.784592044827588,0.033002466158845056,0.93671970624235,817.0,-0.06537118104412754,-0.06880919803419046,0.9335047776336449,0.0034380169900629226,0.933525318257558,0.0034218546860136307,-0.06800368008350094,93.42570354269854,0.002632499039373404,0.039115767952977255,19565.0,-3.2412296208286375,-3.3098915198876115,0.03652013524724095,0.06866189905897402,0.036882477727916724,0.060551523721795175,-3.2742320869874826,3.784592044827588,0.033002466158845056,0.006393804200711815,119694.0,-5.05242585116059,-5.122287133489075,0.005962370551228885,0.06986128232848454,0.006025326855568794,0.06115474794574217,-5.088702500314615,0.6166015101807665,0.03627664915402473,0.005400503849437932,141709.0,-5.221263024313123,-5.293499545288746,0.0050241472281033405,0.07223652097562372,0.005073772753818402,0.06439608383596618,-5.258038468674483,0.5205505472935352,0.0367754443613606
2015-07,754.0,6.625392368007956,6.5641500000220345,709.2088124477002,0.06124236798592175,0.03846546270788695,19602.0,-3.257994512821169,-3.3126838831093233,0.036418300011378184,0.05468937028815413,0.03678094119492335,0.0457987603970314,-3.279657595023687,3.7641143115599136,0.02166308220251789,0.03846546270788695,19602.0,-3.257994512821169,-3.3126838831093233,0.036418300011378184,0.05468937028815413,0.03678094119492335,0.0457987603970314,-3.279657595023687,3.7641143115599136,0.02166308220251789,0.9343246592317225,807.0,-0.06793130026199268,-0.06887891063022193,0.9334397028604803,0.0009476103682292542,0.9334601814985118,0.0009261002775960526,-0.06823047628015884,93.40451735102964,0.00029917601816616124,0.03846546270788695,19602.0,-3.257994512821169,-3.3126838831093233,0.036418300011378184,0.05468937028815413,0.03678094119492335,0.0457987603970314,-3.279657595023687,3.7641143115599136,0.02166308220251789,0.006286424158544618,119941.0,-5.069362866181872,-5.125176440102037,0.005945168297825712,0.05581357392016528,0.006008175536111781,0.04631166662166249,-5.094302008965695,0.6131584932878467,0.02493914278382281,0.0053101957166299275,141991.0,-5.238126586285136,-5.296153833360791,0.005010829376569783,0.0580272470756551,0.005060494642945654,0.049343214705771465,-5.263434623150181,0.517749141335301,0.025308036865045125
2015-08,740.5,6.607325633707854,6.5629055249009856,708.3267686795795,0.044420108806868086,0.03777675747372717,19602.0,-3.276061247121272,-3.315476246331035,0.03631674873983244,0.03941499920976321,0.03667940466192998,0.029917410653508895,-3.285133680596267,3.743558034819357,0.0090724334749952,0.03777675747372717,19602.0,-3.276061247121272,-3.315476246331035,0.03631674873983244,0.03941499920976321,0.03667940466192998,0.029917410653508895,-3.285133680596267,3.743558034819357,0.0090724334749952,0.9326196473551638,794.0,-0.0697578275392822,-0.0689486232262534,0.933374632623689,-0.0008092043130287913,0.9333950447394658,-0.0008307279845463752,-0.06845728028167887,93.38333523491951,-0.0013005472576033267,0.03777675747372717,19602.0,-3.276061247121272,-3.315476246331035,0.03631674873983244,0.03941499920976321,0.03667940466192998,0.029917410653508895,-3.285133680596267,3.743558034819357,0.0090724334749952,0.006167492608170574,120065.0,-5.088462908074561,-5.128065746715,0.005928015675273149,0.03960283864043923,0.005991024216654766,0.029455462894847545,-5.09994907869116,0.6097057027734923,0.011486170616598734,0.005210202286719437,142125.0,-5.257136597344983,-5.298808121432837,0.004997546827578406,0.04167152408785402,0.005047216532072905,0.03229220573574109,-5.268881743512183,0.5149365666159864,0.011745146167199572
2015-09,727.9,6.590163676124212,6.5616610497799375,707.4458219102488,0.028502626344274695,0.03711124706842051,19614.0,-3.2938351998280533,-3.3182686095527467,0.03621548064077826,0.024433409724693433,0.03657786812893661,0.014582012751638397,-3.290647175069612,3.7229747433575398,-0.0031880247584412658,0.03711124706842051,19614.0,-3.2938351998280533,-3.3182686095527467,0.03621548064077826,0.024433409724693433,0.03657786812893661,0.014582012751638397,-3.290647175069612,3.7229747433575398,-0.0031880247584412658,0.9332051282051281,780.0,-0.06913024355942526,-0.06901833582228487,0.9333095669229546,-0.0001119077371403987,0.9333299079804196,-0.00013369310704021629,-0.06868324755429851,93.36223604130176,-0.0004469960051267513,0.03711124706842051,19614.0,-3.2938351998280533,-3.3182686095527467,0.03621548064077826,0.024433409724693433,0.03657786812893661,0.014582012751638397,-3.290647175069612,3.7229747433575398,-0.0031880247584412658,0.006053977627146837,120235.0,-5.107039763938359,-5.130955053327963,0.005910912540379425,0.023915289389603522,0.005973872897197753,0.01340917882378459,-5.1056299193717765,0.606251881406892,-0.001409844566582663,0.005116148304340186,142275.0,-5.2753534073471124,-5.301462409504883,0.004984299487550348,0.02610900215777079,0.005033938421200156,0.0163311261007499,-5.274365961680684,0.5121202717880794,-0.0009874456664284992
2015-10,717.8,6.576190978713507,6.5604165746588885,706.5659707753688,0.015774404054618607,0.03652740318558852,19651.0,-3.3096925278742604,-3.3210609727744584,0.036114494924598145,0.01136844490019806,0.03647633159594324,0.001400129547318755,-3.2961848398047655,3.702415136057128,-0.013507688069494872,0.03652740318558852,19651.0,-3.3096925278742604,-3.3210609727744584,0.036114494924598145,0.01136844490019806,0.03647633159594324,0.001400129547318755,-3.2961848398047655,3.702415136057128,-0.013507688069494872,0.9322077922077922,770.0,-0.0701995361342227,-0.06908804841831634,0.9332445057579611,-0.0011114877159063563,0.9332647712213734,-0.0011325607117881253,-0.06890754359934209,93.3412976092928,-0.0012919925348806038,0.03652740318558852,19651.0,-3.3096925278742604,-3.3210609727744584,0.036114494924598145,0.01136844490019806,0.03647633159594324,0.001400129547318755,-3.2961848398047655,3.702415136057128,-0.013507688069494872,0.005955709698563759,120523.0,-5.123404906355012,-5.133844359940926,0.0058938587503658746,0.010439453585913583,0.005956721577740739,-0.00016987182693935498,-5.111330652260448,0.6028056337694713,-0.012074254094564196,0.005034401980656337,142579.0,-5.291460532327121,-5.304116697576928,0.004971087263154798,0.012656165249807394,0.005020660310327408,0.002737024510633277,-5.279873318949751,0.5093075948043946,-0.011587213377369565
2015-11,703.5,6.556067876554444,6.5591720995378395,705.687213912298,-0.0031042229833957435,0.035743318768417846,19682.0,-3.331391914904487,-3.3238533359961697,0.036013790803876455,-0.007538578908317106,0.03637479506294987,-0.017360270853463117,-3.301733460761728,3.681928726063635,-0.029658454142758917,0.035743318768417846,19682.0,-3.331391914904487,-3.3238533359961697,0.036013790803876455,-0.007538578908317106,0.03637479506294987,-0.017360270853463117,-3.301733460761728,3.681928726063635,-0.029658454142758917,0.9317880794701987,755.0,-0.07064987269458092,-0.06915776101434781,0.9331794491283923,-0.0014921116802331102,0.9331996344623272,-0.0015125970264034767,-0.06912933736717719,93.32059738687644,-0.0015205353274037325,0.035743318768417846,19682.0,-3.331391914904487,-3.3238533359961697,0.036013790803876455,-0.007538578908317106,0.03637479506294987,-0.017360270853463117,-3.301733460761728,3.681928726063635,-0.029658454142758917,0.005827196898788175,120727.0,-5.145219200627006,-5.136733666553889,0.005876854162865783,-0.008485534073116696,0.005939570258283724,-0.018919442755782882,-5.117037409488508,0.5993753655253697,-0.028181791138497836,0.004926194610946165,142808.0,-5.313188473172945,-5.306770985648974,0.004957910061308333,-0.006417487523970422,0.00500738219945466,-0.0162135793264066,-5.285389864232631,0.5065057118574537,-0.02779860894031394
2015-12,694.5,6.543192162194399,6.557927624416791,704.8095499600896,-0.01473546222239186,0.03523770866101781,19709.0,-3.345638500998096,-3.3266456992178814,0.035913367493393175,-0.018992801780214563,0.0362732585299565,-0.028548575752671165,-3.3072799281264866,3.661563558123124,-0.038358572871609375,0.03523770866101781,19709.0,-3.345638500998096,-3.3266456992178814,0.035913367493393175,-0.018992801780214563,0.0362732585299565,-0.028548575752671165,-3.3072799281264866,3.661563558123124,-0.038358572871609375,0.9309651474530831,746.0,-0.07153343800936239,-0.06922747361037929,0.9331143970339318,-0.002305964398983104,0.933134497703281,-0.0023247991104576485,-0.06934780777724957,93.30021182459927,-0.002185630232112823,0.03523770866101781,19709.0,-3.345638500998096,-3.3266456992178814,0.035913367493393175,-0.018992801780214563,0.0362732585299565,-0.028548575752671165,-3.3072799281264866,3.661563558123124,-0.038358572871609375,0.0057406182840138865,120980.0,-5.160188359466507,-5.139622973166851,0.005859898635923185,-0.020565386299655763,0.005922418938826711,-0.03069702712534573,-5.12273641635283,0.5959692361990175,-0.03745194311367683,0.004854029648371156,143077.0,-5.327946063667713,-5.30942527372102,0.004944767789174284,-0.018520789946692595,0.004994104088581912,-0.0280479617016813,-5.290901735850077,0.5037215972898405,-0.037044327817636
2016-01,679.8,6.521798637262015,6.556683149295742,703.932977559489,-0.034884512033726445,0.03447786174367297,19717.0,-3.367437849504252,-3.329438062439593,0.03581322421011789,-0.037999787064658896,0.03617172199696313,-0.046828300113341846,-3.3128113609311254,3.6413657781715942,-0.054626488573126686,0.03447786174367297,19717.0,-3.367437849504252,-3.329438062439593,0.03581322421011789,-0.037999787064658896,0.03617172199696313,-0.046828300113341846,-3.3128113609311254,3.6413657781715942,-0.054626488573126686,0.9286885245901638,732.0,-0.07398187669929605,-0.06929718620641075,0.9330493494742638,-0.004684690492885307,0.933069360944235,-0.004695081134845003,-0.06956214548153065,93.28021621437101,-0.004419731217765399,0.03447786174367297,19717.0,-3.367437849504252,-3.329438062439593,0.03581322421011789,-0.037999787064658896,0.03617172199696313,-0.046828300113341846,-3.3128113609311254,3.6413657781715942,-0.054626488573126686,0.005613727951377419,121096.0,-5.182540261180385,-5.142512279779814,0.005842992027991661,-0.040027981400570845,0.005905267619369697,-0.0493694251952285,-5.1284141156023795,0.5925950898720825,-0.05412614557800577,0.004746875218211018,143210.0,-5.350268726210733,-5.312079561793066,0.0049316603541620695,-0.038189164417667065,0.004980825977709163,-0.04697027371467138,-5.296395286618283,0.5009619641547182,-0.053873439592449834
2016-02,657.8,6.488900933754956,6.5554386741746935,703.057495352933,-0.06653774041973737,0.03341291207395743,19687.0,-3.3988128646651306,-3.332230425661305,0.03571336017320365,-0.06658243900382566,0.036070185463969756,-0.07366952389714362,-3.3183151741843706,3.621379431952491,-0.08049769048075994,0.03341291207395743,19687.0,-3.3988128646651306,-3.332230425661305,0.03571336017320365,-0.06658243900382566,0.036070185463969756,-0.07366952389714362,-3.3183151741843706,3.621379431952491,-0.08049769048075994,0.9264788732394366,710.0,-0.07636403628040457,-0.06936689880244222,0.9329843064490718,-0.006997137477962351,0.9330042241851888,-0.006993913614325765,-0.06977155799642266,93.26068421489782,-0.006592478283981906,0.03341291207395743,19687.0,-3.3988128646651306,-3.332230425661305,0.03571336017320365,-0.06658243900382566,0.036070185463969756,-0.07366952389714362,-3.3183151741843706,3.621379431952491,-0.08049769048075994,0.005424349374938153,121268.0,-5.216857317634874,-5.145401586392778,0.0058261341979331865,-0.07145573124209648,0.005888116299912683,-0.07876320734042015,-5.134057238967163,0.5892604204992254,-0.08280007866771122,0.00458697683499993,143406.0,-5.384534113521574,-5.314733849865112,0.004918587663926541,-0.06980026365646186,0.004967547866836414,-0.07661144734551927,-5.301857155189308,0.4982332345123794,-0.08267695833226618
2016-03,638.6,6.459278280280682,6.5541941990536445,702.1831019845448,-0.0949159187729629,0.03244588964536124,19682.0,-3.4281815111782494,-3.335022788883016,0.035613774603980866,-0.09315872229523325,0.035968648930976385,-0.09793971667869139,-3.323779204395632,3.6016460662789416,-0.10440230678261742,0.03244588964536124,19682.0,-3.4281815111782494,-3.335022788883016,0.035613774603980866,-0.09315872229523325,0.035968648930976385,-0.09793971667869139,-3.323779204395632,3.6016460662789416,-0.10440230678261742,0.9241678726483358,691.0,-0.07886154348698822,-0.0694366113984737,0.93291926795804,-0.009424932088514526,0.9329390874261426,-0.009401701457278937,-0.06997528694119215,93.24168624939769,-0.00888625654579607,0.03244588964536124,19682.0,-3.4281815111782494,-3.335022788883016,0.035613774603980866,-0.09315872229523325,0.035968648930976385,-0.09793971667869139,-3.323779204395632,3.6016460662789416,-0.10440230678261742,0.005256659313160581,121484.0,-5.248259565567734,-5.14829089300574,0.0058093250050169415,-0.09996867256199415,0.005870964980455669,-0.10463453100812216,-5.1396529358172005,0.5859723060459642,-0.10860662975053348,0.004445155991145884,143662.0,-5.415940317010914,-5.317388137937157,0.004905549626367341,-0.09855217907375735,0.0049542697559636665,-0.1027626249468835,-5.307274395905328,0.4955414826649447,-0.1086659211055867
2016-04,626.6,6.4403083785180915,6.552949723932596,701.3097961001359,-0.1126413454145041,0.03179903577772139,19705.0,-3.4483193111110126,-3.337815152104728,0.0355144667259512,-0.11050415900628474,0.035867112397983014,-0.11342080107040878,-3.3291919091984736,3.5822040836408204,-0.11912740191253901,0.03179903577772139,19705.0,-3.4483193111110126,-3.337815152104728,0.0355144667259512,-0.11050415900628474,0.035867112397983014,-0.11342080107040878,-3.3291919091984736,3.5822040836408204,-0.11912740191253901,0.924188790560472,678.0,-0.0788389094223042,-0.06950632399450517,0.9328542340008522,-0.009332585427799037,0.9328739506670964,-0.009310111082439074,-0.07017262480299363,93.22328794980272,-0.008666284619310571,0.03179903577772139,19705.0,-3.4483193111110126,-3.337815152104728,0.0355144667259512,-0.11050415900628474,0.035867112397983014,-0.11342080107040878,-3.3291919091984736,3.5822040836408204,-0.11912740191253901,0.005149995890523547,121670.0,-5.2687593622634035,-5.151180199618703,0.005792564308918118,-0.11757916264470047,0.0058538136609986545,-0.12023234958166341,-5.145188994412007,0.5827372919008978,-0.12357036785139641,0.004355805191374588,143854.0,-5.436245796818137,-5.320042426009203,0.004892546149628236,-0.11620337080893428,0.004940991645090919,-0.11843502190450733,-5.3126347010480135,0.4928923355685345,-0.12361109577012375
2016-05,615.5,6.4224349456245085,6.551705248811547,700.4375763472012,-0.12927030318703814,0.031308815300880005,19659.0,-3.4638555820830983,-3.3406075153264396,0.035415435764781615,-0.12324806675665867,0.03576557586498964,-0.12461033986795919,-3.3345425517998146,3.5630881766636646,-0.12931303028328367,0.031308815300880005,19659.0,-3.4638555820830983,-3.3406075153264396,0.035415435764781615,-0.12324806675665867,0.03576557586498964,-0.12461033986795919,-3.3345425517998146,3.5630881766636646,-0.12931303028328367,0.9227886056971514,667.0,-0.08035510029111557,-0.06957603659053663,0.9327892045771924,-0.010779063700578947,0.9328088139080504,-0.010741974198248426,-0.07036293263577599,93.20554851593829,-0.009992167655339584,0.031308815300880005,19659.0,-3.4638555820830983,-3.3406075153264396,0.035415435764781615,-0.12324806675665867,0.03576557586498964,-0.12461033986795919,-3.3345425517998146,3.5630881766636646,-0.12931303028328367,0.005057476931167369,121701.0,-5.286887550244221,-5.154069506231666,0.005775851969716778,-0.13281804401255481,0.005836662341541642,-0.1334984559289181,-5.150654041025217,0.579561291836327,-0.13623350921900368,0.004277275886031967,143900.0,-5.454438947250951,-5.322696714081249,0.004879577142096495,-0.13174223316970224,0.00492771353421817,-0.13199583207699617,-5.317926601370649,0.49029088783092994,-0.13651234588030192
2016-06,605.5,6.406054562993147,6.550460773690498,699.5664413749179,-0.14440621069735027,0.030768839880075206,19679.0,-3.481252793313943,-3.3433998785481513,0.03531668094829824,-0.13785291476579165,0.03566403933199627,-0.13725869373212865,-3.3398213145994906,3.5443290354339614,-0.14143147871445239,0.030768839880075206,19679.0,-3.481252793313943,-3.3433998785481513,0.03531668094829824,-0.13785291476579165,0.03566403933199627,-0.13725869373212865,-3.3398213145994906,3.5443290354339614,-0.14143147871445239,0.921613394216134,657.0,-0.08162945549146354,-0.0696457491865681,0.9327241796867445,-0.011983706304895439,0.9327436771490042,-0.01193284200745343,-0.07054563836296822,93.18852088398864,-0.011083817128495321,0.030768839880075206,19679.0,-3.481252793313943,-3.3433998785481513,0.03531668094829824,-0.13785291476579165,0.03566403933199627,-0.13725869373212865,-3.3398213145994906,3.5443290354339614,-0.14143147871445239,0.004964457599186665,121967.0,-5.305451232329462,-5.156958812844628,0.005759187847896672,-0.1484924194848336,0.005819511022084627,-0.14692874017303095,-5.156037655405526,0.5764495410801175,-0.1494135769239362,0.00420057302614692,144147.0,-5.472534328202309,-5.325351002153294,0.00486664251240223,-0.1471833260490154,0.004914435423345421,-0.14525827194867308,-5.323139581415838,0.4877416615222352,-0.1493947467864709
2016-07,601.2,6.3989276578788195,6.549216298569449,698.696389834143,-0.1502886406906292,0.030472907902073094,19729.0,-3.49091725561615,-3.346192241769863,0.03521820150648041,-0.144725013846287,0.0355625027990029,-0.14311689269160519,-3.3450193777830646,3.5259531899434022,-0.1458978778330855,0.030472907902073094,19729.0,-3.49091725561615,-3.346192241769863,0.03521820150648041,-0.144725013846287,0.0355625027990029,-0.14311689269160519,-3.3450193777830646,3.5259531899434022,-0.1458978778330855,0.9220858895705523,652.0,-0.08111690404783341,-0.06971546178259957,0.9326591593291925,-0.011401442265233833,0.932678540389958,-0.011357236561888624,-0.07072024700805837,93.17225078311061,-0.010396657039775034,0.030472907902073094,19729.0,-3.49091725561615,-3.346192241769863,0.03521820150648041,-0.144725013846287,0.0355625027990029,-0.14311689269160519,-3.3450193777830646,3.5259531899434022,-0.1458978778330855,0.004918555849170832,122231.0,-5.314740318156576,-5.159848119457592,0.00574257180434406,-0.15489219869898463,0.005802359702627613,-0.15231800487249145,-5.1613304684861125,0.5734065614737225,-0.15340984967046367,0.004159977857735954,144520.0,-5.482245527382757,-5.32800529022534,0.004853742169417743,-0.15424023715741697,0.0049011573124726725,-0.15122539585712413,-5.328264179062187,0.4852485752396334,-0.15398134832056964
2016-08,596.4,6.390911582890583,6.547971823448401,697.8274203774123,-0.15706024055781764,0.030271038473251445,19702.0,-3.497563849525041,-3.348984604991575,0.035119996671454615,-0.14857924453346616,0.03546096626600953,-0.14635607371288123,-3.3501290128283743,3.507982806105567,-0.14743483669666668,0.030271038473251445,19702.0,-3.497563849525041,-3.348984604991575,0.035119996671454615,-0.14857924453346616,0.03546096626600953,-0.14635607371288123,-3.3501290128283743,3.507982806105567,-0.14743483669666668,0.9217928902627511,647.0,-0.08143471161031725,-0.06978517437863105,0.9325941435042204,-0.0116495372316862,0.9326134036309118,-0.011602356695747204,-0.0708863491178148,93.15677596092067,-0.010548362492502447,0.030271038473251445,19702.0,-3.497563849525041,-3.348984604991575,0.035119996671454615,-0.14857924453346616,0.03546096626600953,-0.14635607371288123,-3.3501290128283743,3.507982806105567,-0.14743483669666668,0.004873464785049478,122377.0,-5.323950140016034,-5.162737426070555,0.005726003700346579,-0.16121271394547954,0.005785208383170599,-0.15759909371171832,-5.166524264082697,0.5704361255954961,-0.15742587593333734,0.00412274213506059,144661.0,-5.491236770249752,-5.330659578297386,0.004840876022256905,-0.16057719195236597,0.004887879201599925,-0.15653763830515416,-5.333292084925545,0.4828149143188836,-0.1579446853242068
2016-09,594.7,6.388057076712548,6.546727348327352,696.9595316589355,-0.1586702716148034,0.030141915864166247,19730.0,-3.501838522304113,-3.351776968213286,0.03502206567748858,-0.150061554090827,0.03535942973301616,-0.1475565049619045,-3.3551436169684865,3.490435693684256,-0.14669490533562657,0.030141915864166247,19730.0,-3.501838522304113,-3.351776968213286,0.03502206567748858,-0.150061554090827,0.03535942973301616,-0.1475565049619045,-3.3551436169684865,3.490435693684256,-0.14669490533562657,0.9220155038759691,645.0,-0.08119324008322439,-0.06985488697466251,0.9325291322115123,-0.011338353108561877,0.9325482668718656,-0.011294603582533693,-0.07104361546012498,93.14212668745292,-0.010149624623099401,0.030141915864166247,19730.0,-3.501838522304113,-3.351776968213286,0.03502206567748858,-0.150061554090827,0.03535942973301616,-0.1475565049619045,-3.3551436169684865,3.490435693684256,-0.14669490533562657,0.004848993835817488,122644.0,-5.328984052087305,-5.165626732683517,0.00570948339759207,-0.16335731940378828,0.005768057063713585,-0.15933670866015776,-5.171612009728972,0.5675412620901142,-0.15737204235833335,0.004102312940186387,144967.0,-5.496204332581596,-5.333313866369432,0.004828043980274501,-0.16289046621216396,0.004874601090727177,-0.15843104618548018,-5.338216177749448,0.48044333260018907,-0.15798815483214756
2016-10,593.5,6.386037214049723,6.545482873206303,696.0927223345976,-0.15944565915657982,0.030036945189533884,19759.0,-3.5053271486840947,-3.354569331434998,0.03492440776098516,-0.15075781724909687,0.03525789320002279,-0.14807884239905547,-3.360057725050949,3.473325390801723,-0.14526942363314577,0.030036945189533884,19759.0,-3.5053271486840947,-3.354569331434998,0.03492440776098516,-0.15075781724909687,0.03525789320002279,-0.14807884239905547,-3.360057725050949,3.473325390801723,-0.14526942363314577,0.921583850931677,644.0,-0.08166151205463085,-0.06992459957069398,0.9324641254507522,-0.011736912483936865,0.9324831301128196,-0.011688446502859353,-0.0711917981945623,93.12832565499167,-0.01046971386006855,0.030036945189533884,19759.0,-3.5053271486840947,-3.354569331434998,0.03492440776098516,-0.15075781724909687,0.03525789320002279,-0.14807884239905547,-3.360057725050949,3.473325390801723,-0.14526942363314577,0.004834242893214955,122770.0,-5.332030751125163,-5.16851603929648,0.0056930107581674065,-0.16351471182868238,0.005750905744256572,-0.15939451832558513,-5.176587887664463,0.5647242603871693,-0.15544286346069924,0.004091269430944749,145065.0,-5.4988999827694505,-5.335968154441478,0.004815245953065598,-0.16293182832797282,0.004861322979854428,-0.15840411182322592,-5.3430305549864245,0.47813585614405724,-0.15586942778302593
2016-11,596.8,6.391582048889551,6.544238398085254,695.2269910619553,-0.15265634919570292,0.030170365502249632,19781.0,-3.5008951111265247,-3.3573616946567095,0.034827022160476576,-0.1435334164698152,0.03515635666702942,-0.14182331838315268,-3.3648670038284445,3.4566613039508747,-0.13602810729808024,0.030170365502249632,19781.0,-3.5008951111265247,-3.3573616946567095,0.034827022160476576,-0.1435334164698152,0.03515635666702942,-0.14182331838315268,-3.3648670038284445,3.4566613039508747,-0.13602810729808024,0.9224111282843894,647.0,-0.08076424561134954,-0.06999431216672546,0.9323991232216242,-0.010769933444624083,0.9324179933537734,-0.010732166411107876,-0.07133072779570497,93.11538827256683,-0.009433517815644568,0.030170365502249632,19781.0,-3.5008951111265247,-3.3573616946567095,0.034827022160476576,-0.1435334164698152,0.03515635666702942,-0.14182331838315268,-3.3648670038284445,3.4566613039508747,-0.13602810729808024,0.004855743413665728,122906.0,-5.327593065651916,-5.171405345909443,0.0056765856445573784,-0.1561877197424728,0.005733754424799557,-0.15313020860054075,-5.18144729441915,0.5619866923670104,-0.14614577123276629,0.004110674114737951,145183.0,-5.49416824573909,-5.338622442513523,0.004802481850464906,-0.155545803225567,0.004848044868981679,-0.15209652017899156,-5.347730533133409,0.47589390076655713,-0.14643771260568084
2016-12,596.4,6.390911582890583,6.542993922964205,694.3623365002344,-0.15208234007362176,0.030137955429784223,19789.0,-3.5019699238583204,-3.3601540578784213,0.034729908116618316,-0.14181586597989915,0.03505482013403604,-0.14026215754214777,-3.3695682409597034,3.4404488586136712,-0.13240168289861698,0.030137955429784223,19789.0,-3.5019699238583204,-3.3601540578784213,0.034729908116618316,-0.14181586597989915,0.03505482013403604,-0.14026215754214777,-3.3695682409597034,3.4404488586136712,-0.13240168289861698,0.9217928902627511,647.0,-0.08143471161031725,-0.07006402476275693,0.9323341255238125,-0.011370686847560318,0.9323528565947272,-0.011326147881977552,-0.07146031552296038,93.1033224428367,-0.009974396087356868,0.030137955429784223,19789.0,-3.5019699238583204,-3.3601540578784213,0.034729908116618316,-0.14181586597989915,0.03505482013403604,-0.14026215754214777,-3.3695682409597034,3.4404488586136712,-0.13240168289861698,0.004844684169482714,123104.0,-5.329873222661439,-5.174294652522406,0.005660207919643524,-0.1555785701390331,0.0057166031053425435,-0.15252395868535354,-5.1861868259278205,0.5593294407691076,-0.14368639673361816,0.0041015625,145408.0,-5.49638728031013,-5.341276730585569,0.004789751582546133,-0.1551105497245615,0.004834766758108931,-0.1516524570454597,-5.35231263138354,0.473718296379647,-0.1440746489265905
2017-01,597.8,6.393256249849838,6.541749447843156,693.4987573103282,-0.14849319799331795,0.030159931385903838,19821.0,-3.5012410108481578,-3.3629464211001325,0.034633064872183324,-0.13829458974802522,0.03495328360104267,-0.137135963243117,-3.3741592737030492,3.4246898479989794,-0.1270817371451085,0.030159931385903838,19821.0,-3.5012410108481578,-3.3629464211001325,0.034633064872183324,-0.13829458974802522,0.03495328360104267,-0.137135963243117,-3.3741592737030492,3.4246898479989794,-0.1270817371451085,0.9239567233384852,647.0,-0.07909004465106319,-0.07013373735878839,0.9322691323570009,-0.008956307292274798,0.932287719835681,-0.008936078766181953,-0.07158054542522523,93.09212931236685,-0.007509499225837962,0.030159931385903838,19821.0,-3.5012410108481578,-3.3629464211001325,0.034633064872183324,-0.13829458974802522,0.03495328360104267,-0.137135963243117,-3.3741592737030492,3.4246898479989794,-0.1270817371451085,0.00484786557674841,123312.0,-5.329216758167937,-5.177183959135369,0.005643877446702972,-0.15203279903256828,0.00569945178588553,-0.14941545978966603,-5.190804205793252,0.5567527576115707,-0.1384125523746853,0.004104979811574697,145628.0,-5.495554454098439,-5.3439310186576146,0.004777055059621371,-0.15162343544082457,0.004821488647236183,-0.14860738831609802,-5.356774498850577,0.4716093365728747,-0.13877995524786169
2017-02,605.7,6.406384813986902,6.540504972722108,692.6362521547965,-0.13412015873520566,0.030457082516216625,19887.0,-3.4914367169225997,-3.3657387843218443,0.03453649167205598,-0.12569793260075546,0.0348517470680493,-0.1260959613660667,-3.378638960934728,3.4093826200095934,-0.1127977559878719,0.030457082516216625,19887.0,-3.4914367169225997,-3.3657387843218443,0.03453649167205598,-0.12569793260075546,0.0348517470680493,-0.1260959613660667,-3.378638960934728,3.4093826200095934,-0.1127977559878719,0.9233231707317073,656.0,-0.07977597495718752,-0.07020344995481986,0.9322041437208739,-0.00957252500236766,0.9322225830766349,-0.009546445780745408,-0.07169147851432897,93.08180288767267,-0.008084496442858552,0.030457082516216625,19887.0,-3.4914367169225997,-3.3657387843218443,0.03453649167205598,-0.12569793260075546,0.0348517470680493,-0.1260959613660667,-3.378638960934728,3.4093826200095934,-0.1127977559878719,0.004903659326424871,123520.0,-5.317773551271702,-5.180073265748332,0.00562759408940733,-0.13770028552337,0.005682300466428515,-0.13702920931476928,-5.1952982663095515,0.55425629086424,-0.12247528496215043,0.004153010709926909,145846.0,-5.483921735495789,-5.34658530672966,0.0047643921922404546,-0.13733642876612961,0.004808210536363435,-0.13626687547922328,-5.361114896335385,0.469566800510415,-0.12280683916040402
2017-03,610.1,6.413622878157807,6.539260497601059,691.7748196978602,-0.12563761944325158,0.030622898157907946,19923.0,-3.4860072440510166,-3.368531147543556,0.03444018776322635,-0.1174760965074606,0.03475021053505593,-0.11877085961779593,-3.3830071420999452,3.394522298980212,-0.10300010195107134,0.030622898157907946,19923.0,-3.4860072440510166,-3.368531147543556,0.03444018776322635,-0.1174760965074606,0.03475021053505593,-0.11877085961779593,-3.3830071420999452,3.394522298980212,-0.10300010195107134,0.9243939393939394,660.0,-0.07861695686266443,-0.07027316255085134,0.9321391596151155,-0.00834379431181309,0.9321574463175888,-0.008328536079734652,-0.07179323374576796,93.07233180915114,-0.0068237231168964685,0.030622898157907946,19923.0,-3.4860072440510166,-3.368531147543556,0.03444018776322635,-0.1174760965074606,0.03475021053505593,-0.11877085961779593,-3.3830071420999452,3.394522298980212,-0.10300010195107134,0.004934447311167008,123641.0,-5.31151460605295,-5.182962572361294,0.005611357711821533,-0.1285520336916557,0.005665149146971502,-0.1289819238378068,-5.199668907768919,0.5518391214784713,-0.11184569828403124,0.0041796259505377815,145970.0,-5.477533521966817,-5.3492395948017055,0.004751762891190319,-0.12829392716511112,0.004794932425490686,-0.12832432667493487,-5.365333655471815,0.46758998406874525,-0.11219986649500147
2017-04,618.7,6.427620502536943,6.53801602248001,690.9144586054034,-0.11039551994306684,0.03100942261427426,19952.0,-3.4734641653828744,-3.3713235107652677,0.034344152394784194,-0.10214065461760669,0.034648674002062556,-0.10503291951581345,-3.3872645269969626,3.3801012308130587,-0.08619963838591183,0.03100942261427426,19952.0,-3.4734641653828744,-3.3713235107652677,0.034344152394784194,-0.10214065461760669,0.034648674002062556,-0.10503291951581345,-3.3872645269969626,3.3801012308130587,-0.08619963838591183,0.9248131539611361,669.0,-0.0781635575912853,-0.07034287514688281,0.9320741800394099,-0.007820682444402483,0.9320923095585426,-0.007809479300235942,-0.07188599245541233,93.063698940142,-0.0062775651358729645,0.03100942261427426,19952.0,-3.4734641653828744,-3.3713235107652677,0.034344152394784194,-0.10214065461760669,0.034648674002062556,-0.10503291951581345,-3.3872645269969626,3.3801012308130587,-0.08619963838591183,0.004995962532299742,123840.0,-5.299125186286611,-5.185851878974257,0.005595168178402691,-0.11327330731235374,0.005647997827514488,-0.11544538704287824,-5.203916975488898,0.5494998437429132,-0.09520821079771302,0.004232597913459894,146175.0,-5.464939310506928,-5.3518938828737515,0.0047391670674943945,-0.11304542763317649,0.004781654314617937,-0.11482561578730813,-5.369431555477354,0.46567776778195824,-0.09550775502957354
2017-05,624.2,6.436470829836679,6.536771547358961,690.0551675449692,-0.10030071752228142,0.03123811430287259,19982.0,-3.466116317456285,-3.3741158739869794,0.03424838481791319,-0.09200044346930536,0.034547137469069185,-0.09578284652843488,-3.391412620177913,3.3661092959343173,-0.0747036972783719,0.03123811430287259,19982.0,-3.466116317456285,-3.3741158739869794,0.03424838481791319,-0.09200044346930536,0.034547137469069185,-0.09578284652843488,-3.391412620177913,3.3661092959343173,-0.0747036972783719,0.9261127596439169,674.0,-0.07675928107562796,-0.07041258774291427,0.9320092049934414,-0.00634669333271369,0.9320271727994964,-0.006345751849503048,-0.07196998863131673,93.05588227360516,-0.004789292444311227,0.03123811430287259,19982.0,-3.466116317456285,-3.3741158739869794,0.03424838481791319,-0.09200044346930536,0.034547137469069185,-0.09578284652843488,-3.391412620177913,3.3661092959343173,-0.0747036972783719,0.005032531664960132,124033.0,-5.2918321083767035,-5.1887411855872205,0.00557902535399899,-0.10309092278948295,0.005630846508057474,-0.1062566422723798,-5.208044177793965,0.5472366203242459,-0.08378793058273892,0.004264243749146059,146380.0,-5.457490429318539,-5.354548170945797,0.00472660463241196,-0.10294225837274151,0.0047683762037451895,-0.10572413607029874,-5.3734102413092,0.46382866318747196,-0.08408018800933892
2017-06,627.5,6.441743671005939,6.535527072237912,689.1969451857575,-0.09378340123197315,0.031329572120425385,20029.0,-3.4631928312952933,-3.376908237208691,0.034152884285885046,-0.08628459408660216,0.034445600936075814,-0.09046231538921788,-3.3954535913155968,3.352534391793624,-0.06773923997969655,0.031329572120425385,20029.0,-3.4631928312952933,-3.376908237208691,0.034152884285885046,-0.08628459408660216,0.034445600936075814,-0.09046231538921788,-3.3954535913155968,3.352534391793624,-0.06773923997969655,0.9268833087149188,677.0,-0.07592760190633605,-0.07048230033894574,0.931944234476894,-0.005445301567390301,0.9319620360404502,-0.005449500225469551,-0.07204550469953842,93.04885532457808,-0.0038820972067976217,0.031329572120425385,20029.0,-3.4631928312952933,-3.376908237208691,0.034152884285885046,-0.08628459408660216,0.034445600936075814,-0.09046231538921788,-3.3954535913155968,3.352534391793624,-0.06773923997969655,0.005051399499287571,124223.0,-5.288089945516102,-5.191630492200183,0.005562929103848546,-0.09645945331591932,0.00561369518860046,-0.10016498410079756,-5.212052957639851,0.5450472604525981,-0.07603698787625124,0.004280851121889987,146583.0,-5.4536034289038415,-5.357202459017843,0.004714075497437532,-0.09640096988599822,0.004755098092872442,-0.0997344243420167,-5.377272094867104,0.4620408791163256,-0.07633133403673753
2017-07,630.6,6.446671747110961,6.534282597116863,688.3397901986233,-0.08761085000590185,0.03147020660744585,20038.0,-3.458714002708248,-3.3797006004304024,0.03405765005405374,-0.07901340227784548,0.03434406440308244,-0.08367844183807953,-3.399390186500232,3.339362763744158,-0.059323816208015856,0.03147020660744585,20038.0,-3.458714002708248,-3.3797006004304024,0.03405765005405374,-0.07901340227784548,0.03434406440308244,-0.08367844183807953,-3.399390186500232,3.339362763744158,-0.059323816208015856,0.9273529411764706,680.0,-0.07542105105919193,-0.07055201293497722,0.9318792684894522,-0.004869038124214714,0.9318968992814041,-0.004876030930500317,-0.07211286004055166,93.04258819826138,-0.003308191018640272,0.03147020660744585,20038.0,-3.458714002708248,-3.3797006004304024,0.03405765005405374,-0.07901340227784548,0.03434406440308244,-0.08367844183807953,-3.399390186500232,3.339362763744158,-0.059323816208015856,0.005069213331404042,124398.0,-5.284569634876599,-5.194519798813146,0.005546879293578267,-0.09004983606345274,0.005596543869143445,-0.09422431952098893,-5.215946404494099,0.5429292737208945,-0.0686232303824994,0.0042964598152236124,146772.0,-5.449963894164403,-5.359856747089888,0.004701579574300232,-0.09010714707451495,0.004741819981999693,-0.09392177865602265,-5.3810201468177015,0.4603123671978272,-0.06894374734670183
2017-08,634.2,6.452364362104247,6.533038121995815,687.4837012560756,-0.08067375989156744,0.031520874751491054,20120.0,-3.4571052621094287,-3.382492963652114,0.033962681379849605,-0.07461229845731454,0.03424252787008907,-0.07948166469845785,-3.4032256745013587,3.326579209188997,-0.05387958760806999,0.031520874751491054,20120.0,-3.4571052621094287,-3.382492963652114,0.033962681379849605,-0.07461229845731454,0.03424252787008907,-0.07948166469845785,-3.4032256745013587,3.326579209188997,-0.05387958760806999,0.9285505124450952,683.0,-0.07413049746654304,-0.07062172553100869,0.9318143070308001,-0.003508771935534352,0.931831762522358,-0.003521290225588373,-0.0721724039892845,93.03704824009687,-0.001958093477258546,0.031520874751491054,20120.0,-3.4571052621094287,-3.382492963652114,0.033962681379849605,-0.07461229845731454,0.03424252787008907,-0.07948166469845785,-3.4032256745013587,3.326579209188997,-0.05387958760806999,0.005089520018618238,124609.0,-5.280571751762347,-5.197409105426108,0.005530875789202766,-0.08316264633623849,0.0055793925496864325,-0.08780033430265194,-5.219728194529407,0.540879906783883,-0.06084355723293999,0.0043166642844016095,146919.0,-5.445272331380927,-5.362511035161934,0.004689116774963161,-0.08276129621899297,0.004728541871126944,-0.08710456583673494,-5.384658016803972,0.4586408528722023,-0.060614314576954875
2017-09,635.8,6.4548840484767025,6.531793646874766,686.6286770322722,-0.07690959839806322,0.03156744948115783,20141.0,-3.455628768996179,-3.385285326873826,0.03386797752277366,-0.07034344212235322,0.0341409913370957,-0.07537982217703211,-3.406963781834011,3.314167312009487,-0.04866498716216805,0.03156744948115783,20141.0,-3.455628768996179,-3.385285326873826,0.03386797752277366,-0.07034344212235322,0.0341409913370957,-0.07537982217703211,-3.406963781834011,3.314167312009487,-0.04866498716216805,0.9281751824817518,685.0,-0.074534789785523,-0.07069143812704015,0.9317493501006222,-0.0038433516584828464,0.9317666257633118,-0.0038544450748253423,-0.07222451140683023,93.0322004460811,-0.0023102783786927705,0.03156744948115783,20141.0,-3.455628768996179,-3.385285326873826,0.03386797752277366,-0.07034344212235322,0.0341409913370957,-0.07537982217703211,-3.406963781834011,3.314167312009487,-0.04866498716216805,0.005099659113695608,124675.0,-5.278581581937621,-5.200298412039071,0.005514918457123202,-0.07828316989854933,0.005562241230229418,-0.08316469879439775,-5.223402533418703,0.5388961773868045,-0.05517904851891764,0.004324934697431432,147008.0,-5.443358237572068,-5.36516532323398,0.004676687011622792,-0.0781929143380875,0.004715263760254196,-0.08277990005838444,-5.388189856442255,0.45702386408169005,-0.05516838112981315
2017-10,637.7,6.457867953321226,6.530549171753717,685.7747162030221,-0.07268121843249098,0.03160999306037474,20174.0,-3.4542819722935545,-3.3880776900955376,0.033773537744391756,-0.06620428219801688,0.03403945480410233,-0.07137193464787209,-3.410608650750782,3.3021095943381034,-0.04367332154277248,0.03160999306037474,20174.0,-3.4542819722935545,-3.3880776900955376,0.033773537744391756,-0.06620428219801688,0.03403945480410233,-0.07137193464787209,-3.410608650750782,3.3021095943381034,-0.04367332154277248,0.9295918367346939,686.0,-0.07300967440465923,-0.07076115072307163,0.9316843976986027,-0.002248523681587608,0.9317014890042656,-0.0022643006311242,-0.0722695722630281,93.02800842992366,-0.0007401021416311299,0.03160999306037474,20174.0,-3.4542819722935545,-3.3880776900955376,0.033773537744391756,-0.06620428219801688,0.03403945480410233,-0.07137193464787209,-3.410608650750782,3.3021095943381034,-0.04367332154277248,0.0051102670128538,124788.0,-5.276503623127007,-5.2031877186520346,0.005499007164126199,-0.07331590447497227,0.005545089910772404,-0.07841584264916544,-5.226974096306811,0.5369749088072031,-0.04952952682019607,0.00433370257358188,147149.0,-5.441333004530689,-5.367819611306025,0.004664290196708348,-0.07351339322466366,0.004701985649381448,-0.07832501059377239,-5.391620285051931,0.45545876236271815,-0.04971271947875788
2017-11,642.1,6.464744054800002,6.529304696632668,684.9218174457801,-0.06456064183266541,0.031738421234738766,20231.0,-3.4502273056774113,-3.390870053317249,0.033679361308328874,-0.05935725236016243,0.03393791827110896,-0.0648094269895925,-3.4141647990057087,3.2903876578916913,-0.03606250667170263,0.031738421234738766,20231.0,-3.4502273056774113,-3.390870053317249,0.033679361308328874,-0.05935725236016243,0.03393791827110896,-0.0648094269895925,-3.4141647990057087,3.2903876578916913,-0.03606250667170263,0.9292329956584661,691.0,-0.07339576896766713,-0.0708308633191031,0.9316194498244259,-0.002564905648564028,0.9316363522452195,-0.0025797153373860564,-0.07230799435393943,93.02443416799223,-0.0010877746137276934,0.031738421234738766,20231.0,-3.4502273056774113,-3.390870053317249,0.033679361308328874,-0.05935725236016243,0.03393791827110896,-0.0648094269895925,-3.4141647990057087,3.2903876578916913,-0.03606250667170263,0.005137087676909907,124993.0,-5.271268959916377,-5.206077025264997,0.005483141777382721,-0.06519193465137985,0.00552793859131539,-0.07070464115131918,-5.230447984102816,0.5351127545548925,-0.0408209758135607,0.004357001329967701,147372.0,-5.435971226598381,-5.370473899378071,0.004651926242881171,-0.0654973272203101,0.0046887075385087,-0.07074576646478191,-5.394954347634337,0.4539427629680414,-0.0410168789640446
2017-12,644.3,6.468164456144597,6.528060221511619,684.0699794396461,-0.059895765367022236,0.03176082027013704,20286.0,-3.449521815791344,-3.3936624165389606,0.03358544748026329,-0.05585939925238348,0.03383638173811559,-0.06134111750017572,-3.4176370813383348,3.2789823157030655,-0.03188473445300932,0.03176082027013704,20286.0,-3.449521815791344,-3.3936624165389606,0.03358544748026329,-0.05585939925238348,0.03383638173811559,-0.06134111750017572,-3.4176370813383348,3.2789823157030655,-0.03188473445300932,0.928386167146974,694.0,-0.07430750436220786,-0.07090057591513457,0.9315545064777762,-0.0034069284470732847,0.9315712154861734,-0.0034190068201465245,-0.07234019118629022,93.0214391240965,-0.00196731317591764,0.03176082027013704,20286.0,-3.449521815791344,-3.3936624165389606,0.03358544748026329,-0.05585939925238348,0.03383638173811559,-0.06134111750017572,-3.4176370813383348,3.2789823157030655,-0.03188473445300932,0.005148674673762775,125139.0,-5.269015942325805,-5.20896633187796,0.005467322164446948,-0.0600496104478454,0.005510787271858376,-0.06570977615934843,-5.233829679888082,0.5333062223010314,-0.03518626243772349,0.004367454566406594,147523.0,-5.433574918664642,-5.373128187450117,0.004639595063034126,-0.06044673121452515,0.004675429427635951,-0.06587092501256701,-5.398197472776606,0.45247295445504976,-0.03537744588803626
2018-01,648.3,6.47435355218095,6.52681574639057,683.219200865363,-0.05246219420962017,0.03190766807756669,20318.0,-3.4449089194705405,-3.3964547797606723,0.03349179552792098,-0.048454139709868116,0.03373484520512222,-0.054162902377216,-3.421030630748286,3.2678737865323244,-0.023878288722254393,0.03190766807756669,20318.0,-3.4449089194705405,-3.3964547797606723,0.03349179552792098,-0.048454139709868116,0.03373484520512222,-0.054162902377216,-3.421030630748286,3.2678737865323244,-0.023878288722254393,0.9287965616045845,698.0,-0.07386555058142256,-0.07097028851116603,0.9314895676583379,-0.0028952620702565324,0.9315060787271272,-0.002908748728988667,-0.0723665846601291,93.01898399757633,-0.001498965921293463,0.03190766807756669,20318.0,-3.4449089194705405,-3.3964547797606723,0.03349179552792098,-0.048454139709868116,0.03373484520512222,-0.054162902377216,-3.421030630748286,3.2678737865323244,-0.023878288722254393,0.005174560605334993,125286.0,-5.264000850617167,-5.211855638490923,0.005451548193255196,-0.05214521212624401,0.005493635952401363,-0.05808090485626309,-5.237124981720637,0.5315517097412858,-0.026875868896530264,0.004390491670052824,147660.0,-5.428314060432206,-5.375782475522163,0.004627296570290979,-0.05253158491004317,0.004662151316763202,-0.0582691612204007,-5.401355405554138,0.45104632906036646,-0.02695865487806781
2018-02,657.1,6.487836213903822,6.525571271269522,682.3694804053147,-0.037735057365699376,0.03214460424615987,20442.0,-3.437510672985199,-3.399247142982384,0.03339840472106982,-0.03826353000281513,0.033633308672128846,-0.04426280032337797,-3.4243508262593747,3.257041798764768,-0.013159846725824487,0.03214460424615987,20442.0,-3.437510672985199,-3.399247142982384,0.03339840472106982,-0.03826353000281513,0.033633308672128846,-0.04426280032337797,-3.4243508262593747,3.257041798764768,-0.013159846725824487,0.9294200848656294,707.0,-0.07319445199275056,-0.0710400011071975,0.9314246333657955,-0.0021544508855530498,0.931440941968081,-0.0021696030434110347,-0.07238761185539035,93.01702808980052,-0.0008068401373602097,0.03214460424615987,20442.0,-3.437510672985199,-3.399247142982384,0.03339840472106982,-0.03826353000281513,0.033633308672128846,-0.04426280032337797,-3.4243508262593747,3.257041798764768,-0.013159846725824487,0.005230230429418554,125635.0,-5.253299942713634,-5.214744945103885,0.005435819732124806,-0.03855499760974901,0.005476484632944348,-0.04496574354366426,-5.240339959157447,0.5298455271268769,-0.012959983556187105,0.00443824550501844,148054.0,-5.417496137160296,-5.378436763594208,0.0046150306780057835,-0.03905937356608824,0.004648873205890454,-0.04530725867187221,-5.404434164016452,0.44965980184428844,-0.013061973143844163
2018-03,664.6,6.499185355920494,6.524326796148473,681.5208167435221,-0.02514144022797904,0.032444834993165396,20484.0,-3.428214016661947,-3.402039506204096,0.0333052743315139,-0.02617451045785124,0.033531772139135475,-0.032415141718725254,-3.427603231141466,3.246465788174402,-0.0006107855204811052,0.032444834993165396,20484.0,-3.428214016661947,-3.402039506204096,0.0333052743315139,-0.02617451045785124,0.033531772139135475,-0.032415141718725254,-3.427603231141466,3.246465788174402,-0.0006107855204811052,0.930812324929972,714.0,-0.07169760641909045,-0.07110971370322898,0.9313597035998336,-0.0005878927158614738,0.9313758052090348,-0.0006049977634284454,-0.07240372141810329,93.01552963822286,0.0007061149990128385,0.032444834993165396,20484.0,-3.428214016661947,-3.402039506204096,0.0333052743315139,-0.02617451045785124,0.033531772139135475,-0.032415141718725254,-3.427603231141466,3.246465788174402,-0.0006107855204811052,0.005280764066013524,125853.0,-5.243684482261115,-5.217634251716849,0.005420136649753023,-0.02605023054426603,0.005459333313487334,-0.03270898426968243,-5.243480889131011,0.528183930275075,-0.0002035931301032079,0.004482060965740491,148280.0,-5.407672301344174,-5.381091051666254,0.004602797299762265,-0.026581249677920304,0.0046355950950177065,-0.033120694566751985,-5.407439974227376,0.44831023910129575,-0.00023232711679810336
2018-04,671.3,6.509216130944706,6.523082321027424,680.6732085656449,-0.013866190082717722,0.03270008280968386,20529.0,-3.4203776686759015,-3.4048318694258075,0.03321240363308789,-0.015545799250094028,0.033430235606142104,-0.02184109035486708,-3.4307935102064526,3.2361251598506953,0.010415841530551084,0.03270008280968386,20529.0,-3.4203776686759015,-3.4048318694258075,0.03321240363308789,-0.015545799250094028,0.033430235606142104,-0.02184109035486708,-3.4307935102064526,3.2361251598506953,0.010415841530551084,0.9297783933518005,722.0,-0.0728090079481205,-0.07117942629926045,0.9312947783601363,-0.00162958164886004,0.9313106684499887,-0.0016452888924148412,-0.07241536821991561,93.01444631109236,-0.00039363972820488646,0.03270008280968386,20529.0,-3.4203776686759015,-3.4048318694258075,0.03321240363308789,-0.015545799250094028,0.033430235606142104,-0.02184109035486708,-3.4307935102064526,3.2361251598506953,0.010415841530551084,0.005328792785927478,125976.0,-5.23463056065554,-5.220523558329812,0.005404498815215937,-0.014107002325728146,0.005442181994030321,-0.020835247374531428,-5.246554148573699,0.5265631757990387,0.011923587918158951,0.0045229753402506396,148420.0,-5.398585240579419,-5.3837453397383,0.004590596349373226,-0.014839900841119302,0.004622316984144958,-0.021491741962974573,-5.41037916303757,0.446994505205406,0.011793922458150696
2018-05,675.4,6.515305107951467,6.521837845906375,679.8266545589765,-0.00653273795490783,0.032749842408960866,20623.0,-3.4188571288525798,-3.4076242326475192,0.03311979190165131,-0.011232896205060516,0.03332869907314873,-0.017368114576491914,-3.4339273329790787,3.2259995912851678,0.015070204126498954,0.032749842408960866,20623.0,-3.4188571288525798,-3.4076242326475192,0.03311979190165131,-0.011232896205060516,0.03332869907314873,-0.017368114576491914,-3.4339273329790787,3.2259995912851678,0.015070204126498954,0.9303030303030303,726.0,-0.07224490687332877,-0.07124913889529191,0.9312298576463883,-0.0009957679780368545,0.9312455316909426,-0.0010120868834676898,-0.07242300168405674,93.0137362913618,0.0001780948107279745,0.032749842408960866,20623.0,-3.4188571288525798,-3.4076242326475192,0.03311979190165131,-0.011232896205060516,0.03332869907314873,-0.017368114576491914,-3.4339273329790787,3.2259995912851678,0.015070204126498954,0.005347881513623083,126293.0,-5.231054775256555,-5.223412864942774,0.00538890609796737,-0.007641910313781253,0.005425030674573306,-0.014220963083548109,-5.249566115988814,0.5249795707521308,0.018511340732258574,0.004540748409998521,148742.0,-5.394663432497526,-5.386399627810346,0.004578427740879931,-0.008263804687180354,0.004609038873272209,-0.014816638598928731,-5.413258059090341,0.4457095050671837,0.01859462659281519
2018-06,681.4,6.524149505226866,6.520593370785326,678.9811534124431,0.0035561344415402374,0.032952896798529835,20678.0,-3.4126761069197724,-3.4104165958692305,0.033027438415082974,-0.002259511050541896,0.03322716254015536,-0.008254263098574086,-3.43701028861494,3.2160692928639754,0.024334181695167434,0.032952896798529835,20678.0,-3.4126761069197724,-3.4104165958692305,0.033027438415082974,-0.002259511050541896,0.03322716254015536,-0.008254263098574086,-3.43701028861494,3.2160692928639754,0.024334181695167434,0.9334246575342465,730.0,-0.06889502891557067,-0.07131885149132339,0.931164941458274,0.0024238225757527154,0.9311803949318964,0.0024101265604010587,-0.07242707427109972,93.0133574855959,0.003532045355529048,0.032952896798529835,20678.0,-3.4126761069197724,-3.4104165958692305,0.033027438415082974,-0.002259511050541896,0.03322716254015536,-0.008254263098574086,-3.43701028861494,3.2160692928639754,0.024334181695167434,0.005387498221034488,126478.0,-5.22367415375474,-5.226302171555737,0.0053733583678377715,0.0026280178009967514,0.005407879355116292,-0.003768784905033496,-5.252523077876666,0.5234295190208846,0.028848924121925634,0.00457438238453276,148960.0,-5.387283587284028,-5.389053915882391,0.004566291388551502,0.0017703285983632355,0.00459576076239946,-0.004651760387879446,-5.416082900026507,0.44445222325825656,0.028799312742479266
2018-07,680.6,6.522974762066806,6.519348895664278,678.1367038166018,0.003625866402527933,0.032841150357073925,20724.0,-3.4160729658678735,-3.4132089590909422,0.03293534245327524,-0.002864006776931216,0.03312562600716199,-0.008587781858871449,-3.440047849987194,3.2063151069785865,0.02397488411932036,0.032841150357073925,20724.0,-3.4160729658678735,-3.4132089590909422,0.03293534245327524,-0.002864006776931216,0.03312562600716199,-0.008587781858871449,-3.440047849987194,3.2063151069785865,0.02397488411932036,0.9323287671232877,730.0,-0.0700697720756314,-0.07138856408735486,0.931100029795478,0.0013187920117234547,0.9311152581728502,0.0013032854308700499,-0.07242803706742924,93.01326793271983,0.002358264991797837,0.032841150357073925,20724.0,-3.4160729658678735,-3.4132089590909422,0.03293534245327524,-0.002864006776931216,0.03312562600716199,-0.008587781858871449,-3.440047849987194,3.2063151069785865,0.02397488411932036,0.005376666877330468,126584.0,-5.225686636332013,-5.2291914781686994,0.005357855495033169,0.00350484183668609,0.0053907280356592785,-0.00260839690590894,-5.255431177903148,0.5219095448124839,0.029744541571134597,0.004567172191652128,149020.0,-5.388861042040913,-5.391708203954437,0.004554187206884304,0.0028471619135235215,0.0045824826515267125,-0.003341084088880046,-5.418859780009829,0.44321974479031806,0.02999873796891528
2018-08,687.5,6.533061829540727,6.518104420543229,677.2933044636368,0.014957408997497978,0.03309743886000385,20772.0,-3.4082993754234834,-3.416001322312654,0.03284350329812853,0.0077019468891705856,0.03302408947416862,0.002221087303333704,-3.4430453022052494,3.19671872018989,0.03474592678176602,0.03309743886000385,20772.0,-3.4082993754234834,-3.416001322312654,0.03284350329812853,0.0077019468891705856,0.03302408947416862,0.002221087303333704,-3.4430453022052494,3.19671872018989,0.03474592678176602,0.9328358208955224,737.0,-0.06952606264861022,-0.07145827668338633,0.9310351226576848,0.001932214034776114,0.931050121413804,0.0019179413015990676,-0.07242631390599362,93.01342820973423,0.002900251257383399,0.03309743886000385,20772.0,-3.4082993754234834,-3.416001322312654,0.03284350329812853,0.0077019468891705856,0.03302408947416862,0.002221087303333704,-3.4430453022052494,3.19671872018989,0.03474592678176602,0.005421539480636233,126809.0,-5.217375466843704,-5.232080784781663,0.005342397350134043,0.014705317937958817,0.005373576716202265,0.008925668501084543,-5.2582963371344285,0.5204163310313952,0.040920870290724665,0.00460553199756158,149277.0,-5.380497089875485,-5.394362492026483,0.004542115110601363,0.013865402150997852,0.004569204540653965,0.00795049916990929,-5.421594570987148,0.44200928735975115,0.041097481111663114
2018-09,689.4,6.535821654082765,6.51685994542218,676.4509540473605,0.01896170866058533,0.03310762138020458,20823.0,-3.4079917699249282,-3.4187936855343652,0.03275192023354564,0.010801915609436996,0.03292255294117525,0.005621327099389997,-3.446007745387125,3.1872626360844354,0.03801597546219693,0.03310762138020458,20823.0,-3.4079917699249282,-3.4187936855343652,0.03275192023354564,0.010801915609436996,0.03292255294117525,0.005621327099389997,-3.446007745387125,3.1872626360844354,0.03801597546219693,0.9341463414634146,738.0,-0.06812217051770757,-0.07152798927941781,0.930970220044579,0.0034058187617102414,0.9309849846547579,0.0033957119188437225,-0.072422310423252,93.01380058813422,0.0043001399055444395,0.03310762138020458,20823.0,-3.4079917699249282,-3.4187936855343652,0.03275192023354564,0.010801915609436996,0.03292255294117525,0.005621327099389997,-3.446007745387125,3.1872626360844354,0.03801597546219693,0.005433309164276032,126884.0,-5.215206908140178,-5.234970091394626,0.005326983804094283,0.01976318325444737,0.005356425396745251,0.014353558919629155,-5.261124247126323,0.518946719432971,0.04591733898614425,0.004615755433254328,149358.0,-5.378279733577198,-5.397016780098529,0.004530075014651753,0.01873704652133057,0.004555926429781216,0.013132126779313573,-5.424292913433563,0.4408182026378857,0.04601317985636477
2018-10,691.5,6.538863151104813,6.515615470301131,675.6096512632092,0.023247680803682336,0.03314797948324625,20861.0,-3.4067735149394736,-3.421586048756077,0.03266059254542615,0.014812533816603413,0.03282101640818187,0.009962003339508708,-3.4489400115495528,3.1779304226593723,0.04216649661007921,0.03314797948324625,20861.0,-3.4067735149394736,-3.421586048756077,0.03266059254542615,0.014812533816603413,0.03282101640818187,0.009962003339508708,-3.4489400115495528,3.1779304226593723,0.04216649661007921,0.9331983805668016,741.0,-0.06913747419127401,-0.07159770187544927,0.9309053219558451,0.0024602276841752535,0.9309198478957118,0.002447614234716641,-0.0724164098771816,93.01434942196897,0.0032789356859075913,0.03314797948324625,20861.0,-3.4067735149394736,-3.421586048756077,0.03266059254542615,0.014812533816603413,0.03282101640818187,0.009962003339508708,-3.4489400115495528,3.1779304226593723,0.04216649661007921,0.005442824759146149,127048.0,-5.21345709568567,-5.237859398007588,0.005311614728240092,0.02440230232191798,0.005339274077288236,0.01939414990857809,-5.263920283687189,0.5174977520591515,0.050463188001518944,0.0046245828512576324,149527.0,-5.376369106408175,-5.399671068170574,0.0045180668342099965,0.023301961762398626,0.004542648318908467,0.01803673245144651,-5.426960130713975,0.4396440113180834,0.05059102430579987
2018-11,686.6,6.531751881023592,6.514370995180082,674.7693948082417,0.01738088584350983,0.03291309141460141,20861.0,-3.4138847850206946,-3.4243784119777887,0.03256951952166092,0.010493626957094104,0.0327194798751885,0.005917317150255924,-3.451846639376119,3.1687067730141614,0.03796185435542432,0.03291309141460141,20861.0,-3.4138847850206946,-3.4243784119777887,0.03256951952166092,0.010493626957094104,0.0327194798751885,0.005917317150255924,-3.451846639376119,3.1687067730141614,0.03796185435542432,0.9354223433242507,734.0,-0.06675714759092391,-0.07166741447148074,0.9308404283911678,0.004910266880556832,0.9308547111366656,0.004906922780685631,-0.07240896234566774,93.0150421518471,0.005651814754743828,0.03291309141460141,20861.0,-3.4138847850206946,-3.4243784119777887,0.03256951952166092,0.010493626957094104,0.0327194798751885,0.005917317150255924,-3.451846639376119,3.1687067730141614,0.03796185435542432,0.005400176178191657,127144.0,-5.2213237003530635,-5.240748704620551,0.005296289994268901,0.019425004267487722,0.0053221227578312226,0.014665843670287977,-5.26668946832493,0.5160666875894521,0.045365767971866866,0.004589050709478201,149617.0,-5.384082093406436,-5.40232535624262,0.004506090484675464,0.018243262836183938,0.004529370208035719,0.013176335495076175,-5.429601191153319,0.4384844168659469,0.04551909774688312
2018-12,693.5,6.541751239754887,6.513126520059033,673.9301833811372,0.028624719695853784,0.03318181818181818,20900.0,-3.405753198198016,-3.4271707751995004,0.03247870045212651,0.02141757700148439,0.03261794334219513,0.017287259153878423,-3.4547318421916384,3.1595775874200065,0.048978643993622395,0.03318181818181818,20900.0,-3.405753198198016,-3.4271707751995004,0.03247870045212651,0.02141757700148439,0.03261794334219513,0.017287259153878423,-3.4547318421916384,3.1595775874200065,0.048978643993622395,0.933378196500673,743.0,-0.06894480496287284,-0.07173712706751222,0.9307755393502316,0.0027923221046393804,0.9307895743776194,0.0027811034785004515,-0.07240029260616603,93.01584857152801,0.0034554876432931897,0.03318181818181818,20900.0,-3.405753198198016,-3.4271707751995004,0.03247870045212651,0.02141757700148439,0.03261794334219513,0.017287259153878423,-3.4547318421916384,3.1595775874200065,0.048978643993622395,0.0054478467847098935,127298.0,-5.212534833748105,-5.243638011233514,0.005281009474248327,0.03110317748540936,0.005304971438374209,0.026932349777074597,-5.269436433170997,0.5146510158308948,0.056901599422891636,0.004629227883504996,149809.0,-5.375365188612442,-5.404979644314666,0.00449414588167179,0.029614455702223985,0.0045160920971629714,0.02505170043212741,-5.432220672713685,0.4373373180794373,0.05685548410124319
2019-01,695.6,6.544774782480128,6.511882044937985,673.0920156821942,0.03289273754214328,0.03318702290076336,20960.0,-3.4055963559548506,-3.429963138421212,0.03238813462867961,0.02436678246636159,0.03251640680920176,0.020623929805547517,-3.4575995404053836,3.15052985170463,0.05200318445053309,0.03318702290076336,20960.0,-3.4055963559548506,-3.429963138421212,0.03238813462867961,0.02436678246636159,0.03251640680920176,0.020623929805547517,-3.4575995404053836,3.15052985170463,0.05200318445053309,0.9336912751677853,745.0,-0.06860943589943151,-0.07180683966354368,0.9307106548327213,0.003197403764112164,0.9307244376185733,0.0031876648224722663,-0.07239068182645034,93.01674253065451,0.0037812459270188253,0.03318702290076336,20960.0,-3.4055963559548506,-3.429963138421212,0.03238813462867961,0.02436678246636159,0.03251640680920176,0.020623929805547517,-3.4575995404053836,3.15052985170463,0.05200318445053309,0.005453462117410939,127552.0,-5.211504621092338,-5.246527317846477,0.005265773040615087,0.035022696754138494,0.005287820118917195,0.03132519540541079,-5.272165460312332,0.5132484339528709,0.060660839219993434,0.004635479141676663,150060.0,-5.374015710619592,-5.4076339323867115,0.004482232941046268,0.03361822176711993,0.004502813986290223,0.029462721709217335,-5.434822802129557,0.43620078911841864,0.06080709150996544
2019-02,694.8,6.54362403436695,6.510637569816936,672.2548904133254,0.03298646455001375,0.03321223709369025,20920.0,-3.4048368838119094,-3.432755501642924,0.032297821345151564,0.02791861783101446,0.03241487027620839,0.02459879711649211,-3.460453276504993,3.1415518873972488,0.055616392693083494,0.03321223709369025,20920.0,-3.4048368838119094,-3.432755501642924,0.032297821345151564,0.02791861783101446,0.03241487027620839,0.02459879711649211,-3.460453276504993,3.1415518873972488,0.055616392693083494,0.9351278600269178,743.0,-0.06707201035080937,-0.07187655225957515,0.9306457748383214,0.00480454190876578,0.9306593008595272,0.00480149842510962,-0.07238038451158127,93.01770035827197,0.0053083741607719,0.03321223709369025,20920.0,-3.4048368838119094,-3.432755501642924,0.032297821345151564,0.02791861783101446,0.03241487027620839,0.02459879711649211,-3.460453276504993,3.1415518873972488,0.055616392693083494,0.005447617255492308,127542.0,-5.212576966734231,-5.24941662445944,0.005250580566173924,0.03683965772520903,0.005270668799460181,0.03357229656514362,-5.2748803927803305,0.5118568889454833,0.06230342604609973,0.00462993196372287,150067.0,-5.375213105652249,-5.410288220458757,0.004470351578869267,0.03507511480650738,0.004489535875417474,0.03127184907333899,-5.437411367435697,0.4350731150478646,0.062198261783447784
2019-03,693.6,6.541895425466332,6.509393094695887,671.4188062780601,0.03250233077044484,0.03309949892627058,20955.0,-3.4082371348928397,-3.4355478648646356,0.032207759897342834,0.027310729971795844,0.03231333374321502,0.024329435932021002,-3.4632961917189653,3.1326334049924616,0.05505905682612555,0.03309949892627058,20955.0,-3.4082371348928397,-3.4355478648646356,0.032207759897342834,0.027310729971795844,0.03231333374321502,0.024329435932021002,-3.4632961917189653,3.1326334049924616,0.05505905682612555,0.9347708894878707,742.0,-0.06745381770104829,-0.07194626485560662,0.9305808993667167,0.004492447154558335,0.930594164100481,0.004488235095936714,-0.07236962599033912,93.01870109656039,0.004915808289290835,0.03309949892627058,20955.0,-3.4082371348928397,-3.4355478648646356,0.032207759897342834,0.027310729971795844,0.03231333374321502,0.024329435932021002,-3.4632961917189653,3.1326334049924616,0.05505905682612555,0.005430374395189703,127726.0,-5.215747198022824,-5.252305931072403,0.005235431924096568,0.036558733049578684,0.005253517480003167,0.03366447639314407,-5.277584605544359,0.5104745888721619,0.06183740752153444,0.0046149239828337605,150295.0,-5.378459882921647,-5.4129425085308025,0.004458501711433618,0.03448262560915527,0.004476257764544725,0.030978157555486267,-5.439989687476346,0.43395280219935223,0.061529804554698586
2019-04,691.1,6.538284531097348,6.508148619574838,670.5837619815394,0.030135911522510384,0.03292206554878049,20992.0,-3.413612160646467,-3.438340228086347,0.032117949583017544,0.024728067439879986,0.032211797210221646,0.02204994443257745,-3.4661309981369675,3.123765570945762,0.05251883749050057,0.03292206554878049,20992.0,-3.413612160646467,-3.438340228086347,0.032117949583017544,0.024728067439879986,0.032211797210221646,0.02204994443257745,-3.4661309981369675,3.123765570945762,0.05251883749050057,0.9351826792963465,739.0,-0.06701338985085308,-0.0720159774516381,0.930516028417592,0.005002587600785022,0.9305290273414348,0.005001081984736503,-0.07235859063182705,93.0197275969392,0.005345200780973974,0.03292206554878049,20992.0,-3.413612160646467,-3.438340228086347,0.032117949583017544,0.024728067439879986,0.032211797210221646,0.02204994443257745,-3.4661309981369675,3.123765570945762,0.05251883749050057,0.005400400087519145,127972.0,-5.221282237875134,-5.255195237685365,0.005220326987920669,0.03391299981023099,0.005236366160546153,0.031325908453255225,-5.280280992837469,0.5091000057143771,0.0589987549623352,0.004589251681707407,150591.0,-5.384038300508649,-5.415596796602848,0.0044466832552540565,0.03155849609419903,0.004462979653671977,0.028293211673402357,-5.442560601170886,0.43283857989579666,0.058522300662236404
2019-05,689.7,6.536256720437246,6.506904144453789,669.7497562305145,0.029352575983456752,0.03285224349814233,20994.0,-3.4157352411584974,-3.4411325913080586,0.03202838970189793,0.025397350149561237,0.032110260677228275,0.0231073434243481,-3.4689599830102646,3.1149409736094027,0.05322474185176729,0.03285224349814233,20994.0,-3.4157352411584974,-3.4411325913080586,0.03202838970189793,0.025397350149561237,0.032110260677228275,0.0231073434243481,-3.4689599830102646,3.1149409736094027,0.05322474185176729,0.9345528455284553,738.0,-0.06768710416322693,-0.07208569004766957,0.9304511619906319,0.004398585884442641,0.9304638905823887,0.004394533723933468,-0.07234742487452868,93.02076623844012,0.004660320711301749,0.03285224349814233,20994.0,-3.4157352411584974,-3.4411325913080586,0.03202838970189793,0.025397350149561237,0.032110260677228275,0.0231073434243481,-3.4689599830102646,3.1149409736094027,0.05322474185176729,0.005385924907852815,128056.0,-5.223966226789288,-5.258084544298328,0.005205265631548721,0.03411831750904071,0.005219214841089139,0.03194159884954783,-5.282971971752225,0.5077318699713139,0.059005744962937534,0.0045791339680516276,150618.0,-5.386245388680861,-5.418251084674894,0.004434896127066611,0.0320056959940338,0.0044497015427992295,0.029087889155589155,-5.4451264726716895,0.4317293953402582,0.05888108399082892
2019-06,686.1,6.531023389696845,6.50565966933274,668.9167877333456,0.025363720364104836,0.0326356847262522,21023.0,-3.4223489657682804,-3.4439249545297703,0.03193907955565898,0.021575988761489917,0.032008724144234904,0.01958717814531262,-3.4717850283521785,3.1061535424116435,0.0494360625838981,0.0326356847262522,21023.0,-3.4223489657682804,-3.4439249545297703,0.03193907955565898,0.021575988761489917,0.032008724144234904,0.01958717814531262,-3.4717850283521785,3.1061535424116435,0.0494360625838981,0.934741144414169,734.0,-0.06748563891767037,-0.07215540264370103,0.9303863000855211,0.00466976372603066,0.9303987538233425,0.004667236035067853,-0.07233623391309446,93.02180723607253,0.00485059499542409,0.0326356847262522,21023.0,-3.4223489657682804,-3.4439249545297703,0.03193907955565898,0.021575988761489917,0.032008724144234904,0.01958717814531262,-3.4717850283521785,3.1061535424116435,0.0494360625838981,0.005350375095528487,128234.0,-5.230588609218169,-5.2609738509112915,0.005190247729247042,0.03038524169312229,0.005202063521632125,0.028510142807681375,-5.285659504143882,0.506369156113527,0.05507089492571282,0.0045485885519564034,150838.0,-5.392938302505074,-5.420905372746939,0.004423140243828031,0.027967070241865066,0.004436423431926481,0.025282780544059982,-5.447689214570167,0.43062440084263126,0.05475091206509308
2019-07,679.9,6.521945728532414,6.504415194211692,668.0848551999992,0.017530534320721713,0.032308496483558255,21044.0,-3.432425034318284,-3.4467173177514816,0.03185001844792293,0.01429228343319755,0.03190718761124153,0.012577381535667932,-3.4746076054912938,3.0973985460710574,0.04218257117300972,0.032308496483558255,21044.0,-3.432425034318284,-3.4467173177514816,0.03185001844792293,0.01429228343319755,0.03190718761124153,0.012577381535667932,-3.4746076054912938,3.0973985460710574,0.04218257117300972,0.9339285714285714,728.0,-0.068355319664272,-0.0722251152397325,0.9303214427019447,0.003869795575460508,0.9303336170642964,0.003864156146070541,-0.0723250869829101,93.02284414944262,0.003969767318638101,0.032308496483558255,21044.0,-3.432425034318284,-3.4467173177514816,0.03185001844792293,0.01429228343319755,0.03190718761124153,0.012577381535667932,-3.4746076054912938,3.0973985460710574,0.04218257117300972,0.005296615120944183,128365.0,-5.240687318877575,-5.263863157524254,0.00517527315564471,0.023175838646678493,0.005184912202175112,0.021543839975190122,-5.288345096576453,0.5050110793763353,0.0476577776988778,0.0045045283793900765,150937.0,-5.402672081661729,-5.423559660818985,0.004411415522715178,0.020887579157256475,0.004423145321053732,0.018399363445955334,-5.450250285128377,0.4295229524135987,0.04757820346664854
2019-08,670.0,6.507277712385012,6.503170719090643,667.2539573420448,0.004106993294368699,0.03184713375796178,21038.0,-3.4468078929142076,-3.4495096809731933,0.0317612056842538,0.002701788058985688,0.03180565107824816,0.0013042550083809186,-3.477428804305096,3.088672483733046,0.030620911390888406,0.03184713375796178,21038.0,-3.4468078929142076,-3.4495096809731933,0.0317612056842538,0.002701788058985688,0.03180565107824816,0.0013042550083809186,-3.477428804305096,3.088672483733046,0.030620911390888406,0.9318497913769124,719.0,-0.07058364533603495,-0.07229482783576398,0.9302565898395871,0.0017111824997290276,0.9302684803052502,0.0016998437603123698,-0.07231401589193077,93.02387401951422,0.0017303705558958243,0.03184713375796178,21038.0,-3.4468078929142076,-3.4495096809731933,0.0317612056842538,0.002701788058985688,0.03180565107824816,0.0013042550083809186,-3.477428804305096,3.088672483733046,0.030620911390888406,0.005212223052028877,128544.0,-5.256748824773997,-5.266752464137217,0.0051603417857325,0.010003639363220351,0.005167760882718097,0.008603759020559456,-5.291029830684208,0.5036570772878151,0.03428100591021099,0.004432125634223948,151169.0,-5.4188759828667346,-5.426213948891031,0.0043997218811244725,0.007337966024296705,0.004409867210180984,0.0050474136707736065,-5.452810720147637,0.42842459354297535,0.03393473728090246
2019-09,668.3,6.504737174517024,6.501926243969594,666.4240928726564,0.0028109305474304236,0.03174671037005368,21051.0,-3.449966169403374,-3.452302044194905,0.031672640572152085,0.0023358747915311895,0.03170411454525479,0.0013435424836762628,-3.4802493891882684,3.079972895547429,0.030283219784894566,0.03174671037005368,21051.0,-3.449966169403374,-3.452302044194905,0.031672640572152085,0.0023358747915311895,0.03170411454525479,0.0013435424836762628,-3.4802493891882684,3.079972895547429,0.030283219784894566,0.9320781032078103,717.0,-0.07033866608259597,-0.07236454043179544,0.9301917414981334,0.002025874349199472,0.930203343546204,0.0020154299321899793,-0.072303021817191,93.0248967365597,0.0019643557345950385,0.03174671037005368,21051.0,-3.449966169403374,-3.452302044194905,0.031672640572152085,0.0023358747915311895,0.03170411454525479,0.0013435424836762628,-3.4802493891882684,3.079972895547429,0.030283219784894566,0.005192212070358629,128712.0,-5.2605954548138465,-5.26964177075018,0.005145453494861868,0.009046315936333649,0.005150609563261083,0.008077200685971968,-5.293714420371647,0.5023067780028595,0.033118965557800806,0.004415155419020249,151365.0,-5.422712243049714,-5.428868236963077,0.004388059236671297,0.006155993913362856,0.0043965890993082355,0.004222891721888322,-5.455371188313496,0.42732902918710897,0.03265894526378155
2019-10,666.2,6.501589925759579,6.500681768848545,665.5952605066072,0.0009081569110342969,0.031719278198352616,21003.0,-3.450830637885728,-3.4550944074166168,0.03158432242104925,0.004263769530888695,0.03160257801226142,0.003692742599857426,-3.4830698882630298,3.071298074258795,0.03223925037730169,0.031719278198352616,21003.0,-3.450830637885728,-3.4550944074166168,0.03158432242104925,0.004263769530888695,0.03160257801226142,0.003692742599857426,-3.4830698882630298,3.071298074258795,0.03223925037730169,0.9291492329149234,717.0,-0.07348591484004102,-0.07243425302782691,0.9301268976772684,-0.0010516618122141108,0.9301382067871579,-0.0010632547561405747,-0.07229209258410065,93.02591343289517,-0.0011938222559403772,0.031719278198352616,21003.0,-3.450830637885728,-3.4550944074166168,0.03158432242104925,0.004263769530888695,0.03160257801226142,0.003692742599857426,-3.4830698882630298,3.071298074258795,0.03223925037730169,0.005172761860392888,128790.0,-5.264348524127136,-5.272531077363142,0.005130608158743901,0.00818255323600603,0.005133458243804069,0.007656362382270581,-5.2963993150293405,0.5009599460780674,0.032050790902204085,0.004398521061666447,151460.0,-5.426486916908234,-5.431522525035122,0.004376427507189415,0.005035608126887858,0.004383310988435488,0.0034699963728533484,-5.4579320964693965,0.42623607886103276,0.03144517956116211
2019-11,655.0,6.484635235635252,6.499437293727496,664.7674589602694,-0.01480205809224433,0.03115635256623698,21023.0,-3.468737119829874,-3.4578867706383285,0.03149625054230241,-0.010850349191545483,0.03150104147926805,-0.010942143397319803,-3.485890595984778,3.0626470468108176,0.017153476154903924,0.03115635256623698,21023.0,-3.468737119829874,-3.4578867706383285,0.03149625054230241,-0.010850349191545483,0.03150104147926805,-0.010942143397319803,-3.485890595984778,3.0626470468108176,0.017153476154903924,0.9290780141843972,705.0,-0.07356256717701673,-0.07250396562385839,0.9300620583766768,-0.0010586015531583448,0.9300730700281117,-0.0010698684606408762,-0.07228120086100369,93.02692665090296,-0.0012813663160130412,0.03115635256623698,21023.0,-3.468737119829874,-3.4578867706383285,0.03149625054230241,-0.010850349191545483,0.03150104147926805,-0.010942143397319803,-3.485890595984778,3.0626470468108176,0.017153476154903924,0.005079173064098388,128958.0,-5.282606813300079,-5.275420383976106,0.005115805653448262,-0.00718642932397362,0.005116306924347056,-0.007257942261430383,-5.299084708500279,0.49961647618965244,0.016477895200199377,0.004318671827094885,151667.0,-5.444807371429508,-5.434176813107168,0.004364826610730386,-0.010630558322340278,0.004370032877562739,-0.011753012370126327,-5.4604935994607455,0.42514567100770584,0.015686228031237093
2019-12,644.7,6.468785092316574,6.498192818606448,663.940686951612,-0.029407726289873537,0.030729265967588182,20980.0,-3.4825397896337136,-3.4606791338600402,0.031408424249188924,-0.021860655773673354,0.03139950494627468,-0.02134552693850721,-3.488711558049264,3.0540196102318085,0.006171768415550449,0.030729265967588182,20980.0,-3.4825397896337136,-3.4606791338600402,0.031408424249188924,-0.021860655773673354,0.03139950494627468,-0.02134552693850721,-3.488711558049264,3.0540196102318085,0.006171768415550449,0.9303030303030304,693.0,-0.07224490687332866,-0.07257367821988986,0.9299972235960438,0.0003287713465612019,0.9300079332690656,0.0003173059319263046,-0.07227032852783564,93.02793807614137,2.5421654506987967e-05,0.030729265967588182,20980.0,-3.4825397896337136,-3.4606791338600402,0.031408424249188924,-0.021860655773673354,0.03139950494627468,-0.02134552693850721,-3.488711558049264,3.0540196102318085,0.006171768415550449,0.00499504137353953,129068.0,-5.2993095839250275,-5.278309690589069,0.005101045855402182,-0.020999893335958753,0.005099155604890042,-0.020417935716781764,-5.301770547321973,0.4982763872989143,0.002460963396945459,0.004247203446776553,151794.0,-5.461494525154231,-5.436831101179214,0.0043532564655630055,-0.024663423975017196,0.00435675476668999,-0.025145165560160252,-5.463055609500391,0.42405783764530547,0.00156108434615998
2020-01,631.2,6.447622769531664,6.496948343485399,663.1149432001963,-0.049325573953734825,0.0300585742178199,20999.0,-3.5046073269924536,-3.463471497081752,0.03132084285690107,-0.04113582991070164,0.03129796841328131,-0.039599828944024085,-3.491532687795169,3.045415966368822,-0.013074639197284466,0.0300585742178199,20999.0,-3.5046073269924536,-3.463471497081752,0.03132084285690107,-0.04113582991070164,0.03129796841328131,-0.039599828944024085,-3.491532687795169,3.045415966368822,-0.013074639197284466,0.9296023564064801,679.0,-0.07299835802703161,-0.07264339081592133,0.929932393335054,-0.00035496721111027973,0.9299427965100194,-0.00036608714516303873,-0.07225946735161776,93.02894847445705,-0.0007388906754138558,0.0300585742178199,20999.0,-3.5046073269924536,-3.463471497081752,0.03132084285690107,-0.04113582991070164,0.03129796841328131,-0.039599828944024085,-3.491532687795169,3.045415966368822,-0.013074639197284466,0.004883558994197293,129250.0,-5.321881022839011,-5.281198997202031,0.0050863286413894175,-0.04068202563697998,0.005082004285433027,-0.03904862729151072,-5.30445665088768,0.4969397612799042,-0.017424371951331175,0.004151784833356356,152031.0,-5.484216956870733,-5.43948538925126,0.004341716990172716,-0.044731567619472834,0.004343476655817242,-0.04413326872705824,-5.465617917765473,0.4229726616145104,-0.018599039105259507
2020-02,636.1,6.455355783684759,6.49570386836435,662.2902264271787,-0.04034808467959117,0.030237201121832962,21037.0,-3.4986822874492707,-3.4662638603034632,0.0312335056825407,-0.03241842714580745,0.03119643188028794,-0.03074809202975184,-3.4943538509395045,3.0368364588708374,-0.00432843650976622,0.030237201121832962,21037.0,-3.4986822874492707,-3.4662638603034632,0.0312335056825407,-0.03241842714580745,0.03119643188028794,-0.03074809202975184,-3.4943538509395045,3.0368364588708374,-0.00432843650976622,0.9299707602339181,684.0,-0.07260213393779193,-0.07271310341195279,0.9298675675933924,0.00011096947416086578,0.9298776597509733,0.00010012121698869103,-0.07224860890321648,93.02995862997824,-0.00035352503457544704,0.030237201121832962,21037.0,-3.4986822874492707,-3.4662638603034632,0.0312335056825407,-0.03241842714580745,0.03119643188028794,-0.03074809202975184,-3.4943538509395045,3.0368364588708374,-0.00432843650976622,0.004914397849130072,129436.0,-5.315586045781494,-5.284088303814994,0.005071653888549208,-0.03149774196649968,0.0050648529659760135,-0.029705722526724612,-5.3071428196017365,0.4956066884711853,-0.008443226179757346,0.004176817056594853,152293.0,-5.478205792224945,-5.442139677323305,0.0043302081032610415,-0.036066114901640134,0.004330198544944494,-0.03542135233699945,-5.468180303387723,0.421890229943714,-0.010025488837221985
2020-03,630.3,6.446195896519065,6.494459393243301,661.4665353553048,-0.048263496724236354,0.030153566473711906,20903.0,-3.501452071802718,-3.469056223525175,0.031146412045113852,-0.03239584827754305,0.03109489534729457,-0.0302727783151894,-3.49727064363451,3.027991542136744,-0.00418142816820799,0.030153566473711906,20903.0,-3.501452071802718,-3.469056223525175,0.031146412045113852,-0.03239584827754305,0.03109489534729457,-0.0302727783151894,-3.49727064363451,3.027991542136744,-0.00418142816820799,0.9296460176991149,678.0,-0.07295139142133128,-0.07278281600798427,0.9298027463707441,-0.00016857541334701354,0.9298125229919271,-0.00017907404847201927,-0.07224281711354257,93.03049744149233,-0.0007085743077887147,0.030153566473711906,20903.0,-3.501452071802718,-3.469056223525175,0.031146412045113852,-0.03239584827754305,0.03109489534729457,-0.0302727783151894,-3.49727064363451,3.027991542136744,-0.00418142816820799,0.004921604147796483,128068.0,-5.314120755319366,-5.286977610427957,0.005057021474375274,-0.027143144891408788,0.005047701646519,-0.024981171145381828,-5.309926272120249,0.49422910888905924,-0.004194483199117194,0.0041770767752410615,150895.0,-5.478143613161739,-5.444793965395351,0.004318729723744996,-0.03334964776638838,0.004316920434071746,-0.03239431001019928,-5.470836392528192,0.42077113874639316,-0.00730722063354694
2020-04,572.6,6.350187392664015,6.493214918122252,660.643868708909,-0.14302752545823694,0.030912919073584195,18523.0,-3.4765810894587084,-3.4718485867468867,0.03105956126552555,-0.0047325027118216845,0.030993358814301198,-0.0025953863599929056,-3.500187436329515,3.019172386602866,0.02360634687080676,0.030912919073584195,18523.0,-3.4765810894587084,-3.4718485867468867,0.03105956126552555,-0.0047325027118216845,0.030993358814301198,-0.0025953863599929056,-3.500187436329515,3.019172386602866,0.02360634687080676,0.9250403877221325,619.0,-0.0779178800205814,-0.07285252860401574,0.929737929666794,-0.0050653514165656666,0.9297473862328809,-0.0050626638810140285,-0.07223702532386866,93.03103625612714,-0.005680854696712742,0.030912919073584195,18523.0,-3.4765810894587084,-3.4718485867468867,0.03105956126552555,-0.0047325027118216845,0.030993358814301198,-0.0025953863599929056,-3.500187436329515,3.019172386602866,0.02360634687080676,0.005276592607609868,108517.0,-5.244474729052939,-5.28986691704092,0.005042431276714788,0.04539218798798039,0.005030550327061986,0.04890961516164357,-5.3127097246387605,0.4928553584027657,0.06823499558582125,0.0043902289420821,130426.0,-5.428373902438896,-5.447448253467397,0.004307281770756538,0.01907435102850119,0.004303642323198997,0.02011938083617074,-5.4734924816686625,0.41965501601105343,0.04511857922976681
2020-05,548.6,6.307369578503503,6.491970443001203,659.8222252139125,-0.18460086449769975,0.028559529387266386,19209.0,-3.555764619683409,-3.4746409499685984,0.03097295266657443,-0.08112366971481055,0.030891822281307827,-0.07549871525231053,-3.5031042290245207,3.010378917238597,-0.05266039065888828,0.028559529387266386,19209.0,-3.555764619683409,-3.4746409499685984,0.03097295266657443,-0.08112366971481055,0.030891822281307827,-0.07549871525231053,-3.5031042290245207,3.010378917238597,-0.05266039065888828,0.9220168067226892,595.0,-0.08119182704212682,-0.0729222412000472,0.9296731174812272,-0.008269585842079624,0.9296822494738348,-0.008245228684837234,-0.07223123353419475,93.03157507388262,-0.008960593507932074,0.028559529387266386,19209.0,-3.555764619683409,-3.4746409499685984,0.03097295266657443,-0.08112366971481055,0.030891822281307827,-0.07549871525231053,-3.5031042290245207,3.010378917238597,-0.05266039065888828,0.004913701219020664,111647.0,-5.315727808721762,-5.292756223653883,0.005027883173767331,-0.022971585067879552,0.005013399007604971,-0.019886266469729,-5.315493177157273,0.4914854263690165,-0.00023463156448944034,0.004123571858087793,133040.0,-5.491035535363307,-5.450102541539443,0.004295864163641985,-0.04093299382386384,0.004290364212326249,-0.03887603615545281,-5.476148570809132,0.4185418538636575,-0.01488696455417493
2020-06,533.4,6.279271611747914,6.490725967880154,659.0016035978203,-0.21145435613223995,0.02709264526615197,19688.0,-3.608492980322978,-3.4774333131903097,0.030886585572947507,-0.13105966713266826,0.030790285748314456,-0.12009113888671541,-3.5060210217195262,3.0016110592318657,-0.10247195860345171,0.02709264526615197,19688.0,-3.608492980322978,-3.4774333131903097,0.030886585572947507,-0.13105966713266826,0.030790285748314456,-0.12009113888671541,-3.5060210217195262,3.0016110592318657,-0.10247195860345171,0.9212435233160622,579.0,-0.08203086582508134,-0.07299195379607867,0.9296083098137284,-0.009038912029002671,0.9296171127147886,-0.009007568045163037,-0.07222544174452084,93.03211389475885,-0.00980542408056051,0.02709264526615197,19688.0,-3.608492980322978,-3.4774333131903097,0.030886585572947507,-0.13105966713266826,0.030790285748314456,-0.12009113888671541,-3.5060210217195262,3.0016110592318657,-0.10247195860345171,0.004588031894304957,116259.0,-5.384304128059804,-5.295645530266845,0.0050133770440839165,-0.08865859779295882,0.0049962476881479576,-0.08170447490250848,-5.318276629675784,0.4901193021741095,-0.06602749838401945,0.003874454314997349,137671.0,-5.5533504480293345,-5.452756829611488,0.004284476821961453,-0.10059361841784664,0.0042770861014535,-0.09413693736942155,-5.478804659949602,0.4174316444510532,-0.07454578807973267
2020-07,523.1,6.259772650376566,6.489481492759106,658.1820025897216,-0.2297088423825402,0.026502178538859056,19738.0,-3.630528340355387,-3.4802256764120214,0.030800459311214827,-0.15030266394336556,0.03068874921532108,-0.13642037500739582,-3.5089378144145313,2.992868737988493,-0.12159052594085562,0.026502178538859056,19738.0,-3.630528340355387,-3.4802256764120214,0.030800459311214827,-0.15030266394336556,0.03068874921532108,-0.13642037500739582,-3.5089378144145313,2.992868737988493,-0.12159052594085562,0.9193321616871705,569.0,-0.08410778374976555,-0.07306166639211015,0.929543506663983,-0.0110461173576554,0.9295519759557425,-0.010994344085024648,-0.07221964995484692,93.03265271875583,-0.011888133794918626,0.026502178538859056,19738.0,-3.630528340355387,-3.4802256764120214,0.030800459311214827,-0.15030266394336556,0.03068874921532108,-0.13642037500739582,-3.5089378144145313,2.992868737988493,-0.12159052594085562,0.004442802422265821,117741.0,-5.41646992545992,-5.298534836879808,0.004998912766565935,-0.11793508858011137,0.004979096368690944,-0.10770909151254683,-5.321060082194297,0.4887569752338424,-0.09540984326562274,0.0037564180819360166,139255.0,-5.584289413411066,-5.455411117683534,0.004273119665488271,-0.1288782957275325,0.0042638079905807525,-0.11899923959184353,-5.481460749090071,0.4163243799409206,-0.10282866432099524
2020-08,515.8,6.245719093447244,6.488237017638057,657.3634209202836,-0.24251792419081308,0.026068937632669563,19786.0,-3.6470108024359233,-3.483018039633733,0.03071457320982433,-0.16399276280219022,0.03058721268232771,-0.1477177765945525,-3.511854607109537,2.9841518791315558,-0.13515619532638645,0.026068937632669563,19786.0,-3.6470108024359233,-3.483018039633733,0.03071457320982433,-0.16399276280219022,0.03058721268232771,-0.1477177765945525,-3.511854607109537,2.9841518791315558,-0.13515619532638645,0.9194295900178252,561.0,-0.08400181207545203,-0.07313137898814162,0.929478708031676,-0.010870433087310408,0.9294868391966963,-0.010820216871024226,-0.072213858165173,93.03319154587356,-0.011787953910279023,0.026068937632669563,19786.0,-3.6470108024359233,-3.483018039633733,0.03071457320982433,-0.16399276280219022,0.03058721268232771,-0.1477177765945525,-3.511854607109537,2.9841518791315558,-0.13515619532638645,0.0043409834961833345,118821.0,-5.43965434451864,-5.301424143492771,0.0049844902204641784,-0.13823020102586892,0.00496194504923393,-0.12514478634673012,-5.323843534712809,0.4873984349934337,-0.11581080980583103,0.003662805973540878,140821.0,-5.609525765864691,-5.45806540575558,0.004261792614208446,-0.15146036010911157,0.004250529879708004,-0.13827073866082323,-5.484116838230541,0.41522005252171434,-0.12540892763415012
2020-09,514.5,6.243195555274104,6.486992542517008,656.5458573217544,-0.243796987242904,0.025892003422072367,19871.0,-3.653821106131712,-3.485810402855445,0.03062892659909654,-0.16801070327626721,0.03048567614933434,-0.15068298648715642,-3.5147713998045425,2.97546040850076,-0.13904970632716962,0.025892003422072367,19871.0,-3.653821106131712,-3.485810402855445,0.03062892659909654,-0.16801070327626721,0.03048567614933434,-0.15068298648715642,-3.5147713998045425,2.97546040850076,-0.13904970632716962,0.9171122994652406,561.0,-0.08652535024859202,-0.0732010915841731,0.9294139139164923,-0.013324258664418928,0.9294217024376502,-0.013244152724349943,-0.0722080663754991,93.03373037611209,-0.014317283873092918,0.025892003422072367,19871.0,-3.653821106131712,-3.485810402855445,0.03062892659909654,-0.16801070327626721,0.03048567614933434,-0.15068298648715642,-3.5147713998045425,2.97546040850076,-0.13904970632716962,0.004293188474729016,119841.0,-5.450725587901406,-5.304313450105734,0.0049701092853778155,-0.14641213779567241,0.004944793729776916,-0.13177602356272544,-5.326626987231321,0.48604367092744,-0.12409860067008527,0.003629117584820484,141770.0,-5.618765749837573,-5.460719693827626,0.0042504955883200775,-0.15804605600994748,0.004237251768835255,-0.1435208992034798,-5.48677292737101,0.4141186544026108,-0.13199282246656274
2020-10,509.7,6.233822317345996,6.485748067395959,655.7293105279582,-0.2519257500499634,0.025557839843554128,19943.0,-3.666811166207226,-3.4886027660771566,0.030543518811219358,-0.17820840013006922,0.03038413961634097,-0.15884273287735937,-3.5176881924995476,2.9667942521518067,-0.14912297370767824,0.025557839843554128,19943.0,-3.666811166207226,-3.4886027660771566,0.030543518811219358,-0.17820840013006922,0.03038413961634097,-0.15884273287735937,-3.5176881924995476,2.9667942521518067,-0.14912297370767824,0.9167266187050359,556.0,-0.08694597690458641,-0.07327080418020455,0.9293491243181172,-0.01367517272438186,0.929356565678604,-0.013589990580575384,-0.07220227458582519,93.0342692094714,-0.014743702318761223,0.025557839843554128,19943.0,-3.666811166207226,-3.4886027660771566,0.030543518811219358,-0.17820840013006922,0.03038413961634097,-0.15884273287735937,-3.5176881924995476,2.9667942521518067,-0.14912297370767824,0.004224441589656458,120655.0,-5.466868195036626,-5.307202756718697,0.004955769841253374,-0.159665438317929,0.004927642410319902,-0.1427053268294669,-5.329410439749833,0.48469267253967285,-0.1374577552867926,0.0035778464130282184,142460.0,-5.632994220186349,-5.463373981899671,0.004239228508232805,-0.1696202382866785,0.004223973657962507,-0.15296668427756183,-5.4894290165114805,0.4130201778134509,-0.1435652036748687
2020-11,507.3,6.229102544572644,6.48450359227491,654.9137792742937,-0.2554010477022661,0.025373880858300404,19993.0,-3.674034946699188,-3.4913951292988683,0.030458349180242858,-0.18263981740031987,0.030282603083347598,-0.1620971027998085,-3.520604985194553,2.95815333635576,-0.15342996150463506,0.025373880858300404,19993.0,-3.674034946699188,-3.4913951292988683,0.030458349180242858,-0.18263981740031987,0.030282603083347598,-0.1620971027998085,-3.520604985194553,2.95815333635576,-0.15342996150463506,0.9157039711191336,554.0,-0.08806214217463948,-0.07334051677623603,0.9292843392362358,-0.014721625398403451,0.9292914289195578,-0.01462130971790166,-0.07219648279615128,93.03480804595155,-0.015865659378488203,0.025373880858300404,19993.0,-3.674034946699188,-3.4913951292988683,0.030458349180242858,-0.18263981740031987,0.030282603083347598,-0.1620971027998085,-3.520604985194553,2.95815333635576,-0.15342996150463506,0.004190830235439901,121050.0,-5.474856417793561,-5.31009206333166,0.004941471768383767,-0.16476435446190063,0.004910491090862888,-0.14655578069616781,-5.332193892268345,0.48334542936312047,-0.14266252552521586,0.0035541885898846097,142733.0,-5.639628486536929,-5.466028269971717,0.004227991294567233,-0.1736002165652124,0.004210695547089759,-0.15591413576763993,-5.49208510565195,0.4119246150046876,-0.1475433808849793
2020-12,509.3,6.233037233890559,6.483259117153862,654.0992622977332,-0.2502218832633032,0.025379977076792744,20067.0,-3.673794719895959,-3.4941874925205796,0.030373417042074108,-0.17960722737537926,0.030181066550354227,-0.15907620314051274,-3.5235217778895587,2.9495375875984244,-0.15027294200640018,0.025379977076792744,20067.0,-3.673794719895959,-3.4941874925205796,0.030373417042074108,-0.17960722737537926,0.030181066550354227,-0.15907620314051274,-3.5235217778895587,2.9495375875984244,-0.15027294200640018,0.914362657091562,557.0,-0.08952800603672507,-0.0734102293722675,0.9292195586705332,-0.016117776664457573,0.9292262921605117,-0.015995710834215422,-0.07219069100647738,93.03534688555253,-0.0173373150302477,0.025379977076792744,20067.0,-3.673794719895959,-3.4941874925205796,0.030373417042074108,-0.17960722737537926,0.030181066550354227,-0.15907620314051274,-3.5235217778895587,2.9495375875984244,-0.15027294200640018,0.004213617936626128,120870.0,-5.469433632962944,-5.312981369944622,0.004927214947407276,-0.1564522630183216,0.004893339771405874,-0.13890754914500042,-5.334977344786857,0.48200193095986343,-0.13445628817608668,0.003572831607598844,142548.0,-5.634396830186981,-5.468682558043763,0.004216783868154394,-0.16571427214321854,0.004197417436217011,-0.14880240960286395,-5.49474119479242,0.41083195824732877,-0.13965563539456127
2021-01,501.5,6.2176036074019905,6.482014642032813,653.285758336818,-0.2644110346308226,0.02500872687378447,20053.0,-3.6885304400750436,-3.4969798557422913,0.03028872173447194,-0.1915505843327523,0.030079530017360856,-0.16857986612987952,-3.526438570584564,2.9409469325797204,-0.16209186949047982,0.02500872687378447,20053.0,-3.6885304400750436,-3.4969798557422913,0.03028872173447194,-0.1915505843327523,0.030079530017360856,-0.16857986612987952,-3.526438570584564,2.9409469325797204,-0.16209186949047982,0.9134790528233151,549.0,-0.09049483410754043,-0.07347994196829896,0.9291547826206946,-0.01701489213924147,0.9291611554014655,-0.016877699295742274,-0.07218489921680346,93.03588572827437,-0.01830993489073697,0.02500872687378447,20053.0,-3.6885304400750436,-3.4969798557422913,0.03028872173447194,-0.1915505843327523,0.030079530017360856,-0.16857986612987952,-3.526438570584564,2.9409469325797204,-0.16209186949047982,0.004140453427123066,121122.0,-5.486949973682493,-5.315870676557585,0.004912999259306549,-0.17107929712490755,0.00487618845194886,-0.15088322202390358,-5.337760797305369,0.480662166920997,-0.14918917637712426,0.0035103560754009087,142863.0,-5.652037800666493,-5.4713368461158085,0.004205606150035173,-0.18070095455068458,0.004184139325344262,-0.1610326993324764,-5.497397283932889,0.4097421998328853,-0.15464051673360402
2021-02,490.9,6.196240441064007,6.480770166911764,652.47326613166,-0.28452972584775704,0.02455850717894842,19989.0,-3.70669696016664,-3.499772218964003,0.030204262597041863,-0.20692474120263693,0.029977993484367485,-0.18078215635896866,-3.5293553632795693,2.932381298213053,-0.17734159688707063,0.02455850717894842,19989.0,-3.70669696016664,-3.499772218964003,0.030204262597041863,-0.20692474120263693,0.029977993484367485,-0.18078215635896866,-3.5293553632795693,2.932381298213053,-0.17734159688707063,0.9107606679035251,539.0,-0.09347512984499033,-0.07354965456433044,0.9290900110864052,-0.019925475280659896,0.9290960186424194,-0.0197346133994694,-0.07217910742712955,93.03642457411706,-0.021296022417860785,0.02455850717894842,19989.0,-3.70669696016664,-3.499772218964003,0.030204262597041863,-0.20692474120263693,0.029977993484367485,-0.18078215635896866,-3.5293553632795693,2.932381298213053,-0.17734159688707063,0.00403614358771973,121626.0,-5.512465600384332,-5.318759983170548,0.004898824585407628,-0.19370561721378454,0.0048590371324918466,-0.16935321182658136,-5.340544249823881,0.4793261268665471,-0.1719213505604511,0.003423769005440089,143380.0,-5.677013286342857,-5.4739911341878535,0.004194458061459766,-0.20302215215500308,0.004170861214471513,-0.17912180976898978,-5.500053373073358,0.4086553320733142,-0.17695991326949834
2021-03,506.4,6.227326870829966,6.479525691790715,651.6617844239375,-0.2521988209607491,0.025092909171993458,20181.0,-3.685169975863749,-3.5025645821857148,0.030120038971230865,-0.1826053936780343,0.029876456951374114,-0.16011094579140334,-3.532272155974575,2.9238406116246973,-0.15289781988917417,0.025092909171993458,20181.0,-3.685169975863749,-3.5025645821857148,0.030120038971230865,-0.1826053936780343,0.029876456951374114,-0.16011094579140334,-3.532272155974575,2.9238406116246973,-0.15289781988917417,0.9157323688969258,553.0,-0.08803113069236845,-0.07361936716036191,0.9290252440673502,-0.014411763532006544,0.9290308818833732,-0.014314392821353925,-0.07217331563745563,93.03696342308065,-0.01585781505491282,0.025092909171993458,20181.0,-3.685169975863749,-3.5025645821857148,0.030120038971230865,-0.1826053936780343,0.029876456951374114,-0.16011094579140334,-3.532272155974575,2.9238406116246973,-0.15289781988917417,0.004137660554956368,122388.0,-5.487624734208552,-5.321649289783511,0.004884690807378932,-0.1659754444250412,0.004841885813034832,-0.14544441675650852,-5.3433277023423935,0.47799380044539286,-0.1442970318661585,0.0035110100393809973,144232.0,-5.65185152239207,-5.4766454222598995,0.0041833395238871,-0.1752061001321703,0.004157583103598765,-0.15551657010971118,-5.502709462213828,0.40757134730096567,-0.1491420601782414
2021-04,507.0,6.2285110035911835,6.478281216669666,650.8513119568938,-0.24977021307848268,0.025163787969029183,20148.0,-3.682349303274358,-3.505356945407426,0.03003605020032229,-0.1769923578669319,0.029774920418380743,-0.15486632321962485,-3.53518894866958,2.9153248001531793,-0.14716035460477794,0.025163787969029183,20148.0,-3.682349303274358,-3.505356945407426,0.03003605020032229,-0.1769923578669319,0.029774920418380743,-0.15486632321962485,-3.53518894866958,2.9153248001531793,-0.14716035460477794,0.9135135135135135,555.0,-0.09045711015525135,-0.07368907975639338,0.9289604815632149,-0.016768030398857964,0.9289657451243271,-0.016633801291290367,-0.07216752384778172,93.03750227516515,-0.01828958630746963,0.025163787969029183,20148.0,-3.682349303274358,-3.505356945407426,0.03003605020032229,-0.1769923578669319,0.029774920418380743,-0.15486632321962485,-3.53518894866958,2.9153248001531793,-0.14716035460477794,0.004132231404958678,122694.0,-5.488937726156687,-5.324538596396474,0.004870597807230292,-0.16439912976021276,0.004824734493577818,-0.14353185435197066,-5.346111154860905,0.4766651773351855,-0.1428265712957817,0.0035065393154294646,144587.0,-5.653125677892896,-5.479299710331945,0.0041722504589843095,-0.17382596756095037,0.004144304992726017,-0.153889657835498,-5.505365551354298,0.4064902378685297,-0.14776012653859816
2021-05,511.0,6.236369590203704,6.477036741548617,650.0418474753351,-0.2406671513449128,0.025342194009125175,20164.0,-3.675284524998817,-3.5081493086291378,0.029952295629430695,-0.1671352163696791,0.029673383885387372,-0.1459621151733587,-3.5381057413645856,2.906833791348649,-0.1371787836342313,0.025342194009125175,20164.0,-3.675284524998817,-3.5081493086291378,0.029952295629430695,-0.1671352163696791,0.029673383885387372,-0.1459621151733587,-3.5381057413645856,2.906833791348649,-0.1371787836342313,0.9174147217235189,557.0,-0.08619564972357953,-0.07375879235242486,0.9288957235736844,-0.012436857371154672,0.9289006083652809,-0.012365032962972576,-0.07216173205810782,93.03804113037059,-0.014033917665471712,0.025342194009125175,20164.0,-3.675284524998817,-3.5081493086291378,0.029952295629430695,-0.1671352163696791,0.029673383885387372,-0.1459621151733587,-3.5381057413645856,2.906833791348649,-0.1371787836342313,0.004149883056133056,123136.0,-5.484675124381619,-5.327427903009436,0.004856545467311961,-0.15724722137218272,0.004807583174120804,-0.13680472997911822,-5.3488946073794175,0.47534024724226653,-0.1357805170022015,0.0035225588529279976,145065.0,-5.648567606615469,-5.481953998403991,0.004161190788626169,-0.16661360821147753,0.004131026881853269,-0.1472921978789688,-5.508021640494768,0.4054119961489801,-0.14054596612070114
2021-06,512.2,6.238715173765425,6.475792266427569,649.2333897256293,-0.23707709266214394,0.025357690974800735,20199.0,-3.6746732034479654,-3.5109416718508495,0.029868774605496785,-0.16373153159711595,0.029571847352394,-0.14250568547088444,-3.541022534059591,2.8983675129722735,-0.13365066938837433,0.025357690974800735,20199.0,-3.6746732034479654,-3.5109416718508495,0.029868774605496785,-0.16373153159711595,0.029571847352394,-0.14250568547088444,-3.541022534059591,2.8983675129722735,-0.13365066938837433,0.9162790697674419,559.0,-0.08743429938967426,-0.07382850494845632,0.9288309700984443,-0.013605794441217942,0.9288354716062347,-0.01351843488177624,-0.0721559402684339,93.03857998869695,-0.015278359121240356,0.025357690974800735,20199.0,-3.6746732034479654,-3.5109416718508495,0.029868774605496785,-0.16373153159711595,0.029571847352394,-0.14250568547088444,-3.541022534059591,2.8983675129722735,-0.13365066938837433,0.004137685901008975,123789.0,-5.487618608530855,-5.330317209622399,0.004842533670313611,-0.15730139890845596,0.004790431854663791,-0.13626035678168047,-5.351678059897929,0.47401899990159124,-0.13594054863292637,0.0035125497188314364,145820.0,-5.651413089594996,-5.484608286476036,0.0041501604348945466,-0.16680480311895973,0.00411774877098052,-0.1469732822007432,-5.510677729635237,0.40433661453552316,-0.14073535995975917
2021-07,514.6,6.243389899847644,6.47454779130652,648.4259374557018,-0.2311578914588761,0.0253609974865704,20291.0,-3.6745428171199803,-3.513734035072561,0.029785486477282297,-0.1608087820474191,0.02947031081940063,-0.13943909034461294,-3.543939326754596,2.889925892995619,-0.1306034903653841,0.0253609974865704,20291.0,-3.6745428171199803,-3.513734035072561,0.029785486477282297,-0.1608087820474191,0.02947031081940063,-0.13943909034461294,-3.543939326754596,2.889925892995619,-0.1306034903653841,0.9172905525846703,561.0,-0.08633100567505245,-0.07389821754448779,0.9287662211371795,-0.012432788130564656,0.9287703348471886,-0.012360194799295687,-0.07215014847875999,93.03911885014429,-0.01418085719629246,0.0253609974865704,20291.0,-3.6745428171199803,-3.513734035072561,0.029785486477282297,-0.1608087820474191,0.02947031081940063,-0.13943909034461294,-3.543939326754596,2.889925892995619,-0.1306034903653841,0.0041259430898871905,124723.0,-5.490460657475417,-5.333206516235363,0.004828562299263384,-0.15725414124005432,0.004773280535206777,-0.13561688665582358,-5.354461512416441,0.4727014250766458,-0.13599914505897548,0.0035063572314359306,146762.0,-5.653177606220187,-5.487262574548082,0.004139159320077843,-0.16591503167210497,0.004104470660107772,-0.14572242761655815,-5.513333818775707,0.40326408544154124,-0.13984378744448023
2021-08,518.2,6.250361268128009,6.473303316185471,647.6194894150369,-0.22294204805746176,0.025464373464373465,20350.0,-3.6704749227427316,-3.516526398294273,0.029702430595364926,-0.15394852444845863,0.02936877428640726,-0.1329439486972688,-3.5468561194496018,2.881508859600034,-0.1236188032931298,0.025464373464373465,20350.0,-3.6704749227427316,-3.516526398294273,0.029702430595364926,-0.15394852444845863,0.02936877428640726,-0.1329439486972688,-3.5468561194496018,2.881508859600034,-0.1236188032931298,0.9171681415929205,565.0,-0.0864644630184312,-0.07396793014051926,0.9287014766895757,-0.012496532877911942,0.9287051980881424,-0.012422732767052946,-0.07214435668908609,93.03965771471262,-0.01432010632934512,0.025464373464373465,20350.0,-3.6704749227427316,-3.516526398294273,0.029702430595364926,-0.15394852444845863,0.02936877428640726,-0.1329439486972688,-3.5468561194496018,2.881508859600034,-0.1236188032931298,0.004139705059994568,125178.0,-5.487130735229919,-5.336095822848325,0.004814631237526904,-0.1510349123815944,0.004756129215749762,-0.12960626757446506,-5.357244964934953,0.47138751255937134,-0.12988577029496629,0.003517656163025918,147314.0,-5.6499603739339355,-5.489916862620128,0.004128187366670465,-0.16004351131380723,0.004091192549235024,-0.1401880696904248,-5.515989907916176,0.40219440130054207,-0.1339704660177592
2021-09,520.3,6.254405568296257,6.472058841064422,646.8140443546736,-0.21765327276816482,0.025451254708213078,20443.0,-3.67099023628875,-3.5193187615159847,0.029619606312133253,-0.15167147477276544,0.02926723775341389,-0.13038412020128867,-3.5497729121446073,2.8731163411760456,-0.12121732414414277,0.025451254708213078,20443.0,-3.67099023628875,-3.5193187615159847,0.029619606312133253,-0.15167147477276544,0.02926723775341389,-0.13038412020128867,-3.5497729121446073,2.8731163411760456,-0.12121732414414277,0.9192579505300352,566.0,-0.08418850990692522,-0.07403764273655072,0.9286367367553181,-0.0101508671703745,0.9286400613290963,-0.010103064889999569,-0.07213856489941217,93.04019658240193,-0.012049945007513052,0.025451254708213078,20443.0,-3.67099023628875,-3.5193187615159847,0.029619606312133253,-0.15167147477276544,0.02926723775341389,-0.13038412020128867,-3.5497729121446073,2.8731163411760456,-0.12121732414414277,0.004140241427877996,125669.0,-5.487001176932662,-5.338985129461288,0.004800740368806286,-0.14801604747137365,0.0047389778962927485,-0.1263429544339376,-5.360028417453465,0.47007725217008145,-0.12697275947919628,0.00352098855661801,147771.0,-5.649013488851989,-5.492571150692174,0.004117244497372266,-0.156442338159815,0.0040779144383622755,-0.1365712523306231,-5.518645997056646,0.4011275545661028,-0.1303674917953428
2021-10,524.3,6.262064039578487,6.470814365943373,646.0096010272041,-0.20875032636488644,0.025525803310613434,20540.0,-3.6680654439040623,-3.522111124737696,0.029537012981781723,-0.14595431916636636,0.029165701220420517,-0.12480063079226053,-3.5526897048396124,2.8647482663227457,-0.11537573906444987,0.025525803310613434,20540.0,-3.6680654439040623,-3.522111124737696,0.029537012981781723,-0.14595431916636636,0.029165701220420517,-0.12480063079226053,-3.5526897048396124,2.8647482663227457,-0.11537573906444987,0.9214411247803163,569.0,-0.08181639454784392,-0.0741073553325822,0.928572001334092,-0.007709039215261726,0.9285749245700501,-0.007682524695610245,-0.07213277310973826,93.04073545321228,-0.009683621438105666,0.025525803310613434,20540.0,-3.6680654439040623,-3.522111124737696,0.029537012981781723,-0.14595431916636636,0.029165701220420517,-0.12480063079226053,-3.5526897048396124,2.8647482663227457,-0.11537573906444987,0.0041431901695049185,126545.0,-5.486289215539171,-5.341874436074251,0.004786889577139194,-0.14441477946491954,0.004721826576835735,-0.12254503589129723,-5.362811869971978,0.4687706337573862,-0.12347734556719292,0.003528928734889481,148572.0,-5.646760928630205,-5.495225438764219,0.0041063306350880065,-0.15153548986598597,0.004064636327489527,-0.13179717677987662,-5.521302086197116,0.4000635377118191,-0.12545884243308958
2021-11,526.4,6.266061380011108,6.469569890822324,645.2061581867723,-0.20350851081121668,0.025513765025203566,20632.0,-3.6685371675500735,-3.5249034879594077,0.029454649960305546,-0.14363367959066586,0.029064164687427146,-0.12215729233599638,-3.555606497534618,2.856404563847182,-0.11293067001545554,0.025513765025203566,20632.0,-3.6685371675500735,-3.5249034879594077,0.029454649960305546,-0.14363367959066586,0.029064164687427146,-0.12215729233599638,-3.555606497534618,2.856404563847182,-0.11293067001545554,0.9202797202797203,572.0,-0.08307761136869046,-0.07417706792861367,0.928507270425583,-0.008900543440076791,0.928509787811004,-0.008863738044901426,-0.07212698132006434,93.04127432714364,-0.01095063004862612,0.025513765025203566,20632.0,-3.6685371675500735,-3.5249034879594077,0.029454649960305546,-0.14363367959066586,0.029064164687427146,-0.12215729233599638,-3.555606497534618,2.856404563847182,-0.11293067001545554,0.0041388853943892315,127184.0,-5.487328755801786,-5.344763742687213,0.004773078746897859,-0.14256501311457281,0.004704675257378721,-0.1202611938203632,-5.365595322490489,0.46746764719811223,-0.12173343331129693,0.0035274408630972323,149230.0,-5.647182638914407,-5.497879726836265,0.0040954457029268,-0.1493029120781415,0.004051358216616778,-0.12931894083586132,-5.523958175337586,0.39900234323124956,-0.12322446357682093
2021-12,532.0,6.2766434893416445,6.468325415701276,644.4037145890718,-0.19168192635963166,0.025689313824907044,20709.0,-3.661680178029941,-3.5276958511811194,0.02937251660549576,-0.13398432684882167,0.028962628154433775,-0.1130185531531479,-3.5585232902296235,2.8480851627637582,-0.10315688780031751,0.025689313824907044,20709.0,-3.661680178029941,-3.5276958511811194,0.02937251660549576,-0.13398432684882167,0.028962628154433775,-0.1130185531531479,-3.5585232902296235,2.8480851627637582,-0.10315688780031751,0.9220103986135182,577.0,-0.08119877716645518,-0.07424678052464515,0.9284425440294762,-0.006951996641810038,0.9284446510519578,-0.006930141103348951,-0.07212118953039043,93.04181320419606,-0.009077587636064754,0.025689313824907044,20709.0,-3.661680178029941,-3.5276958511811194,0.02937251660549576,-0.13398432684882167,0.028962628154433775,-0.1130185531531479,-3.5585232902296235,2.8480851627637582,-0.10315688780031751,0.0041642531740689135,127754.0,-5.481218329388722,-5.347653049300177,0.0047593077627881,-0.13356528008854518,0.004687523937921707,-0.11163052621866601,-5.368378775009002,0.4661682823972233,-0.11283955437972004,0.003551022587707588,149816.0,-5.6405196640987,-5.500534014908311,0.0040845896242015884,-0.1399856491903888,0.00403808010574403,-0.1206161109443123,-5.526614264478055,0.3979439636378656,-0.11390539962064494
2022-01,533.6,6.279646494601414,6.467080940580227,643.6022689913422,-0.18743444597881354,0.025731783768143897,20737.0,-3.6600283286964266,-3.530488214402831,0.02929061227693417,-0.12954011429359547,0.028861091621440405,-0.10842652434434598,-3.5614400829246287,2.8397899922936256,-0.09858824577179792,0.025731783768143897,20737.0,-3.6600283286964266,-3.530488214402831,0.02929061227693417,-0.12954011429359547,0.028861091621440405,-0.10842652434434598,-3.5614400829246287,2.8397899922936256,-0.09858824577179792,0.9231833910034603,578.0,-0.07992737407096345,-0.07431649312067662,0.9283778221454574,-0.005610880950286834,0.9283795142929117,-0.005596981847891124,-0.07211539774071653,93.04235208436957,-0.007811976330246925,0.025731783768143897,20737.0,-3.6600283286964266,-3.530488214402831,0.02929061227693417,-0.12954011429359547,0.028861091621440405,-0.10842652434434598,-3.5614400829246287,2.8397899922936256,-0.09858824577179792,0.0041701509100713526,127957.0,-5.479803054360698,-5.35054235591314,0.0047455765098483906,-0.12926069844755794,0.0046703726184646925,-0.10710531027346155,-5.371162227527513,0.46487252928774464,-0.10864082683318443,0.0035571910456915056,150006.0,-5.638784077677,-5.503188302980357,0.004073762322428591,-0.1355957746966432,0.004024801994871282,-0.11618234879023692,-5.529270353618525,0.39688839146499577,-0.10951372405847515
2022-02,536.1,6.284320710833492,6.465836465459178,642.8018201523705,-0.18151575462568648,0.025733211731387703,20833.0,-3.6599728360948895,-3.5332805776245424,0.029208936335988377,-0.12669225847034715,0.028759555088447034,-0.10522914376638043,-3.564356875619634,2.8315189818640794,-0.09561596047525533,0.025733211731387703,20833.0,-3.6599728360948895,-3.5332805776245424,0.029208936335988377,-0.12669225847034715,0.028759555088447034,-0.10522914376638043,-3.564356875619634,2.8315189818640794,-0.09561596047525533,0.9227194492254733,581.0,-0.08043004601841917,-0.07438620571670808,0.9283131047732118,-0.006043840301711095,0.9283143775338655,-0.0060269758217636115,-0.07210960595104261,93.04289096766416,-0.008320440067376561,0.025733211731387703,20833.0,-3.6599728360948895,-3.5332805776245424,0.029208936335988377,-0.12669225847034715,0.028759555088447034,-0.10522914376638043,-3.564356875619634,2.8315189818640794,-0.09561596047525533,0.004162493303207473,128793.0,-5.481641032515914,-5.353431662526102,0.004731884873448882,-0.12820936998981214,0.004653221299007679,-0.10545984475418267,-5.373945680046026,0.463580377830682,-0.10769535246988848,0.0035544505221282944,150825.0,-5.6395547924754705,-5.505842591052402,0.00406296372132677,-0.1337122014230685,0.004011523883998534,-0.11394008239448544,-5.531926442758994,0.39583561926577565,-0.10762834971647628
2022-03,542.8,6.296740927960714,6.464591990338129,642.0023668324867,-0.16785106237741498,0.02590312574564543,20955.0,-3.6533916323984577,-3.536072940846254,0.029127488145806752,-0.11731869155220354,0.028658018555453663,-0.09612991227838998,-3.5672736683146398,2.823272061107963,-0.08611796408381789,0.02590312574564543,20955.0,-3.6533916323984577,-3.536072940846254,0.029127488145806752,-0.11731869155220354,0.028658018555453663,-0.09612991227838998,-3.5672736683146398,2.823272061107963,-0.08611796408381789,0.9215619694397282,589.0,-0.08168525569087276,-0.07445591831273955,0.928248391912425,-0.007229337378133208,0.9282492407748193,-0.007204176466127918,-0.0721038141613687,93.04342985407985,-0.009581441529504062,0.02590312574564543,20955.0,-3.6533916323984577,-3.536072940846254,0.029127488145806752,-0.11731869155220354,0.028658018555453663,-0.09612991227838998,-3.5672736683146398,2.823272061107963,-0.08611796408381789,0.004198573660679754,129282.0,-5.473010415971574,-5.356320969139065,0.004718232739290437,-0.11668944683250881,0.004636069979550665,-0.09436792818069457,-5.376729132564538,0.46229181801494634,-0.0962812834070359,0.003587218715923735,151315.0,-5.630378107681518,-5.508496879124448,0.004052193744817283,-0.12188122855707029,0.003998245773125785,-0.10280184874195802,-5.5345825318994635,0.3947856396130933,-0.09579557578205478
2022-04,551.8,6.313185661783185,6.46334751521708,641.2039077935627,-0.15016185343389488,0.026251189343482396,21020.0,-3.6400439826477564,-3.538865304067966,0.029046267071313542,-0.10117867857979057,0.028556482022460288,-0.08072747466458681,-3.570190461009645,2.815049159863069,-0.06985352163811154,0.026251189343482396,21020.0,-3.6400439826477564,-3.538865304067966,0.029046267071313542,-0.10117867857979057,0.028556482022460288,-0.08072747466458681,-3.570190461009645,2.815049159863069,-0.06985352163811154,0.9258389261744966,596.0,-0.07705500528216411,-0.07452563090877103,0.9281836835627825,-0.0025293743733930812,0.9281841040157732,-0.0025266300415297594,-0.0720980223716948,93.04396874361667,-0.00495698291046931,0.026251189343482396,21020.0,-3.6400439826477564,-3.538865304067966,0.029046267071313542,-0.10117867857979057,0.028556482022460288,-0.08072747466458681,-3.570190461009645,2.815049159863069,-0.06985352163811154,0.0042592278123408,129554.0,-5.4586673998400235,-5.359210275752028,0.004704619993403699,-0.09945712408799512,0.004618918660093651,-0.07787338860510669,-5.37951258508305,0.4610068398572754,-0.07915481475697383,0.003639289553695679,151623.0,-5.615966793939238,-5.511151167196494,0.004041452317022963,-0.10481562674274425,0.003984967662253037,-0.08674552414358037,-5.537238621039934,0.3937384450995376,-0.07872817289930456
2022-05,556.9,6.322385690595623,6.462103040096032,640.4064417990107,-0.13971734950040915,0.0264271817017036,21073.0,-3.63336218860159,-3.5416576672896776,0.028965272479203878,-0.09170452131191231,0.028454945489466917,-0.07126226224941916,-3.5731072537046504,2.8068502081715367,-0.06025493489693945,0.0264271817017036,21073.0,-3.63336218860159,-3.5416576672896776,0.028965272479203878,-0.09170452131191231,0.028454945489466917,-0.07126226224941916,-3.5731072537046504,2.8068502081715367,-0.06025493489693945,0.9281666666666666,600.0,-0.07454396462052354,-0.07459534350480249,0.9281189797239698,5.1378884278946435e-05,0.928118967256727,5.139363769337211e-05,-0.07209223058202088,93.04450763627463,-0.0024517340385026565,0.0264271817017036,21073.0,-3.63336218860159,-3.5416576672896776,0.028965272479203878,-0.09170452131191231,0.028454945489466917,-0.07126226224941916,-3.5731072537046504,2.8068502081715367,-0.06025493489693945,0.004290479895838951,129799.0,-5.45135668846658,-5.362099582364991,0.0046910465221481285,-0.08925710610158966,0.0046017673406366375,-0.06764519406463983,-5.382296037601562,0.4597254334021551,-0.06906065086501822,0.003665648613780574,151924.0,-5.608749984191109,-5.51380545526854,0.004030739362267773,-0.09494452892256877,0.003971689551380288,-0.07705560407997022,-5.539894710180403,0.3926940283373469,-0.06885527401070579
2022-06,563.2,6.3336348048438325,6.460858564974983,639.6099676137793,-0.12722376013115078,0.026646479939439822,21136.0,-3.625098221918274,-3.5444500305113893,0.028884503737938827,-0.08064819140688462,0.028353408956473546,-0.060201897403381006,-3.576024046399656,2.798675136279262,-0.049074175518617924,0.026646479939439822,21136.0,-3.625098221918274,-3.5444500305113893,0.028884503737938827,-0.08064819140688462,0.028353408956473546,-0.060201897403381006,-3.576024046399656,2.798675136279262,-0.049074175518617924,0.9263157894736843,608.0,-0.07654007712233425,-0.07466505610083396,0.9280542803956724,-0.0018750210215002922,0.9280538304976809,-0.0018727804001029806,-0.07208643879234697,93.04504653205376,-0.004453638329987283,0.026646479939439822,21136.0,-3.625098221918274,-3.5444500305113893,0.028884503737938827,-0.08064819140688462,0.028353408956473546,-0.060201897403381006,-3.576024046399656,2.798675136279262,-0.049074175518617924,0.004325121336855686,130216.0,-5.4433150842275015,-5.364988888977954,0.004677512212211041,-0.07832619524954776,0.004584616021179623,-0.05660118167478915,-5.385079490120074,0.4584475887217449,-0.05823559410742796,0.0036965567938670764,152358.0,-5.600353488857615,-5.516459743340585,0.00402005480507628,-0.0838937455170301,0.00395841144050754,-0.06615144751271472,-5.542550799320873,0.391652381958355,-0.05780268953674206
2022-07,569.7,6.34510990648635,6.459614089853934,638.8144840043545,-0.11450418336758439,0.026865038196736774,21206.0,-3.616929532999394,-3.547242393733101,0.028803960217740492,-0.06968713926629277,0.028251872423480175,-0.04908822346198908,-3.578940839094661,2.7905238746353054,-0.037988693904732695,0.026865038196736774,21206.0,-3.616929532999394,-3.547242393733101,0.028803960217740492,-0.06968713926629277,0.028251872423480175,-0.04908822346198908,-3.578940839094661,2.7905238746353054,-0.037988693904732695,0.9278501628664496,614.0,-0.07488502166079247,-0.07473476869686543,0.9279895855775759,-0.0001502529639270389,0.9279886937386347,-0.00014928077585403082,-0.07208064700267305,93.04558543095408,-0.0028043746581194184,0.026865038196736774,21206.0,-3.616929532999394,-3.547242393733101,0.028803960217740492,-0.06968713926629277,0.028251872423480175,-0.04908822346198908,-3.578940839094661,2.7905238746353054,-0.037988693904732695,0.004356637046327027,130766.0,-5.4360548388910095,-5.367878195590917,0.004664016950606689,-0.06817664330009254,0.004567464701722609,-0.046158573555274245,-5.387862942638586,0.4571732959157981,-0.04819189625242348,0.0037217779868297276,153072.0,-5.593553771431599,-5.519114031412631,0.004009398570173109,-0.0744397400189678,0.003945133329634792,-0.05661541046718957,-5.545206888461342,0.39061349861394146,-0.048346882970256466
2022-08,566.7,6.339830063175573,6.458369614732885,638.0199897387564,-0.118539551557312,0.026674511649799955,21245.0,-3.624046789373338,-3.5500347569548123,0.028723641290587108,-0.07401203241852583,0.028150335890486804,-0.052426523307865514,-3.5818576317896667,2.7823963538912926,-0.04218915758367148,0.026674511649799955,21245.0,-3.624046789373338,-3.5500347569548123,0.028723641290587108,-0.07401203241852583,0.028150335890486804,-0.052426523307865514,-3.5818576317896667,2.7823963538912926,-0.04218915758367148,0.9259803921568628,612.0,-0.07690221933675248,-0.07480448129289691,0.9279248952693661,-0.0020977380438555737,0.9279235569795885,-0.0020941001099818632,-0.07207485521299914,93.04612433297557,-0.0048273641237533416,0.026674511649799955,21245.0,-3.624046789373338,-3.5500347569548123,0.028723641290587108,-0.07401203241852583,0.028150335890486804,-0.052426523307865514,-3.5818576317896667,2.7823963538912926,-0.04218915758367148,0.004324105725796607,131056.0,-5.4435499285798095,-5.370767502203879,0.004650560624675303,-0.07278242637593024,0.004550313382265595,-0.04971254449212463,-5.390646395157098,0.4559025451115876,-0.052903533422711035,0.003695178727455302,153362.0,-5.600726355669141,-5.521768319484677,0.00399877058248243,-0.0789580361844644,0.003931855218762043,-0.06019460995851704,-5.547862977601812,0.38957737097497713,-0.05286337806732888
2022-09,569.7,6.34510990648635,6.457125139611836,637.2264835865368,-0.11201523312548645,0.026752758863583,21295.0,-3.621117675870964,-3.552827120176524,0.028643546330208082,-0.06829055569443998,0.028048799357493433,-0.04620663000194286,-3.584774424484672,2.7742925049008322,-0.0363432513862918,0.026752758863583,21295.0,-3.621117675870964,-3.552827120176524,0.028643546330208082,-0.06829055569443998,0.028048799357493433,-0.04620663000194286,-3.584774424484672,2.7742925049008322,-0.0363432513862918,0.9278501628664496,614.0,-0.07488502166079247,-0.07487419388892838,0.9278602094707282,-1.0827771864091451e-05,0.9278584202205424,-8.899368602873104e-06,-0.07206906342332524,93.04666323811828,-0.0028159582374672337,0.026752758863583,21295.0,-3.621117675870964,-3.552827120176524,0.028643546330208082,-0.06829055569443998,0.028048799357493433,-0.04620663000194286,-3.584774424484672,2.7742925049008322,-0.0363432513862918,0.0043394142514377124,131285.0,-5.440015905084951,-5.373656808816842,0.004637143122082139,-0.06635909626810843,0.0045331620628085816,-0.04274010253470401,-5.39342984767561,0.45463532646382854,-0.04658605740934085,0.0037094190725475646,153582.0,-5.596879998842367,-5.524422607556723,0.003988170767127421,-0.07245739128564477,0.003918577107889295,-0.05337601623830021,-5.5505190667422815,0.3885439917317753,-0.04636093210008596
2022-10,574.1,6.352803597173591,6.455880664490787,636.4339643187781,-0.10307706731719612,0.02689244894135282,21348.0,-3.6159097402802445,-3.5556194833982357,0.028563674712079195,-0.06029025688200873,0.027947262824500062,-0.037743012250292175,-3.5876912171796773,2.7662122587189266,-0.02821852310056716,0.02689244894135282,21348.0,-3.6159097402802445,-3.5556194833982357,0.028563674712079195,-0.06029025688200873,0.027947262824500062,-0.037743012250292175,-3.5876912171796773,2.7662122587189266,-0.02821852310056716,0.9289644012944984,618.0,-0.07368486028409961,-0.07494390648495984,0.9277955281813483,0.001259046200860231,0.9277932834614963,0.0012622615984380192,-0.07206327163365132,93.04720214638225,-0.0016215886504482857,0.02689244894135282,21348.0,-3.6159097402802445,-3.5556194833982357,0.028563674712079195,-0.06029025688200873,0.027947262824500062,-0.037743012250292175,-3.5876912171796773,2.7662122587189266,-0.02821852310056716,0.004360937666165322,131646.0,-5.435068183696414,-5.3765461154298055,0.004623764330816571,-0.05852206826660833,0.004516010743351567,-0.034338509361285734,-5.396213300194122,0.45337163015460064,-0.03885488350229149,0.003729399307517913,153939.0,-5.591508101856201,-5.527076895628768,0.003977599049429743,-0.06443120622743326,0.0039052989970165468,-0.04504128611740415,-5.553175155882752,0.38751335359403716,-0.038332945973449384
2022-11,579.4,6.36199308533525,6.454636189369739,635.6424307080915,-0.09264310403448928,0.02709629144647617,21383.0,-3.6083584074543853,-3.5584118466199475,0.02848402581341769,-0.049946560834437825,0.02784572629150669,-0.026913819276429104,-3.590608009874683,2.7581555466013787,-0.017750397579702426,0.02709629144647617,21383.0,-3.6083584074543853,-3.5584118466199475,0.02848402581341769,-0.049946560834437825,0.02784572629150669,-0.026913819276429104,-3.590608009874683,2.7581555466013787,-0.017750397579702426,0.928525641025641,624.0,-0.07415728303417772,-0.07501361908099131,0.9277308514009117,0.0008563360468135939,0.9277281467024501,0.0008596207046487862,-0.07205747984397741,93.04774105776745,-0.002099803190200311,0.02709629144647617,21383.0,-3.6083584074543853,-3.5584118466199475,0.02848402581341769,-0.049946560834437825,0.02784572629150669,-0.026913819276429104,-3.590608009874683,2.7581555466013787,-0.017750397579702426,0.004393954331389396,131863.0,-5.427525698476234,-5.379435422042768,0.004610424139191133,-0.04809027643346653,0.004498859423894553,-0.02331815302962793,-5.398996752712634,0.4521114463932746,-0.028528945763600433,0.0037564346935335382,154242.0,-5.584284991230033,-5.529731183700814,0.003967055354909004,-0.05455380752921979,0.0038920208861437985,-0.03483696428582083,-5.555831245023221,0.3864854492908036,-0.028453746206812625
2022-12,582.6,6.367500844525334,6.45339171424869,634.8518815286133,-0.08589086972335647,0.027215396832811697,21407.0,-3.6039724058018883,-3.5612042098416588,0.028404599013177424,-0.042768195960229516,0.02774418975851332,-0.019059591586716378,-3.5935248025696884,2.7501223000042154,-0.010447603232199842,0.027215396832811697,21407.0,-3.6039724058018883,-3.5612042098416588,0.028404599013177424,-0.042768195960229516,0.02774418975851332,-0.019059591586716378,-3.5935248025696884,2.7501223000042154,-0.010447603232199842,0.9291866028708134,627.0,-0.07344569610758642,-0.07508333167702279,0.9276661791291042,0.0016376355694363715,0.9276630099434039,0.0016423991374869087,-0.07205168805430351,93.04827997227393,-0.001394008053282908,0.027215396832811697,21407.0,-3.6039724058018883,-3.5612042098416588,0.028404599013177424,-0.042768195960229516,0.02774418975851332,-0.019059591586716378,-3.5935248025696884,2.7501223000042154,-0.010447603232199842,0.004414405540359306,131977.0,-5.422882099436956,-5.382324728655731,0.004597122435840583,-0.04055737078122501,0.004481708104437539,-0.015017168122036883,-5.401780205231146,0.4508547654164337,-0.021101894205809657,0.0037747340322141737,154342.0,-5.579425353805825,-5.5323854717728596,0.003956539609282248,-0.04703988203296561,0.00387874277527105,-0.026815065881652403,-5.558487334163691,0.38546027157040036,-0.020938019642134265
2023-01,588.9,6.378256389950525,6.452147239127641,634.0623155560057,-0.07389084917711664,0.027430248264940144,21469.0,-3.59610892321904,-3.5639965730633705,0.02832539369204399,-0.03211235015566949,0.02764265322551995,-0.007683957066165843,-3.5964415952646935,2.7421124505831007,0.00033267204565357034,0.027430248264940144,21469.0,-3.59610892321904,-3.5639965730633705,0.02832539369204399,-0.03211235015566949,0.02764265322551995,-0.007683957066165843,-3.5964415952646935,2.7421124505831007,0.00033267204565357034,0.9288643533123028,634.0,-0.07379256448670092,-0.07515304427305425,0.9276015113656115,0.0013604797863533274,0.9275978731843577,0.0013653331519587776,-0.0720458962646296,93.0488188899017,-0.0017466682220713264,0.027430248264940144,21469.0,-3.59610892321904,-3.5639965730633705,0.02832539369204399,-0.03211235015566949,0.02764265322551995,-0.007683957066165843,-3.5964415952646935,2.7421124505831007,0.00033267204565357034,0.004451516342635987,132292.0,-5.414510489692323,-5.385214035268693,0.0045838591097210005,-0.029296454423629825,0.004464556784980526,-0.0029208817297180457,-5.404563657749658,0.44960157748780116,-0.009946831942665213,0.0038048534656535894,154776.0,-5.571477799407798,-5.5350397598449055,0.003946051738463429,-0.03643803956289293,0.003865464664398302,-0.01568018440394854,-5.56114342330416,0.38443781320039055,-0.010334376103638299
2023-02,588.9,6.378256389950525,6.450902764006592,633.2737315674534,-0.07264637405606766,0.027423861413802736,21474.0,-3.5963417900435557,-3.566788936285082,0.028246409232429947,-0.029552853758473496,0.02754111669252658,-0.004257462761328794,-3.599358387959699,2.7341259301927514,0.003016597916143393,0.027423861413802736,21474.0,-3.5963417900435557,-3.566788936285082,0.028246409232429947,-0.029552853758473496,0.02754111669252658,-0.004257462761328794,-3.599358387959699,2.7341259301927514,0.003016597916143393,0.9303317535545024,633.0,-0.0722140321936511,-0.07522275686908572,0.9275368481101194,0.0030087246754346153,0.9275327364253116,0.0030177017147427826,-0.07204010447495568,93.04935781065076,-0.0001739277186954269,0.027423861413802736,21474.0,-3.5963417900435557,-3.566788936285082,0.028246409232429947,-0.029552853758473496,0.02754111669252658,-0.004257462761328794,-3.599358387959699,2.7341259301927514,0.003016597916143393,0.00444358927924665,132528.0,-5.41629283288752,-5.388103341881656,0.004570634050108823,-0.028189491005863765,0.004447405465523512,-0.0008580702403784578,-5.40734711026817,0.4483518728981609,-0.008945722619349894,0.0037977377374795247,155066.0,-5.57334972177263,-5.5376940479169505,0.0039355916685628834,-0.035655673855679915,0.003852186553525553,-0.014134522118664372,-5.56379951244463,0.38341806696752,-0.009550209328000214
2023-03,589.0,6.3784261836515865,6.449658288885543,632.4861283416617,-0.07123210523395684,0.027461767997016037,21448.0,-3.5949604962642088,-3.569581299506794,0.028167645018469974,-0.025379196757414846,0.027439580159533208,0.0008086070323900672,-3.6022751806547046,2.726162670886364,0.007314684390495874,0.027461767997016037,21448.0,-3.5949604962642088,-3.569581299506794,0.028167645018469974,-0.025379196757414846,0.027439580159533208,0.0008086070323900672,-3.6022751806547046,2.726162670886364,0.007314684390495874,0.9290220820189274,634.0,-0.07362277078563922,-0.0752924694651172,0.9274721893623136,0.0016696986794779711,0.9274675996662655,0.0016760503043139563,-0.07203431268528177,93.04989673452117,-0.0015884581003574594,0.027461767997016037,21448.0,-3.5949604962642088,-3.569581299506794,0.028167645018469974,-0.025379196757414846,0.027439580159533208,0.0008086070323900672,-3.6022751806547046,2.726162670886364,0.007314684390495874,0.00444347209439172,132554.0,-5.416319204901848,-5.39099264849462,0.004557447146599955,-0.025326556407228473,0.004430254146066497,0.0029835643485505883,-5.410130562786683,0.4471056419652861,-0.006188642115165344,0.0037967176763314295,155134.0,-5.573618354899997,-5.5403483359889965,0.003925159325886805,-0.033270018911000676,0.003838908442652805,-0.010990302829994107,-5.5664556015850994,0.38240102567766987,-0.007162753314897685
2023-04,592.4,6.384182082393644,6.448413813764494,631.699504658855,-0.06423173137085048,0.027584280126653007,21476.0,-3.5905092291488163,-3.5723736627285056,0.028089100436016073,-0.018135566420310667,0.027338043626539837,0.00900710026938881,-3.6051919733497098,2.7182226049150326,0.014682744200893438,0.027584280126653007,21476.0,-3.5905092291488163,-3.5723736627285056,0.028089100436016073,-0.018135566420310667,0.027338043626539837,0.00900710026938881,-3.6051919733497098,2.7182226049150326,0.014682744200893438,0.9299843014128728,637.0,-0.07258757317851967,-0.07536218206114867,0.9274075351218798,0.0027746088826289955,0.9274024629072193,0.0027839461387238287,-0.07202852089560785,93.0504356615129,-0.0005590522829118233,0.027584280126653007,21476.0,-3.5905092291488163,-3.5723736627285056,0.028089100436016073,-0.018135566420310667,0.027338043626539837,0.00900710026938881,-3.6051919733497098,2.7182226049150326,0.014682744200893438,0.004463095085623018,132733.0,-5.411912788246473,-5.393881955107582,0.004544298289108831,-0.018030833138890756,0.0044131028266094835,0.011328142800593298,-5.412914015305194,0.4458628750338622,0.001001227058721632,0.003812711182622687,155375.0,-5.569414746419368,-5.543002624061042,0.0039147546369367415,-0.026412122358325796,0.0038256303317800566,-0.003376998830767449,-5.569111690725569,0.381386682155803,-0.00030305569379951436
2023-05,597.1,6.392084603552947,6.447169338643446,630.9138593007749,-0.05508473509049949,0.027803129074315515,21476.0,-3.5826067079895134,-3.5751660259502174,0.028010774872632767,-0.007440682039296043,0.027236507093546466,0.020803768222662698,-3.6081087660447153,2.7103056647271693,0.025502058055201893,0.027803129074315515,21476.0,-3.5826067079895134,-3.5751660259502174,0.028010774872632767,-0.007440682039296043,0.027236507093546466,0.020803768222662698,-3.6081087660447153,2.7103056647271693,0.025502058055201893,0.9300623052959502,642.0,-0.07250370013701435,-0.07543189465718014,0.9273428853885038,0.0029281945201657944,0.9273373261481731,0.0029384982906875182,-0.07202272910593395,93.050974591626,-0.00048097103108039885,0.027803129074315515,21476.0,-3.5826067079895134,-3.5751660259502174,0.028010774872632767,-0.007440682039296043,0.027236507093546466,0.020803768222662698,-3.6081087660447153,2.7103056647271693,0.025502058055201893,0.004491736438657068,132933.0,-5.4055159173230525,-5.396771261720545,0.0045311873678674855,-0.008744655602507478,0.00439595150715247,0.0217893512584819,-5.415697467823707,0.4446235624754113,0.010181550500654168,0.0038360476695255535,155655.0,-5.563312695154542,-5.545656912133088,0.0039043775284090666,-0.01765578302145343,0.0038123522209073083,0.006215440558796503,-5.571767779866039,0.3803750292459145,0.00845508471149703
2023-06,595.4,6.389233448581676,6.445924863522397,630.129191050677,-0.05669141494072161,0.027666000650527392,21521.0,-3.587551033015909,-3.5779583891719287,0.027932667717592355,-0.009592643843980397,0.027134970560553095,0.019569952684830666,-3.611025558739721,2.702411782967937,0.023474525723811812,0.027666000650527392,21521.0,-3.587551033015909,-3.5779583891719287,0.027932667717592355,-0.009592643843980397,0.027134970560553095,0.019569952684830666,-3.611025558739721,2.702411782967937,0.023474525723811812,0.9303125,640.0,-0.07223472777204154,-0.0755016072532116,0.9272782401618715,0.0032668794811700624,0.9272721893891269,0.003278768246976086,-0.07201693731626004,93.05151352486048,-0.00021779045578150524,0.027666000650527392,21521.0,-3.587551033015909,-3.5779583891719287,0.027932667717592355,-0.009592643843980397,0.027134970560553095,0.019569952684830666,-3.611025558739721,2.702411782967937,0.023474525723811812,0.0044737316662659295,133088.0,-5.409532393960962,-5.399660568333508,0.004518114273424659,-0.009871825627453923,0.004378800187695456,0.021679792294983794,-5.418480920342218,0.4433876946882201,0.008948526381256094,0.0038196048242237616,155880.0,-5.56760831087097,-5.548311200205133,0.0038940279271944657,-0.019297110665836392,0.00379907411003456,0.005404136269669894,-5.574423869006508,0.3793660598109822,0.006815558135538247
2023-07,595.8,6.3899050402791815,6.444680388401348,629.3454986933316,-0.05477534812216689,0.027685873605947955,21520.0,-3.5868329739965388,-3.5807507523936404,0.027854778361870097,-0.006082221602898397,0.027033434027559724,0.024134543089238663,-3.613942351434726,2.694540892478672,0.0271093774381872,0.027685873605947955,21520.0,-3.5868329739965388,-3.5807507523936404,0.027854778361870097,-0.006082221602898397,0.027033434027559724,0.024134543089238663,-3.613942351434726,2.694540892478672,0.0271093774381872,0.92803738317757,642.0,-0.07468326341077935,-0.07557131984924308,0.9272135994416688,0.0008880564384637218,0.9272070526300809,0.0008955179375888813,-0.07201114552658612,93.05205246121636,-0.002672117884193234,0.027685873605947955,21520.0,-3.5868329739965388,-3.5807507523936404,0.027854778361870097,-0.006082221602898397,0.027033434027559724,0.024134543089238663,-3.613942351434726,2.694540892478672,0.0271093774381872,0.004472771496779424,133206.0,-5.409747040839791,-5.40254987494647,0.0045050788966448764,-0.007197165893320978,0.004361648868238442,0.02547720641846665,-5.421264372860731,0.44215526209726264,0.011517332020939186,0.0038181783226418358,156043.0,-5.5679818489961255,-5.550965488277179,0.0038837057603774124,-0.01701636071894619,0.0037857959991618117,0.008553636669063428,-5.577079958146978,0.3783597667329141,0.009098109150852629
2023-08,595.8,6.3899050402791815,6.443435913280299,628.5627810150198,-0.05353087300111792,0.02765503156331229,21544.0,-3.587947594212253,-3.583543115615352,0.02777710619813953,-0.0044044785969008515,0.026931897494566353,0.02685046862709292,-3.6168591441297315,2.6866929262963097,0.028911549917478574,0.02765503156331229,21544.0,-3.587947594212253,-3.583543115615352,0.02777710619813953,-0.0044044785969008515,0.026931897494566353,0.02685046862709292,-3.6168591441297315,2.6866929262963097,0.028911549917478574,0.9294851794071762,641.0,-0.0731244166414882,-0.07564103244527455,0.9271489632275813,0.0025166158037863567,0.9271419158710347,0.0025274054554421718,-0.07200535373691222,93.05259140069366,-0.0011190629045759737,0.02765503156331229,21544.0,-3.587947594212253,-3.583543115615352,0.02777710619813953,-0.0044044785969008515,0.026931897494566353,0.02685046862709292,-3.6168591441297315,2.6866929262963097,0.028911549917478574,0.0044678074898390745,133354.0,-5.410857485131569,-5.405439181559434,0.0044920811287075205,-0.00541830357213513,0.0043444975487814275,0.028383015451863648,-5.424047825379242,0.440926255154129,0.013190340247673404,0.003812851575249102,156261.0,-5.569377924841502,-5.553619776349225,0.0038734109552356704,-0.01575814849227708,0.0037725178882890634,0.010691450154615754,-5.579736047287447,0.3773561429125008,0.010358122445945028
2023-09,595.0,6.38856140554563,6.44219143815925,627.7810368035322,-0.053630032613620315,0.027589724566447184,21566.0,-3.590311873896388,-3.586335478837064,0.02769965062076769,-0.003976395059324123,0.026830360961572982,0.028302399880559888,-3.619775936824737,2.6788678176528222,0.029464062928349133,0.027589724566447184,21566.0,-3.590311873896388,-3.586335478837064,0.02769965062076769,-0.003976395059324123,0.026830360961572982,0.028302399880559888,-3.619775936824737,2.6788678176528222,0.029464062928349133,0.9282371294851794,641.0,-0.07446805137504024,-0.07571074504130601,0.9270843315192951,0.0012426936662657678,0.9270767791119885,0.0012516227343137751,-0.0719995619472383,93.05313034329238,-0.002468489427801937,0.027589724566447184,21566.0,-3.590311873896388,-3.586335478837064,0.02769965062076769,-0.003976395059324123,0.026830360961572982,0.028302399880559888,-3.619775936824737,2.6788678176528222,0.029464062928349133,0.004457964021608014,133469.0,-5.413063114574128,-5.408328488172397,0.0044791208611059475,-0.00473462640173139,0.004327346229324414,0.030184271228048308,-5.4268312778977545,0.43970066433694827,0.013768163323626403,0.003803934354961417,156417.0,-5.571719391292947,-5.556274064421271,0.0038631434392397716,-0.015445326871676102,0.0037592397774163146,0.01188925958211174,-5.582392136427917,0.3763551812693625,0.010672745134970185
2023-10,593.0,6.385194398997726,6.440946963038202,627.0002648481675,-0.05575256404047657,0.027509742067173874,21556.0,-3.593215080055662,-3.589127842058775,0.02762241102581042,-0.004087237996886817,0.02672882442857961,0.02921631067916599,-3.622692729519742,2.671065499974646,0.02947764946408027,0.027509742067173874,21556.0,-3.593215080055662,-3.589127842058775,0.02762241102581042,-0.004087237996886817,0.02672882442857961,0.02921631067916599,-3.622692729519742,2.671065499974646,0.02947764946408027,0.9280125195618153,639.0,-0.07471005537980939,-0.07578045763733748,0.927019704316496,0.0010704022575280941,0.9270116423529423,0.0010796813795483275,-0.07199377015756439,93.05366928901255,-0.002716285222244999,0.027509742067173874,21556.0,-3.593215080055662,-3.589127842058775,0.02762241102581042,-0.004087237996886817,0.02672882442857961,0.02921631067916599,-3.622692729519742,2.671065499974646,0.02947764946408027,0.004439187621179341,133583.0,-5.417283887481578,-5.411217794785359,0.00446619798564657,-0.006066092696219272,0.0043101949098674,0.029927349924857495,-5.429614730416267,0.4384784801503178,0.012330842934688668,0.003787298181075005,156576.0,-5.576102395091125,-5.558928352493316,0.0038529031400525095,-0.017174042597808636,0.0037459616665435663,0.011034953961389626,-5.585048225568387,0.37535687474190194,0.008945830477261829
2023-11,591.9,6.3833377016966795,6.439702487917153,626.2204639397288,-0.05636478622047392,0.027424361766204882,21583.0,-3.5963235450622912,-3.591920205280487,0.027545386811007593,-0.004403339781804405,0.02662728789558624,0.029934474503907908,-3.6256095222147477,2.663285906882113,0.02928597715245651,0.027424361766204882,21583.0,-3.5963235450622912,-3.591920205280487,0.027545386811007593,-0.004403339781804405,0.02662728789558624,0.029934474503907908,-3.6256095222147477,2.663285906882113,0.02928597715245651,0.9306603773584905,636.0,-0.07186086164344287,-0.07585017023336896,0.92695508161887,0.003989308589926091,0.9269465055938962,0.004006565365079803,-0.07198797836789048,93.0542082378542,0.00012711672444760957,0.027424361766204882,21583.0,-3.5963235450622912,-3.591920205280487,0.027545386811007593,-0.004403339781804405,0.02662728789558624,0.029934474503907908,-3.6256095222147477,2.663285906882113,0.02928597715245651,0.004428168508307959,133667.0,-5.419769209686394,-5.414107101398322,0.004453312394447945,-0.005662108288071899,0.004293043590410386,0.03147531932808898,-5.4323981829347785,0.4372596931252278,0.012628973248384412,0.0037772091153328267,156703.0,-5.578769871326967,-5.561582640565362,0.003842689985528416,-0.01718723076160522,0.003732683555670818,0.01192856533320752,-5.587704314708857,0.37436121628725205,0.008934443381889423
2023-12,594.6,6.387888910563998,6.438458012796104,625.4416328705245,-0.050569102232106644,0.027515039333641834,21610.0,-3.593022538936934,-3.5947125685021986,0.027468577375778513,0.0016900295652644282,0.02652575136259287,0.03729537978117666,-3.6285263149097533,2.655528972188891,0.035503775972819174,0.027515039333641834,21610.0,-3.593022538936934,-3.5947125685021986,0.027468577375778513,0.0016900295652644282,0.02652575136259287,0.03729537978117666,-3.6285263149097533,2.655528972188891,0.035503775972819174,0.9319749216300941,638.0,-0.07044937278079251,-0.07591988282940043,0.9268904634261029,0.005470510048607921,0.9268813688348501,0.005495366469224604,-0.07198218657821656,93.05474718981733,0.0015328137974240513,0.027515039333641834,21610.0,-3.593022538936934,-3.5947125685021986,0.027468577375778513,0.0016900295652644282,0.02652575136259287,0.03729537978117666,-3.6285263149097533,2.655528972188891,0.035503775972819174,0.004445075729258556,133766.0,-5.4159583732078405,-5.4169964080112845,0.0044404639799398935,0.001038034803443999,0.0042758922709533725,0.03956681964474789,-5.435181635453291,0.4360442938189874,0.019223262245450456,0.003790713834894203,156857.0,-5.575200930685075,-5.564236928637408,0.0038325039037132753,-0.010964002047667343,0.0037194054447980698,0.019171986263520867,-5.590360403849326,0.37336819888122846,0.015159473164250592
2024-01,590.3,6.380630882246644,6.437213537675055,624.6637704343644,-0.05658265542841168,0.027289538162821873,21631.0,-3.601251867716858,-3.5975049317239103,0.02739198212121717,-0.00374693599294762,0.026424214829599495,0.03274736217528298,-3.6314431076047584,2.64779462990142,0.03019123988790051,0.027289538162821873,21631.0,-3.601251867716858,-3.5975049317239103,0.02739198212121717,-0.00374693599294762,0.026424214829599495,0.03274736217528298,-3.6314431076047584,2.64779462990142,0.03019123988790051,0.9325434439178514,633.0,-0.06983953989753264,-0.0759895954254319,0.9268258497378808,0.0061500555278992675,0.9268162320758039,0.006179447061711659,-0.07197639478854266,93.05528614490197,0.0021368548910100232,0.027289538162821873,21631.0,-3.601251867716858,-3.5975049317239103,0.02739198212121717,-0.00374693599294762,0.026424214829599495,0.03274736217528298,-3.6314431076047584,2.64779462990142,0.03019123988790051,0.004408777223433812,133892.0,-5.424157901568589,-5.419885714624248,0.004427652634862578,-0.004272186944341172,0.004258740951496358,0.03523019447443439,-5.4379650879718024,0.43483227281515396,0.013807186403213656,0.003759106424168322,157032.0,-5.583574002971041,-5.566891216709454,0.0038223448228436015,-0.016682786261586813,0.0037061273339253215,0.014295000001224452,-5.593016492989796,0.3723778155182779,0.0094424900187553
2024-02,590.5,6.380969635637417,6.4359690625540065,623.8868754265586,-0.054999426916589655,0.027316463894157376,21617.0,-3.6002656855206356,-3.600297294945622,0.02731560045008758,3.160942498636743e-05,0.026322678296606124,0.037753969651309546,-3.634359900299764,2.6400828142183443,0.03409421477912833,0.027316463894157376,21617.0,-3.6002656855206356,-3.600297294945622,0.02731560045008758,3.160942498636743e-05,0.026322678296606124,0.037753969651309546,-3.634359900299764,2.6400828142183443,0.03409421477912833,0.9328593996840442,633.0,-0.06950078650675924,-0.07605930802146336,0.9267612405538896,0.006558521514704124,0.9267510953167577,0.006591094845373458,-0.07197060299886875,93.05582510310812,0.0024698164921095056,0.027316463894157376,21617.0,-3.6002656855206356,-3.600297294945622,0.02731560045008758,3.160942498636743e-05,0.026322678296606124,0.037753969651309546,-3.634359900299764,2.6400828142183443,0.03409421477912833,0.004405828676311489,134027.0,-5.42482691553605,-5.422775021237211,0.0044148782522656325,-0.0020518942988392297,0.004241589632039344,0.038721106594458404,-5.440748540490315,0.4336236207234573,0.015921624954264857,0.00375545351632557,157238.0,-5.584546224407668,-5.569545504781499,0.00381221267134614,-0.015000719626169001,0.003692849223052573,0.016952843046553413,-5.595672582130265,0.3713900592114308,0.011126357722597291
2024-03,593.2,6.385531610263777,6.4347245874329575,623.1109466439153,-0.04919297716918081,0.02741726751710113,21636.0,-3.5965822627275403,-3.6030896581673337,0.02723943176681914,0.006507395439793395,0.026221141763612753,0.045616844768683946,-3.6372766929947695,2.632393459529961,0.04069443026722919,0.02741726751710113,21636.0,-3.5965822627275403,-3.6030896581673337,0.02723943176681914,0.006507395439793395,0.026221141763612753,0.045616844768683946,-3.6372766929947695,2.632393459529961,0.04069443026722919,0.9327044025157234,636.0,-0.06966695307634498,-0.07612902061749484,0.9266966358738155,0.006462067541149863,0.9266859585577115,0.006494588487537835,-0.07196481120919483,93.05636406443584,0.002297858132849856,0.02741726751710113,21636.0,-3.5965822627275403,-3.6030896581673337,0.02723943176681914,0.006507395439793395,0.026221141763612753,0.045616844768683946,-3.6372766929947695,2.632393459529961,0.04069443026722919,0.004421256614742491,134170.0,-5.42133132132074,-5.425664327850173,0.0044021407255072555,0.0043330065294329145,0.00422443831258233,0.04659040743332557,-5.443531993008827,0.43241832817972903,0.022200671688087148,0.0037671624350653476,157466.0,-5.581433230664241,-5.572199792853545,0.003802107377837351,-0.009233437810696188,0.003679571112179825,0.02380476425515595,-5.5983286712707345,0.3704049229922502,0.016895440606493395
2024-04,586.6,6.37434315654335,6.4334801123119085,622.3359828847395,-0.05913695576855815,0.027118487356109288,21631.0,-3.607539593420151,-3.605882021389045,0.027163475477501975,-0.0016575720311058362,0.026119605230619382,0.03824261954460709,-3.6401934856897746,2.624726500417659,0.032653892269623785,0.027118487356109288,21631.0,-3.607539593420151,-3.605882021389045,0.027163475477501975,-0.0016575720311058362,0.026119605230619382,0.03824261954460709,-3.6401934856897746,2.624726500417659,0.032653892269623785,0.9340764331210192,628.0,-0.06819700992484794,-0.07619873321352631,0.9266320356973442,0.008001723288678375,0.9266208217986655,0.008046021789022209,-0.07195901941952093,93.0569030288851,0.0037620094946729937,0.027118487356109288,21631.0,-3.607539593420151,-3.605882021389045,0.027163475477501975,-0.0016575720311058362,0.026119605230619382,0.03824261954460709,-3.6401934856897746,2.624726500417659,0.032653892269623785,0.00437001333502194,134233.0,-5.43298921838686,-5.428553634463136,0.004389439948253312,-0.004435583923723563,0.0042072869931253165,0.038677262131753105,-5.446315445527339,0.4312163858458295,0.013326227140479041,0.003723735161556529,157530.0,-5.593028038756664,-5.574854080925591,0.003792028871122926,-0.018173957831073118,0.0036662930013070766,0.015667640373798218,-5.600984760411205,0.36942239991078335,0.007956721654540644
2024-05,583.9,6.369729735289492,6.4322356371908604,621.5619829488306,-0.06250590190136851,0.027001156069364162,21625.0,-3.611875596510588,-3.6086743846107567,0.027087730989882288,-0.0032012118998312467,0.02601806869762601,0.037784794219866594,-3.64311027838478,2.6170818716533586,0.031234681874192205,0.027001156069364162,21625.0,-3.611875596510588,-3.6086743846107567,0.027087730989882288,-0.0032012118998312467,0.02601806869762601,0.037784794219866594,-3.64311027838478,2.6170818716533586,0.031234681874192205,0.9357371794871795,624.0,-0.06642063307993573,-0.07626844580955777,0.926567440024162,0.00984781272962204,0.9265556850396193,0.009909274311092944,-0.07195322762984702,93.05744199645594,0.005532594549911285,0.027001156069364162,21625.0,-3.611875596510588,-3.6086743846107567,0.027087730989882288,-0.0032012118998312467,0.02601806869762601,0.037784794219866594,-3.64311027838478,2.6170818716533586,0.031234681874192205,0.004348441293436006,134278.0,-5.437937821442739,-5.431442941076099,0.004376775814476466,-0.006494880366640032,0.004190135673668303,0.03778054748024731,-5.449098898045851,0.4300177844095741,0.01116107660311183,0.0037047611796355512,157608.0,-5.598136481249426,-5.577508368997637,0.003781977080197273,-0.02062811225178951,0.0036530148904343283,0.014165364980231583,-5.603640849551674,0.3684424830355136,0.005504368302247542
2024-06,581.0,6.364750756851911,6.4309911620698115,620.7889456374799,-0.06624040521790064,0.02686084142394822,21630.0,-3.617085762095193,-3.6114667478324685,0.02701219771335779,-0.005619014262724598,0.02591653216463264,0.036436559232420965,-3.6460270710797857,2.6094595081989613,0.028941308984592684,0.02686084142394822,21630.0,-3.617085762095193,-3.6114667478324685,0.02701219771335779,-0.005619014262724598,0.02591653216463264,0.036436559232420965,-3.6460270710797857,2.6094595081989613,0.028941308984592684,0.9370967741935484,620.0,-0.06496872118722598,-0.07633815840558925,0.926502848853955,0.011369437218363268,0.9264905482805731,0.01144774324212901,-0.0719474358401731,93.05798096714838,0.006978714652947124,0.02686084142394822,21630.0,-3.617085762095193,-3.6114667478324685,0.02701219771335779,-0.005619014262724598,0.02591653216463264,0.036436559232420965,-3.6460270710797857,2.6094595081989613,0.028941308984592684,0.004324332370716603,134356.0,-5.443497515666051,-5.434332247689062,0.004364148218455285,-0.009165267976989355,0.004172984354211288,0.03626853198061431,-5.451882350564363,0.4288225145846635,0.008384834898311766,0.003684327340752719,157695.0,-5.60366730982613,-5.580162657069682,0.003771951934243021,-0.023504652756447975,0.0036397367795615795,0.012251040086615936,-5.606296938692144,0.36746516545330926,0.0026296288660141443
2024-07,581.5,6.365610971958719,6.4297466869487625,620.0168697534705,-0.06413571499004345,0.026876502126086152,21636.0,-3.6165029010325984,-3.61425911105418,0.02693687505897306,-0.0022437899784182314,0.02581499563163927,0.041119762698928516,-3.648943863774791,2.601859345205796,0.032440962742192436,0.026876502126086152,21636.0,-3.6165029010325984,-3.61425911105418,0.02693687505897306,-0.0022437899784182314,0.02581499563163927,0.041119762698928516,-3.648943863774791,2.601859345205796,0.032440962742192436,0.934887459807074,622.0,-0.06732912078046029,-0.07640787100162072,0.926438262186409,0.009078750221160434,0.9264254115215269,0.009134084817092106,-0.07194164405049919,93.05851994096243,0.004612523270038901,0.026876502126086152,21636.0,-3.6165029010325984,-3.61425911105418,0.02693687505897306,-0.0022437899784182314,0.02581499563163927,0.041119762698928516,-3.648943863774791,2.601859345205796,0.032440962742192436,0.004328311549111263,134348.0,-5.442577755483604,-5.437221554302025,0.004351557054773345,-0.005356201181578868,0.004155833034754274,0.04150275357902749,-5.454665803082875,0.42763056711060893,0.012088047599271512,0.0036862590967872808,157748.0,-5.60314313007594,-5.582816945141728,0.003761953362630512,-0.02032618493421179,0.0036264586686888312,0.01649003437286402,-5.608953027832613,0.36649044026937766,0.005809897756673621
2024-08,580.5,6.3638898011379466,6.4285022118277135,619.2457541010741,-0.06461241068976697,0.026840207138894026,21628.0,-3.6178542493639494,-3.6170514742758915,0.026861762439414974,-0.0008027750880579276,0.025713459098645898,0.04381938796820471,-3.6518606564697964,2.5942813180140636,0.034006407105847014,0.026840207138894026,21628.0,-3.6178542493639494,-3.6170514742758915,0.026861762439414974,-0.0008027750880579276,0.025713459098645898,0.04381938796820471,-3.6518606564697964,2.5942813180140636,0.034006407105847014,0.9362903225806452,620.0,-0.06582967690119106,-0.0764775835976522,0.9263736800212105,0.010647906696461137,0.9263602747624807,0.010719423197103839,-0.07193585226082527,93.05905891789811,0.006106175359634217,0.026840207138894026,21628.0,-3.6178542493639494,-3.6170514742758915,0.026861762439414974,-0.0008027750880579276,0.025713459098645898,0.04381938796820471,-3.6518606564697964,2.5942813180140636,0.034006407105847014,0.004321736735134491,134321.0,-5.4440979354934464,-5.440110860914988,0.004339002218318376,-0.003987074578458483,0.004138681715297261,0.04423027244656879,-5.457449255601388,0.4264419327526633,0.013351320107941156,0.003679709933632105,157757.0,-5.604921352290525,-5.585471233213774,0.003751981294917319,-0.019450119076751093,0.003613180557816083,0.018412967398516732,-5.611609116973083,0.36551830060721346,0.006687764682558495
2024-09,581.9,6.366298611662624,6.427257736706665,618.4755974860498,-0.06095912504404044,0.02689747619487843,21634.0,-3.615722818527611,-3.619843837497603,0.026786859269008065,0.004121018969992285,0.025611922565652527,0.05019356223378265,-3.654777449164802,2.586725362152292,0.03905463063719106,0.02689747619487843,21634.0,-3.615722818527611,-3.619843837497603,0.026786859269008065,0.004121018969992285,0.025611922565652527,0.05019356223378265,-3.654777449164802,2.586725362152292,0.03905463063719106,0.9355305466237942,622.0,-0.06664148107655521,-0.07654729619368367,0.9263091023580454,0.009905815117128458,0.9262951380034347,0.009970265676084437,-0.07193006047115137,93.05959789795544,0.005288579394596163,0.02689747619487843,21634.0,-3.615722818527611,-3.619843837497603,0.026786859269008065,0.004121018969992285,0.025611922565652527,0.05019356223378265,-3.654777449164802,2.586725362152292,0.03905463063719106,0.0043275845399849775,134463.0,-5.442745735579601,-5.44300016752795,0.00432648360428137,0.00025443194834906535,0.004121530395840247,0.04999457103426818,-5.460232708119899,0.42525660230174794,0.017486972540297963,0.0036849637772936824,157912.0,-5.603494583160199,-5.58812552128582,0.003742035660847739,-0.015369061874379142,0.003599902446943335,0.023628787614112325,-5.6142652061135525,0.36454873960855333,0.010770622953353737
2024-10,580.9,6.364578624998487,6.4260132615856165,617.7063987156421,-0.06143463658712989,0.026917195681386404,21581.0,-3.614989951942977,-3.622636200719315,0.02671216496371005,0.007646248776338016,0.025510386032659156,0.05514654489846637,-3.657694241859807,2.579191413336784,0.042704289916830174,0.026917195681386404,21581.0,-3.614989951942977,-3.622636200719315,0.02671216496371005,0.007646248776338016,0.025510386032659156,0.05514654489846637,-3.657694241859807,2.579191413336784,0.042704289916830174,0.9339228295819936,622.0,-0.06836146774069261,-0.07661700878971513,0.9262445291965999,0.008255541049022513,0.9262300012443885,0.00830552705836541,-0.07192426868147746,93.06013688113444,0.0035628009407848438,0.026917195681386404,21581.0,-3.614989951942977,-3.622636200719315,0.02671216496371005,0.007646248776338016,0.025510386032659156,0.05514654489846637,-3.657694241859807,2.579191413336784,0.042704289916830174,0.004320276069285061,134459.0,-5.444435973840854,-5.445889474140913,0.004314001108155696,0.0014535003000597513,0.004104379076383233,0.052601621069581016,-5.4630161606384116,0.42407456657438064,0.018580186797557907,0.0036778625470891765,157945.0,-5.605423525143484,-5.590779809357865,0.0037321163903523036,-0.014643715785619627,0.0035866243360705864,0.025438463153503395,-5.616921295254023,0.36358175043332425,0.011497770110538319
2024-11,583.4,6.368873057433621,6.4247687864645675,616.9381565985778,-0.055895729030946306,0.027006758633459863,21602.0,-3.6116681245447984,-3.6254285639410266,0.026637678941107214,0.013760439396228286,0.025408849499665785,0.06288789792765297,-3.6606110345548126,2.5716794074710703,0.04894291001001427,0.027006758633459863,21602.0,-3.6116681245447984,-3.6254285639410266,0.026637678941107214,0.013760439396228286,0.025408849499665785,0.06288789792765297,-3.6606110345548126,2.5716794074710703,0.04894291001001427,0.9349358974358974,624.0,-0.0672773109358066,-0.0766867213857466,0.9261799605365604,0.009409410449939995,0.9261648644853423,0.00947027174846359,-0.07191847689180354,93.06067586743512,0.004641165955996937,0.027006758633459863,21602.0,-3.6116681245447984,-3.6254285639410266,0.026637678941107214,0.013760439396228286,0.025408849499665785,0.06288789792765297,-3.6606110345548126,2.5716794074710703,0.04894291001001427,0.0043351291101616195,134575.0,-5.441003885995537,-5.448778780753877,0.00430155462573625,0.007774894758339812,0.0040872277569262185,0.06065268880974574,-5.465799613156923,0.42289581641260676,0.02479572716138634,0.0036905597833994394,158079.0,-5.601977129617134,-5.593434097429911,0.003722223413547273,-0.008543032187223076,0.0035733462251978376,0.03280218339187446,-5.619577384394492,0.36261732625959847,0.01760025477735816
2024-12,581.4,6.365438988124776,6.4235243113435185,616.1708699450664,-0.0580853232187426,0.02692788661942476,21591.0,-3.6145928520511386,-3.6282209271627384,0.026563400620409888,0.013628075111599802,0.025307312966672414,0.0640357850272964,-3.663527827249818,2.5641892806453668,0.04893497519867962,0.02692788661942476,21591.0,-3.6145928520511386,-3.6282209271627384,0.026563400620409888,0.013628075111599802,0.025307312966672414,0.0640357850272964,-3.663527827249818,2.5641892806453668,0.04893497519867962,0.9347266881028938,622.0,-0.06750110461440396,-0.07675643398177807,0.9261153963776128,0.00925532936737411,0.9260997277262961,0.009315368656654402,-0.07191268510212964,93.06121485685752,0.004411580487725678,0.02692788661942476,21591.0,-3.6145928520511386,-3.6282209271627384,0.026563400620409888,0.013628075111599802,0.025307312966672414,0.0640357850272964,-3.663527827249818,2.5641892806453668,0.04893497519867962,0.004313472367513187,134787.0,-5.446012045515873,-5.451668087366839,0.0042891440531185755,0.005656041850965465,0.004070076437469205,0.05980131670336079,-5.4685830656754355,0.42172034268392566,0.02257102015956214,0.0036724020313802772,158316.0,-5.606909326547002,-5.5960883855019565,0.0037123566607341623,-0.010820941045045274,0.0035600681143250898,0.031553867355283316,-5.622233473534962,0.36165546028354256,0.015324146987960141
2025-01,581.4,6.365438988124776,6.42227983622247,615.4045375667971,-0.05684084809769363,0.026967855651931907,21559.0,-3.6131096536332317,-3.63101329038445,0.02648932942244791,0.01790363675121842,0.025205776433679043,0.06990775399794617,-3.6664446199448233,2.55672096913603,0.053334966311591625,0.026967855651931907,21559.0,-3.6131096536332317,-3.63101329038445,0.02648932942244791,0.01790363675121842,0.025205776433679043,0.06990775399794617,-3.6664446199448233,2.55672096913603,0.053334966311591625,0.9347266881028938,622.0,-0.06750110461440396,-0.07682614657780953,0.9260508367194433,0.00932504196340557,0.92603459096725,0.009386363339370318,-0.07190689331245573,93.06175384940163,0.004405788698051763,0.026967855651931907,21559.0,-3.6131096536332317,-3.63101329038445,0.02648932942244791,0.01790363675121842,0.025205776433679043,0.06990775399794617,-3.6664446199448233,2.55672096913603,0.053334966311591625,0.004315905902264848,134711.0,-5.445448033894157,-5.454557393979802,0.004276769286697982,0.009109360085645335,0.004052925118012191,0.06488666249566422,-5.471366518193947,0.4205481362812227,0.02591848429979038,0.003673515808628402,158268.0,-5.60660608948911,-5.598742673574002,0.003702516062399241,-0.007863415915108085,0.003546790003452341,0.03572971759047192,-5.624889562675431,0.3606961457193718,0.01828347318632151
2025-02,580.6,6.36406205159053,6.421035361101421,614.6391582769365,-0.05697330951089086,0.026929499072356217,21560.0,-3.6145329734324037,-3.6338056536061614,0.026415464769666126,0.019272680173757717,0.025104239900685672,0.07270720718457968,-3.669361412639829,2.549274409405011,0.054828439207425195,0.026929499072356217,21560.0,-3.6145329734324037,-3.6338056536061614,0.026415464769666126,0.019272680173757717,0.025104239900685672,0.07270720718457968,-3.669361412639829,2.549274409405011,0.054828439207425195,0.9334405144694534,622.0,-0.06887804114864989,-0.07689585917384101,0.9259862815617385,0.008017818025191123,0.9259694542082039,0.008068365783877884,-0.07190110152278181,93.06229284506749,0.003023060374131928,0.026929499072356217,21560.0,-3.6145329734324037,-3.6338056536061614,0.026415464769666126,0.019272680173757717,0.025104239900685672,0.07270720718457968,-3.669361412639829,2.549274409405011,0.054828439207425195,0.004308687876156764,134751.0,-5.447121858303456,-5.457446700592765,0.004264430223168704,0.010324842289309188,0.004035773798555177,0.06762372997696028,-5.4741499707124595,0.4193791881226956,0.02702811240900349,0.0036674878403133095,158310.0,-5.608248363477293,-5.6013969616460475,0.003692701549213035,-0.006851401831245774,0.003533511892579593,0.03791580495740428,-5.6275456518159,0.35973937579930054,0.01929728833860711
2025-03,578.5,6.360438546633731,6.419790885980372,613.8747308901276,-0.05935233934664019,0.026833341064056774,21559.0,-3.6181100951242757,-3.636598016827873,0.026341806086119853,0.018487921703597365,0.0250027033676923,0.07321759049183316,-3.6722782053348344,2.541849538099321,0.05416811021055867,0.026833341064056774,21559.0,-3.6181100951242757,-3.636598016827873,0.026341806086119853,0.018487921703597365,0.0250027033676923,0.07321759049183316,-3.6722782053348344,2.541849538099321,0.05416811021055867,0.9330645161290323,620.0,-0.06928093140540593,-0.07696557176987248,0.9259217309041844,0.007684640364466547,0.9259043174491577,0.007733195045035289,-0.0718953097331079,93.0628318438551,0.0026143783277019633,0.026833341064056774,21559.0,-3.6181100951242757,-3.636598016827873,0.026341806086119853,0.018487921703597365,0.0250027033676923,0.07321759049183316,-3.6722782053348344,2.541849538099321,0.05416811021055867,0.004290970048509843,134818.0,-5.4512424530693915,-5.460336007205727,0.004252126759523026,0.009093554136335946,0.0040186224790981625,0.06777137460117899,-5.476933423230972,0.4182134891517867,0.025690970161580395,0.00365267684070288,158377.0,-5.612294999165695,-5.604051249718093,0.0036829130520298543,-0.008243749447601978,0.0035202337817068444,0.03762337026713553,-5.6302017409563705,0.35878514377349485,0.017906741790675085
2025-04,579.8,6.362683216487555,6.4185464108593235,613.1112542224881,-0.0558631943717689,0.026898631408025977,21555.0,-3.61567987069368,-3.639390380049585,0.02626835279747044,0.023710509355904907,0.02490116683469893,0.08021570180171828,-3.6751949980298395,2.5344462920504913,0.0595151273361596,0.026898631408025977,21555.0,-3.61567987069368,-3.639390380049585,0.02626835279747044,0.023710509355904907,0.02490116683469893,0.08021570180171828,-3.6751949980298395,2.5344462920504913,0.0595151273361596,0.9321543408360128,622.0,-0.07025687625162441,-0.07703528436590396,0.9258571847464674,0.006778408114279544,0.9258391806901115,0.006821011983089783,-0.07188951794343398,93.0633708457645,0.001632641691809572,0.026898631408025977,21555.0,-3.61567987069368,-3.639390380049585,0.02626835279747044,0.023710509355904907,0.02490116683469893,0.08021570180171828,-3.6751949980298395,2.5344462920504913,0.0595151273361596,0.004297456955016788,134917.0,-5.449731837042067,-5.463225313818691,0.004239858793050416,0.013493476776623936,0.004001471159641149,0.07396924370240442,-5.479716875749483,0.4170510303371122,0.029985038707416756,0.0036583903839480076,158485.0,-5.610732014109558,-5.606705537790139,0.0036731505018872965,-0.004026476319418215,0.0035069556708340966,0.043181245310093604,-5.63285783009684,0.3578334429100263,0.022125815987282138
2025-05,576.9,6.357668941262844,6.417301935738275,612.3487270916065,-0.05963299447543058,0.026785216826074845,21538.0,-3.6199051546259824,-3.6421827432712965,0.02619510433098074,0.02227758864531415,0.02479963030170556,0.08006516630341579,-3.678111790724845,2.5270646082740287,0.058206636098862674,0.026785216826074845,21538.0,-3.6199051546259824,-3.6421827432712965,0.02619510433098074,0.02227758864531415,0.02479963030170556,0.08006516630341579,-3.678111790724845,2.5270646082740287,0.058206636098862674,0.933495145631068,618.0,-0.06881951619484705,-0.07710499696193543,0.9257926430882737,0.008285480767088377,0.9257740439310653,0.008340157893406596,-0.07188372615376008,93.06390985079568,0.0030642099589130306,0.026785216826074845,21538.0,-3.6199051546259824,-3.6421827432712965,0.02619510433098074,0.02227758864531415,0.02479963030170556,0.08006516630341579,-3.678111790724845,2.5270646082740287,0.058206636098862674,0.004275328486627093,134937.0,-5.454894340568279,-5.466114620431654,0.004227626221336684,0.011220279863374927,0.003984319840184135,0.07303847535229727,-5.482500328267996,0.4158918026723903,0.027605987699717005,0.0036397935620638743,158498.0,-5.615828312660487,-5.609359825862185,0.003663413830005762,-0.006468486798302031,0.003493677559961348,0.041822978679275424,-5.63551391923731,0.3568842664948218,0.0196856065768225
2025-06,574.5,6.35350009728881,6.416057460617226,611.5871483165434,-0.06255736332841533,0.02669733723686045,21519.0,-3.6231914475057336,-3.644975106493008,0.02612206011551069,0.02178365898727419,0.02469809376871219,0.08094727823411717,-3.6810285834198506,2.519704423968889,0.05783713591411699,0.02669733723686045,21519.0,-3.6231914475057336,-3.644975106493008,0.02612206011551069,0.02178365898727419,0.02469809376871219,0.08094727823411717,-3.6810285834198506,2.519704423968889,0.05783713591411699,0.9326298701298701,616.0,-0.06974686624470945,-0.07717470955796689,0.9257281059292898,0.007427843313257437,0.9257089071720193,0.007476392313209908,-0.07187793436408617,93.06444885894867,0.0021310681193767167,0.02669733723686045,21519.0,-3.6231914475057336,-3.644975106493008,0.02612206011551069,0.02178365898727419,0.02469809376871219,0.08094727823411717,-3.6810285834198506,2.519704423968889,0.05783713591411699,0.004258962725736145,134892.0,-5.458729639960987,-5.469003927044616,0.004215428942263121,0.010274287083628764,0.003967168520727121,0.07355225861581044,-5.485283780786507,0.4147357971763745,0.0265541408255201,0.003625108847915799,158478.0,-5.619870964115046,-5.61201411393423,0.003653702967787973,-0.007856850180815833,0.003480399449088599,0.04157838803965286,-5.638170008377779,0.35593760783161943,0.018299044262732878
2025-07,570.2,6.345987176478571,6.414812985496177,610.8265167178276,-0.06882580901760527,0.026525865277260887,21496.0,-3.6296349738167555,-3.6477674697147195,0.026049219581512795,0.018132495897964063,0.024596557235718818,0.0784381335588036,-3.6839453761148557,2.512365676516939,0.05431040229810025,0.026525865277260887,21496.0,-3.6296349738167555,-3.6477674697147195,0.026049219581512795,0.018132495897964063,0.024596557235718818,0.0784381335588036,-3.6839453761148557,2.512365676516939,0.05431040229810025,0.9347540983606558,610.0,-0.06747178068878523,-0.07724442215399836,0.9256635732692019,0.00977264146521313,0.9256437704129731,0.009842153362754437,-0.07187214257441225,93.0649878702235,0.004400361885627022,0.026525865277260887,21496.0,-3.6296349738167555,-3.6477674697147195,0.026049219581512795,0.018132495897964063,0.024596557235718818,0.0784381335588036,-3.6839453761148557,2.512365676516939,0.05431040229810025,0.004225049460198434,134957.0,-5.466724311685678,-5.471893233657579,0.004203266854005631,0.005168921971900886,0.0039500172012701075,0.0696281167686792,-5.48806723330502,0.41358300489278105,0.02134292161934148,0.003596523318742037,158542.0,-5.6277876449459106,-5.614668402006276,0.0036440178468184776,-0.01311924293963429,0.0034671213382158513,0.037322599327537474,-5.640826097518249,0.35499346024191797,0.013038452572338599
2025-08,567.8,6.341769244038871,6.413568510375128,610.066831117455,-0.07179926633625655,0.026457294627463768,21461.0,-3.632223369382611,-3.6505598329364313,0.02597658216102775,0.018336463553820348,0.024495020702725447,0.0801090943564701,-3.6868621688098613,2.5050483034824196,0.05463879942725036,0.026457294627463768,21461.0,-3.632223369382611,-3.6505598329364313,0.02597658216102775,0.018336463553820348,0.024495020702725447,0.0801090943564701,-3.6868621688098613,2.5050483034824196,0.05463879942725036,0.9354200988467875,607.0,-0.06675954702062747,-0.07731413475002984,0.9255990451076965,0.010554587729402362,0.9255786336539269,0.010632770501636569,-0.07186635078473835,93.06552688462017,0.005106803764110879,0.026457294627463768,21461.0,-3.632223369382611,-3.6505598329364313,0.02597658216102775,0.018336463553820348,0.024495020702725447,0.0801090943564701,-3.6868621688098613,2.5050483034824196,0.05463879942725036,0.004207889607742872,134937.0,-5.470794037792252,-5.474782540270542,0.004191139855033907,0.003988502478290634,0.003932865881813093,0.06992959693885879,-5.490850685823531,0.41243341689022217,0.0200566480312796,0.003582967338078651,158472.0,-5.631563956503646,-5.617322690078322,0.0036343583988631876,-0.01424126642532375,0.0034538432273431025,0.03738563166773441,-5.643482186658718,0.3540518170649329,0.011918230155072429
2025-09,566.1,6.338770741042614,6.412324035254079,609.3080903388862,-0.0735532942114645,0.02636456780923994,21472.0,-3.635734298728794,-3.653352196158143,0.025904147287679997,0.01761789742934905,0.024393484169732076,0.08080369437153326,-3.689778961504867,2.497752242611423,0.054044662776072894,0.02636456780923994,21472.0,-3.635734298728794,-3.653352196158143,0.025904147287679997,0.01761789742934905,0.024393484169732076,0.08080369437153326,-3.689778961504867,2.497752242611423,0.054044662776072894,0.935702479338843,605.0,-0.06645771698822722,-0.0773838473460613,0.92553452144446,0.010926130357834074,0.9255134968948807,0.01100900470727498,-0.07186055899506444,93.06606590213872,0.005402842006837216,0.02636456780923994,21472.0,-3.635734298728794,-3.653352196158143,0.025904147287679997,0.01761789742934905,0.024393484169732076,0.08080369437153326,-3.689778961504867,2.497752242611423,0.054044662776072894,0.004193178030443317,135005.0,-5.4742963527291355,-5.477671846883505,0.004179047844110571,0.0033754941543691075,0.003915714562356079,0.0708589616706608,-5.493634138342044,0.41128702426213426,0.01933778561290822,0.0035705275374019224,158548.0,-5.6350419245270675,-5.619976978150367,0.003624724555868887,-0.015064946376700306,0.0034405651164703547,0.03777356815873756,-5.6461382757991885,0.35311267165754623,0.011096351272120941
2025-10,567.3,6.340888264332522,6.411079560133031,608.550293207046,-0.07019129580050887,0.02644508670520231,21452.0,-3.6326848957702946,-3.6561445593798547,0.02583191439667327,0.02345966360956009,0.024291947636738705,0.08863591757489366,-3.692695754199872,2.4904774318313576,0.06001085842957732,0.02644508670520231,21452.0,-3.6326848957702946,-3.6561445593798547,0.02583191439667327,0.02345966360956009,0.024291947636738705,0.08863591757489366,-3.692695754199872,2.4904774318313576,0.06001085842957732,0.9361386138613861,606.0,-0.065991721736793,-0.07745355994209277,0.9254700022791787,0.011461838205299765,0.9254483601358345,0.011551431917803024,-0.07185476720539052,93.06660492277915,0.005863045468597519,0.02644508670520231,21452.0,-3.6326848957702946,-3.6561445593798547,0.02583191439667327,0.02345966360956009,0.024291947636738705,0.08863591757489366,-3.692695754199872,2.4904774318313576,0.06001085842957732,0.004201662000622139,135018.0,-5.47227511753328,-5.480561153496468,0.0041669907202903185,0.008286035963187999,0.0038985632428990653,0.07774627185416182,-5.496417590860556,0.4101438181267114,0.02414247332727637,0.0035812585222968533,158408.0,-5.632040997805109,-5.622631266222413,0.003615116249962744,-0.009409731582695535,0.003427287005597606,0.044925189062886714,-5.648794364939658,0.3521760173942628,0.016753367134549002
2025-11,566.6,6.339653587396416,6.409835085011982,607.7934385483188,-0.07018149761556547,0.026381710667225406,21477.0,-3.6350842866678783,-3.6589369226015664,0.025759882924786245,0.023852635933688138,0.024190411103745334,0.09058546190398556,-3.6956125468948775,2.4832238092504184,0.0605282602269992,0.026381710667225406,21477.0,-3.6350842866678783,-3.6589369226015664,0.025759882924786245,0.023852635933688138,0.024190411103745334,0.09058546190398556,-3.6956125468948775,2.4832238092504184,0.0605282602269992,0.9365289256198347,605.0,-0.0655748706344253,-0.07752327253812424,0.9254054876115392,0.011948401903698946,0.9253832233767885,0.012044417881680173,-0.07184897541571661,93.06714394654149,0.006274104781291312,0.026381710667225406,21477.0,-3.6350842866678783,-3.6589369226015664,0.025759882924786245,0.023852635933688138,0.024190411103745334,0.09058546190398556,-3.6956125468948775,2.4832238092504184,0.0605282602269992,0.004194240876452735,135090.0,-5.474042914567311,-5.48345046010943,0.004154968382919097,0.009407545542119422,0.0038814119234420515,0.08059668985951526,-5.499201043379068,0.4090037896268353,0.025158128811757052,0.003575914016497422,158449.0,-5.6335344665635745,-5.625285554294459,0.0036055334134518506,-0.008248912269115394,0.003414008894724858,0.04742375511169019,-5.651450454080128,0.35124184766716066,0.017915987516553322
2025-12,566.3,6.339123973119759,6.408590609890933,607.0375251905505,-0.06946663677117382,0.026393549589858314,21456.0,-3.6346356324017006,-3.6617292858232777,0.025688052310368116,0.027093653421577102,0.024088874570751963,0.09567383533577874,-3.698529339589883,2.4759913131570643,0.06389370718818244,0.026393549589858314,21456.0,-3.6346356324017006,-3.6617292858232777,0.025688052310368116,0.027093653421577102,0.024088874570751963,0.09567383533577874,-3.698529339589883,2.4759913131570643,0.06389370718818244,0.9375827814569536,604.0,-0.06445022481505566,-0.07759298513415572,0.9253409774412279,0.013142760319100055,0.9253180866177423,0.013254571607955604,-0.0718431836260427,93.06768297342573,0.0073929588109870326,0.026393549589858314,21456.0,-3.6346356324017006,-3.6617292858232777,0.025688052310368116,0.027093653421577102,0.024088874570751963,0.09567383533577874,-3.698529339589883,2.4759913131570643,0.06389370718818244,0.004192237365175484,135083.0,-5.474520710194424,-5.486339766722393,0.004142980731633244,0.011819056527968996,0.0038642606039850378,0.08487438990326344,-5.50198449589758,0.40786692993000573,0.027463785703155885,0.0035744041607756005,158432.0,-5.6339567850413905,-5.627939842366505,0.003595975978822735,-0.006016942674885506,0.0034007307838521093,0.05106942829704566,-5.654106543220597,0.35031015588584713,0.0201497581792065
2026-01,565.0,6.336825731146441,6.407346134769884,606.2825519630437,-0.07052040362344236,0.02627784754197479,21501.0,-3.639028993515588,-3.6645216490449894,0.0256164219933342,0.025492655529401276,0.023987338037758592,0.09548827388060721,-3.701446132284888,2.468779882019495,0.062417138769299996,0.02627784754197479,21501.0,-3.639028993515588,-3.6645216490449894,0.0256164219933342,0.025492655529401276,0.023987338037758592,0.09548827388060721,-3.701446132284888,2.468779882019495,0.062417138769299996,0.9385382059800664,602.0,-0.06343171416238011,-0.07766269773018719,0.9252764717679313,0.014230983567807082,0.9252529498586961,0.014358512581234396,-0.0718373918363688,93.06822200343193,0.008405677673988685,0.02627784754197479,21501.0,-3.639028993515588,-3.6645216490449894,0.0256164219933342,0.025492655529401276,0.023987338037758592,0.09548827388060721,-3.701446132284888,2.468779882019495,0.062417138769299996,0.004177047677487561,135263.0,-5.478150579242665,-5.489229073335356,0.0041310276663586686,0.011078494092691571,0.003847109284528023,0.0857626775216541,-5.504767948416092,0.4067332302282744,0.02661736917342683,0.003562600887812752,158592.0,-5.637264414402319,-5.630594130438551,0.0035864438787408877,-0.006670283963767787,0.0033874526729793606,0.05170499243590721,-5.656762632361067,0.34938093547740967,0.0194982179587484
2026-02,564.7,6.336294616678791,6.406101659648835,605.5285176965577,-0.06980704297004348,0.02628957169459963,21480.0,-3.63858293194401,-3.667314012266701,0.025544991415161616,0.028731080322691227,0.02388580150476522,0.1006359443016746,-3.7043629249798937,2.461589454485117,0.06577999303588378,0.02628957169459963,21480.0,-3.63858293194401,-3.667314012266701,0.025544991415161616,0.028731080322691227,0.02388580150476522,0.1006359443016746,-3.7043629249798937,2.461589454485117,0.06577999303588378,0.9396006655574044,601.0,-0.06230031785641649,-0.07773241032621865,0.9252119705913359,0.015432092469802164,0.9251878130996499,0.01557829908012645,-0.07183160004669488,93.06876103656008,0.009531282190278392,0.02628957169459963,21480.0,-3.63858293194401,-3.667314012266701,0.025544991415161616,0.028731080322691227,0.02388580150476522,0.1006359443016746,-3.7043629249798937,2.461589454485117,0.06577999303588378,0.00417940273100692,135115.0,-5.477586929973756,-5.492118379948319,0.004119109087310009,0.01453144997456235,0.0038299579650710094,0.09123984365437601,-5.507551400934604,0.40560268173817426,0.029964470960847756,0.0035642152036153402,158436.0,-5.63681138858841,-5.633248418510596,0.0035769370460502904,-0.0035629700778141427,0.0033741745621066127,0.056322113160049016,-5.659418721501536,0.34845417988637206,0.02260733291312622
2026-03,565.6,6.337887114582363,6.404857184527787,604.7754212233061,-0.0669700699454232,0.026291079812206575,21513.0,-3.6385255679683213,-3.670106375488413,0.025473760018884902,0.031580807520091625,0.02378426497177185,0.1053980370387698,-3.7072797176748993,2.4544199693800355,0.068754149706578,0.026291079812206575,21513.0,-3.6385255679683213,-3.670106375488413,0.025473760018884902,0.031580807520091625,0.02378426497177185,0.1053980370387698,-3.7072797176748993,2.4544199693800355,0.068754149706578,0.9379767827529022,603.0,-0.0640300821448224,-0.07780212292225012,0.9251474739111282,0.013772040777427719,0.9251226763406037,0.013894488526801536,-0.07182580825702096,93.06930007281021,0.007795726112198559,0.026291079812206575,21513.0,-3.6385255679683213,-3.670106375488413,0.025473760018884902,0.031580807520091625,0.02378426497177185,0.1053980370387698,-3.7072797176748993,2.4544199693800355,0.068754149706578,0.00418018550681793,135305.0,-5.477399653808704,-5.495007686561282,0.004107224894989785,0.017608032752577607,0.0038128066456139956,0.09635391860915452,-5.5103348534531165,0.4044752757006536,0.03293519964441227,0.0035657321540023077,158621.0,-5.636385873410312,-5.635902706582642,0.0035674554137729297,-0.0004831668276699119,0.003360896451233864,0.06094674612579739,-5.662074810642006,0.34752988257464595,0.025688937231693743
2026-04,568.1,6.342297459563081,6.403612709406738,604.0232613769534,-0.06131524984365644,0.02639501928169865,21523.0,-3.634579950201098,-3.672898738710124,0.025402727249091688,0.03831878850902637,0.02368272843877848,0.1145261134050341,-3.7101965103699044,2.4472713657085263,0.07561656016880658,0.02639501928169865,21523.0,-3.634579950201098,-3.672898738710124,0.025402727249091688,0.03831878850902637,0.02368272843877848,0.1145261134050341,-3.7101965103699044,2.4472713657085263,0.07561656016880658,0.9374587458745876,606.0,-0.06458252650623315,-0.0778718355182816,0.9250829817269948,0.013289309012048445,0.9250575395815577,0.013405875594116516,-0.07182001646734706,93.06983911218232,0.00723748996111391,0.02639501928169865,21523.0,-3.634579950201098,-3.672898738710124,0.025402727249091688,0.03831878850902637,0.02368272843877848,0.1145261134050341,-3.7101965103699044,2.4472713657085263,0.07561656016880658,0.004194848923413179,135428.0,-5.47389795320058,-5.497896993174245,0.004095374990187592,0.02399903997366515,0.003795655326156982,0.10517119257516261,-5.513118305971628,0.40335100338100716,0.039220352771048184,0.003578898296542687,158736.0,-5.632700264326602,-5.638556994654688,0.0035579989151083465,0.005856730328085646,0.003347618340361116,0.0690879104684981,-5.664730899782476,0.34660803702148574,0.03203063545587348
