# Industry: Foundation, structure, and building exterior contractors
# Series ID: CES2023810001
# Parent series: Specialty trade contractors (CES2023800001)
# Generated: 2026-09-04
# Denominator options:
#   opt1: Level 4 parent (default) = Specialty trade contractors
#   opt2: Level 3 parent = Goods-producing
#   opt3: Level 2 parent = Construction
#   opt4: Goods/Service-providing total = Goods-producing
#   opt5: Total private / Total government = Total private
#   opt6: Total nonfarm = Total nonfarm
date,employment_level,log_level,trend_log_level,predicted_level,resid_log_level,share_opt1,denom_employment_opt1,log_share_opt1,trend_log_share_opt1,predicted_share_opt1,resid_log_share_opt1,trend_raw_share_opt1,resid_raw_pct_dev_opt1,hp_cf_log_share_opt1,predicted_share_hp_opt1,resid_log_share_hp_opt1,share_opt2,denom_employment_opt2,log_share_opt2,trend_log_share_opt2,predicted_share_opt2,resid_log_share_opt2,trend_raw_share_opt2,resid_raw_pct_dev_opt2,hp_cf_log_share_opt2,predicted_share_hp_opt2,resid_log_share_hp_opt2,share_opt3,denom_employment_opt3,log_share_opt3,trend_log_share_opt3,predicted_share_opt3,resid_log_share_opt3,trend_raw_share_opt3,resid_raw_pct_dev_opt3,hp_cf_log_share_opt3,predicted_share_hp_opt3,resid_log_share_hp_opt3,share_opt4,denom_employment_opt4,log_share_opt4,trend_log_share_opt4,predicted_share_opt4,resid_log_share_opt4,trend_raw_share_opt4,resid_raw_pct_dev_opt4,hp_cf_log_share_opt4,predicted_share_hp_opt4,resid_log_share_hp_opt4,share_opt5,denom_employment_opt5,log_share_opt5,trend_log_share_opt5,predicted_share_opt5,resid_log_share_opt5,trend_raw_share_opt5,resid_raw_pct_dev_opt5,hp_cf_log_share_opt5,predicted_share_hp_opt5,resid_log_share_hp_opt5,share_opt6,denom_employment_opt6,log_share_opt6,trend_log_share_opt6,predicted_share_opt6,resid_log_share_opt6,trend_raw_share_opt6,resid_raw_pct_dev_opt6,hp_cf_log_share_opt6,predicted_share_hp_opt6,resid_log_share_hp_opt6
2000-01,918.7,6.822959627277421,,,,0.2194801471642219,4185.8,-1.5164934962784566,,,,,,,,,0.037301555077347844,24629.0,-3.2887202621197047,,,,,,,,,0.13606338862559242,6752.0,-1.9946344089983723,,,,,,,,,0.037301555077347844,24629.0,-3.2887202621197047,,,,,,,,,0.008318544005795002,110440.0,-4.78926803876667,,,,,,,,,0.007012388272740457,131011.0,-4.960076940846278,,,,,,,,
2000-02,912.9,6.816626345571035,,,,0.2189208633093525,4170.0,-1.519044969221812,,,,,,,,,0.037097691807542264,24608.0,-3.2942005267343353,,,,,,,,,0.13564635958395244,6730.0,-1.9977040770677386,,,,,,,,,0.037097691807542264,24608.0,-3.2942005267343353,,,,,,,,,0.008259968693732413,110521.0,-4.796334481561468,,,,,,,,,0.006962324588163514,131120.0,-4.967241867846676,,,,,,,,
2000-03,919.0,6.823286122355687,,,,0.2176281140475514,4222.8,-1.5249675717598528,,,,,,,,,0.037197441916943255,24706.0,-3.291515285741072,,,,,,,,,0.1349287916605491,6811.0,-2.0030081088856315,,,,,,,,,0.037197441916943255,24706.0,-3.291515285741072,,,,,,,,,0.008288912339565802,110871.0,-4.792836519942506,,,,,,,,,0.006983070423391386,131604.0,-4.964266570192522,,,,,,,,
2000-04,919.9,6.824264968483112,,,,0.21820295080411783,4215.8,-1.5223296822826828,,,,,,,,,0.03725950828304103,24689.0,-3.289848110808254,,,,,,,,,0.1353988813659111,6794.0,-1.9995301802374177,,,,,,,,,0.03725950828304103,24689.0,-3.289848110808254,,,,,,,,,0.008281269692659476,111082.0,-4.793758977816947,,,,,,,,,0.0069750690000303294,131884.0,-4.965413058846171,,,,,,,,
2000-05,920.0,6.824373670043086,,,,0.21911022196818136,4198.8,-1.5181803791185569,,,,,,,,,0.03732857258784387,24646.0,-3.2879962244549823,,,,,,,,,0.1358936484490399,6770.0,-1.9958826958632345,,,,,,,,,0.03732857258784387,24646.0,-3.2879962244549823,,,,,,,,,0.00829142558445538,110958.0,-4.792533360269846,,,,,,,,,0.006964157299118126,132105.0,-4.9669786698645835,,,,,,,,
2000-06,918.8,6.823068470814943,,,,0.2185277678677607,4204.5,-1.5208421884580097,,,,,,,,,0.03724361572760437,24670.0,-3.2902747387084594,,,,,,,,,0.13555621127176157,6778.0,-1.9983688813520535,,,,,,,,,0.03724361572760437,24670.0,-3.2902747387084594,,,,,,,,,0.008264373605814205,111176.0,-4.795801339351475,,,,,,,,,0.006957285537962941,132063.0,-4.967965889622436,,,,,,,,
2000-07,922.1,6.826653677545096,,,,0.2188026481266165,4214.3,-1.5195851055522653,,,,,,,,,0.03730630739976534,24717.0,-3.288592867438604,,,,,,,,,0.13572269649690905,6794.0,-1.9971414711754336,,,,,,,,,0.03730630739976534,24717.0,-3.288592867438604,,,,,,,,,0.008280277655552662,111361.0,-4.7938787778678895,,,,,,,,,0.0069735608191910945,132228.0,-4.965629306730682,,,,,,,,
2000-08,920.8,6.825242857407673,,,,0.21813702264758836,4221.2,-1.5226318693892622,,,,,,,,,0.03730502775189402,24683.0,-3.288627169140051,,,,,,,,,0.13549146556798117,6796.0,-1.9988466253841497,,,,,,,,,0.03730502775189402,24683.0,-3.288627169140051,,,,,,,,,0.008265931757587726,111397.0,-4.795612818722983,,,,,,,,,0.006963413343013143,132234.0,-4.967085502007073,,,,,,,,
2000-09,925.3,6.830118009254985,,,,0.2184991026730896,4234.8,-1.5209733712142401,,,,,,,,,0.037551235745302544,24641.0,-3.282048991984531,,,,,,,,,0.13593359776700456,6807.0,-1.9955887641929668,,,,,,,,,0.037551235745302544,24641.0,-3.282048991984531,,,,,,,,,0.00829107005250802,111602.0,-4.792576240660734,,,,,,,,,0.00699199770283443,132337.0,-4.962988969170943,,,,,,,,
2000-10,926.4,6.83130610681873,,,,0.2183515214368209,4242.7,-1.5216490311938218,,,,,,,,,0.03760045458235246,24638.0,-3.2807391387031886,,,,,,,,,0.13595538597006163,6814.0,-1.9954284914021811,,,,,,,,,0.03760045458235246,24638.0,-3.2807391387031886,,,,,,,,,0.008300405881246135,111609.0,-4.791450864020261,,,,,,,,,0.006999516441005803,132352.0,-4.961914212169261,,,,,,,,
2000-11,923.9,6.828603840676699,,,,0.21716340729597594,4254.4,-1.5271051798120558,,,,,,,,,0.03752030539311241,24624.0,-3.282873015401961,,,,,,,,,0.1355288249963327,6817.0,-1.9985709306860857,,,,,,,,,0.03752030539311241,24624.0,-3.282873015401961,,,,,,,,,0.008264159719489069,111796.0,-4.795827220211069,,,,,,,,,0.006969884426204774,132556.0,-4.966156635953383,,,,,,,,
2000-12,908.2,6.811464618663851,,,,0.21401135801305465,4243.7,-1.5417261905413462,,,,,,,,,0.03695776023439408,24574.0,-3.2979796337636658,,,,,,,,,0.13371613663133097,6792.0,-2.0120361093273327,,,,,,,,,0.03695776023439408,24574.0,-3.2979796337636658,,,,,,,,,0.008115304882407606,111912.0,-4.814003508492416,,,,,,,,,0.006843183941649839,132716.0,-4.984502167108564,,,,,,,,
2001-01,931.4,6.836688830548277,,,,0.21744916302850603,4283.3,-1.5257901889755314,,,,,,,,,0.037962094966374565,24535.0,-3.271167117975727,,,,,,,,,0.13648886283704573,6824.0,-1.991512258623238,,,,,,,,,0.037962094966374565,24535.0,-3.271167117975727,,,,,,,,,0.00832588407766296,111868.0,-4.788386053238904,,,,,,,,,0.007018680813546039,132703.0,-4.959179996901558,,,,,,,,
2001-02,928.9,6.834001090393475,,,,0.2163099923153948,4294.3,-1.5310427505326172,,,,,,,,,0.03794836179426424,24478.0,-3.2715289435488084,,,,,,,,,0.13578424206987283,6841.0,-1.9966881083675228,,,,,,,,,0.03794836179426424,24478.0,-3.2715289435488084,,,,,,,,,0.008302497273913587,111882.0,-4.7911989330586735,,,,,,,,,0.0069953610265987886,132788.0,-4.962508060102371,,,,,,,,
2001-03,933.3,6.838726692571701,,,,0.21630203022156297,4314.8,-1.531079559929573,,,,,,,,,0.03823433019254404,24410.0,-3.2640214708153046,,,,,,,,,0.13600990964733314,6862.0,-1.995027530846694,,,,,,,,,0.03823433019254404,24410.0,-3.2640214708153046,,,,,,,,,0.008347494767722662,111806.0,-4.785793812954369,,,,,,,,,0.007030455514459401,132751.0,-4.957503779460797,,,,,,,,
2001-04,927.5,6.83249279448159,,,,0.21549721189591078,4304.0,-1.5348073073600301,,,,,,,,,0.03823953823953824,24255.0,-3.2638852661977267,,,,,,,,,0.13552016364699007,6844.0,-1.998634840530494,,,,,,,,,0.03823953823953824,24255.0,-3.2638852661977267,,,,,,,,,0.008320922972027345,111466.0,-4.7889820961638545,,,,,,,,,0.007002219571486811,132458.0,-4.96152809854561,,,,,,,,
2001-05,922.1,6.826653677545096,,,,0.2141380831843199,4306.1,-1.5411342235187502,,,,,,,,,0.03823285512894933,24118.0,-3.264060051118442,,,,,,,,,0.134632793108483,6849.0,-2.0052042576528097,,,,,,,,,0.03823285512894933,24118.0,-3.264060051118442,,,,,,,,,0.008278939476921144,111379.0,-4.794040401285678,,,,,,,,,0.0069640807201981755,132408.0,-4.966989666075281,,,,,,,,
2001-06,929.1,6.834216375647267,,,,0.21609992091919805,4299.4,-1.5320143814147684,,,,,,,,,0.038772273922296874,23963.0,-3.2500498774253015,,,,,,,,,0.13583333333333333,6840.0,-1.9963266349693294,,,,,,,,,0.038772273922296874,23963.0,-3.2500498774253015,,,,,,,,,0.008357996815487167,111163.0,-4.784536495970225,,,,,,,,,0.007022675736961451,132300.0,-4.95861097445578,,,,,,,,
2001-07,925.8,6.83065822859717,,,,0.21567850902737332,4292.5,-1.5339663641744605,,,,,,,,,0.03884040946467528,23836.0,-3.2482940932696995,,,,,,,,,0.13525200876552226,6845.0,-2.0006155091253794,,,,,,,,,0.03884040946467528,23836.0,-3.2482940932696995,,,,,,,,,0.008341517475019596,110987.0,-4.786510127721439,,,,,,,,,0.0070045092757921494,132172.0,-4.961201155067129,,,,,,,,
2001-08,929.1,6.834216375647267,,,,0.21687675070028012,4284.0,-1.5284260559203726,,,,,,,,,0.039255534899442286,23668.0,-3.237662828149318,,,,,,,,,0.1360919876959133,6827.0,-1.9944242417710134,,,,,,,,,0.039255534899442286,23668.0,-3.237662828149318,,,,,,,,,0.008385152026569679,110803.0,-4.781292753093784,,,,,,,,,0.0070375167586974804,132021.0,-4.956499904176716,,,,,,,,
2001-09,925.9,6.830766237454001,,,,0.21666081666081666,4273.5,-1.5294222051520714,,,,,,,,,0.03934140641597621,23535.0,-3.2354777163812414,,,,,,,,,0.1359019521503009,6813.0,-1.9958215933196668,,,,,,,,,0.03934140641597621,23535.0,-3.2354777163812414,,,,,,,,,0.008377593398539643,110521.0,-4.782194589678501,,,,,,,,,0.007027010617548173,131763.0,-4.957993895808628,,,,,,,,
2001-10,921.4,6.825894252501817,,,,0.21604258013083544,4264.9,-1.5322797604902345,,,,,,,,,0.03941143761495359,23379.0,-3.233699210009854,,,,,,,,,0.13542034097589653,6804.0,-1.9993717010139358,,,,,,,,,0.03941143761495359,23379.0,-3.233699210009854,,,,,,,,,0.008362906958802653,110177.0,-4.783949189982115,,,,,,,,,0.007009402671697654,131452.0,-4.960502792451077,,,,,,,,
2001-11,922.8,6.827412526299598,,,,0.21727767182312635,4247.1,-1.5265791497689627,,,,,,,,,0.03976043776121332,23209.0,-3.224882887163496,,,,,,,,,0.1360259433962264,6784.0,-1.9949096511721405,,,,,,,,,0.03976043776121332,23209.0,-3.224882887163496,,,,,,,,,0.008402994044692127,109818.0,-4.779167202748418,,,,,,,,,0.007036539986579637,131144.0,-4.956638708806694,,,,,,,,
2001-12,924.8,6.829577497918113,,,,0.2178101227066111,4245.9,-1.5241315924897898,,,,,,,,,0.04004503334199359,23094.0,-3.217750624593688,,,,,,,,,0.13630066322770817,6785.0,-1.9928920743508565,,,,,,,,,0.04004503334199359,23094.0,-3.217750624593688,,,,,,,,,0.008435801072718649,109628.0,-4.775270597402453,,,,,,,,,0.0070604582274035555,130983.0,-4.953245324851825,,,,,,,,
2002-01,924.2,6.8289284984361664,,,,0.21796141691429652,4240.2,-1.5234372184886975,,,,,,,,,0.04024735443975091,22963.0,-3.212711005482704,,,,,,,,,0.13641328413284134,6775.0,-1.9920661473117356,,,,,,,,,0.04024735443975091,22963.0,-3.212711005482704,,,,,,,,,0.008441570303794232,109482.0,-4.7745869327284245,,,,,,,,,0.007062563522570095,130859.0,-4.952947188203819,,,,,,,,
2002-02,922.5,6.827087375914682,,,,0.21795629060838748,4232.5,-1.5234607380926082,,,,,,,,,0.040319055944055944,22880.0,-3.210931069579052,,,,,,,,,0.1363434821164647,6766.0,-1.9925779734259714,,,,,,,,,0.040319055944055944,22880.0,-3.210931069579052,,,,,,,,,0.00843644544431946,109347.0,-4.7751942149716395,,,,,,,,,0.00705615089836848,130737.0,-4.953855574683123,,,,,,,,
2002-03,920.0,6.824373670043086,,,,0.21744268494445756,4231.0,-1.5258199806769814,,,,,,,,,0.040373897397639004,22787.0,-3.20957180684902,,,,,,,,,0.13619541080680977,6755.0,-1.9936645803512132,,,,,,,,,0.040373897397639004,22787.0,-3.20957180684902,,,,,,,,,0.008417893513647053,109291.0,-4.777395658553748,,,,,,,,,0.0070378360184207706,130722.0,-4.956454539811303,,,,,,,,
2002-04,916.4,6.82045295057934,,,,0.21792585194168984,4205.1,-1.5236004027577814,,,,,,,,,0.04038961611353519,22689.0,-3.2091825539447987,,,,,,,,,0.13657228017883755,6710.0,-1.9909012793863872,,,,,,,,,0.04038961611353519,22689.0,-3.2091825539447987,,,,,,,,,0.008394016835664495,109173.0,-4.780236108394349,,,,,,,,,0.007015985790408526,130616.0,-4.9595640492266595,,,,,,,,
2002-05,908.0,6.811244378601294,,,,0.2167478277475413,4189.2,-1.5290206852976973,,,,,,,,,0.040166327523666286,22606.0,-3.214726258149383,,,,,,,,,0.13584679832435667,6684.0,-1.996227511113991,,,,,,,,,0.040166327523666286,22606.0,-3.214726258149383,,,,,,,,,0.008321266885390128,109118.0,-4.78894076586228,,,,,,,,,0.0069508236879172024,130632.0,-4.968895110180853,,,,,,,,
2002-06,907.2,6.810362932973487,,,,0.21603600600100017,4199.3,-1.5323101907408732,,,,,,,,,0.04018248660140852,22577.0,-3.214324034964485,,,,,,,,,0.1353827786897478,6701.0,-1.9996491149996831,,,,,,,,,0.04018248660140852,22577.0,-3.214324034964485,,,,,,,,,0.008313402061855671,109125.0,-4.789886360168415,,,,,,,,,0.006942467514578264,130674.0,-4.970098018005176,,,,,,,,
2002-07,907.3,6.810473156175584,,,,0.21637412954306973,4193.2,-1.5307462884028344,,,,,,,,,0.040286843390613204,22521.0,-3.211730330065529,,,,,,,,,0.1356608851674641,6688.0,-1.9975969985889543,,,,,,,,,0.040286843390613204,22521.0,-3.211730330065529,,,,,,,,,0.008320799706529713,109040.0,-4.788996910194831,,,,,,,,,0.00694801813392146,130584.0,-4.969298820658288,,,,,,,,
2002-08,915.5,6.819470364114565,,,,0.21787244169443123,4202.0,-1.5238455172903802,,,,,,,,,0.04078314326443336,22448.0,-3.1994864382276766,,,,,,,,,0.13662139979107596,6701.0,-1.9905416838586054,,,,,,,,,0.04078314326443336,22448.0,-3.1994864382276766,,,,,,,,,0.008399699060481504,108992.0,-4.779559399907795,,,,,,,,,0.007010974031444085,130581.0,-4.960278638737339,,,,,,,,
2002-09,921.0,6.825460036255307,,,,0.21895727836816203,4206.3,-1.5188786441398887,,,,,,,,,0.04112341489551705,22396.0,-3.191177614213477,,,,,,,,,0.13742166517457474,6702.0,-1.984701232041949,,,,,,,,,0.04112341489551705,22396.0,-3.191177614213477,,,,,,,,,0.008452953485810787,108956.0,-4.773239373734647,,,,,,,,,0.007057363105546275,130502.0,-4.95368379504264,,,,,,,,
2002-10,927.1,6.832061434612937,,,,0.2208643034114732,4197.6,-1.5102067777595654,,,,,,,,,0.041531156206603054,22323.0,-3.181311381452434,,,,,,,,,0.13860068769621767,6689.0,-1.9761582305054715,,,,,,,,,0.041531156206603054,22323.0,-3.181311381452434,,,,,,,,,0.008500981129307342,109058.0,-4.7675736951697125,,,,,,,,,0.007097850968863165,130617.0,-4.947963221193645,,,,,,,,
2002-11,929.3,6.834431614563294,,,,0.2206262909237672,4212.1,-1.5112850000991516,,,,,,,,,0.04170631002602998,22282.0,-3.177102842055968,,,,,,,,,0.13843289140473708,6713.0,-1.9773696093754578,,,,,,,,,0.04170631002602998,22282.0,-3.177102842055968,,,,,,,,,0.008522951345898106,109035.0,-4.764992596023552,,,,,,,,,0.00711474857597844,130616.0,-4.9455853852427065,,,,,,,,
2002-12,931.6,6.836903538010186,,,,0.221062123297423,4214.2,-1.5093115160725212,,,,,,,,,0.04198665945556156,22188.0,-3.1704033431649394,,,,,,,,,0.139044776119403,6700.0,-1.9729592673688714,,,,,,,,,0.04198665945556156,22188.0,-3.1704033431649394,,,,,,,,,0.008556444428116131,108877.0,-4.761070545665909,,,,,,,,,0.007140612424788258,130465.0,-4.941956732529136,,,,,,,,
2003-01,930.1,6.835292107248422,,,,0.22059102551940046,4216.4,-1.5114448551326127,,,,,,,,,0.041998555043800234,22146.0,-3.170120065009632,,,,,,,,,0.13873806682577566,6704.0,-1.9751675349134976,,,,,,,,,0.041998555043800234,22146.0,-3.170120065009632,,,,,,,,,0.00853717862814029,108947.0,-4.76332469717846,,,,,,,,,0.0071232184295375,130573.0,-4.9443956290710736,,,,,,,,
2003-02,922.3,6.826870550241673,,,,0.2199880739415623,4192.5,-1.5141819434556907,,,,,,,,,0.04188084642630097,22022.0,-3.1729266824318634,,,,,,,,,0.1383380830958452,6667.0,-1.978054712376387,,,,,,,,,0.04188084642630097,22022.0,-3.1729266824318634,,,,,,,,,0.008475697731053052,108817.0,-4.770552300956546,,,,,,,,,0.007070629633320812,130441.0,-4.951805745992208,,,,,,,,
2003-03,931.4,6.836688830548277,,,,0.22234954283940891,4188.9,-1.5035046180679819,,,,,,,,,0.042442469810890865,21945.0,-3.1596057715740575,,,,,,,,,0.13997595431319507,6654.0,-1.9662846260301452,,,,,,,,,0.042442469810890865,21945.0,-3.1596057715740575,,,,,,,,,0.008574453394706558,108625.0,-4.758968032019417,,,,,,,,,0.007151687334433908,130235.0,-4.94040695928776,,,,,,,,
2003-04,938.7,6.844495939342946,,,,0.2227099100809035,4214.9,-1.501885206019164,,,,,,,,,0.042935553217765175,21863.0,-3.1480550499339417,,,,,,,,,0.14033487815817014,6689.0,-1.9637237257754618,,,,,,,,,0.042935553217765175,21863.0,-3.1480550499339417,,,,,,,,,0.008645397778555509,108578.0,-4.7507281483484,,,,,,,,,0.007211172823857482,130173.0,-4.93212367463696,,,,,,,,
2003-05,945.1,6.8512907420010105,,,,0.22330647638399925,4232.3,-1.499210117493465,,,,,,,,,0.04328570119996336,21834.0,-3.1399329248392043,,,,,,,,,0.14093349239487027,6706.0,-1.9594671850251635,,,,,,,,,0.04328570119996336,21834.0,-3.1399329248392043,,,,,,,,,0.008700174905643008,108630.0,-4.744412149426786,,,,,,,,,0.007258999823344624,130197.0,-4.925513225015482,,,,,,,,
2003-06,946.5,6.852770970649377,,,,0.22282647079596019,4247.7,-1.5013619683096573,,,,,,,,,0.04344134385900496,21788.0,-3.1363436678541876,,,,,,,,,0.14078536367692995,6723.0,-1.9605187918196592,,,,,,,,,0.04344134385900496,21788.0,-3.1363436678541876,,,,,,,,,0.008717074967765703,108580.0,-4.742471536810065,,,,,,,,,0.00727036701335013,130186.0,-4.923948505444078,,,,,,,,
2003-07,949.3,6.8557248708877525,,,,0.22276193828464155,4261.5,-1.5016516190745994,,,,,,,,,0.04372840757289603,21709.0,-3.1297573292010026,,,,,,,,,0.14095025983667409,6735.0,-1.9593482179567117,,,,,,,,,0.04372840757289603,21709.0,-3.1297573292010026,,,,,,,,,0.008745198109644314,108551.0,-4.7392505167207934,,,,,,,,,0.007291986726479444,130184.0,-4.920979242452698,,,,,,,,
2003-08,953.7,6.860349156584867,,,,0.22275944222549227,4281.3,-1.5016628241895884,,,,,,,,,0.043937160232193864,21706.0,-3.1249948424210934,,,,,,,,,0.14107988165680474,6760.0,-1.958429012452143,,,,,,,,,0.043937160232193864,21706.0,-3.1249948424210934,,,,,,,,,0.008782010552777702,108597.0,-4.7350499052061545,,,,,,,,,0.007327529907109325,130153.0,-4.916116803898737,,,,,,,,
2003-09,962.2,6.869222329265353,,,,0.22412186713873103,4293.2,-1.495565325342016,,,,,,,,,0.044343057283745796,21699.0,-3.1157991262520373,,,,,,,,,0.1418546365914787,6783.0,-1.952952431680726,,,,,,,,,0.044343057283745796,21699.0,-3.1157991262520373,,,,,,,,,0.008847978813403466,108748.0,-4.727566228711867,,,,,,,,,0.007387218622362805,130252.0,-4.908003985318744,,,,,,,,
2003-10,969.1,6.876367805740505,,,,0.22530921603273507,4301.2,-1.4902815267758667,,,,,,,,,0.044675456389452334,21692.0,-3.1083310022204467,,,,,,,,,0.1428508254716981,6784.0,-1.9459543717312346,,,,,,,,,0.044675456389452334,21692.0,-3.1083310022204467,,,,,,,,,0.008900542794426944,108881.0,-4.721643015965885,,,,,,,,,0.0074295264453116015,130439.0,-4.902293157773352,,,,,,,,
2003-11,981.7,6.889285762698476,,,,0.22767753606382485,4311.8,-1.479824966625431,,,,,,,,,0.045264662486167465,21688.0,-3.095228628480026,,,,,,,,,0.1444526191877575,6796.0,-1.934803720093347,,,,,,,,,0.045264662486167465,21688.0,-3.095228628480026,,,,,,,,,0.009010968837486805,108945.0,-4.709312684009903,,,,,,,,,0.007523758430410791,130480.0,-4.88968947459642,,,,,,,,
2003-12,986.3,6.893960567959947,,,,0.22763570901033972,4332.8,-1.4800086953179534,,,,,,,,,0.04544951845537072,21701.0,-3.091153053456125,,,,,,,,,0.14447048483960742,6827.0,-1.9346800494583325,,,,,,,,,0.04544951845537072,21701.0,-3.091153053456125,,,,,,,,,0.009045055620259897,109043.0,-4.70553701087132,,,,,,,,,0.007552703520204611,130589.0,-4.885849697671008,,,,,,,,
2004-01,985.3,6.892946163328429,,,,0.22643287217906882,4351.4,-1.4853067480556732,,,,,,,,,0.04537625495072303,21714.0,-3.0927663294633687,,,,,,,,,0.14388142523364486,6848.0,-1.9387657544931491,,,,,,,,,0.04537625495072303,21714.0,-3.0927663294633687,,,,,,,,,0.009021406727828746,109218.0,-4.708155000545525,,,,,,,,,0.00753540946495763,130756.0,-4.888142106647206,,,,,,,,
2004-02,991.8,6.8995214740550335,,,,0.22774869109947643,4354.8,-1.4795124899519916,,,,,,,,,0.04571981745263449,21693.0,-3.085223432788028,,,,,,,,,0.14504241006142146,6838.0,-1.9307290961442132,,,,,,,,,0.04571981745263449,21693.0,-3.085223432788028,,,,,,,,,0.009076516184532035,109271.0,-4.7020648401106016,,,,,,,,,0.007581351617859518,130821.0,-4.8820637815220715,,,,,,,,
2004-03,998.4,6.906153997615164,,,,0.22794000136983172,4380.1,-1.4786728365449324,,,,,,,,,0.04588657045684346,21758.0,-3.0815827873658646,,,,,,,,,0.1449687817627414,6887.0,-1.9312368579295351,,,,,,,,,0.04588657045684346,21758.0,-3.0815827873658646,,,,,,,,,0.00911348035636045,109552.0,-4.6980006037456805,,,,,,,,,0.007613237761171267,131140.0,-4.8778667362024475,,,,,,,,
2004-04,996.1,6.90384765415112,,,,0.22668517591370443,4394.2,-1.4841931143711498,,,,,,,,,0.04568846894780296,21802.0,-3.0859093335371837,,,,,,,,,0.14434139979713084,6901.0,-1.9355739534694818,,,,,,,,,0.04568846894780296,21802.0,-3.0859093335371837,,,,,,,,,0.009072114246161132,109798.0,-4.702549938804306,,,,,,,,,0.007579977475420814,131412.0,-4.88224505091264,,,,,,,,
2004-05,999.4,6.9071550989101045,,,,0.22611371297993169,4419.9,-1.4867172514713136,,,,,,,,,0.045674329326813215,21881.0,-3.086218860420547,,,,,,,,,0.14383995394358087,6948.0,-1.939054028450891,,,,,,,,,0.045674329326813215,21881.0,-3.086218860420547,,,,,,,,,0.009078604325826876,110083.0,-4.7018348067926885,,,,,,,,,0.007588631479836291,131697.0,-4.881104009518541,,,,,,,,
2004-06,1006.9,6.914631582921569,,,,0.22707590997248658,4434.2,-1.4824709122365405,,,,,,,,,0.04600447754374743,21887.0,-3.079016549322516,,,,,,,,,0.1446279804653835,6962.0,-1.9335904854498152,,,,,,,,,0.04600447754374743,21887.0,-3.079016549322516,,,,,,,,,0.009137604022034068,110193.0,-4.695357069890703,,,,,,,,,0.007639953260391216,131794.0,-4.874363793572262,,,,,,,,
2004-07,1012.2,6.919881458779978,,,,0.2279781076150364,4439.9,-1.4785056738701343,,,,,,,,,0.04621495753812437,21902.0,-3.0744517770557267,,,,,,,,,0.1450766805217142,6977.0,-1.930492845159259,,,,,,,,,0.04621495753812437,21902.0,-3.0744517770557267,,,,,,,,,0.00918111893186271,110248.0,-4.690606193775003,,,,,,,,,0.007676672683422574,131854.0,-4.869569070046023,,,,,,,,
2004-08,1019.4,6.926969497905941,,,,0.22860090148678042,4459.3,-1.475777584117477,,,,,,,,,0.04645672879733856,21943.0,-3.0692339631299284,,,,,,,,,0.14556618592031986,7003.0,-1.9271244097495763,,,,,,,,,0.04645672879733856,21943.0,-3.0692339631299284,,,,,,,,,0.009240977944575889,110313.0,-4.6841075607714435,,,,,,,,,0.007726297758812784,131939.0,-4.863125475639531,,,,,,,,
2004-09,1020.7,6.928243945409453,,,,0.22842628233819715,4468.4,-1.4765417362872404,,,,,,,,,0.046484197103561345,21958.0,-3.068642871385225,,,,,,,,,0.14521269028311282,7029.0,-1.9295557817664526,,,,,,,,,0.046484197103561345,21958.0,-3.068642871385225,,,,,,,,,0.009240950984120087,110454.0,-4.684110478265164,,,,,,,,,0.007727365639833748,132089.0,-4.862987271383994,,,,,,,,
2004-10,1025.0,6.932447891572509,,,,0.22779802649124364,4499.6,-1.4792958913461625,,,,,,,,,0.04658243955644428,22004.0,-3.06653164242284,,,,,,,,,0.14483538222410625,7077.0,-1.9321574765032763,,,,,,,,,0.04658243955644428,22004.0,-3.06653164242284,,,,,,,,,0.009253157357839907,110773.0,-4.682790449716984,,,,,,,,,0.007739996526440584,132429.0,-4.861354040160888,,,,,,,,
2004-11,1028.1,6.935467717548673,,,,0.2279954760162331,4509.3,-1.4784294922586174,,,,,,,,,0.04674031642116748,21996.0,-3.0631481800790326,,,,,,,,,0.14498660273586234,7091.0,-1.931113935755324,,,,,,,,,0.04674031642116748,21996.0,-3.0631481800790326,,,,,,,,,0.009277959769336978,110811.0,-4.680113608797255,,,,,,,,,0.007759069605971185,132503.0,-4.85889284811286,,,,,,,,
2004-12,1038.4,6.945436345949826,,,,0.22930836498542537,4528.4,-1.4726876092541286,,,,,,,,,0.047191419741865116,22004.0,-3.053543188045523,,,,,,,,,0.14590417310664608,7117.0,-1.9248052213494453,,,,,,,,,0.047191419741865116,22004.0,-3.053543188045523,,,,,,,,,0.00936026753923398,110937.0,-4.671281405649636,,,,,,,,,0.007829299555153435,132630.0,-4.849882229538573,,,,,,,,
2005-01,1020.9,6.928439870174969,,,,0.2265897236710687,4505.5,-1.4846142815001222,,,,,,,,,0.04649118812332073,21959.0,-3.0684924870710217,,,,,,,,,0.14389006342494715,7095.0,-1.9387057194191732,,,,,,,,,0.04649118812332073,21959.0,-3.0684924870710217,,,,,,,,,0.009193487383606794,111046.0,-4.689259938687979,,,,,,,,,0.007688600025606073,132781.0,-4.868016563324528,,,,,,,,
2005-02,1060.3,6.966307165931752,,,,0.23293569718139678,4551.9,-1.4569928412675526,,,,,,,,,0.048118901747220326,22035.0,-3.034080211344335,,,,,,,,,0.1482315112540193,7153.0,-1.9089799621766312,,,,,,,,,0.048118901747220326,22035.0,-3.034080211344335,,,,,,,,,0.009527360948872314,111290.0,-4.653587520035718,,,,,,,,,0.007970142970969827,133034.0,-4.832052847699776,,,,,,,,
2005-03,1059.8,6.965835490058661,,,,0.23183777043729353,4571.3,-1.4617174172723735,,,,,,,,,0.048030818037616135,22065.0,-3.0359124316449857,,,,,,,,,0.1475839019635148,7181.0,-1.913358438051656,,,,,,,,,0.048030818037616135,22065.0,-3.0359124316449857,,,,,,,,,0.009512269553197982,111414.0,-4.655172781769989,,,,,,,,,0.007959205130901061,133154.0,-4.833426142038983,,,,,,,,
2005-04,1074.6,6.979703778294721,,,,0.23183465654124955,4635.2,-1.4617308487203649,,,,,,,,,0.04854754913033657,22135.0,-3.0252115668715205,,,,,,,,,0.14789430222956232,7266.0,-1.9112574344864264,,,,,,,,,0.04854754913033657,22135.0,-3.0252115668715205,,,,,,,,,0.009614730776801531,111766.0,-4.644458900666065,,,,,,,,,0.00804823247453565,133520.0,-4.822302780040996,,,,,,,,
2005-05,1082.3,6.986843685301101,,,,0.23267262877289532,4651.6,-1.4581228401177875,,,,,,,,,0.04881822282363554,22170.0,-3.0196516173092562,,,,,,,,,0.1483822319714834,7294.0,-1.9079636860675249,,,,,,,,,0.04881822282363554,22170.0,-3.0196516173092562,,,,,,,,,0.009671337169818064,111908.0,-4.6385886988473874,,,,,,,,,0.0080956548407124,133689.0,-4.816427800657068,,,,,,,,
2005-06,1085.5,6.989795989318346,,,,0.23272516776365157,4664.3,-1.4578970591133633,,,,,,,,,0.04893166245943022,22184.0,-3.0173305979772675,,,,,,,,,0.14802945588435837,7333.0,-1.9103439987754531,,,,,,,,,0.04893166245943022,22184.0,-3.0173305979772675,,,,,,,,,0.009675981637473815,112185.0,-4.638108583975531,,,,,,,,,0.008103891062203243,133948.0,-4.815410954598558,,,,,,,,
2005-07,1090.5,6.994391585641684,,,,0.23309749267896457,4678.3,-1.4562984894162747,,,,,,,,,0.04911277247342821,22204.0,-3.013636146168368,,,,,,,,,0.14830681354549163,7353.0,-1.9084720865545386,,,,,,,,,0.04911277247342821,22204.0,-3.013636146168368,,,,,,,,,0.009698247111870013,112443.0,-4.635810119919334,,,,,,,,,0.0081198808637379,134300.0,-4.813439796869646,,,,,,,,
2005-08,1090.4,6.994299880382323,,,,0.23157134665618964,4708.7,-1.462867260038217,,,,,,,,,0.049064074874010086,22224.0,-3.014628184611802,,,,,,,,,0.14747092236948878,7394.0,-1.9141242591142544,,,,,,,,,0.049064074874010086,22224.0,-3.014628184611802,,,,,,,,,0.009680483669066665,112639.0,-4.637643413129229,,,,,,,,,0.008106942647692971,134502.0,-4.815034467419628,,,,,,,,
2005-09,1098.0,7.001245622069476,,,,0.23222367920138742,4728.2,-1.4600542373062215,,,,,,,,,0.04940827071052513,22223.0,-3.007637445511993,,,,,,,,,0.1480782198246797,7415.0,-1.9100146325025567,,,,,,,,,0.04940827071052513,22223.0,-3.007637445511993,,,,,,,,,0.009742074582767707,112707.0,-4.6313011878307755,,,,,,,,,0.008160413817706165,134552.0,-4.808460398337793,,,,,,,,
2005-10,1102.1,7.004972729697496,,,,0.2315044322144267,4760.6,-1.463156260004451,,,,,,,,,0.04944369672498878,22290.0,-3.0069206966824185,,,,,,,,,0.14773458445040213,7460.0,-1.9123379635003104,,,,,,,,,0.04944369672498878,22290.0,-3.0069206966824185,,,,,,,,,0.009769350778285998,112812.0,-4.628505265669055,,,,,,,,,0.008185470993233858,134641.0,-4.805394526352919,,,,,,,,
2005-11,1114.0,7.01571242048723,,,,0.23245623187196127,4792.3,-1.4590533216890536,,,,,,,,,0.049832252292552004,22355.0,-2.9990928681808517,,,,,,,,,0.1480595427963849,7524.0,-1.9101407699336916,,,,,,,,,0.049832252292552004,22355.0,-2.9990928681808517,,,,,,,,,0.009846382294189398,113138.0,-4.6206511710396025,,,,,,,,,0.008252035230412527,134997.0,-4.797295414464198,,,,,,,,
2005-12,1120.5,7.021530293240982,,,,0.23346181893947285,4799.5,-1.45473673156261,,,,,,,,,0.050082688955437354,22373.0,-2.9940798604320946,,,,,,,,,0.14874551971326164,7533.0,-1.9055183545847132,,,,,,,,,0.050082688955437354,22373.0,-2.9940798604320946,,,,,,,,,0.009891419491525423,113280.0,-4.616087615686565,,,,,,,,,0.00829023594433223,135159.0,-4.792676848921224,,,,,,,,
2006-01,1130.0,7.029972911706386,,,,0.23378020523005624,4833.6,-1.4533738989260214,,,,,,,,,0.05030046739372357,22465.0,-2.989740909797874,,,,,,,,,0.1486646493882384,7601.0,-1.9060621848596542,,,,,,,,,0.05030046739372357,22465.0,-2.989740909797874,,,,,,,,,0.009948934671597113,113580.0,-4.610289801725037,,,,,,,,,0.008343978674858041,135427.0,-4.786215117032612,,,,,,,,
2006-02,1137.9,7.036939737362963,,,,0.2328231779678357,4887.4,-1.457476006363286,,,,,,,,,0.05049926774064706,22533.0,-2.9857964429911585,,,,,,,,,0.14847338204592903,7664.0,-1.9073495822877335,,,,,,,,,0.05049926774064706,22533.0,-2.9857964429911585,,,,,,,,,0.009994290984146503,113855.0,-4.605741250599802,,,,,,,,,0.008383370293149051,135733.0,-4.781505262388684,,,,,,,,
2006-03,1140.8,7.039485049660032,,,,0.2328210779811833,4899.9,-1.457485026067172,,,,,,,,,0.05055169052155802,22567.0,-2.984758891511879,,,,,,,,,0.14836779815320586,7689.0,-1.9080609653721494,,,,,,,,,0.05055169052155802,22567.0,-2.984758891511879,,,,,,,,,0.009995181145135146,114135.0,-4.605652187618701,,,,,,,,,0.008385892177185786,136038.0,-4.781204487794666,,,,,,,,
2006-04,1143.5,7.041849013462836,,,,0.2324517715935194,4919.3,-1.4590725094785033,,,,,,,,,0.05053696910770319,22627.0,-2.985050148988492,,,,,,,,,0.14800673052032098,7726.0,-1.9104975297633908,,,,,,,,,0.05053696910770319,22627.0,-2.985050148988492,,,,,,,,,0.010005162261245417,114291.0,-4.604654093062417,,,,,,,,,0.008395125174363116,136210.0,-4.780104077978551,,,,,,,,
2006-05,1146.7,7.044643531044259,,,,0.23332044682279693,4914.7,-1.4553424620342577,,,,,,,,,0.05075241214481721,22594.0,-2.9807961322426153,,,,,,,,,0.14867107480876443,7713.0,-1.9060189648897403,,,,,,,,,0.05075241214481721,22594.0,-2.9807961322426153,,,,,,,,,0.010030352597465077,114323.0,-4.602139523342534,,,,,,,,,0.008416208559328876,136249.0,-4.777595842004756,,,,,,,,
2006-06,1142.0,7.040536390215956,,,,0.23219405078990707,4918.3,-1.4601818311064025,,,,,,,,,0.050544392316544215,22594.0,-2.9849032730709184,,,,,,,,,0.14833095207169764,7699.0,-1.908309339062094,,,,,,,,,0.050544392316544215,22594.0,-2.9849032730709184,,,,,,,,,0.009981208757592973,114415.0,-4.607051077997669,,,,,,,,,0.008376302837820988,136337.0,-4.782348650644739,,,,,,,,
2006-07,1141.5,7.04009846596985,,,,0.23213014743263855,4917.5,-1.460457084293364,,,,,,,,,0.05053792004250232,22587.0,-2.985031332548382,,,,,,,,,0.14801607883817428,7712.0,-1.9104343703205313,,,,,,,,,0.05053792004250232,22587.0,-2.985031332548382,,,,,,,,,0.009964558818394496,114556.0,-4.60872059941392,,,,,,,,,0.008360861062484893,136529.0,-4.784193859284556,,,,,,,,
2006-08,1149.3,7.046908340374713,,,,0.23306227566767382,4931.3,-1.4564495835850515,,,,,,,,,0.05093060356288221,22566.0,-2.9772912873236783,,,,,,,,,0.14887305699481865,7720.0,-1.9046613026441088,,,,,,,,,0.05093060356288221,22566.0,-2.9772912873236783,,,,,,,,,0.01002171240222879,114681.0,-4.603001299500864,,,,,,,,,0.00840795364761654,136692.0,-4.778577158313199,,,,,,,,
2006-09,1133.1,7.0327125183865205,,,,0.23041259125200805,4917.7,-1.4678837021223472,,,,,,,,,0.05028624683797097,22533.0,-2.9900236619676006,,,,,,,,,0.14681264576315106,7718.0,-1.9185980237110434,,,,,,,,,0.05028624683797097,22533.0,-2.9900236619676006,,,,,,,,,0.009875026145157915,114744.0,-4.617746320587528,,,,,,,,,0.008281320801602035,136826.0,-4.793752806204774,,,,,,,,
2006-10,1111.7,7.0136456542395695,,,,0.22760216198509542,4884.4,-1.4801560777192975,,,,,,,,,0.049521136798966546,22449.0,-3.005355694508899,,,,,,,,,0.14471491799010675,7682.0,-1.9329895546662808,,,,,,,,,0.049521136798966546,22449.0,-3.005355694508899,,,,,,,,,0.009685907209758223,114775.0,-4.637083314877853,,,,,,,,,0.00812390842059879,136843.0,-4.812943908025863,,,,,,,,
2006-11,1103.0,7.005789019253503,,,,0.2262471283229406,4875.2,-1.486127388977942,,,,,,,,,0.049241071428571426,22400.0,-3.011027218589629,,,,,,,,,0.14388207670232195,7666.0,-1.9387612266869978,,,,,,,,,0.049241071428571426,22400.0,-3.011027218589629,,,,,,,,,0.009593222992424572,114977.0,-4.6466983680892175,,,,,,,,,0.00804757040712097,137060.0,-4.822385045886312,,,,,,,,
2006-12,1102.8,7.005607679149642,,,,0.22527270498835641,4895.4,-1.490443588513168,,,,,,,,,0.04923653897669435,22398.0,-3.011119268992997,,,,,,,,,0.14350032530904358,7685.0,-1.9414179768230546,,,,,,,,,0.04923653897669435,22398.0,-3.011119268992997,,,,,,,,,0.009576158595357803,115161.0,-4.648478749109453,,,,,,,,,0.008035031220628201,137249.0,-4.823944394221093,,,,,,,,
2007-01,1104.6,7.007238557467087,,,,0.2246400390466119,4917.2,-1.4932559843260989,,,,,,,,,0.04923776410805027,22434.0,-3.0110943867380815,,,,,,,,,0.14299029126213592,7725.0,-1.9449785442988592,,,,,,,,,0.04923776410805027,22434.0,-3.0110943867380815,,,,,,,,,0.00957383187290361,115377.0,-4.648721748965719,,,,,,,,,0.008035090782122905,137472.0,-4.82393698152134,,,,,,,,
2007-02,1061.0,6.966967138613983,,,,0.21898412829456562,4845.1,-1.5187560253327663,,,,,,,,,0.047516682341349814,22329.0,-3.0466744224140374,,,,,,,,,0.13912929451875164,7626.0,-1.9723516018035259,,,,,,,,,0.047516682341349814,22329.0,-3.0466744224140374,,,,,,,,,0.009191797555207097,115429.0,-4.68944376269833,,,,,,,,,0.007712997964524571,137560.0,-4.864848325932219,,,,,,,,
2007-03,1106.4,7.008866780350549,,,,0.22563014927808142,4903.6,-1.4888581278702906,,,,,,,,,0.04942816297355254,22384.0,-3.007234916554714,,,,,,,,,0.14357643394757333,7706.0,-1.9408877448355544,,,,,,,,,0.04942816297355254,22384.0,-3.007234916554714,,,,,,,,,0.00956803735893112,115635.0,-4.649327177210924,,,,,,,,,0.008029959937293156,137784.0,-4.8245757401650335,,,,,,,,
2007-04,1098.1,7.001336692603667,,,,0.224560327198364,4890.0,-1.4936108898652503,,,,,,,,,0.04914298500783173,22345.0,-3.0130211687638844,,,,,,,,,0.14287015352589122,7686.0,-1.9458190785211218,,,,,,,,,0.04914298500783173,22345.0,-3.0130211687638844,,,,,,,,,0.009493222214537658,115672.0,-4.6571771861042945,,,,,,,,,0.007966078333224517,137847.0,-4.832562960825825,,,,,,,,
2007-05,1095.6,6.999057437388923,,,,0.2245127973933892,4879.9,-1.4938225694450313,,,,,,,,,0.049094819860189993,22316.0,-3.014001751576496,,,,,,,,,0.14278639384855987,7673.0,-1.9464055147887422,,,,,,,,,0.049094819860189993,22316.0,-3.014001751576496,,,,,,,,,0.009461221599495678,115799.0,-4.660553771116239,,,,,,,,,0.007939590700910198,137992.0,-4.835893554055541,,,,,,,,
2007-06,1098.5,7.001700891824665,,,,0.22500563282194136,4882.1,-1.4916298423268977,,,,,,,,,0.04922697736948241,22315.0,-3.0113134852387056,,,,,,,,,0.14290360348640563,7687.0,-1.9455849775244671,,,,,,,,,0.04922697736948241,22315.0,-3.0113134852387056,,,,,,,,,0.009481025003668125,115863.0,-4.658462845810248,,,,,,,,,0.00795610921996089,138070.0,-4.8338151900855335,,,,,,,,
2007-07,1087.3,6.9914528380037035,,,,0.2233382630843809,4868.4,-1.499067781996698,,,,,,,,,0.048825721855494185,22269.0,-3.019498017781953,,,,,,,,,0.14194516971279372,7660.0,-1.9523144247309332,,,,,,,,,0.048825721855494185,22269.0,-3.019498017781953,,,,,,,,,0.009383549230623182,115873.0,-4.668797204737072,,,,,,,,,0.007876474167656689,138044.0,-4.843874915896492,,,,,,,,
2007-08,1078.0,6.982862751468942,,,,0.22258011232243147,4843.2,-1.5024681867985117,,,,,,,,,0.04864840471140394,22159.0,-3.0231362620202624,,,,,,,,,0.1416557161629435,7610.0,-1.954355699386789,,,,,,,,,0.04864840471140394,22159.0,-3.0231362620202624,,,,,,,,,0.009310198899703767,115787.0,-4.676644823828592,,,,,,,,,0.007810858397397346,138013.0,-4.8522404111321356,,,,,,,,
2007-09,1064.8,6.970542267080901,,,,0.22142277859801618,4808.9,-1.5076813796366169,,,,,,,,,0.048204988908506496,22089.0,-3.0322927589559248,,,,,,,,,0.14053055298930975,7577.0,-1.9623303548504716,,,,,,,,,0.048204988908506496,22089.0,-3.0322927589559248,,,,,,,,,0.009193576238991539,115820.0,-4.689250273698879,,,,,,,,,0.007710410647434086,138099.0,-4.865183831160649,,,,,,,,
2007-10,1059.0,6.9650803456014065,,,,0.22025332251825044,4808.1,-1.512976929066233,,,,,,,,,0.048027210884353744,22050.0,-3.0359875352735854,,,,,,,,,0.13998678122934566,7565.0,-1.96620728062105,,,,,,,,,0.048027210884353744,22050.0,-3.0359875352735854,,,,,,,,,0.009138921969657744,115878.0,-4.695212846899248,,,,,,,,,0.007664193956938665,138175.0,-4.871195931100057,,,,,,,,
2007-11,1050.8,6.957307057811385,,,,0.21955704137066442,4786.0,-1.516143210656934,,,,,,,,,0.04774627408215194,22008.0,-3.0418542447930257,,,,,,,,,0.13967831981922105,7523.0,-1.9684132157488368,,,,,,,,,0.04774627408215194,22008.0,-3.0418542447930257,,,,,,,,,0.009062058022008348,115956.0,-4.703659029975924,,,,,,,,,0.007598524839106226,138290.0,-4.879801150647319,,,,,,,,
2007-12,1044.5,6.95129358099662,,,,0.2197328284422005,4753.5,-1.5153428868024645,,,,,,,,,0.047546431172614714,21968.0,-3.046048547011132,,,,,,,,,0.13945260347129507,7490.0,-1.9700304955146446,,,,,,,,,0.047546431172614714,21968.0,-3.046048547011132,,,,,,,,,0.0090028357424215,116019.0,-4.710215668782704,,,,,,,,,0.007547237978250659,138395.0,-4.886573613348854,,,,,,,,
2008-01,1041.5,6.948417260701027,,,,0.21926315789473685,4750.0,-1.5174826363276601,,,,,,,,,0.047472537490314055,21939.0,-3.0476038932380343,,,,,,,,,0.13931246655965757,7476.0,-1.9710359078744268,,,,,,,,,0.047472537490314055,21939.0,-3.0476038932380343,,,,,,,,,0.008978216080618604,116003.0,-4.712954071122023,,,,,,,,,0.007525778410445766,138391.0,-4.889421030448474,,,,,,,,
2008-02,1025.5,6.932935577512436,,,,0.2165969670088286,4734.6,-1.529716947242609,,,,,,,,,0.046847875742348104,21890.0,-3.060849613004473,,,,,,,,,0.13759559908761573,7453.0,-1.9834363373692585,,,,,,,,,0.046847875742348104,21890.0,-3.060849613004473,,,,,,,,,0.008847228932293463,115912.0,-4.727650983988123,,,,,,,,,0.007413485241706367,138329.0,-4.904454607240438,,,,,,,,
2008-03,1017.8,6.925398714154732,,,,0.2164748920603186,4701.7,-1.530280710272632,,,,,,,,,0.04666666666666666,21810.0,-3.0647251450409425,,,,,,,,,0.13742911153119092,7406.0,-1.9846470473188258,,,,,,,,,0.04666666666666666,21810.0,-3.0647251450409425,,,,,,,,,0.008788077640395109,115816.0,-4.734359289679147,,,,,,,,,0.007361546083799246,138259.0,-4.911485302568476,,,,,,,,
2008-04,1009.0,6.9167150203536085,,,,0.21662587487655116,4657.8,-1.5295834922860807,,,,,,,,,0.04655991878547368,21671.0,-3.0670152198587215,,,,,,,,,0.1377098403166371,7327.0,-1.9826064138063548,,,,,,,,,0.04655991878547368,21671.0,-3.0670152198587215,,,,,,,,,0.008729128817371744,115590.0,-4.741089705934704,,,,,,,,,0.0073094755143436685,138040.0,-4.918583756858331,,,,,,,,
2008-05,997.1,6.904851065834747,,,,0.21554724486045962,4625.9,-1.5345751597753006,,,,,,,,,0.04617700180614088,21593.0,-3.0752734012400844,,,,,,,,,0.13707726147924112,7274.0,-1.9872105597121872,,,,,,,,,0.04617700180614088,21593.0,-3.0752734012400844,,,,,,,,,0.008642777893349976,115368.0,-4.751031232407159,,,,,,,,,0.007233172048080899,137851.0,-4.929077604852762,,,,,,,,
2008-06,985.8,6.893453494271277,,,,0.21488359926759087,4587.6,-1.5376587962190902,,,,,,,,,0.045904540162980206,21475.0,-3.0811912525811787,,,,,,,,,0.13666990156661582,7213.0,-1.9901867382323952,,,,,,,,,0.045904540162980206,21475.0,-3.0811912525811787,,,,,,,,,0.008558554647821293,115183.0,-4.760823952638765,,,,,,,,,0.007159041394335512,137700.0,-4.939379190445469,,,,,,,,
2008-07,971.7,6.8790471148453936,,,,0.21345722947146437,4552.2,-1.5443187967266907,,,,,,,,,0.04551501241275938,21349.0,-3.0897130643069306,,,,,,,,,0.1357122905027933,7160.0,-1.997218145109298,,,,,,,,,0.04551501241275938,21349.0,-3.0897130643069306,,,,,,,,,0.00845478512820959,114929.0,-4.773022710531154,,,,,,,,,0.007067063281380685,137497.0,-4.952310262823532,,,,,,,,
2008-08,967.0,6.874198495453294,,,,0.21356007067137808,4528.0,-1.5438371244297246,,,,,,,,,0.04552302043122117,21242.0,-3.0895371374281906,,,,,,,,,0.13592915378127635,7114.0,-1.9956214570551063,,,,,,,,,0.04552302043122117,21242.0,-3.0895371374281906,,,,,,,,,0.008434806880429852,114644.0,-4.775388458275364,,,,,,,,,0.007047539920268783,137211.0,-4.955076670533904,,,,,,,,
2008-09,962.0,6.8690144506657065,,,,0.21407748625853973,4493.7,-1.5414172441770766,,,,,,,,,0.04560322351268073,21095.0,-3.0877768738927327,,,,,,,,,0.1365701306076093,7044.0,-1.9909170189503902,,,,,,,,,0.04560322351268073,21095.0,-3.0877768738927327,,,,,,,,,0.008422121639249538,114223.0,-4.7768935063106595,,,,,,,,,0.007034220532319392,136760.0,-4.956968393087531,,,,,,,,
2008-10,943.5,6.849596364808605,,,,0.21224186799838038,4445.4,-1.5500287678420612,,,,,,,,,0.0451738006320023,20886.0,-3.097237992230889,,,,,,,,,0.1354241423855318,6967.0,-1.999343630221514,,,,,,,,,0.0451738006320023,20886.0,-3.097237992230889,,,,,,,,,0.008295088885372158,113742.0,-4.792091639861015,,,,,,,,,0.006922687484866939,136291.0,-4.972951219881509,,,,,,,,
2008-11,918.0,6.822197390620491,,,,0.2115158636897767,4340.1,-1.5534552776831638,,,,,,,,,0.04453068154256609,20615.0,-3.11157685452051,,,,,,,,,0.13474240422721268,6813.0,-2.004390440153178,,,,,,,,,0.04453068154256609,20615.0,-3.11157685452051,,,,,,,,,0.008125259999468937,112981.0,-4.812777551343684,,,,,,,,,0.006772858397090179,135541.0,-4.994832065938221,,,,,,,,
2008-12,894.5,6.796264902948774,,,,0.21032212555842936,4253.0,-1.5591149923048597,,,,,,,,,0.044035839117806334,20313.0,-3.122751451204981,,,,,,,,,0.13348753917325773,6701.0,-2.013747145024397,,,,,,,,,0.044035839117806334,20313.0,-3.122751451204981,,,,,,,,,0.007965910001692032,112291.0,-4.832584092090669,,,,,,,,,0.006633443828932049,134847.0,-5.015631178430589,,,,,,,,
2009-01,861.9,6.759139254653354,,,,0.2069189033466174,4165.4,-1.5754283337515622,,,,,,,,,0.04335731173600282,19879.0,-3.1382799224811677,,,,,,,,,0.131247144814984,6567.0,-2.030673131537619,,,,,,,,,0.04335731173600282,19879.0,-3.1382799224811677,,,,,,,,,0.0077300448430493275,111500.0,-4.8626406152289565,,,,,,,,,0.0064282997337390645,134079.0,-5.047045202800853,,,,,,,,
2009-02,859.8,6.7566998040621815,,,,0.21077662286722887,4079.2,-1.5569563656787648,,,,,,,,,0.04394582162024022,19565.0,-3.1247977305823316,,,,,,,,,0.13338504498914056,6446.0,-2.0145152583132018,,,,,,,,,0.04394582162024022,19565.0,-3.1247977305823316,,,,,,,,,0.007763991981362084,110742.0,-4.858258646473165,,,,,,,,,0.006449241662791221,133318.0,-5.043792726746821,,,,,,,,
2009-03,819.9,6.709182381602132,,,,0.20582402409941006,3983.5,-1.5807337272182889,,,,,,,,,0.042672009992713644,19214.0,-3.1542120773675517,,,,,,,,,0.13032904148783978,6291.0,-2.0376929379678974,,,,,,,,,0.042672009992713644,19214.0,-3.1542120773675517,,,,,,,,,0.007458111230374588,109934.0,-4.898453083100389,,,,,,,,,0.0061882047488942896,132494.0,-5.085110258762107,,,,,,,,
2009-04,793.0,6.675823221634848,,,,0.20353164621939326,3896.2,-1.5919337765122556,,,,,,,,,0.04199989407340713,18881.0,-3.170088182763684,,,,,,,,,0.12885927851803705,6154.0,-2.049034334247139,,,,,,,,,0.04199989407340713,18881.0,-3.170088182763684,,,,,,,,,0.007265564157771772,109145.0,-4.924609330773615,,,,,,,,,0.0060156878214562065,131822.0,-5.113384585061287,,,,,,,,
2009-05,787.6,6.6689903467649705,,,,0.2038988272451912,3862.7,-1.5901313530357708,,,,,,,,,0.04224415361510406,18644.0,-3.164289310727661,,,,,,,,,0.12911475409836065,6100.0,-2.0470537033964322,,,,,,,,,0.04224415361510406,18644.0,-3.164289310727661,,,,,,,,,0.007235711857711141,108849.0,-4.928726532900998,,,,,,,,,0.005990902590783929,131466.0,-5.117513195270765,,,,,,,,
2009-06,777.8,6.6564694217216465,,,,0.2042220238407814,3808.6,-1.5885475248030694,,,,,,,,,0.04225107284480417,18409.0,-3.164125532724915,,,,,,,,,0.12941763727121464,6010.0,-2.0447106058076066,,,,,,,,,0.04225107284480417,18409.0,-3.164125532724915,,,,,,,,,0.007173159214991884,108432.0,-4.937409105654248,,,,,,,,,0.005937042012701514,131008.0,-5.126544247299314,,,,,,,,
2009-07,763.9,6.638436890547314,,,,0.20348961108151303,3754.0,-1.5921403265991403,,,,,,,,,0.04182544897065265,18264.0,-3.1742502976623173,,,,,,,,,0.12877612946729602,5932.0,-2.0496798127105085,,,,,,,,,0.04182544897065265,18264.0,-3.1742502976623173,,,,,,,,,0.007063925800575175,108141.0,-4.952754319617981,,,,,,,,,0.005846382268754496,130662.0,-5.141932224633692,,,,,,,,
2009-08,748.6,6.618204795470328,,,,0.20240090845184666,3698.6,-1.5975048531804474,,,,,,,,,0.04127701808557565,18136.0,-3.1874493967170365,,,,,,,,,0.12785653287788215,5855.0,-2.056846480561489,,,,,,,,,0.04127701808557565,18136.0,-3.1874493967170365,,,,,,,,,0.0069356557187196,107935.0,-4.971079677598649,,,,,,,,,0.005737629529707524,130472.0,-5.160709127866425,,,,,,,,
2009-09,743.2,6.6109651874996285,,,,0.20318779560926267,3657.7,-1.593624626059581,,,,,,,,,0.041211045802373295,18034.0,-3.189048956560223,,,,,,,,,0.12842578192500434,5787.0,-2.0524041140742098,,,,,,,,,0.041211045802373295,18034.0,-3.189048956560223,,,,,,,,,0.006894568393710284,107795.0,-4.977021366692479,,,,,,,,,0.005706125332063941,130246.0,-5.166215061471672,,,,,,,,
2009-10,732.1,6.595917116652597,,,,0.2026069629711629,3613.4,-1.5964873196872298,,,,,,,,,0.04089030384271671,17904.0,-3.1968623138991097,,,,,,,,,0.12807907627711687,5716.0,-2.055107422397161,,,,,,,,,0.04089030384271671,17904.0,-3.1968623138991097,,,,,,,,,0.006807889377609567,107537.0,-4.989673136725339,,,,,,,,,0.0056288972097708004,130061.0,-5.179841733500021,,,,,,,,
2009-11,725.9,6.587412264290795,,,,0.2016220870483015,3600.3,-1.6013601900147105,,,,,,,,,0.04064844887445403,17858.0,-3.202794601786367,,,,,,,,,0.12744030898876405,5696.0,-2.060107188801017,,,,,,,,,0.04064844887445403,17858.0,-3.202794601786367,,,,,,,,,0.006751050928164875,107524.0,-4.9980570931551425,,,,,,,,,0.005581398925086693,130057.0,-5.1883158305892145,,,,,,,,
2009-12,720.0,6.579251212010101,,,,0.20103869994974033,3581.4,-1.6042578523925581,,,,,,,,,0.0404903835339107,17782.0,-3.206690776670983,,,,,,,,,0.1273434736469756,5654.0,-2.0608673262434345,,,,,,,,,0.0404903835339107,17782.0,-3.206690776670983,,,,,,,,,0.006708532881128524,107326.0,-5.004374998532847,,,,,,,,,0.005546653519043511,129808.0,-5.1945605026247454,,,,,,,,
2010-01,706.0,6.559615237493242,6.456786547016895,637.0107599411693,0.1028286904763469,0.20030641774953187,3524.6,-1.607906996137027,-1.6428070622946263,0.19343629175612367,0.03490006615759933,0.19344991377050993,0.03544330336148828,-1.6376752583678404,19.44315203526051,0.029768262230813525,0.03990278641270559,17693.0,-3.2213091226197608,-3.317886721470719,0.0362293135423619,0.09657759885095807,0.03605164234991926,0.10682298535547716,-3.2927499886965417,3.7151542467396603,0.0714408660767809,0.12652329749103944,5580.0,-2.0673288178821143,-2.109736223067785,0.12126995043037031,0.042407405185670655,0.1212716367481547,0.043304938266734955,-2.1050930687640097,12.183433477046094,0.03776425088189539,0.03990278641270559,17693.0,-3.2213091226197608,-3.317886721470719,0.0362293135423619,0.09657759885095807,0.03605164234991926,0.10682298535547716,-3.2927499886965417,3.7151542467396603,0.0714408660767809,0.006579008675718239,107311.0,-5.023871202180523,-5.1239810146408535,0.005952279553020859,0.1001098124603308,0.005925120143529661,0.11035869591651,-5.096856215387109,0.6115943583390754,0.07298501320658612,0.005439053327375541,129802.0,-5.21415025396067,-5.310469631600138,0.0049396063776227855,0.09631937763946752,0.004910921255364045,0.10754236212495433,-5.286921200695103,0.5057306747651703,0.0727709467344324
2010-02,670.3,6.507725373363912,6.460243019089103,639.2163794778529,0.04748235427480907,0.19305319547248062,3472.1,-1.6447895038448817,-1.6425927514615288,0.19347775169145914,-0.002196752383352818,0.19349169452358683,-0.002266242239419522,-1.6377844378609088,19.44102935765619,-0.00700506598397288,0.03805711690228808,17613.0,-3.2686671713683837,-3.3159781374991733,0.036298526257618376,0.047310966130789556,0.0361296108294695,0.05334976017085657,-3.292244316671399,3.7170333713816666,0.023577145303015357,0.12187272727272726,5500.0,-2.1047779978566505,-2.109400677948836,0.12131064879799984,0.004622680092185583,0.12131301295707038,0.0046138027736146265,-2.1051122382815453,12.183199928742924,0.00033424042489471617,0.03805711690228808,17613.0,-3.2686671713683837,-3.3159781374991733,0.036298526257618376,0.047310966130789556,0.0361296108294695,0.05334976017085657,-3.292244316671399,3.7170333713816666,0.023577145303015357,0.006251049146694021,107230.0,-5.07500596585028,-5.12216937406056,0.005963072717920156,0.04716340821028009,0.00593722156799298,0.05285764984632828,-5.09649854438491,0.6118131470310145,0.02149257853463027,0.005167841117604428,129706.0,-5.265300256472022,-5.308422972478926,0.004949726420677375,0.04312271600690387,0.0049224225457649585,0.049857274453331386,-5.2861790357301395,0.5061061496686129,0.02087877925811732
2010-03,687.0,6.532334292222349,6.463699491161312,641.4296358675489,0.06863480106103736,0.19710793596143913,3485.4,-1.6240038020041925,-1.6423784406284314,0.19351922051306011,0.018374638624238937,0.19353347527666373,0.018469469840633888,-1.6378933876605946,19.43891137678088,0.013889585656402081,0.03890808178059693,17657.0,-3.2465532920804487,-3.314069553527628,0.03636787119729437,0.06751626144717937,0.036207579309019744,0.07458389992132006,-3.291738093405002,3.7189154965038043,0.04518480132455327,0.12407440852447174,5537.0,-2.0868738246006178,-2.1090651328298873,0.12135136082405935,0.022191308229269513,0.12135438916598607,0.022413852331004597,-2.1051311164082547,12.182969934921877,0.01825729180763691,0.03890808178059693,17657.0,-3.2465532920804487,-3.314069553527628,0.03636787119729437,0.06751626144717937,0.036207579309019744,0.07458389992132006,-3.291738093405002,3.7189154965038043,0.04518480132455327,0.006399746618474494,107348.0,-5.05149688026361,-5.120357733480265,0.005973885453877489,0.06886085321665547,0.005949322992456301,0.07571006425257581,-5.096140310226746,0.6120323586608977,0.04464342996313597,0.005290068224169529,129866.0,-5.241924136376656,-5.306376313357715,0.004959867197220339,0.06445217698105932,0.0049339238361658724,0.0721827899719697,-5.285436309260959,0.5064821877316118,0.04351217288430309
2010-04,689.9,6.536546659552063,6.46715596323352,643.6505555524973,0.06939069631854355,0.19804794028993827,3483.5,-1.6192461549181105,-1.6421641297953342,0.1935606982228311,0.02291797487722369,0.19357525602974063,0.023105661084650553,-1.638001932124951,19.436801505067333,0.018755777206840518,0.03894439740333051,17715.0,-3.2456203577475096,-3.3121609695560825,0.0364373486139923,0.06654061180857296,0.03628554778856999,0.07327571930988074,-3.29123058573368,3.7208033536577525,0.045610227986170315,0.12423915000900414,5553.0,-2.085546941689544,-2.108729587710938,0.1213920865131327,0.02318264602139397,0.12139576537490175,0.02342243673262633,-2.1051494091742966,12.182747076741514,0.019602467484752584,0.03894439740333051,17715.0,-3.2456203577475096,-3.3121609695560825,0.0364373486139923,0.06654061180857296,0.03628554778856999,0.07327571930988074,-3.29123058573368,3.7208033536577525,0.045610227986170315,0.006414631198222239,107551.0,-5.049173773101517,-5.1185460928999715,0.005984717796380707,0.06937231979845482,0.00596142441691962,0.07602323699958924,-5.095780783918853,0.6122524399552549,0.0466070108173362,0.00530202889640332,130120.0,-5.239665721035225,-5.304329654236504,0.0049700287497295185,0.06466393320127928,0.0049454251265667855,0.07210780887589657,-5.284692298681651,0.5068591560543361,0.045026577646425814
2010-05,682.9,6.526348435967043,6.4706124353057275,645.879165066495,0.0557360006613159,0.19727871504506586,3461.6,-1.6231377529436315,-1.6419498189622368,0.19360218482267724,0.0188120660186053,0.19361703678281753,0.018911963136568826,-1.6381097884393017,19.434705236344175,0.014972035495670166,0.038523156766514355,17727.0,-3.256495744046741,-3.3102523855845374,0.0365069587607971,0.05375664153779658,0.036363516268120226,0.059390309849861204,-3.290720711845604,3.7227009778638527,0.034224967798863304,0.12371376811594202,5520.0,-2.0897847033040975,-2.108394042591989,0.1214328258698051,0.018609339287891657,0.12143714158381744,0.018747365941195415,-2.105166681735664,12.182536651312306,0.015381978431566523,0.038523156766514355,17727.0,-3.256495744046741,-3.3102523855845374,0.0365069587607971,0.05375664153779658,0.036363516268120226,0.059390309849861204,-3.290720711845604,3.7227009778638527,0.034224967798863304,0.006343942180852052,107646.0,-5.060254908680396,-5.116734452319677,0.0059955697809820265,0.05647954363928065,0.00597352584138294,0.062009665531698135,-5.095418891996558,0.6124740492645709,0.03516398331616166,0.005227262289309717,130642.0,-5.2538676008069025,-5.302282995115292,0.004980211120769782,0.048415394308389814,0.004956926416967699,0.054536995226850814,-5.28394594564423,0.5072375931312656,0.030078344837327187
2010-06,685.2,6.5297107664499645,6.474068907377935,648.1154910352104,0.05564185907202912,0.19837869137232195,3454.0,-1.617577492256659,-1.6417355081291396,0.1936436803145039,0.024158015872480565,0.19365881753589442,0.024372109137518104,-1.638216529068467,19.432630874390924,0.020639036811807898,0.03860934242407168,17747.0,-3.2542610000846,-3.3083438016129922,0.036576701891277236,0.05408280152839229,0.03644148474767046,0.05948873080808806,-3.2902070379981736,3.72461372321956,0.03594603791357365,0.12422044960116027,5516.0,-2.0856974724632273,-2.10805849747304,0.12147357889866352,0.02236102500981252,0.12147851779273314,0.02257133078545972,-2.105182347994743,12.182345798031871,0.019484875531515566,0.03860934242407168,17747.0,-3.2542610000846,-3.3083438016129922,0.036576701891277236,0.05408280152839229,0.03644148474767046,0.05948873080808806,-3.2902070379981736,3.72461372321956,0.03594603791357365,0.006357984596826576,107770.0,-5.058043839140913,-5.114922811739383,0.006006441443298112,0.05687897259847041,0.00598562726584626,0.062208573043792896,-5.095053201373188,0.6126980662394013,0.03700936223227558,0.005250172400582331,130510.0,-5.249494364711609,-5.300236335994081,0.00499041435299319,0.0507419712824726,0.0049684277073686126,0.0567070127227305,-5.283195844373415,0.5076182154292667,0.03370147966180603
2010-07,684.9,6.529272842203859,6.477525379450144,650.3595601765023,0.05174746275371511,0.1984354628422425,3451.5,-1.6172913559396707,-1.6415211972960422,0.19368518470021706,0.024229841356371518,0.19370059828897132,0.024444243306917923,-1.6383216109523029,19.430588964216515,0.021030255012632226,0.03855767606823172,17763.0,-3.2556000789960264,-3.3064352176414467,0.03664657825948559,0.05083513864542022,0.03651945322722071,0.05581197583461542,-3.2896878663672466,3.7265479390523657,0.0340877873712202,0.12434640522875817,5508.0,-2.084684017644686,-2.107722952354091,0.12151434560429626,0.0230389347094051,0.12151989400164882,0.023259658431491043,-2.1051957031658146,12.182183101806103,0.020511685521128697,0.03855767606823172,17763.0,-3.2556000789960264,-3.3064352176414467,0.03664657825948559,0.05083513864542022,0.03651945322722071,0.05581197583461542,-3.2896878663672466,3.7265479390523657,0.0340877873712202,0.006350722326280066,107846.0,-5.059186720376736,-5.1131111711590895,0.006017332819010228,0.05392445078235397,0.00599772869030958,0.05885455214751728,-5.0946820076350425,0.6129255381404242,0.03549528725830697,0.005251696507303607,130415.0,-5.249204110330156,-5.29818967687287,0.005000638489139203,0.048985566542713244,0.004979928997769526,0.05457256713013465,-5.282440357007931,0.5080018594783815,0.033236246677774695
2010-08,688.0,6.5337888379333435,6.480981851522352,652.6113993007374,0.05280698641099146,0.1986200525419325,3463.9,-1.6163615629720058,-1.6413068864629448,0.19372669798172287,0.02494532349093892,0.19374237904204822,0.025176079306973218,-1.6384243317788383,19.428593140566125,0.022062768806832445,0.0386995162560468,17778.0,-3.2519281788682766,-3.3045266336699015,0.03671658811996036,0.05259845480162495,0.03659742170677095,0.057438323555097155,-3.2891612217672788,3.728511022279207,0.0372330428990022,0.12454742939898625,5524.0,-2.083068676595839,-2.107387407235142,0.12155512599129333,0.024318730639303343,0.12156127021056451,0.02456505417596583,-2.105205892116899,12.182058978770725,0.02213721552105996,0.0386995162560468,17778.0,-3.2519281788682766,-3.3045266336699015,0.03671658811996036,0.05259845480162495,0.03659742170677095,0.057438323555097155,-3.2891612217672788,3.728511022279207,0.0372330428990022,0.006370665308579101,107995.0,-5.05605137080501,-5.111299530578795,0.006028243943864336,0.055248159773785055,0.0060098301147729,0.06004083092452536,-5.094303320802354,0.613157688924585,0.038251949997343715,0.005275466779128168,130415.0,-5.244688114600672,-5.296143017751659,0.005010883572034828,0.05145490315098655,0.004991430288170439,0.05690482979014816,-5.281677585644223,0.5083894965699439,0.03698947104355099
2010-09,677.4,6.518261940383671,6.48443832359456,654.8710353111135,0.03382361678911128,0.19674702294510601,3443.0,-1.6258365229548524,-1.6410925756298476,0.19376822016092798,0.01525605267499519,0.19378415979512514,0.015289501232264316,-1.6385238269656157,19.426660185224254,0.012687304010763345,0.03811613774476705,17772.0,-3.2671175236721277,-3.302618049698356,0.03678673172772607,0.03550052602622822,0.03667539018632119,0.0392837690649359,-3.288624865989675,3.7305113671081642,0.021507342317547362,0.12314124704599164,5501.0,-2.0944232324917866,-2.107051862116193,0.12159592006424626,0.012628629624406251,0.1216026464194802,0.01265269031402399,-2.105211901446837,12.181985772978955,0.010788668955050262,0.03811613774476705,17772.0,-3.2671175236721277,-3.302618049698356,0.03678673172772607,0.03550052602622822,0.03667539018632119,0.0392837690649359,-3.288624865989675,3.7305113671081642,0.021507342317547362,0.006266767813199623,108094.0,-5.072494557540403,-5.109487889998501,0.006039174853671202,0.036993332458098216,0.00602193153923622,0.04065743231522284,-5.093914877011966,0.6133959124866125,0.021420319471562976,0.005197136741317007,130341.0,-5.259647431715098,-5.294096358630448,0.005021149644594826,0.034448926915350064,0.005002931578571353,0.03881827278579565,-5.280905375926217,0.5087822314970751,0.021257944211119373
2010-10,673.1,6.511893907016668,6.487894795666769,657.1384952039797,0.02399911134989896,0.1948191027496382,3455.0,-1.6356838291851028,-1.6408782647967501,0.19380975123973956,0.005194435611647341,0.19382594054820204,0.005123990104870294,-1.6386190616927645,19.42481018063584,0.0029352325076617003,0.037840116932763665,17788.0,-3.2743854446139196,-3.300709465726811,0.036857009338294375,0.026324021112891227,0.036753358665871434,0.02956895114735124,-3.2880762735338416,3.7325584589587937,0.013690828919922016,0.12220406681190996,5508.0,-2.102062952831878,-2.106716316997244,0.12163672782774795,0.004653364165366103,0.12164402262839588,0.0046039597459295225,-2.105212546942622,12.181977909561018,0.003149594110744225,0.037840116932763665,17788.0,-3.2743854446139196,-3.300709465726811,0.036857009338294375,0.026324021112891227,0.036753358665871434,0.02956895114735124,-3.2880762735338416,3.7325584589587937,0.013690828919922016,0.006213823472392752,108323.0,-5.080978876462311,-5.107676249418207,0.006050125584306546,0.026697372955895915,0.00603403296369954,0.029796076649700614,-5.093514117246787,0.6136417861533079,0.012535240784476542,0.005153115908742918,130620.0,-5.268153716439981,-5.292049699509236,0.005031436749821881,0.02389598306925489,0.005014432868972267,0.02765677463323495,-5.280121288085252,0.5091813178974417,0.011967571645270958
2010-11,665.3,6.500238066747841,6.491351267738977,659.4138060691565,0.008886799008864799,0.19313728336284727,3444.7,-1.644354030179404,-1.640663953963653,0.19385129122006503,-0.0036900762157510147,0.19386772130127894,-0.0037677130237505274,-1.6387089032445485,19.423065103937475,-0.005645126934855416,0.03734912704204794,17813.0,-3.2874457400446433,-3.2988008817552656,0.03692742120766511,0.011355141710622352,0.03683132714542167,0.014058681474654135,-3.287512752947467,3.734662425248745,6.701290282373762e-05,0.12083181983290954,5506.0,-2.113355618954711,-2.1063807718782948,0.1216775492863931,-0.006974847076416157,0.12168539883731157,-0.007014637849387566,-2.1052065611453443,12.182050828629468,-0.008149057809366589,0.03734912704204794,17813.0,-3.2874457400446433,-3.2988008817552656,0.03692742120766511,0.011355141710622352,0.03683132714542167,0.014058681474654135,-3.287512752947467,3.734662425248745,6.701290282373762e-05,0.006133945529309804,108462.0,-5.093917093455068,-5.105864608837913,0.006061096171711121,0.011947515382844998,0.00604613438816286,0.014523517922271295,-5.0930983172094795,0.6138969914844002,-0.0008187762455884595,0.005088375436905827,130749.0,-5.280796666966523,-5.290003040388025,0.005041744930806764,0.009206373421501546,0.00502593415937318,0.01242381526550567,-5.27932271832532,0.5095880970994046,-0.0014739486412036484
2010-12,652.4,6.4806578707468585,6.4948077398111845,661.6969950902641,-0.014149869064326026,0.19020408163265307,3430.0,-1.6596576694131269,-1.6404496431305555,0.19389284010381233,-0.019208026282571344,0.19390950205435584,-0.01910901932316903,-1.6387921962568328,19.421447365711256,-0.020865473156294057,0.03669291338582677,17780.0,-3.305171638321037,-3.29689229778372,0.03699796759232718,-0.008279340537316937,0.036909295624971916,-0.005862540465246656,-3.2869315071391294,3.7368338131228938,-0.018240131181907593,0.11933418693982074,5467.0,-2.1258274281481406,-2.106045226759346,0.12171838444477771,-0.019782201388794718,0.12172677504622725,-0.019655397142476622,-2.105192652293669,12.182220268145896,-0.0206347758544716,0.03669291338582677,17780.0,-3.305171638321037,-3.29689229778372,0.03699796759232718,-0.008279340537316937,0.036909295624971916,-0.005862540465246656,-3.2869315071391294,3.7368338131228938,-0.018240131181907593,0.006009358535057662,108564.0,-5.114437269066883,-5.104052968257618,0.006072086651890872,-0.01038430080926478,0.00605823581262618,-0.008067906083591498,-5.092664655880166,0.6141632726035278,-0.02177261318671686,0.004986623863028357,130830.0,-5.300996178758063,-5.287956381266814,0.005052074230728543,-0.013039797491249061,0.005037435449774093,-0.010086796595679345,-5.278506970508036,0.5100039620747389,-0.022489208250027204
2011-01,635.0,6.453624998892692,6.498264211883393,663.9880895450439,-0.044639212990701616,0.18650140977443608,3404.8,-1.679316480814579,-1.640235332297458,0.19393439789288974,-0.03908114851712097,0.19395128280743273,-0.03841105315293722,-1.6388678289235599,19.419978525402144,-0.040448651891019205,0.0357343837929094,17770.0,-3.331641922256005,-3.294983713812175,0.03706864874925944,-0.036658208443830276,0.03698726410452216,-0.03387328968350435,-3.2863297385003296,3.739083199257174,-0.045312183755675584,0.11700755481850009,5427.0,-2.145516775170713,-2.105709681640397,0.12175923330749948,-0.039807093530316084,0.12176815125514295,-0.039095579489154805,-2.1051695915047937,12.182501202994809,-0.040347183665919495,0.0357343837929094,17770.0,-3.331641922256005,-3.294983713812175,0.03706864874925944,-0.036658208443830276,0.03698726410452216,-0.03387328968350435,-3.2863297385003296,3.739083199257174,-0.045312183755675584,0.005848276370200499,108579.0,-5.141608298725114,-5.102241327677325,0.006083097060917011,-0.03936697104778908,0.0060703372370895,-0.03658130647704691,-5.092210318556687,0.6144423732991119,-0.049397980168426336,0.004853367166780039,130837.0,-5.3280825537288,-5.285909722145602,0.0050624246928547495,-0.042172831583197734,0.005048936740175007,-0.03873480367436502,-5.277671359868075,0.5104303049153702,-0.050411193860725234
2011-02,638.0,6.45833828334479,6.501720683955601,666.2871168056838,-0.043382400610811445,0.18599498571511866,3430.2,-1.6820355641531908,-1.640021021464361,0.19397596458920593,-0.04201454268882987,0.19399306356050963,-0.04122867951356539,-1.6389348504376935,19.41867701265209,-0.043100713715497285,0.03579041848984629,17826.0,-3.3300750613458727,-3.2930751298406293,0.03713946493593173,-0.03699993150524339,0.0370652325840724,-0.03439379724205254,-3.2857047901643215,3.7414206634018328,-0.044370271181551235,0.11704274445055952,5451.0,-2.145216073719491,-2.105374136521448,0.12180009587915766,-0.03984193719804319,0.12180952746405864,-0.03913308845981372,-2.1051363091148656,12.182906672497607,-0.04007976460462537,0.03579041848984629,17826.0,-3.3300750613458727,-3.2930751298406293,0.03713946493593173,-0.03699993150524339,0.0370652325840724,-0.03439379724205254,-3.2857047901643215,3.7414206634018328,-0.044370271181551235,0.005861707796622627,108842.0,-5.13931428498077,-5.10042968709703,0.00609412743492618,-0.03888459788374021,0.00608243866155282,-0.036289862867904615,-5.091732658535442,0.6147359379626663,-0.047581626445328595,0.004868110822008744,131057.0,-5.3250493387074505,-5.283863063024391,0.005072796360541546,-0.041186275683059215,0.00506043803057592,-0.03800603967583557,-5.276813375167952,0.5108684342347162,-0.04823596353949888
2011-03,658.0,6.489204931325317,6.505177156027809,668.5941043391487,-0.015972224702491822,0.1912679495378176,3440.2,-1.6540799568869733,-1.6398067106312635,0.19401754019467013,-0.014273246255709804,0.19403484431358653,-0.014259783007310095,-1.6389926220959927,19.417555195884013,-0.015087334790980567,0.03678032420346562,17890.0,-3.302792245177448,-3.291166545869084,0.03721041641030572,-0.011625699308363657,0.037143201063622636,-0.009769671158267724,-3.2850543548954065,3.7438550069627867,-0.017737890282041313,0.12013876209603798,5477.0,-2.119107853458404,-2.105038591402499,0.12184097216435287,-0.014069262055905085,0.12185090367297433,-0.014051119239389665,-2.105092046780894,12.183445928315766,-0.014015806677510234,0.03678032420346562,17890.0,-3.302792245177448,-3.291166545869084,0.03721041641030572,-0.011625699308363657,0.037143201063622636,-0.009769671158267724,-3.2850543548954065,3.7438550069627867,-0.017737890282041313,0.006031661640281966,109091.0,-5.110732743967527,-5.098618046516736,0.006105177810120522,-0.012114697450790857,0.00609454008601614,-0.010317176496787357,-5.091229410270084,0.6150453806138071,-0.01950333369744328,0.005012073154940091,131283.0,-5.295905646097116,-5.28181640390318,0.005083189277233934,-0.01408924219393537,0.005071939320976833,-0.01180340738485257,-5.275930894145443,0.5113194649166649,-0.019974751951672864
2011-04,664.4,6.49888437773914,6.508633628100017,670.9090797075052,-0.009749250360877149,0.19300488031605856,3442.4,-1.64503980378525,-1.639592399798166,0.19405912471119177,-0.005447403987083987,0.19407662506666343,-0.005522276318627941,-1.6390408377624526,19.416618988089347,-0.005998966022797481,0.03703249540159411,17941.0,-3.295959497680245,-3.2892579618975386,0.03728150343083594,-0.006701535782706269,0.03722116954317288,-0.005069000891009778,-3.28437646782109,3.746393778283034,-0.011583029859155047,0.12113035551504102,5485.0,-2.1108879949701906,-2.1047030462835497,0.12188186216768752,-0.00618494868664099,0.12189227988189001,-0.0062508008512702756,-2.10503635541733,12.18412445992642,-0.005851639552860721,0.03703249540159411,17941.0,-3.295959497680245,-3.2892579618975386,0.03728150343083594,-0.006701535782706269,0.03722116954317288,-0.005069000891009778,-3.28437646782109,3.746393778283034,-0.011583029859155047,0.00607240455887326,109413.0,-5.1040006141528735,-5.096806405936442,0.0061162482227678505,-0.007194208216431797,0.00610664151047946,-0.0056065108042525295,-5.090698675356447,0.6153718933089491,-0.013301938796426604,0.005048747311868811,131597.0,-5.28861512352179,-5.2797697447819685,0.0050936034864659235,-0.008845378739821719,0.005083440611377747,-0.006824767349752274,-5.275022166729402,0.5117843261168592,-0.013592956792388478
2011-05,676.5,6.516932447610842,6.512090100172226,673.2320705682534,0.004842347438616557,0.19509170607913254,3467.6,-1.6342855433836425,-1.6393780889650689,0.1941007181406808,0.005092545581426355,0.19411840581974033,0.005013951434857886,-1.6390793077156876,19.415872046032398,0.004793764332045036,0.03760422456920511,17990.0,-3.280638879333736,-3.2873493779259935,0.037352726256470604,0.006710498592257252,0.037299138022723125,0.008179453002268442,-3.2836693009353133,3.749044040882643,0.0030304216015770713,0.122643219724438,5516.0,-2.09847579130235,-2.104367501164601,0.12192276589376533,0.005891709862250849,0.1219336560908057,0.005819259885915943,-2.1049688940852818,12.184946444918115,0.006493102782931803,0.03760422456920511,17990.0,-3.280638879333736,-3.2873493779259935,0.037352726256470604,0.006710498592257252,0.037299138022723125,0.008179453002268442,-3.2836693009353133,3.749044040882643,0.0030304216015770713,0.006173909869129538,109574.0,-5.087422951465233,-5.094994765356148,0.0061273387092017195,0.007571813890915102,0.00611874293494278,0.009016056855683864,-5.090138705879048,0.6157165792842572,0.002715754413815219,0.005136557253821098,131703.0,-5.2713722189043715,-5.2777230856607575,0.005104039031860702,0.0063508667563860755,0.00509494190177866,0.008167973814953561,-5.274085596974853,0.5122638723667557,0.0027133780704815536
2011-06,667.2,6.503089851044537,6.515546572244434,675.5631046746545,-0.012456721199896492,0.19237090217109246,3468.3,-1.6483299883048488,-1.6391637781319714,0.19414232048504765,-0.009166210172877332,0.19416018657281722,-0.009215506192633983,-1.6391078885226302,19.4153171326718,-0.009222099782218551,0.037013203151004107,18026.0,-3.296480588071818,-3.2854407939544483,0.03742408514665269,-0.011039794117369883,0.03737710650227336,-0.009735995782528593,-3.2829311156072483,3.7518125518992815,-0.013549472464569945,0.1206946454413893,5528.0,-2.114491514402969,-2.104031956045652,0.1219636833471917,-0.010459558357316823,0.12197503229972138,-0.01049712251918793,-2.104889366997397,12.185915516758133,-0.00960214740557186,0.037013203151004107,18026.0,-3.296480588071818,-3.2854407939544483,0.03742408514665269,-0.011039794117369883,0.03737710650227336,-0.009735995782528593,-3.2829311156072483,3.7518125518992815,-0.013549472464569945,0.006078329552597776,109767.0,-5.103025365391808,-5.093183124775853,0.006138449305821587,-0.009842240615954623,0.0061308443594061,-0.008565672806186085,-5.089547856560821,0.6160804825007454,-0.013477508830987084,0.005057188985151329,131931.0,-5.286944486581714,-5.275676426539546,0.005114495957130847,-0.01126806004216796,0.005106443192179573,-0.009645501805185214,-5.273119693820747,0.5127589086968979,-0.013824792760966709
2011-07,672.7,6.51129946503156,6.519003044316642,677.9022098760653,-0.007703579285081474,0.19281148786150362,3488.9,-1.6460423142368699,-1.6389494672988743,0.194183931746203,-0.007092846937995612,0.19420196732589412,-0.007159965903214088,-1.6391263997612908,19.41495773442915,-0.006915914475579044,0.03721715076071923,18075.0,-3.2909855819954053,-3.2835322099829027,0.03749558036132081,-0.007453372012502513,0.037455074981823606,-0.006352255901766034,-3.2821601498231843,3.7547061863082494,-0.008825432172220982,0.12127276005047774,5547.0,-2.1097130550236742,-2.1036964109267027,0.12200461453257362,-0.006016644096971557,0.12201640850863707,-0.006094659458089929,-2.1047974282652215,12.187035925884848,-0.004915626758452696,0.03721715076071923,18075.0,-3.2909855819954053,-3.2835322099829027,0.03749558036132081,-0.007453372012502513,0.037455074981823606,-0.006352255901766034,-3.2821601498231843,3.7547061863082494,-0.008825432172220982,0.0061186251057366095,109943.0,-5.096417863622215,-5.09137148419556,0.006149580049092891,-0.005046379426655534,0.00614294578386942,-0.003959123031278201,-5.088924461169805,0.6164646639700683,-0.007493402452410258,0.0050965210012728045,131992.0,-5.27919712863972,-5.273629767418335,0.005124974306078476,-0.005567361221385347,0.005117944482580487,-0.00418595422060552,-5.272122945269475,0.513270255195899,-0.007074183370245457
2011-08,676.7,6.5172280432381795,6.5224595163888495,680.2494141182694,-0.005231473150669963,0.1938079963340589,3491.6,-1.6408873196230147,-1.6387351564657768,0.19422555192605806,-0.002152163157237874,0.19424374807897102,-0.00224332442728071,-1.6391347321678578,19.414795961781806,-0.0017525874551569398,0.03737641535487435,18105.0,-3.2867153789615617,-3.2816236260113576,0.03756721216091009,-0.0050917529502041425,0.037533043461373844,-0.004173072366505141,-3.281354746117811,3.7577314587025534,-0.005360632843750768,0.12188400576368877,5552.0,-2.1046854589484605,-2.103360865807754,0.12204555945451945,-0.0013245931407066536,0.12205778471755276,-0.0014237433054034168,-2.1046928060909464,12.188311026782134,7.347142485958358e-06,0.03737641535487435,18105.0,-3.2867153789615617,-3.2816236260113576,0.03756721216091009,-0.0050917529502041425,0.037533043461373844,-0.004173072366505141,-3.281354746117811,3.7577314587025534,-0.005360632843750768,0.006145784139208777,110108.0,-5.091988938049968,-5.089559843615266,0.006160730975547212,-0.0024290944347020726,0.00615504720833274,-0.0015049550085372058,-5.088266957467167,0.6168701250506479,-0.0037219805828012653,0.00512166508987701,132125.0,-5.274275679934359,-5.271583108297124,0.005135474122595458,-0.0026925716372350195,0.005129445772981401,-0.0015168662363825207,-5.271093945996214,0.5137986817441222,-0.003181733938144582
2011-09,677.3,6.518114306220858,6.525915988461058,682.6047454438121,-0.0078016822402000585,0.19307297605473203,3508.0,-1.6446870472712158,-1.6385208456326794,0.1942671810265244,-0.006166201638536428,0.19428552883204792,-0.006241086428851257,-1.6391328298420573,19.414832895084203,-0.0055542174291585145,0.037320916905444125,18148.0,-3.288201334562997,-3.279715042039812,0.03763898080635331,-0.00848629252318478,0.03761101194092409,-0.007713034574438409,-3.2805133151232893,3.7608946610426095,-0.0076880194397075385,0.1212929799426934,5584.0,-2.1095463382213504,-2.1030253206888045,0.12208651811763929,-0.006521017532545859,0.12209916092646844,-0.006602674233449828,-2.104575266605981,12.189743718780113,-0.004971071615369471,0.037320916905444125,18148.0,-3.288201334562997,-3.279715042039812,0.03763898080635331,-0.00848629252318478,0.03761101194092409,-0.007713034574438409,-3.2805133151232893,3.7608946610426095,-0.0076880194397075385,0.006137131776623988,110361.0,-5.093397783323389,-5.087748203034971,0.006171902121782368,-0.005649580288417333,0.00616714863279606,-0.00486721789263304,-5.087573841033535,0.617297836081386,-0.005823942289853612,0.00511772350843257,132344.0,-5.275045566065994,-5.269536449175912,0.0051459954506635885,-0.0055091168900816,0.005140947063382314,-0.00451736901069453,-5.270031345260891,0.5143449347741883,-0.005014220805102276
2011-10,677.4,6.518261940383671,6.529372460533266,684.9682319923327,-0.011110520149594905,0.19336054577113007,3503.3,-1.6431987200260911,-1.6383065347995822,0.19430881904951397,-0.004892185226508916,0.1943273095851248,-0.004974925120193941,-1.6391206504066673,19.415069358227047,-0.0040780696194238075,0.037281232801320854,18170.0,-3.289265221006546,-3.277806458068267,0.03771088655908163,-0.011458762938278966,0.03768898042047433,-0.010818748997836296,-3.2796343088346878,3.764201964457734,-0.009630912171858075,0.12122405153901217,5588.0,-2.110114779993181,-2.1026897755698557,0.1221274905265446,-0.0074250044233252765,0.12214053713538414,-0.007503533371202673,-2.104444575885043,12.191336909280105,-0.0056702041081377885,0.037281232801320854,18170.0,-3.289265221006546,-3.277806458068267,0.03771088655908163,-0.011458762938278966,0.03768898042047433,-0.010818748997836296,-3.2796343088346878,3.764201964457734,-0.009630912171858075,0.00612726697119081,110555.0,-5.095006473282585,-5.085936562454678,0.006183093524462525,-0.009069910827907535,0.00617925005725938,-0.008412523459460964,-5.086843636168528,0.6177487545758547,-0.00816283711405763,0.00511040866672199,132553.0,-5.27647590404607,-5.267489790054701,0.005156538334354753,-0.008986113991368505,0.005152448353783227,-0.008159167093905698,-5.268933816873849,0.5149097528360658,-0.007542087172220491
2011-11,680.7,6.523121680453905,6.532828932605474,687.3399020009043,-0.009707252151568646,0.1941085890270332,3506.8,-1.6393375392605247,-1.6380922239664848,0.19435046599693925,-0.0012453152940399281,0.1943690903382017,-0.0013402404194783868,-1.6390981943410807,19.415505349193225,-0.0002393449194439956,0.03746078916955589,18171.0,-3.284460515195151,-3.2758978740967217,0.0377829296810257,-0.008562641098429413,0.03776694890002457,-0.008106551876328028,-3.278716238568211,3.767659353178369,-0.0057442766269399925,0.12170570355801896,5593.0,-2.106149414367682,-2.102354230450907,0.12216847668584856,-0.0037951839167753576,0.12218191334429983,-0.0038975472985018677,-2.104300538359885,12.193093045748627,-0.0018488760077972621,0.03746078916955589,18171.0,-3.284460515195151,-3.2758978740967217,0.0377829296810257,-0.008562641098429413,0.03776694890002457,-0.008106551876328028,-3.278716238568211,3.767659353178369,-0.0057442766269399925,0.006147996278868126,110719.0,-5.091629058564896,-5.084124921874383,0.0061943052203183545,-0.007504136690513086,0.0061913514817227,-0.007002542656891954,-5.086074912109584,0.6182238154778575,-0.005554146455311937,0.0051300022609088855,132690.0,-5.272649179076576,-5.26544313093349,0.005167102817831147,-0.007206048143086008,0.005163949644184141,-0.0065739183404874175,-5.267800073335404,0.5154938594922335,-0.004849105741172366
2011-12,683.7,6.5275192249197485,6.536285404677683,689.71978380437,-0.008766179757934367,0.19418882072256305,3520.8,-1.6389242905771335,-1.6378779131333876,0.19439212187071297,-0.0010463774437459161,0.1944108710912786,-0.001142170535367355,-1.639065493591277,19.416140261156954,0.00014120301414344283,0.03751440329218107,18225.0,-3.2830303319571104,-3.273989290125176,0.0378551104346166,-0.009041041831934216,0.03784491737957481,-0.00873338113223405,-3.277757689952658,3.7712725692802236,-0.0052726420044524325,0.12184993762252719,5611.0,-2.1049650108312234,-2.1020186853319576,0.12220947660016585,-0.0029463254992658783,0.12222328955321551,-0.003054670939172931,-2.1041430022138328,12.195014049945337,-0.0008220086173906793,0.03751440329218107,18225.0,-3.2830303319571104,-3.273989290125176,0.0378551104346166,-0.009041041831934216,0.03784491737957481,-0.00873338113223405,-3.277757689952658,3.7712725692802236,-0.0052726420044524325,0.006163124019687382,110934.0,-5.089171483938659,-5.082313281294089,0.006205537246147105,-0.006858202644569822,0.00620345290618602,-0.006501038552001079,-5.085266301079,0.618723920242288,-0.0039051828596594618,0.005144934079826621,132888.0,-5.269742722251165,-5.263396471812278,0.005177688945345442,-0.006346250438886258,0.005175450934585054,-0.005896462964126149,-5.266628885340988,0.5160979533963778,-0.0031138369101766372
2012-01,687.2,6.532625370670046,6.539741876749891,692.1079058356785,-0.007116506079844598,0.19467422096317283,3530.0,-1.6364277792572968,-1.6376636023002902,0.1944337866727484,0.0012358230429934114,0.1944526518443555,0.0011394502297385537,-1.6390225819500326,19.416973457478974,0.0025948026927358203,0.03757860775414229,18287.0,-3.281320333204587,-3.272080706153631,0.037927429082786665,-0.009239627050956045,0.03792288585912505,-0.009078373050555207,-3.2767572929399487,3.77504722685592,-0.004563040264638385,0.12214717383576254,5626.0,-2.1025286183797567,-2.1016831402130087,0.12225049027411256,-0.0008454781667479594,0.1222646657621312,-0.0009609638699478638,-2.1039718298962313,12.197101677430368,0.0014432115164746406,0.03757860775414229,18287.0,-3.281320333204587,-3.272080706153631,0.037927429082786665,-0.009239627050956045,0.03792288585912505,-0.009078373050555207,-3.2767572929399487,3.77504722685592,-0.004563040264638385,0.006174303683737646,111300.0,-5.087359166593591,-5.080501640713795,0.006216789638812776,-0.006857525879795823,0.00621555433064934,-0.00663668028904262,-5.084416478155137,0.6192499494974538,-0.0029426884384538,0.005157378082644133,133246.0,-5.267326952145747,-5.261349812691067,0.005188296761240959,-0.005977139454679481,0.005186952224985967,-0.005701641553468252,-5.265419061001973,0.5167227191138938,-0.0019078911437739876
2012-02,687.2,6.532625370670046,6.543198348822099,694.5042966262286,-0.010572978152052492,0.19455847795928768,3532.1,-1.637022503223793,-1.6374492914671928,0.19447546040495914,0.00042678824339970056,0.1944944325974324,0.0003292914917921719,-1.6389694921205948,19.418004328652174,0.0019469888968017823,0.0375191089757589,18316.0,-3.2829049031069406,-3.2701721221820854,0.03799988588897064,-0.012732780924855192,0.0380008543386753,-0.012677224533504805,-3.2757137181659695,3.778988827232092,-0.0071911849409711515,0.122082074968911,5629.0,-2.1030617147939807,-2.1013475950940594,0.12229151771230656,-0.0017141196999213015,0.12230604197104689,-0.001831201456007376,-2.1037868901990846,12.199357614320371,0.0007251754051038617,0.0375191089757589,18316.0,-3.2829049031069406,-3.2701721221820854,0.03799988588897064,-0.012732780924855192,0.0380008543386753,-0.012677224533504805,-3.2757137181659695,3.778988827232092,-0.0071911849409711515,0.006159803517326689,111562.0,-5.089710398483289,-5.078690000133501,0.006228062435246186,-0.011020398349788074,0.00622765575511266,-0.010895309640432138,-5.083524148548941,0.6198027711739181,-0.0061862499343483535,0.005147218539574111,133509.0,-5.269298799610395,-5.2593031535698564,0.005198926309951881,-0.009995646040538375,0.005198453515386881,-0.009855811090956115,-5.264169432456249,0.5173688341917654,-0.00512936715414547
2012-03,687.4,6.532916364415733,6.546654820894307,696.9089848062074,-0.01373845647857408,0.1948633631931058,3527.6,-1.6354566675982922,-1.6372349806340956,0.1945171430692592,0.001778313035803336,0.1945362133505093,0.0016816912232533435,-1.6389062367845852,19.419232659889463,0.0034495691862930222,0.037452326468344774,18354.0,-3.284686448963225,-3.2682635382105403,0.03807248111710644,-0.01642291075268476,0.038078822818225534,-0.01645261863454725,-3.2746256714752504,3.78310278120097,-0.010060777487974626,0.12220444444444443,5625.0,-2.1020598626568874,-2.1010120499751106,0.12233255891936706,-0.001047812681776783,0.12234741817996257,-0.001168588088289979,-2.1035880407785053,12.201783690717368,0.0015281781216178736,0.037452326468344774,18354.0,-3.284686448963225,-3.2682635382105403,0.03807248111710644,-0.01642291075268476,0.038078822818225534,-0.01645261863454725,-3.2746256714752504,3.78310278120097,-0.010060777487974626,0.006148204463127767,111805.0,-5.091595197006512,-5.0768783595532065,0.006239355672445143,-0.014716837453305764,0.00623975717957598,-0.01467248064522194,-5.082588040177286,0.6203832453877854,-0.009007156829226481,0.0051395161049137186,133748.0,-5.27079634695969,-5.257256494448645,0.005209577636003426,-0.013539852511045503,0.005209954805787794,-0.013520021478079736,-5.2628788465630905,0.5180369741640063,-0.007917500396599664
2012-04,681.5,6.524296251136588,6.550111292966515,699.3219991049311,-0.025815041829927665,0.19339368313516275,3523.9,-1.6430273586723576,-1.6370206698009981,0.19455883466756313,-0.006006688871359467,0.1945779941035862,-0.006086561709506383,-1.6388328136005625,19.4206585341281,-0.004194545071795064,0.03710863054723659,18365.0,-3.2939057071171804,-3.266354954238995,0.0381452150316363,-0.027550752878185314,0.03815679129777578,-0.02746983472376737,-3.2734919141998597,3.787394333832518,-0.020413792917320706,0.1213065147739409,5618.0,-2.1094347565276017,-2.1006765048561618,0.12237361389991494,-0.008758251671439954,0.12238879438887826,-0.00884296328223089,-2.103375133695116,12.20438181346466,-0.006059622832485623,0.03710863054723659,18365.0,-3.2939057071171804,-3.266354954238995,0.0381452150316363,-0.027550752878185314,0.03815679129777578,-0.02746983472376737,-3.2734919141998597,3.787394333832518,-0.020413792917320706,0.006090585732925805,111894.0,-5.101011022422914,-5.075066718972913,0.006250669387474521,-0.025944303450001094,0.0062518586040393,-0.025795988253684666,-5.081606928690456,0.6209922091979189,-0.019404093732457994,0.005092471511302074,133825.0,-5.279992004124995,-5.255209835327434,0.0052202507840120186,-0.0247821687975609,0.005221456096188708,-0.024702799853240916,-5.26154618976022,0.5187277998763161,-0.01844581436477455
2012-05,679.8,6.521798637262015,6.553567765038723,701.7433683511914,-0.03176912777670804,0.19353736654804268,3512.5,-1.6422846763799857,-1.6368063589679007,0.19460053520178572,-0.005478317412084932,0.1946197748566631,-0.005561656360036407,-1.6387491936100398,19.422282557310126,-0.0035354827699458635,0.037012032449501825,18367.0,-3.2965122178665194,-3.2644463702674495,0.0382180878975076,-0.03206584759906983,0.038234759777326016,-0.03197946933484575,-3.2723112853013214,3.7918684816676125,-0.024200932565197952,0.12130620985010705,5604.0,-2.1094372701948823,-2.1003409597372125,0.12241468265857267,-0.009096310457669787,0.12243017059779394,-0.009180422948027357,-2.103148009218043,12.207154042110618,-0.006289260976839461,0.037012032449501825,18367.0,-3.2965122178665194,-3.2644463702674495,0.0382180878975076,-0.03206584759906983,0.038234759777326016,-0.03197946933484575,-3.2723112853013214,3.7918684816676125,-0.024200932565197952,0.006068505012453022,112021.0,-5.104642995439288,-5.073255078392618,0.006262003617466424,-0.03138791704666932,0.00626396002850262,-0.03120310716547164,-5.080579659238404,0.6216304632977319,-0.024063336200883967,0.005075710061822417,133932.0,-5.2832888501817,-5.253163176206222,0.005230945798685512,-0.03012567397547805,0.005232957386589621,-0.0300494181684297,-5.260170409577186,0.5194419464454807,-0.023118440604513957
2012-06,682.0,6.525029657843462,6.557024237110931,704.1731214735979,-0.03199457926746874,0.19336546640204139,3527.0,-1.64317327239259,-1.6365920481348035,0.19464224467384217,-0.006581224257786511,0.19466155560974,-0.00665816731834315,-1.6386553802198465,19.424104712952083,-0.004517892172743565,0.03708335598934261,18391.0,-3.294587035655519,-3.2625377862959044,0.03829109998017386,-0.03204924935961451,0.03831272825687626,-0.03208782886175701,-3.2710827812549934,3.796529669998616,-0.023504254400525504,0.12133072407045009,5621.0,-2.1092352051586127,-2.1000054146182636,0.12245576519996408,-0.009229790540349114,0.12247154680670963,-0.009315002267914844,-2.1029065543727588,12.210101874471096,-0.006328650785853984,0.03708335598934261,18391.0,-3.294587035655519,-3.2625377862959044,0.03829109998017386,-0.03204924935961451,0.03831272825687626,-0.03208782886175701,-3.2710827812549934,3.796529669998616,-0.023504254400525504,0.00608477646030174,112083.0,-5.101965289404497,-5.0714434378123245,0.006273358399620265,-0.030521851592172133,0.00627606145296594,-0.030478508551537914,-5.0795052266940255,0.6222987222333632,-0.022460062710471185,0.005089058524173028,134013.0,-5.280662431309316,-5.251116517085011,0.0052416627248233335,-0.02954591422430486,0.005244458676990535,-0.029631304656724127,-5.258750595872349,0.5201799810517537,-0.021911835436966953
2012-07,678.0,6.519147287940395,6.56048070918314,706.6112875009244,-0.04133342124274453,0.19244415429593256,3523.1,-1.647949274897232,-1.636377737301706,0.1946839630856483,-0.011571537595525871,0.1947033363628169,-0.011603201614760686,-1.6385514041167712,19.42612446066679,-0.009397870780460726,0.03679383513322841,18427.0,-3.3024249713944656,-3.260629202324359,0.03836425154559577,-0.041795769070106736,0.0383906967364265,-0.041595014911071565,-3.2698055852718246,3.801381680267571,-0.032619386122640925,0.12038352272727272,5632.0,-2.117072609897483,-2.0996698694993143,0.1224968615287148,-0.017402740398168692,0.12251292301562533,-0.017381025902720688,-2.102650704712986,12.21322622454638,-0.014421905184497152,0.03679383513322841,18427.0,-3.3024249713944656,-3.260629202324359,0.03836425154559577,-0.041795769070106736,0.0383906967364265,-0.041595014911071565,-3.2698055852718246,3.801381680267571,-0.032619386122640925,0.006040411959659314,112244.0,-5.109283064119677,-5.06963179723203,0.006284733771202933,-0.039651266887647196,0.00628816287742926,-0.03939957068529888,-5.07838281160411,0.622997591847163,-0.030900252515567495,0.00505378027236745,134157.0,-5.287618746947105,-5.2490698579638,0.00525240160731671,-0.03854888898330522,0.005255959967391448,-0.03846674941939125,-5.257286016887098,0.5209423838838546,-0.030332730060007584
2012-08,683.8,6.5276654772052005,6.563937181255348,709.0578955624541,-0.036271704050147235,0.19366715758468334,3530.8,-1.641614275940877,-1.636163426468609,0.19472569043912008,-0.005450849472268038,0.19474511711589382,-0.005535232652683058,-1.638437330847882,19.428340588583946,-0.0031769450929950427,0.0370824295010846,18440.0,-3.294612019905384,-3.2587206183528137,0.03843754286024208,-0.0358914015525702,0.03846866521597674,-0.036035451376056994,-3.2684790619227515,3.80642764788218,-0.026132957982632377,0.12106940509915014,5648.0,-2.111391301967877,-2.0993343243803655,0.12253797164945178,-0.012056977587511675,0.12255429922454102,-0.012116214076425762,-2.1023804446246284,12.21652741821531,-0.009010857343248801,0.0370824295010846,18440.0,-3.294612019905384,-3.2587206183528137,0.03843754286024208,-0.0358914015525702,0.03846866521597674,-0.036035451376056994,-3.2684790619227515,3.80642764788218,-0.026132957982632377,0.006082385277034058,112423.0,-5.102358344637934,-5.067820156651736,0.00629612976954887,-0.03453818798619768,0.00630026430189258,-0.034582521370265684,-5.077211767818395,0.6237275766442694,-0.025146576819539135,0.005090107861454976,134339.0,-5.280456257788634,-5.247023198842588,0.005263162491148839,-0.03343305894604587,0.0052674612577923614,-0.033669615713835525,-5.255776109935626,0.5217295525367573,-0.024680147853008094
2012-09,691.9,6.539441436504766,6.567393653327556,711.5129748883303,-0.02795221682278992,0.1954078174423859,3540.8,-1.6326665327920198,-1.6359491156355115,0.19476742673617412,0.0032825828434916993,0.19478689786897072,0.003187686544671266,-1.6383132984746813,19.430750481223757,0.0056467656826615364,0.03751762281748183,18442.0,-3.282944514594321,-3.2568120343812685,0.0385109741910906,-0.026132480213052478,0.03854663369552698,-0.02669522029272703,-3.2671028274715046,3.811669791129048,-0.015841687122816417,0.12222222222222222,5661.0,-2.1019143975318944,-2.0989987792614166,0.12257909556680366,-0.0029156182704777045,0.1225956754334567,-0.0030462184731564162,-2.1020958697737235,12.220004429395427,0.00018147224182918364,0.03751762281748183,18442.0,-3.282944514594321,-3.2568120343812685,0.0385109741910906,-0.026132480213052478,0.03854663369552698,-0.02669522029272703,-3.2671028274715046,3.811669791129048,-0.015841687122816417,0.006145196816825352,112592.0,-5.092084507701565,-5.066008516071442,0.006307546432060238,-0.02607599163012342,0.0063123657263559,-0.026482766806836217,-5.075991687614495,0.6244890387411154,-0.016092820087069803,0.005143587799311611,134517.0,-5.270004427584255,-5.244976539721377,0.005273945421395061,-0.025027887862878018,0.005278962548193275,-0.02564419573842151,-5.254220546380973,0.5225417675763445,-0.015783881203282668
2012-10,696.2,6.545636975377339,6.5708501253997635,713.9765548099042,-0.025213150022424635,0.19591951597017027,3553.5,-1.6300513368896112,-1.635734804802414,0.19480917197872727,0.005683467912802831,0.1948286786220476,0.005598956764670113,-1.6381794695721386,19.433351051248078,0.008128132682527323,0.03773032733579016,18452.0,-3.2772910693003725,-3.254903450409723,0.03858454580562922,-0.022387618890649552,0.038624602175077224,-0.023152985116416308,-3.26567669982501,3.8171095968041433,-0.01161436947536254,0.12270003524850194,5674.0,-2.0980126399914583,-2.0986632341424674,0.12262023328540068,0.0006505941510090985,0.12263705164237239,0.0005135773021779855,-2.1017971453545297,12.2236553884093,0.0037845053630714,0.03773032733579016,18452.0,-3.2772910693003725,-3.254903450409723,0.03858454580562922,-0.022387618890649552,0.038624602175077224,-0.023152985116416308,-3.26567669982501,3.8171095968041433,-0.01161436947536254,0.006173846726850292,112766.0,-5.087433178793373,-5.064196875491148,0.006318983796206996,-0.023236303302224925,0.00632446715081922,-0.023815512101982874,-5.074722357302257,0.6252822249087747,-0.012710821491116242,0.005169712405973164,134669.0,-5.264938219480406,-5.242929880600166,0.005284750443223083,-0.022008338880239897,0.0052904638385941885,-0.02282435648461239,-5.252619188019417,0.5233792145525149,-0.012319031460989116
2012-11,696.7,6.546354902036073,6.574306597471972,716.4486647600855,-0.027951695435898927,0.19586730390778748,3557.0,-1.630317869912382,-1.6355204939693169,0.19485092616869681,0.005202624056934946,0.1948704593751245,0.00511542147465279,-1.6380359631444996,19.436140062150205,0.007718093232117695,0.03774515115397118,18458.0,-3.2768982577894485,-3.252994866438178,0.038658257971856784,-0.02390339135127073,0.03870257065462747,-0.0247378787626298,-3.2642006191254347,3.8227481190412993,-0.012697638664013855,0.12257213230119635,5684.0,-2.099055587180918,-2.0983276890235185,0.12266138480987446,-0.0007278981573994869,0.12267842785128807,-0.0008664567353323183,-2.1014844351610558,12.22747844777443,0.0024288479801377605,0.03774515115397118,18458.0,-3.2768982577894485,-3.252994866438178,0.038658257971856784,-0.02390339135127073,0.03870257065462747,-0.0247378787626298,-3.2642006191254347,3.8227481190412993,-0.012697638664013855,0.006168652936905669,112942.0,-5.0882747895517575,-5.062385234910854,0.006330441899527067,-0.025889554640903256,0.00633656857528254,-0.026499458876192216,-5.073403687364518,0.6261073096690379,-0.014871102187239416,0.005167439273131838,134825.0,-5.265378018169354,-5.2408832214789545,0.005295577601893146,-0.024494796690399667,0.0053019651289951016,-0.025372829241666662,-5.250972018436446,0.524242019272853,-0.014405999732908015
2012-12,705.1,6.558339636724995,6.57776306954418,718.9293342736926,-0.01942343281918557,0.19673549107142857,3584.0,-1.6258951373698263,-1.6353061831362194,0.19489268930800058,0.009411045766393178,0.1949122401282014,0.009354214707234076,-1.637882835478938,19.439116500787183,0.011987698109111822,0.03808880726015557,18512.0,-3.267834812708463,-3.2510862824666322,0.038732110958284174,-0.01674853024183065,0.038780539134177706,-0.017837087608008593,-3.262674615131995,3.8285861011960067,-0.005160197576467684,0.1231830887491265,5724.0,-2.0940835039513463,-2.0979921439045692,0.12270255014485834,0.003908639953222881,0.12271980406020376,0.0037751420194205567,-2.1011578737858816,12.231472122005632,0.0070743698345352435,0.03808880726015557,18512.0,-3.267834812708463,-3.2510862824666322,0.038732110958284174,-0.01674853024183065,0.038780539134177706,-0.017837087608008593,-3.262674615131995,3.8285861011960067,-0.005160197576467684,0.006229513990122541,113187.0,-5.078456960442094,-5.06057359433056,0.0063419207796264355,-0.017883366111534293,0.00634866999974586,-0.01876865699872398,-5.072035686361446,0.6269644112209202,-0.006421274080647521,0.0052201015739520564,135074.0,-5.255238418665401,-5.2388365623577435,0.005306426942758206,-0.01640185630765778,0.0053134664193960155,-0.017571362661321175,-5.2492791162718015,0.5251302613634208,-0.0059593023935997635
2013-01,710.4,6.56582819167796,6.581219541616388,721.4185929878082,-0.015391349938427723,0.1974814444166458,3597.3,-1.622110651375537,-1.6350918723031223,0.1949344613985566,0.012981220927585246,0.1949540208812783,0.012964203169252064,-1.6377200833094392,19.442280516639066,0.015609431933902185,0.03827379990302247,18561.0,-3.2629896925211384,-3.249177698495087,0.03880610503393518,-0.013811994026051266,0.038858507613727944,-0.015047096417540021,-3.2610988155795146,3.834623941424468,-0.0018908769416237092,0.12363383223111729,5746.0,-2.0904310478612746,-2.0976565987856204,0.12274372929498707,0.007225550924345736,0.12276118026911945,0.0071085334963772746,-2.100817577080477,12.235635159964877,0.010386529219202245,0.03827379990302247,18561.0,-3.2629896925211384,-3.249177698495087,0.03880610503393518,-0.013811994026051266,0.038858507613727944,-0.015047096417540021,-3.2610988155795146,3.834623941424468,-0.0018908769416237092,0.006265213250079373,113388.0,-5.072742652892666,-5.058761953750266,0.006353420474179265,-0.013980699142400077,0.00636077142420918,-0.015023047953918164,-5.0706184775993695,0.627853580598506,-0.0021241752932965596,0.0052522235448072925,135257.0,-5.2491037596988654,-5.236789903236533,0.005317298511264149,-0.01231385646233285,0.005324967709796929,-0.013660958892915104,-5.247540671322632,0.5260439653959086,-0.0015630883762334236
2013-02,706.0,6.559615237493242,6.584676013688597,723.9164706421324,-0.02506077619535496,0.19476936658574265,3624.8,-1.6359391558596865,-1.6348775614700248,0.19497624244228356,-0.0010615943896616908,0.1949958016343552,-0.001161230378883507,-1.6375476108723177,19.445634063331845,0.0016084550126311825,0.03792436613665664,18616.0,-3.2721614674888855,-3.247269114523542,0.038880240468347586,-0.024892352965343534,0.03893647609327819,-0.02599387664658939,-3.2594733880191558,3.8408619131746717,-0.012688079469729718,0.12206085753803596,5784.0,-2.1032355263453586,-2.0973210536666715,0.12278492226489708,-0.005914472678687055,0.12280255647803513,-0.006039767910954178,-2.1004636063101243,12.239966983792483,-0.0027719200352342988,0.03792436613665664,18616.0,-3.2721614674888855,-3.247269114523542,0.038880240468347586,-0.024892352965343534,0.03893647609327819,-0.02599387664658939,-3.2594733880191558,3.8408619131746717,-0.012688079469729718,0.006211234768838253,113665.0,-5.081395567240205,-5.056950313169971,0.006364941020928052,-0.024445254070233347,0.0063728728486725,-0.025363455959727367,-5.069152233931482,0.6287748421673405,-0.012243333308722626,0.005208563882372036,135546.0,-5.257451107592035,-5.234743244115321,0.00532819235294997,-0.022707863476714607,0.0053364690001978425,-0.02396811783616933,-5.2457569193683575,0.5269831347207588,-0.011694188223677848
2013-03,706.1,6.5597568705223015,6.588132485760805,726.4229970793355,-0.028375615238503293,0.19364304519526107,3646.4,-1.6417387879691188,-1.6346632506369274,0.19501803244110036,-0.007075537332191351,0.1950375823874321,-0.007150094741232252,-1.6373652019607412,19.44918144380332,-0.004373586008377561,0.037882933633778634,18639.0,-3.2732545682095022,-3.2453605305519964,0.0389545175315741,-0.027894037657505866,0.03901444457282843,-0.029002359291251785,-3.2577985145921824,3.847300260933438,-0.015456053617319832,0.12169941399517409,5802.0,-2.106201094159048,-2.0969855085477223,0.12282612905922637,-0.00921558561132585,0.12284393268695082,-0.009316851607912643,-2.1000959425971346,12.244468002880607,-0.006105151561913491,0.037882933633778634,18639.0,-3.2732545682095022,-3.2453605305519964,0.0389545175315741,-0.027894037657505866,0.03901444457282843,-0.029002359291251785,-3.2577985145921824,3.847300260933438,-0.015456053617319832,0.006203709398255124,113819.0,-5.082607875794075,-5.055138672589678,0.006376482457683709,-0.027469203204397274,0.006384974273135819,-0.02838928821426113,-5.067637144601222,0.6297282142614161,-0.01497073119285286,0.005203811657540405,135689.0,-5.258363910850693,-5.23269658499411,0.005339108513447949,-0.025667325856582934,0.005347970290598756,-0.02695576550074865,-5.243928108249268,0.5279477691353247,-0.014435802601425074
2013-04,707.4,6.56159627677138,6.591588957833013,728.9382022454183,-0.029992681061632886,0.19373921616958342,3651.3,-1.6412422707772407,-1.6344489398038302,0.19505983139692631,-0.006793330973410505,0.195079363140509,-0.006869752645031522,-1.6371726279569596,19.452927211201363,-0.004069642820281105,0.037968976437120924,18631.0,-3.2709858622489736,-3.243451946580451,0.03902893649418329,-0.02753391566852237,0.03909241305237867,-0.02873797055588483,-3.2560744753417077,3.8539388785659963,-0.0149113869072659,0.12204968944099379,5796.0,-2.103327026669193,-2.0966499634287734,0.1228673496826143,-0.00667706324041939,0.12288530889586652,-0.006799994746164813,-2.0997145884520907,12.24913837198307,-0.0036124382171021097,0.037968976437120924,18631.0,-3.2709858622489736,-3.243451946580451,0.03902893649418329,-0.02753391566852237,0.03909241305237867,-0.02873797055588483,-3.2560744753417077,3.8539388785659963,-0.0149113869072659,0.006205045437002211,114004.0,-5.082392537708991,-5.053327032009383,0.006388044822325733,-0.02906550569960764,0.00639707569759914,-0.030018444313391457,-5.066073493322195,0.6307136598349161,-0.016319044386795767,0.005206332383917335,135873.0,-5.257879628132575,-5.230649925872898,0.005350047038483868,-0.027229702259677246,0.00535947158099967,-0.02857356266711853,-5.242054576038588,0.5289378234460761,-0.015825052093987324
2013-05,708.8,6.563573399290871,6.5950454299052215,731.4621161900689,-0.03147203061435011,0.19335479295106114,3665.8,-1.6432284722468764,-1.6342346289707328,0.19510163931168134,-0.00899384327614361,0.1951211438935859,-0.009052586035924817,-1.6369696939900285,19.456875271472974,-0.006258778256847952,0.03796871652024855,18668.0,-3.270992707778835,-3.2415433626089056,0.0391034976272607,-0.029449345169929586,0.039170381531928915,-0.030677899083031666,-3.254301669570517,3.860777223389332,-0.016691038208318076,0.12159890204151655,5829.0,-2.1070273387546785,-2.096314418309824,0.12290858413970206,-0.01071292044485439,0.1229266851047822,-0.010801422507520307,-2.0993195934932265,12.253977675577776,-0.007707745261452015,0.03796871652024855,18668.0,-3.270992707778835,-3.2415433626089056,0.0391034976272607,-0.029449345169929586,0.039170381531928915,-0.030677899083031666,-3.254301669570517,3.860777223389332,-0.016691038208318076,0.0062049163106660124,114232.0,-5.08241334781926,-5.051515391429089,0.0063996281528022865,-0.03089795639017101,0.006409177122062459,-0.03187005250538563,-5.064461679322906,0.631731072661234,-0.017951668496354323,0.005208088408182459,136096.0,-5.257542398762489,-5.228603266751687,0.0053610079738771795,-0.02893913201080167,0.005370972871400583,-0.030326808032387003,-5.24013677219691,0.5299531957671497,-0.01740562656557909
2013-06,710.6,6.566109683586927,6.598501901977429,733.9947690670182,-0.03239221839050277,0.19276258680555555,3686.4,-1.6462959674745907,-1.6340203181376356,0.1951434561872855,-0.01227564933695513,0.1951629246466628,-0.012299148752013163,-1.636756236590569,19.4610289287687,-0.009539730884021713,0.03799796802310037,18701.0,-3.2702225937617935,-3.2396347786373605,0.03917820120240967,-0.030587815124432982,0.03924835001147915,-0.03185820519876831,-3.2524806116383957,3.8678143279189157,-0.017741982123397726,0.12136635354397951,5855.0,-2.108941592444891,-2.0959788731908753,0.12294983243513213,-0.01296271925401582,0.12296806131369789,-0.01302539661605578,-2.0989110352125286,12.258985162484086,-0.010030557232362458,0.03799796802310037,18701.0,-3.2702225937617935,-3.2396347786373605,0.03917820120240967,-0.030587815124432982,0.03924835001147915,-0.03185820519876831,-3.2524806116383957,3.8678143279189157,-0.017741982123397726,0.006209421613261213,114439.0,-5.081687525335516,-5.049703750848795,0.0064112324871303614,-0.031983774486721295,0.00642127854652578,-0.03299295175089263,-5.062802227750416,0.632780270088541,-0.018885297585099714,0.00521430301073533,136279.0,-5.256349850327182,-5.226556607630476,0.0053719913655412175,-0.029793242696706024,0.005382474161801496,-0.031244209634975616,-5.23817526829171,0.5309937211939461,-0.018174582035472397
2013-07,714.2,6.571163035160348,6.601958374049637,736.5361911344057,-0.030795338889289425,0.19358161218626335,3689.4,-1.642056087027131,-1.6338060073045382,0.19518528202565957,-0.00825007972259284,0.1952047053997397,-0.008314826275076586,-1.6365321405822444,19.46539055636294,-0.005523946444886629,0.038225219439092274,18684.0,-3.2642597864616505,-3.237726194665815,0.03925304749175249,-0.026533591795835587,0.0393263184910294,-0.027999037138151914,-3.2506119446940023,3.8750487419505673,-0.013647841767648217,0.12189793480116061,5859.0,-2.1045711843844406,-2.0956433280719264,0.12299109457354875,-0.008927856312514137,0.12300943752261358,-0.009035914185435022,-2.098489050575327,12.264159357528968,-0.00608213380911371,0.038225219439092274,18684.0,-3.2642597864616505,-3.237726194665815,0.03925304749175249,-0.026533591795835587,0.0393263184910294,-0.027999037138151914,-3.2506119446940023,3.8750487419505673,-0.013647841767648217,0.0062334171205138955,114576.0,-5.077830602086373,-5.047892110268501,0.006422857863395866,-0.029938491817872226,0.006433379970989099,-0.03108208303829761,-5.0610958022677455,0.6338609842832289,-0.0167347998186278,0.00523641589254423,136391.0,-5.252118004649524,-5.224509948509264,0.005382997259483382,-0.027608056140259407,0.00539397545220241,-0.029210284891794763,-5.236170770193139,0.5320591645813073,-0.015947234456384685
2013-08,716.2,6.5739594575643325,6.605414846121845,739.0864127551372,-0.03145538855751262,0.19332721481401502,3704.6,-1.6433711121242902,-1.6335916964714408,0.19522711682872448,-0.009779415652849455,0.1952464861528166,-0.009829991702382723,-1.6362973643977514,19.469961102994183,-0.007073747726538793,0.038223835192400066,18737.0,-3.26429600003418,-3.2358176106942698,0.03932803676793126,-0.028478389339910315,0.03940428697057964,-0.029957445469345357,-3.248696448784005,3.8824784955263834,-0.015599551250175203,0.12184416468186458,5878.0,-2.1050123894145303,-2.095307782952977,0.12303237055959769,-0.009704606461553134,0.12305081373152926,-0.009806103779998816,-2.098053853943225,12.269497839937447,-0.006958535471305094,0.038223835192400066,18737.0,-3.26429600003418,-3.2358176106942698,0.03932803676793126,-0.028478389339910315,0.03940428697057964,-0.029957445469345357,-3.248696448784005,3.8824784955263834,-0.015599551250175203,0.006237860906675957,114815.0,-5.077117958788638,-5.0460804696882064,0.006434504319753789,-0.031037489100431692,0.00644548139545242,-0.03221178932002642,-5.059343212257801,0.6349728567556715,-0.017774746530837326,0.0052412803887417125,136646.0,-5.25118946150103,-5.222463289388053,0.005394025701805319,-0.02872617211297701,0.005405476742603323,-0.0303759245817293,-5.234124124007318,0.5331492165359694,-0.01706533749371264
2013-09,718.0,6.576469569048224,6.608871318194054,741.6454643972494,-0.03240174914582994,0.1929225891393718,3721.7,-1.6454662630784953,-1.6333773856383436,0.19526896059840163,-0.012088877440151746,0.1952882669058935,-0.012113773162120768,-1.6360519090928283,19.474740694797646,-0.009414353985667034,0.03821588247817756,18788.0,-3.2645040780986614,-3.2339090267227246,0.03940316930410895,-0.030595051375936766,0.03948225545012988,-0.032074484031234675,-3.2467350092624945,3.8901012155972547,-0.017769068836166912,0.12148900169204738,5910.0,-2.1079315413519195,-2.0949722378340283,0.12307366039792611,-0.012959303517891207,0.12309218994044495,-0.013024288942890967,-2.097605706607872,12.274997614963254,-0.01032583474404758,0.03821588247817756,18788.0,-3.2645040780986614,-3.2339090267227246,0.03940316930410895,-0.030595051375936766,0.03948225545012988,-0.032074484031234675,-3.2467350092624945,3.8901012155972547,-0.017769068836166912,0.006244238429026142,114986.0,-5.076096091755919,-5.044268829107913,0.0064461718944282854,-0.03182726264800628,0.006457582819915739,-0.03303780947750683,-5.057545396230021,0.6361154479113467,-0.01855069552589761,0.00524773243873382,136821.0,-5.249959212113027,-5.220416630266842,0.005405076738703137,-0.029542581846184746,0.005416978033004236,-0.03124354450751816,-5.232036298890008,0.5342635016730104,-0.01792291322301942
2013-10,721.9,6.581886625145115,6.612327790266262,744.213376634271,-0.030441165121146696,0.19316600663598416,3737.2,-1.6442053217736852,-1.6331630748052461,0.19531081333661296,-0.011042246968439029,0.19533004765897038,-0.011078894665322872,-1.6357958303046003,19.479728401391498,-0.008409491469084873,0.038333687340696684,18832.0,-3.2614262043549425,-3.232000442751179,0.039478445373970425,-0.029425761603763423,0.039560223929680116,-0.031004288326669984,-3.2447286318504682,3.8979140619450257,-0.016697572504474234,0.12171640532793795,5931.0,-2.106061486693611,-2.094636692715079,0.123114964093183,-0.011424793978532133,0.12313356614936063,-0.011509134882877256,-2.097144923553318,12.280655029179123,-0.00891656314029321,0.038333687340696684,18832.0,-3.2614262043549425,-3.232000442751179,0.039478445373970425,-0.029425761603763423,0.039560223929680116,-0.031004288326669984,-3.2447286318504682,3.8979140619450257,-0.016697572504474234,0.006265894749633281,115211.0,-5.072633883651415,-5.042457188527618,0.006457860625712841,-0.030176695123796726,0.00646968424437906,-0.03149914076917031,-5.055703429844669,0.6372882309654958,-0.016930453806746293,0.005267766580804285,137041.0,-5.246148804965784,-5.218369971145631,0.005416150416467591,-0.027778833820153004,0.00542847932340515,-0.029605481208695796,-5.2299083956739585,0.5354015731199546,-0.01624040929182513
2013-11,729.6,6.592496438760121,6.61578426233847,746.7901801455921,-0.023287823578348466,0.19417165668662675,3757.5,-1.639012682867008,-1.6329487639721487,0.19535267504528067,-0.006063918894859244,0.19537182841204728,-0.0061430132234280834,-1.6355292563118133,19.484921882562613,-0.003483426555194624,0.03863383637807784,18885.0,-3.2536267963864356,-3.230091858779634,0.03955386525172333,-0.023534937606801698,0.03963819240923036,-0.025338088598577044,-3.242678459375936,3.9059136555342135,-0.010948337010499465,0.12235451953714574,5963.0,-2.100832550362984,-2.09430114759613,0.12315628165001863,-0.006531402766853933,0.12317494235827632,-0.00666063085090988,-2.0966718994382645,12.28646544928265,-0.004160650924719622,0.03863383637807784,18885.0,-3.2536267963864356,-3.230091858779634,0.03955386525172333,-0.023534937606801698,0.03963819240923036,-0.025338088598577044,-3.242678459375936,3.9059136555342135,-0.010948337010499465,0.00631830541940177,115474.0,-5.064304236618096,-5.0406455479473244,0.006469570551970358,-0.023658688670771255,0.006481785668842379,-0.025221483367839633,-5.053818531900086,0.6384905870454194,-0.010485704718009359,0.005313253275268175,137317.0,-5.237550961791621,-5.21632331202442,0.005427246781484258,-0.021227649767201484,0.005439980613806063,-0.02329554965991388,-5.227741653486002,0.5365629079982193,-0.009809308305618991
2013-12,717.1,6.575215300888529,6.619240734410678,749.3759057168285,-0.04402543352214838,0.1916303679752011,3742.1,-1.6521869292656126,-1.6327344531390515,0.1953945457263274,-0.01945247612656109,0.19541360916512418,-0.01936017253908983,-1.6352523802812644,19.49031753731828,-0.016934548984348208,0.03802630183476509,18858.0,-3.2694772051370933,-3.2281832748080883,0.03962942921209922,-0.04129393032900497,0.039716160888780605,-0.042548398843174275,-3.2405857635062025,3.9140961036101642,-0.028891441630890746,0.12088671611598112,5932.0,-2.1129014023692934,-2.0939656024771813,0.12319761307308502,-0.018935799892112026,0.12321631856719202,-0.0189066065136537,-2.096187097722054,12.292423392912577,-0.01671430464723933,0.03802630183476509,18858.0,-3.2694772051370933,-3.2281832748080883,0.03962942921209922,-0.04129393032900497,0.039716160888780605,-0.042548398843174275,-3.2405857635062025,3.9140961036101642,-0.028891441630890746,0.006205864026585434,115552.0,-5.082260623188655,-5.03883390736703,0.0064813017116333235,-0.04342671582162527,0.0064938870933057,-0.04435295264329103,-5.051892051830837,0.6397218120201633,-0.03036857135781812,0.005220132195789535,137372.0,-5.255232552544363,-5.214276652903209,0.005438365880233764,-0.04095589964115387,0.005451481904206977,-0.04243794852164987,-5.225537436764772,0.5377469133548421,-0.02969511577959061
2014-01,726.0,6.587550014824796,6.622697206482886,751.9705842401897,-0.03514719165809055,0.1926291490885935,3768.9,-1.6469884458536856,-1.632520142305954,0.19543642538167633,-0.014468303547731542,0.19545538991820108,-0.014459774329018906,-1.6349654222580416,19.49591124285173,-0.012023023595644,0.038384265623347784,18914.0,-3.2601076527506616,-3.226274690836543,0.039705137530354435,-0.03383296191411844,0.03979412936833084,-0.03542893807107798,-3.23845190038648,3.922457166441932,-0.021655752364181602,0.12130325814536341,5985.0,-2.1094616031672775,-2.093630057358232,0.12323895836703576,-0.015831545809045444,0.1232576947761077,-0.015856508060567286,-2.095691013967817,12.298522977285268,-0.013770589199460392,0.038384265623347784,18914.0,-3.2601076527506616,-3.226274690836543,0.039705137530354435,-0.03383296191411844,0.03979412936833084,-0.03542893807107798,-3.23845190038648,3.922457166441932,-0.021655752364181602,0.0062723007939730615,115747.0,-5.071612038861243,-5.037022266786736,0.00649305414320389,-0.034589772074506975,0.006505988517769019,-0.03591886508218003,-5.049925419979698,0.64098114723003,-0.021686618881544995,0.005277658638713007,137561.0,-5.244272719250087,-5.212229993781997,0.005449507759291962,-0.03204272546808973,0.00546298319460789,-0.03392369137759806,-5.2232971856380095,0.538952951893598,-0.020975533612077157
2014-02,727.8,6.59002628517806,6.626153678555094,754.5742467148467,-0.03612739337703452,0.19249385067047528,3780.9,-1.6476910703334964,-1.632305831472857,0.19547831401325083,-0.015385238860639472,0.19549717067127798,-0.015362472973343835,-1.6346687329550493,19.50169632931377,-0.013022337378447046,0.03837393229990509,18966.0,-3.2603768962656132,-3.2243661068649976,0.039780990482271246,-0.03601078940061564,0.03987209784788109,-0.037574284495682994,-3.2362784490897716,3.93099170740149,-0.024098447175841642,0.12115864824371565,6007.0,-2.110654449672102,-2.093294512239283,0.12328031753652582,-0.01735993743281883,0.12329907098502339,-0.017359601529907134,-2.095184272707084,12.304756725639287,-0.015470176965017846,0.03837393229990509,18966.0,-3.2603768962656132,-3.2243661068649976,0.039780990482271246,-0.03601078940061564,0.03987209784788109,-0.037574284495682994,-3.2362784490897716,3.93099170740149,-0.024098447175841642,0.006280255766393124,115887.0,-5.070344572198694,-5.035210626206442,0.006504827885254043,-0.035133945992251725,0.00651808994223234,-0.036488323718614143,-5.047920301014844,0.64226768007912,-0.022424271183850486,0.005284942488672011,137712.0,-5.242893541711196,-5.210183334660786,0.005460672465330112,-0.03271020705041039,0.005474484485008804,-0.03462280272340352,-5.221022569362437,0.5401802583461981,-0.021870972348759565
2014-03,736.0,6.601230118728877,6.629610150627302,757.1869242473052,-0.02838003189842553,0.19343478146600435,3804.9,-1.6428148700126175,-1.6320915206397595,0.19552021162297495,-0.010723349372858015,0.19553895142435487,-0.010760873693058207,-1.6343627558554354,19.507664314781046,-0.008452114157182056,0.03871035607216115,19013.0,-3.25164811598071,-3.2224575228934524,0.0398569883441587,-0.029190593087257355,0.039950066327431324,-0.03103149429363866,-3.234067155785934,3.9396939010467644,-0.01758096019477584,0.12189466710831401,6038.0,-2.104597991537908,-2.092958967120334,0.12332169058621198,-0.011639024417573918,0.12334044719393908,-0.011721865118193892,-2.0946676047259323,12.311115842089755,-0.009930386811975556,0.03871035607216115,19013.0,-3.25164811598071,-3.2224575228934524,0.0398569883441587,-0.029190593087257355,0.039950066327431324,-0.03103149429363866,-3.234067155785934,3.9396939010467644,-0.01758096019477584,0.006336524554032647,116152.0,-5.061424838434648,-5.033398985626148,0.006516622976425711,-0.028025852808499785,0.006530191366695659,-0.029657142002104914,-5.045878526939471,0.6435803852454057,-0.015546311495176823,0.005333913106497083,137985.0,-5.233670143850491,-5.208136675539574,0.0054718600451151116,-0.02553346831091652,0.005485985775409717,-0.027720208388851805,-5.218715419043031,0.5414279741823133,-0.01495472480745974
2014-04,743.1,6.610830625163423,6.633066622699511,759.8086480517758,-0.022235997536087737,0.19370731453000367,3836.2,-1.641406947124164,-1.631877209806662,0.19556211821277295,-0.00952973731750184,0.19558073217743177,-0.009578743399572336,-1.6340480349233468,19.513804751288333,-0.00735891220081708,0.03894858221080769,19079.0,-3.2455129075638873,-3.2205489389219073,0.03993313139285375,-0.024963968641980028,0.04002803480698157,-0.026967414248016016,-3.231819952589632,3.9485571488031,-0.013692954974255489,0.12214003944773176,6084.0,-2.1025870282157597,-2.092623422001385,0.12336307752075233,-0.009963606214374643,0.12338182340285477,-0.010064561544600035,-2.0941418601790875,12.317590045848842,-0.008445168036672168,0.03894858221080769,19079.0,-3.2455129075638873,-3.2205489389219073,0.03993313139285375,-0.024963968641980028,0.04002803480698157,-0.026967414248016016,-3.231819952589632,3.9485571488031,-0.013692954974255489,0.006381553523122504,116445.0,-5.054343712344467,-5.031587345045854,0.006528439455430871,-0.02275636729861308,0.00654229279115898,-0.024569256248160146,-5.043802102783559,0.6449181194747936,-0.010541609560908327,0.005373179655526472,138298.0,-5.226335431068881,-5.206090016418363,0.005483070545509655,-0.020245414650517546,0.00549748706581063,-0.022611678535314247,-5.216377734542272,0.5426951425086497,-0.009957696526608828
2014-05,748.8,6.618471925163382,6.636523094771719,762.4394494505448,-0.01805116960833697,0.19425636236282978,3854.7,-1.6385765367941625,-1.6316628989735649,0.1956040337845695,-0.006913637820597618,0.19562251293050867,-0.006983606064626041,-1.6337251793398602,19.520105909234633,-0.004851357454302319,0.03916932573102474,19117.0,-3.239861345365636,-3.2186403549503617,0.04000941990572225,-0.021220990415274255,0.04010600328653181,-0.023355046096593345,-3.229538907271086,3.957574266920124,-0.010322438094549913,0.12257325257816336,6109.0,-2.099046447486385,-2.0922878768824362,0.1234044783448067,-0.006758570603948577,0.12342319961177045,-0.006886444657735452,-2.0936079658446314,12.324168093223333,-0.005438481641753423,0.03916932573102474,19117.0,-3.239861345365636,-3.2186403549503617,0.04000941990572225,-0.021220990415274255,0.04010600328653181,-0.023355046096593345,-3.229538907271086,3.957574266920124,-0.010322438094549913,0.006417497278905734,116681.0,-5.048727069230641,-5.0297757044655595,0.006540277361051722,-0.018951364765081635,0.006554394215622299,-0.020886283646210008,-5.0416931535331955,0.6462796542586489,-0.007033915697445714,0.005405990773429208,138513.0,-5.220247537857194,-5.204043357297152,0.005494304013472458,-0.016204180560041692,0.005508988356211544,-0.01869627890322243,-5.214011631114034,0.5439807356692428,-0.00623590674315988
2014-06,756.8,6.629099017737668,6.639979566843927,765.0793598743525,-0.010880549106258464,0.19555555555555554,3870.0,-1.631910768286159,-1.6314485881404674,0.19564595834028986,-0.00046218014569165966,0.19566429368358557,-0.0005557382288966414,-1.6333948550677824,19.52655493908689,0.0014840867816232617,0.03947423325683288,19172.0,-3.2321071425418535,-3.2167317709788166,0.04008585416065985,-0.015375371563036921,0.04018397176608205,-0.01766222894493069,-3.227226193256035,3.9667375963887945,-0.004880949285818392,0.12339801076145442,6133.0,-2.0923402878883155,-2.091952331763487,0.12344589306303648,-0.000387956124828559,0.12346457582068614,-0.0005391429791845485,-2.093066913663979,12.33083791544312,0.0007266257756635142,0.03947423325683288,19172.0,-3.2321071425418535,-3.2167317709788166,0.04008585416065985,-0.015375371563036921,0.04018397176608205,-0.01766222894493069,-3.227226193256035,3.9667375963887945,-0.004880949285818392,0.006470920190844263,116954.0,-5.040436956340465,-5.027964063885266,0.006552136732140762,-0.012472892455199336,0.00656649564008562,-0.014555016020708285,-5.039553885514049,0.6476636995485056,-0.0008830708264158105,0.005450525390892264,138849.0,-5.212043272954777,-5.2019966981759405,0.005505560496058446,-0.01004657477883697,0.005520489646612457,-0.012673559810609396,-5.211619300846272,0.5452836751576313,-0.00042397210850531053
2014-07,768.5,6.644440562978651,6.6434360389161355,767.7284108627667,0.0010045240625151663,0.19708665657938604,3899.3,-1.6241117658498485,-1.6312342773073703,0.1956878918818595,0.007122511457521741,0.19570607443666246,0.00705436531133519,-1.6330577655032337,19.53313824650822,0.008945999653385162,0.03994282744282744,19240.0,-3.220306161241047,-3.214823187007271,0.04016243443609318,-0.005482974233776083,0.04026194024563229,-0.007925917152973394,-3.224884063618659,3.9760390984868548,0.00457790237761202,0.12439300744577533,6178.0,-2.0843093104998767,-2.091616786644538,0.12348732168010448,0.007307476144661429,0.12350595202960182,0.007182288801440931,-2.0925197375421383,12.337586901786436,0.008210427042261603,0.03994282744282744,19240.0,-3.220306161241047,-3.214823187007271,0.04016243443609318,-0.005482974233776083,0.04026194024563229,-0.007925917152973394,-3.224884063618659,3.9760390984868548,0.00457790237761202,0.0065587901443189866,117171.0,-5.026949122254966,-5.026152423304971,0.006564017607620961,-0.0007966989499950117,0.006578597064548939,-0.0030108121892263784,-5.037386559325831,0.6490689202814808,0.01043743707086442,0.005525914634146341,139072.0,-5.198306500637451,-5.1999500390547295,0.0055168400404189315,0.0016435384172783785,0.00553199093701337,-0.00109839349634031,-5.209202983943503,0.5466028464448168,0.010896483306051863
2014-08,769.9,6.646260636284004,6.646892510988343,770.3866340645575,-0.0006318747043394524,0.19638803152819936,3920.3,-1.6276628241844313,-1.6310199664742728,0.19572983441120445,0.0033571422898415193,0.1957478551897394,0.003270413041509182,-1.632714602591047,19.539842445363444,0.005051778406615748,0.03990980249857446,19291.0,-3.2211333086038856,-3.212914603035726,0.040239161010980705,-0.008218705568159734,0.04033990872518253,-0.01066205254796659,-3.222514809094783,3.9854705154098253,0.0013815004908974693,0.12397745571658615,6210.0,-2.0876555386435207,-2.091281241525589,0.12352876420067527,0.0036257028820680937,0.12354732823851752,0.003481479399038358,-2.091967465777436,12.344402484530576,0.004311927133915372,0.03990980249857446,19291.0,-3.2211333086038856,-3.212914603035726,0.040239161010980705,-0.008218705568159734,0.04033990872518253,-0.01066205254796659,-3.222514809094783,3.9854705154098253,0.0013815004908974693,0.006557139693733285,117414.0,-5.027200793408257,-5.0243407827246775,0.006575920026485846,-0.002860010683579439,0.006590698489012259,-0.005091841985325526,-5.0351934423820675,0.6504939664034404,0.007992648973810468,0.005528150557554086,139269.0,-5.197901957440091,-5.197903379933519,0.005528142693801844,1.4224934279383206e-06,0.005543492227414284,-0.0027675099433401747,-5.206764923881633,0.5479371228765515,0.008862966441542497
2014-09,769.4,6.645610990318195,6.650348983060551,773.054061238079,-0.004737992742356312,0.19537836465210767,3938.0,-1.6328172688808762,-1.6308056556411754,0.19577178593025107,-0.0020116132397007824,0.1957896359428163,-0.0021005774321411655,-1.6323659892482805,19.546655482644308,-0.0004512796325957247,0.03976843955135163,19347.0,-3.2246816573602923,-3.2110060190641807,0.04031603416481387,-0.013675638296111625,0.04041787720473278,-0.016068079233639312,-3.220120685096911,3.99502365715345,-0.00456097226338148,0.12326177507209228,6242.0,-2.09344493251253,-2.09094569640664,0.12357022062941478,-0.0024992361058902013,0.12358870444743321,-0.0026453014197586606,-2.0914110633161385,12.35127285162355,-0.002033869196391702,0.03976843955135163,19347.0,-3.2246816573602923,-3.2110060190641807,0.04031603416481387,-0.013675638296111625,0.04041787720473278,-0.016068079233639312,-3.220120685096911,3.99502365715345,-0.00456097226338148,0.006538847245593459,117666.0,-5.0299943911907,-5.022529142144383,0.006587844027799675,-0.007465249046316735,0.006602799913475579,-0.009685689210663484,-5.032976721560505,0.6519375293199335,0.0029823303698055526,0.005512922479453723,139563.0,-5.200660400882174,-5.195856720812307,0.005539468503551914,-0.004803680069866978,0.005554993517815198,-0.007573553097145935,-5.2043072800587655,0.5492854132920735,0.0036468791765917885
2014-10,771.8,6.648725449103519,6.653805455132759,775.730724251647,-0.005080006029240636,0.19511085269358142,3955.7,-1.6341874065875925,-1.6305913448080782,0.1958137464409261,-0.0035960617795143257,0.19583141669589318,-0.003679511768179328,-1.6320125094122195,19.553566052521447,-0.002174897175373003,0.03980196998607601,19391.0,-3.2238388707790997,-3.209097435092635,0.040393054177618064,-0.014741435686464577,0.040495845684283015,-0.017134490871400797,-3.2177039363778195,4.004690301680028,-0.006134934401280212,0.12331043297651381,6259.0,-2.0930502578211834,-2.090610151287691,0.12361169097099066,-0.002440106533492248,0.1236300806563489,-0.002585517037100373,-2.090851461833468,12.358186576509112,-0.0021987959877152186,0.03980196998607601,19391.0,-3.2238388707790997,-3.209097435092635,0.040393054177618064,-0.014741435686464577,0.040495845684283015,-0.017134490871400797,-3.2177039363778195,4.004690301680028,-0.006134934401280212,0.006547280732263893,117881.0,-5.028705470915388,-5.020717501564089,0.006599789650697512,-0.007987969351298752,0.006614901337938899,-0.01022246625012796,-5.030738522067215,0.6533983297392659,0.002033051151826726,0.005520822901615187,139798.0,-5.199228353424349,-5.193810061691096,0.005550817517110853,-0.005418291733253255,0.00556649480821611,-0.008204787424486944,-5.201832143485915,0.550646653640384,0.0026037900615660803
2014-11,774.6,6.652346767080652,6.657261927204968,778.4166550839199,-0.0049151601243160314,0.19548758328285887,3962.4,-1.6322584141933763,-1.6303770339749808,0.19585571594515686,-0.0018813802183954564,0.19587319744897008,-0.001968692864227515,-1.6316547505022458,19.560562766492254,-0.0006036636911304072,0.039864134630230044,19431.0,-3.222278240770375,-3.20718885112109,0.04047022132995358,-0.015089389649284968,0.04057381416383326,-0.017491072708560144,-3.2152668428829725,4.014462008808541,-0.00701139788740246,0.12350127551020408,6272.0,-2.091503794949592,-2.090274606168742,0.12365317523007213,-0.001229188780849988,0.12367145686526458,-0.0013760762537624706,-2.090289608698083,12.365132013359824,-0.0012141862515089308,0.039864134630230044,19431.0,-3.222278240770375,-3.20718885112109,0.04047022132995358,-0.015089389649284968,0.04057381416383326,-0.017491072708560144,-3.2152668428829725,4.014462008808541,-0.00701139788740246,0.006555684386028758,118157.0,-5.027422760499655,-5.018905860983795,0.0066117569343854135,-0.00851689951586021,0.006627002762402219,-0.010761784615223063,-5.028480946096457,0.6548750924325921,0.0010581855968023746,0.005529342061118289,140089.0,-5.197686446815774,-5.191763402569885,0.005562189782017585,-0.005923044245888853,0.005577996098617024,-0.00872249399937702,-5.1993415770345965,0.5520197849500728,0.0016551302188227979
2014-12,776.6,6.654925417297567,6.660718399277176,781.111885824279,-0.005792981979609202,0.19543990336219047,3973.6,-1.6325023464955737,-1.6301627231418836,0.19589769444487087,-0.00233962335369009,0.19591497820204698,-0.0024249031095854513,-1.6312933167193548,19.567633892483354,-0.0012090297762188396,0.039919810835817825,19454.0,-3.220882566131819,-3.2052802671495444,0.04054753590291676,-0.015602298982274387,0.0406517826433835,-0.018005896911996996,-3.212811731895291,4.024330067228624,-0.00807083423652788,0.12340696011441284,6293.0,-2.0922677662293667,-2.089939061049793,0.12369467341132984,-0.0023287051795737312,0.12371283307418027,-0.002472443255616209,-2.089726468244659,12.372097280436233,-0.0025412979847079242,0.039919810835817825,19454.0,-3.220882566131819,-3.2052802671495444,0.04054753590291676,-0.015602298982274387,0.0406517826433835,-0.018005896911996996,-3.212811731895291,4.024330067228624,-0.00807083423652788,0.0065581799910485825,118417.0,-5.02704215490878,-5.017094220403501,0.006623745918140499,-0.009947934505278866,0.006639104186865539,-0.012189023328938427,-5.026206080155371,0.6563665412559089,-0.0008360747534084112,0.005532757687156251,140364.0,-5.19706891014114,-5.189716743448673,0.005573585345908427,-0.007352166692466966,0.005589497389017938,-0.010151127715555826,-5.196837623485353,0.5534037488173741,-0.00023128665578742158
2015-01,780.0,6.659293919683638,6.664174871349384,783.8164486732156,-0.004880951665746203,0.19544953392803446,3990.8,-1.6324530713557148,-1.6299484123087862,0.19593968194199624,-0.002504659046928648,0.19595675895512388,-0.002588453849686164,-1.6309288169224412,19.574767591100112,-0.0015242544332736419,0.04005546140810353,19473.0,-3.2174902500179408,-3.2033716831779993,0.040624998178140886,-0.014118566839941504,0.04072975112293374,-0.0165552132345473,-3.2103409847979885,4.034285462628492,-0.007149265219952294,0.12341772151898735,6320.0,-2.0921805674572655,-2.0896035159308437,0.12373618551943617,-0.0025770515264218474,0.12375420928309595,-0.002719000558105204,-2.089163014176594,12.379070353298042,-0.0030175532806717698,0.04005546140810353,19473.0,-3.2174902500179408,-3.2033716831779993,0.040624998178140886,-0.014118566839941504,0.04072975112293374,-0.0165552132345473,-3.2103409847979885,4.034285462628492,-0.007149265219952294,0.006576284904896803,118608.0,-5.024285297212863,-5.015282579823206,0.006635756641311137,-0.009002717389656745,0.006651205611328859,-0.011264229496145065,-5.023916002586085,0.6578713940063559,-0.0003692946267781494,0.005548915827215298,140568.0,-5.194152716754091,-5.187670084327462,0.005585004256517281,-0.0064826324266284985,0.005600998679418851,-0.009298851005791984,-5.19432231284766,0.5547974832564218,0.00016959609356970162
2015-02,792.7,6.67544483984311,6.667631343421592,786.530375942713,0.007813496421518629,0.19720867748034632,4019.6,-1.6234928343316934,-1.6297341014756888,0.1959816784384614,0.0062412671439953105,0.19599853970820078,0.00617421830768318,-1.6305618692993324,19.58195182357847,0.0070690349676389985,0.0406283634872636,19511.0,-3.2032888482267885,-3.201463099206454,0.04070260843779735,-0.0018257490203343885,0.04080771960248398,-0.004395151627376477,-3.207857045249234,4.0443188398325125,0.004568197022445375,0.12461877063354819,6361.0,-2.082496036835694,-2.089267970811895,0.1237777115590649,0.006771933976200906,0.12379558549201164,0.006649551664260835,-2.0886002398060657,12.386038937510218,0.00610420297037173,0.0406283634872636,19511.0,-3.2032888482267885,-3.201463099206454,0.04070260843779735,-0.0018257490203343885,0.04080771960248398,-0.004395151627376477,-3.207857045249234,4.0443188398325125,0.004568197022445375,0.0066698079075128945,118849.0,-5.010164218942647,-5.013470939242913,0.0066477891433170165,0.0033067203002659085,0.006663307035792179,0.0009756224177867665,-5.021612798181918,0.6593883525606278,0.01144857923927134,0.005628892186867575,140827.0,-5.1798426258427455,-5.18562342520625,0.005596446561675858,0.0057807993635048405,0.005612499969819764,0.0029206622959388946,-5.191797676915614,0.5561999144868988,0.011955051072868095
2015-03,782.4,6.662366118720607,6.6710878154938005,789.2537000566338,-0.008721696773193344,0.19528753993610223,4006.4,-1.6332822427451172,-1.6295197906425916,0.19602368393619518,-0.003762452102525682,0.19604032046127767,-0.0038399270282978865,-1.6301931037990784,19.5891743034575,-0.003089138946038794,0.040164271047227924,19480.0,-3.2147774584759183,-3.1995545152349085,0.040780366964596575,-0.015222943241009812,0.04088568808203422,-0.01764473263501954,-3.2053624120712785,4.054420526555284,-0.00941504640463986,0.12352383959583202,6334.0,-2.0913211083779775,-2.088932425692946,0.12381925153489153,-0.0023886826850314513,0.12383696170092733,-0.0025285028055800703,-2.0880391617288416,12.392990422402221,-0.0032819466491358362,0.040164271047227924,19480.0,-3.2147774584759183,-3.1995545152349085,0.040780366964596575,-0.015222943241009812,0.04088568808203422,-0.01764473263501954,-3.2053624120712785,4.054420526555284,-0.00941504640463986,0.0065773877077501194,118953.0,-5.0241176173734186,-5.011659298662619,0.0066598434636493285,-0.01245831871079961,0.006675408460255499,-0.014683858386941046,-5.019298554585685,0.6609161049467085,-0.004819062787733586,0.005551968096052454,140923.0,-5.193602802182391,-5.183576766085039,0.005607912309313851,-0.010026036097351643,0.005624001260220678,-0.012808169990594502,-5.1892657461746925,0.5576099584620516,-0.004337056007698514
2015-04,794.4,6.677587112730963,6.674544287566008,791.9864535511045,0.003042825164954799,0.19594011296648,4054.3,-1.6299462125297246,-1.6293054798094941,0.1960656984371269,-0.0006407327202304636,0.19608210121435457,-0.0007241265112685831,-1.6298230958257065,19.596423795243727,-0.00012311670401810026,0.0406821324320172,19527.0,-3.201966289509534,-3.1976459312633634,0.04085827404178904,-0.00432035824617083,0.04096365656158446,-0.006872534172920249,-3.20285954883794,4.0645808963276755,0.0008932593284058932,0.12428035043804755,6392.0,-2.0852153747151476,-2.0885968805739967,0.12386080545159309,0.00338150585884911,0.12387833790984301,0.003245220552580566,-2.087480749440358,12.39991275312254,0.0022653747252103784,0.0406821324320172,19527.0,-3.201966289509534,-3.1976459312633634,0.04085827404178904,-0.00432035824617083,0.04096365656158446,-0.006872534172920249,-3.20285954883794,4.0645808963276755,0.0008932593284058932,0.00666493275498989,119191.0,-5.010895414676197,-5.009847658082324,0.006671919641870869,-0.001047756593872684,0.006687509884718819,-0.0033760144086693107,-5.016975271102397,0.662453385494949,0.006079856426199903,0.005626221705997337,141196.0,-5.180317162297155,-5.181530106963828,0.00561940154745916,0.0012129446666735433,0.005635502550621591,-0.001646853060732081,-5.186728458864614,0.559026571550845,0.0064112965674594236
2015-05,800.0,6.684611727667927,6.678000759638216,794.7286690749089,0.00661096802971084,0.19608323733424837,4079.9,-1.6292160296259885,-1.6290911689763967,0.19610772194318626,-0.0001248606495918292,0.19612388196743147,-0.00020723959150393078,-1.6294524446191927,19.603688579634166,0.00023641499320414816,0.040908161178155045,19556.0,-3.1964256960306088,-3.195737347291818,0.04093632995316641,-0.0006883487387909781,0.041041625041134705,-0.003251914680422467,-3.2003509917700006,4.074789929080339,0.003925295739391821,0.12447487163528863,6427.0,-2.0836514177033587,-2.088261335455048,0.12390237331384807,0.004609917751689174,0.12391971411875871,0.004479977382758326,-2.086925997759714,12.406793533948077,0.0032745800563551697,0.040908161178155045,19556.0,-3.1964256960306088,-3.195737347291818,0.04093632995316641,-0.0006883487387909781,0.041041625041134705,-0.003251914680422467,-3.2003509917700006,4.074789929080339,0.003925295739391821,0.006693104429161856,119526.0,-5.006677472241911,-5.008036017502031,0.006684017717616157,0.0013585452601194703,0.006699611309182139,-0.0009712324670783644,-5.014644984221194,0.6639988919659312,0.007967511979282804,0.00565219234410547,141538.0,-5.175711783580822,-5.179483447842617,0.0056309143242380824,0.0037716642617944274,0.0056470038410225045,0.0009188063668867893,-5.184187786690035,0.5604486805974986,0.00847600310921326
2015-06,799.9,6.684486719854776,6.681457231710425,797.4803793898752,0.0030294881443513333,0.19563197026022303,4088.8,-1.6315200875992937,-1.6288768581432995,0.19614975445630325,-0.002643229455994156,0.19616566272050837,-0.002720621197837925,-1.6290817503694877,19.610956901342945,-0.00243833722980602,0.040884232047022746,19565.0,-3.1970108147897367,-3.1938287633202727,0.04101453498306244,-0.0031820514694640423,0.04111959352068495,-0.005723827827816586,-3.197839270195809,4.085037531029499,0.0008284554060722371,0.12418879056047197,6441.0,-2.0859523666921147,-2.087925790336099,0.12394395512633667,0.00197342364398434,0.1239610903276744,0.0018368685867127775,-2.086375884026265,12.413620559107146,0.0004235173341502474,0.040884232047022746,19565.0,-3.1970108147897367,-3.1938287633202727,0.04101453498306244,-0.0031820514694640423,0.04111959352068495,-0.005723827827816586,-3.197839270195809,4.085037531029499,0.0008284554060722371,0.006682874663725834,119694.0,-5.00820704512169,-5.006224376921736,0.006696137730591603,-0.001982668199953963,0.006711712733645459,-0.004296678219713086,-5.012309683518744,0.6655513410569517,0.004102638397053937,0.005644666182105583,141709.0,-5.177044218274221,-5.177436788721406,0.005642450687875501,0.0003925704471843261,0.0056585051314234185,-0.0024456899828514305,-5.181645651885731,0.5618752291656048,0.004601433611509442
2015-07,802.4,6.687607236647726,6.684913703782633,800.241617371266,0.0026935328650932178,0.19529291503395235,4108.7,-1.633254719105457,-1.628662547310202,0.19619179597840855,-0.00459217179525484,0.19620744347358526,-0.00466102826397629,-1.628711611442352,19.618217023434525,-0.0045431076631048395,0.040934598510356086,19602.0,-3.1957796441813993,-3.1919201793487275,0.04109288941635414,-0.003859464832671744,0.04119756200023519,-0.006382986689299706,-3.1953268831559374,4.095313629743158,-0.0004527610254618786,0.12398022249690976,6472.0,-2.0876332220906018,-2.0875902452171498,0.12398555089374068,-4.297687345200529e-05,0.12400246653659008,-0.00017938384857655643,-2.0858313603125453,12.420381910565736,-0.0018018617780564128,0.040934598510356086,19602.0,-3.1957796441813993,-3.1919201793487275,0.04109288941635414,-0.003859464832671744,0.04119756200023519,-0.006382986689299706,-3.1953268831559374,4.095313629743158,-0.0004527610254618786,0.006689955894981699,119941.0,-5.007147997542103,-5.004412736341442,0.006708279720575593,-0.002735261200660588,0.006723814158108779,-0.0050355739065524275,-5.009971297093998,0.6671094783313785,0.0028232995518946424,0.005651062391278321,141991.0,-5.175911717645367,-5.175390129600195,0.005654010686695114,-0.0005215880451725496,0.005670006421824332,-0.003341095077616603,-5.179103911285217,0.5633051867687999,0.00319219363984935
2015-08,802.1,6.687233288372879,6.688370175854841,803.0124160081749,-0.0011368874819615016,0.19458056377662414,4122.2,-1.636908992036318,-1.628448236477105,0.19623384651143297,-0.008460755559213107,0.19624922422666216,-0.008502762019129148,-1.6283426450178773,19.62545682236346,-0.008566347018440723,0.04091929394959698,19602.0,-3.196153592456246,-3.190011595377182,0.04117139353846273,-0.006141997079064154,0.04127553047978543,-0.008630695379261505,-3.192816323298555,4.105608076751006,-0.0033372691576909475,0.12359013867488444,6490.0,-2.090784521325257,-2.087254700098201,0.12402716062074325,-0.003529821227056029,0.12404384274550577,-0.003657610572031118,-2.085293375423209,12.427065686077315,-0.005491145902047911,0.04091929394959698,19602.0,-3.196153592456246,-3.190011595377182,0.04117139353846273,-0.006141997079064154,0.04127553047978543,-0.008630695379261505,-3.192816323298555,4.105608076751006,-0.0033372691576909475,0.00668054803648024,120065.0,-5.0085552534095354,-5.002601095761148,0.006720443727418665,-0.005954157648387692,0.006735915582572099,-0.008219750591161203,-5.007631721389746,0.6686720586336672,-0.0009235320197893415,0.005643623570800352,142125.0,-5.1772289426799585,-5.173343470478983,0.005665594369119623,-0.0038854722009755704,0.005681507712225245,-0.006667973246498497,-5.1765643862171205,0.5647375323805929,-0.0006645564628380285
2015-09,812.6,6.700238983553627,6.691826647927049,805.7928084039182,0.00841233562657795,0.1964130329691579,4137.2,-1.6275355259500222,-1.6282339256440075,0.1962759060573079,0.0006983996939853299,0.19629100497973906,0.0006216687791243657,-1.627975503330997,19.632663468536187,0.0004399773809748986,0.041429591108391964,19614.0,-3.183759892398639,-3.188103011405637,0.04125004763535468,0.004343119006997576,0.04135349895933567,0.0018400413742769134,-3.190310086765357,4.115910606599593,0.006550194366717665,0.12486170866625691,6508.0,-2.080548484785302,-2.0869191549792516,0.12406878431202936,0.006370670193949657,0.12408521895442146,0.006257713194032195,-2.084762892066163,12.433659786476314,0.004214407280861199,0.041429591108391964,19614.0,-3.183759892398639,-3.188103011405637,0.04125004763535468,0.004343119006997576,0.04135349895933567,0.0018400413742769134,-3.190310086765357,4.115910606599593,0.006550194366717665,0.006758431405164886,120235.0,-4.996964456508945,-5.000789455180854,0.006732629791043595,0.003824998671909441,0.006748017007035419,0.0015433271905818152,-5.005292831064059,0.6702378396238794,0.008328374555114593,0.005711474257599719,142275.0,-5.165278099917698,-5.171296811357772,0.005677201783670921,0.006018711440074043,0.005693009002626159,0.003243496534968096,-5.174028873378944,0.5661712484788382,0.008750773461246197
2015-10,819.9,6.709182381602132,6.6952831199992575,808.5828277764316,0.013899261602874802,0.19682638755521412,4165.6,-1.6254332202465573,-1.62801961481091,0.19631797461796513,0.002586394564352723,0.19633278573281596,0.0025141079751697165,-1.6276109047150007,19.63982281552983,0.0021776844684433527,0.04172306752837006,19651.0,-3.176701124985635,-3.186194427434091,0.0413288519935428,0.009493302448456031,0.04143146743888591,0.007038130858248606,-3.18781069544857,4.126210744505979,0.011109570462934926,0.1252329311134871,6547.0,-2.077579826838959,-2.086583609860303,0.12411042197228535,0.009003783021343637,0.12412659516333714,0.008912964612411551,-2.084240915319267,12.440151561894186,0.006661088480307775,0.04172306752837006,19651.0,-3.176701124985635,-3.186194427434091,0.0413288519935428,0.009493302448456031,0.04143146743888591,0.007038130858248606,-3.18781069544857,4.126210744505979,0.011109570462934926,0.0068028509081254195,120523.0,-4.990413503466387,-4.9989778146005595,0.006744837951445573,0.008564311134172442,0.006760118431498739,0.006321261537012189,-5.002956507901023,0.671805562453811,0.01254300443463574,0.00575049621613281,142579.0,-5.158469129438496,-5.169250152236561,0.005688832978970325,0.010781022798065365,0.0057045102930270725,0.008061327045364237,-5.171499174595938,0.5676053042969617,0.013030045157442771
2015-11,822.2,6.711983674463778,6.698739592071465,811.3825074586637,0.013244082392312784,0.1958505037993378,4198.1,-1.6304036465001674,-1.6278053039778129,0.19636005219533675,-0.0025983425223545797,0.19637456648589285,-0.0026686892092653057,-1.627249564108291,19.64692076333282,-0.0031540823918765337,0.04177420993801443,19682.0,-3.175476116995153,-3.184285843462546,0.04140780690008722,0.008809726467393197,0.04150943591843615,0.006378646534695046,-3.185320620698799,4.136498120545217,0.00984450370364609,0.12461351924825706,6598.0,-2.0825381773247487,-2.086248064741354,0.12415207360619926,0.003709887416605273,0.12416797137225283,0.0035882673372224895,-2.0837284177418054,12.446528743438375,0.0011902404170567316,0.04177420993801443,19682.0,-3.175476116995153,-3.184285843462546,0.04140780690008722,0.008809726467393197,0.04150943591843615,0.006378646534695046,-3.185320620698799,4.136498120545217,0.00984450370364609,0.006810406951220523,120727.0,-4.989303402717671,-4.997166174020266,0.00675706824869229,0.007862771302594496,0.006772219855962059,0.005638785519469655,-5.000624569422574,0.6733739997337996,0.011321166704902907,0.005757380538905384,142808.0,-5.15727267526361,-5.167203493115349,0.005700488003738767,0.009930817851738993,0.005716011583427986,0.007237381323252832,-5.168977024171955,0.5690386971121513,0.01170434890834482
2015-12,835.7,6.7282696970073905,6.702196064143673,814.1918808989795,0.026073632863717222,0.1981834566495921,4216.8,-1.6185621285336067,-1.6275909931447154,0.19640213879135543,0.009028864611108744,0.19641634723896975,0.00899675325125768,-1.6268921796461489,19.653943522380306,0.008330051112542147,0.04240194834847025,19709.0,-3.1605609661851037,-3.182377259491001,0.04148691264259651,0.021816293305897183,0.041587404397986395,0.01958631374751754,-3.1828422481446528,4.146762618328253,0.022281281959549037,0.12604826546003017,6630.0,-2.071090386172518,-2.0859125196224046,0.12419373921846073,0.01482213344988681,0.12420934758116851,0.014804987826378853,-2.0832263204957746,12.45277968040089,0.01213593432325677,0.04240194834847025,19709.0,-3.1605609661851037,-3.182377259491001,0.04148691264259651,0.021816293305897183,0.041587404397986395,0.01958631374751754,-3.1828422481446528,4.146762618328253,0.022281281959549037,0.006907753347660771,120980.0,-4.975110824653514,-4.995354533439971,0.00676932072292411,0.02024370878645687,0.006784321280425379,0.01819372375413981,-4.998298736368208,0.6749419779612947,0.02318791171469403,0.00584091083821998,143077.0,-5.142868528854721,-5.165156833994138,0.005712166906796979,0.022288305139417375,0.005727512873828899,0.01979881440498161,-5.166464055870371,0.5704704715688087,0.023595527015650042
2016-01,831.9,6.723712241289842,6.705652536215881,817.0109816615567,0.01805970507396104,0.1972635872142654,4217.2,-1.6232144384129525,-1.6273766823116183,0.19644423440795408,0.004162243898665707,0.19645812799204665,0.004099902765292356,-1.626539473800911,19.660876805775537,0.003325035387958364,0.04219201704113202,19717.0,-3.165524245476426,-3.1804686755194553,0.041566169509228694,0.014944430043029477,0.04166537287753663,0.012639852405576829,-3.180377887454063,4.1569943392653395,0.014853641977637277,0.125456190619816,6631.0,-2.075798660079026,-2.085576974503456,0.12423541881376081,0.00977831442442989,0.1242507237900842,0.00970188979959891,-2.082735535559217,12.458892817081296,0.006936875480191063,0.04219201704113202,19717.0,-3.165524245476426,-3.1804686755194553,0.041566169509228694,0.014944430043029477,0.04166537287753663,0.012639852405576829,-3.180377887454063,4.1569943392653395,0.014853641977637277,0.006869756226464953,121096.0,-4.980626657152559,-4.9935428928596775,0.006781595414354165,0.012916235707118418,0.006796422704888699,0.010790017743231961,-4.9959806421227375,0.6765083718993945,0.01535398497017848,0.0058089518888345786,143210.0,-5.148355122182906,-5.1631101748729265,0.005723869737065735,0.01475505269002042,0.005739014164229813,0.01218636556791835,-5.163961813143229,0.5718997145680577,0.015606690960322744
2016-02,833.6,6.725753670999103,6.70910900828809,819.8398434267875,0.016644662711012614,0.19761515302372992,4218.3,-1.6214338112657773,-1.6271623714785208,0.19648633904706622,0.005728560212743483,0.19649990874512355,0.0056755460383085396,-1.6261921047698278,19.66770757183141,0.004758293504050437,0.04234266267079799,19687.0,-3.1619601274209845,-3.17856009154791,0.04164557778869223,0.01659996412692566,0.04174334135708688,0.014357291348201195,-3.1779296763714906,4.1671840070161625,0.015969548950506063,0.1255421686746988,6640.0,-2.075113571471377,-2.0852414293845065,0.12427711239679233,0.010127857913129645,0.1242920999989999,0.01005750707976585,-2.082256881268706,12.46485774703898,0.007143309797329245,0.04234266267079799,19687.0,-3.1619601274209845,-3.17856009154791,0.04164557778869223,0.01659996412692566,0.04174334135708688,0.014357291348201195,-3.1779296763714906,4.1671840070161625,0.015969548950506063,0.006874031071675958,121268.0,-4.9800045803907285,-4.991731252279383,0.006793892363268524,0.011726671888654394,0.006808524129352019,0.009621313089210248,-4.993671741151903,0.6780721673657665,0.013667160761174912,0.005812866965120009,143406.0,-5.147681376277428,-5.1610635157517155,0.005735596543566018,0.013382139474287236,0.005750515454630726,0.010842768962402027,-5.1614716573783195,0.573325608551485,0.0137902811008912
2016-03,839.1,6.7323298888760235,6.712565480360298,822.6784999916794,0.019764408515725584,0.1978309560297065,4241.5,-1.6203423703717657,-1.6269480606454234,0.19652845271062563,0.0066056902736577605,0.19654168949820044,0.006559761111231566,-1.625850705094013,19.674423267123327,0.005508334722247321,0.04263286251397216,19682.0,-3.155129902582907,-3.1766515075763646,0.04172513777024723,0.021521604993457455,0.04182130983663712,0.019405242937276038,-3.1754996380299603,4.177322737692389,0.020369735447053117,0.1256513926325247,6678.0,-2.074243931627576,-2.0849058842655577,0.1243188199722495,0.010661952637981642,0.12433347620791559,0.010599851824340853,-2.081791122435542,12.470664716857565,0.007547190807966064,0.04263286251397216,19682.0,-3.155129902582907,-3.1766515075763646,0.04172513777024723,0.021521604993457455,0.04182130983663712,0.019405242937276038,-3.1754996380299603,4.177322737692389,0.020369735447053117,0.0069070824141450726,121484.0,-4.975207956972392,-4.989919611699089,0.006806211610026285,0.014711654726696999,0.006820625553815339,0.012675796325070317,-4.991373369449339,0.6796324215827687,0.016165412476946805,0.005840792972393535,143662.0,-5.1428887084155726,-5.159016856630505,0.005747347375419253,0.016128148214932025,0.005762016745031639,0.01367164151853975,-5.158994829541435,0.5747473974146098,0.01610612112586285
2016-04,837.3,6.7301824292103865,6.716021952432506,825.526985270262,0.014160476777880682,0.19675713782164256,4255.5,-1.6257851137066297,-1.6267337498123262,0.19657057540056652,0.0009486361056965098,0.19658347025127734,0.0008834291618884843,-1.6255158705993524,19.681012045709327,-0.00026924310727727274,0.04249175336209084,19705.0,-3.158445260418718,-3.1747429236048195,0.04180484974370629,0.016297663186101374,0.04189927831618736,0.014140459447354748,-3.173089672340668,4.187402082722827,0.014644411921949985,0.12493285586392121,6702.0,-2.0799788390868694,-2.084570339146609,0.12436054154482823,0.004591500059739406,0.12437485241683127,0.004486465199732152,-2.0813389687528936,12.476304648796276,0.001360129666024168,0.04249175336209084,19705.0,-3.158445260418718,-3.1747429236048195,0.04180484974370629,0.016297663186101374,0.04189927831618736,0.014140459447354748,-3.173089672340668,4.187402082722827,0.014644411921949985,0.006881729267691296,121670.0,-4.9788853115711085,-4.9881079711187954,0.006818553195059744,0.009222659547686973,0.006832726978278659,0.007171703123572107,-4.989086757552191,0.681188255279666,0.010201445981082635,0.005820484658056084,143854.0,-5.146371746125843,-5.156970197509293,0.005759122281847509,0.010598451383449614,0.005773518035432553,0.008134836045422145,-5.156532464191879,0.5761643793383875,0.010160718066035912
2016-05,837.8,6.730779408512935,6.7194784245047146,828.3853332939912,0.011300984008220105,0.19692090727465036,4254.5,-1.6249531167766775,-1.6265194389792288,0.19661270711882362,0.0015663222025512624,0.19662525100435424,0.0015036536191863617,-1.6251881546091493,19.687462885023947,0.0002350378324718072,0.042616613256015054,19659.0,-3.155511119194672,-3.172834339633274,0.04188471399943578,0.017323220438601794,0.0419772467957376,0.01523126238813688,-3.170701522040926,4.197414178698359,0.015190402846253725,0.12525041112273883,6689.0,-2.0774402566054735,-2.0842347940276595,0.12440227711922604,0.006794537422186053,0.12441622862574696,0.006704772409563615,-2.080901071679432,12.481769182453927,0.0034608150739585675,0.042616613256015054,19659.0,-3.155511119194672,-3.172834339633274,0.04188471399943578,0.017323220438601794,0.0419772467957376,0.01523126238813688,-3.170701522040926,4.197414178698359,0.015190402846253725,0.006884084765121075,121701.0,-4.978543087355795,-4.986296330538501,0.006830917158874516,0.007753243182706093,0.006844828402741979,0.005735185759130244,-4.986813011264488,0.6827388667268011,0.008269923908692967,0.005822098679638637,143900.0,-5.146094484362525,-5.154923538388082,0.005770921312173679,0.008829054025556893,0.005785019325833467,0.006409547093402067,-5.154085571613326,0.5775759179195834,0.007991087250800888
2016-06,843.4,6.73744134131246,6.7229348965769224,831.2535782121525,0.014506444735537194,0.19770276605719644,4266.0,-1.6209905577188364,-1.6263051281461316,0.19665484786733192,0.005314570427295218,0.19666703175743114,0.005266435815448619,-1.6248681125242,19.693764710063856,0.003877554805363559,0.04285786879414604,19679.0,-3.1498660149946303,-3.1709257556617287,0.0419647308283567,0.02105974066709848,0.04205521527528784,0.019085707054502913,-3.16833681687104,4.2073515705771705,0.018470801876409926,0.12586181166990001,6701.0,-2.072570706660711,-2.0838992489087107,0.12444402670014185,0.011328542247999618,0.12445760483466264,0.011282611754442869,-2.080478072179002,12.487050081412656,0.007907365518291076,0.04285786879414604,19679.0,-3.1498660149946303,-3.1709257556617287,0.0419647308283567,0.02105974066709848,0.04205521527528784,0.019085707054502913,-3.16833681687104,4.2073515705771705,0.018470801876409926,0.006914985200915001,121967.0,-4.97406445401015,-4.984484689958207,0.00684330354204964,0.01042023594805741,0.006856929827205299,0.008466671698952394,-4.9845531576753945,0.6842835012717845,0.010488703665244792,0.005850971577625618,144147.0,-5.141147549882997,-5.152876879266871,0.005782744515821725,0.011729329383873832,0.00579652061623438,0.009393732032753763,-5.15165508368885,0.5789814165453852,0.010507533805853342
2016-07,846.2,6.7407557382859675,6.72639136864913,834.1317542922743,0.014364369636837182,0.1973690348462938,4287.4,-1.6226800293010681,-1.6260908173130342,0.196696997648027,0.003410788011966037,0.19670881251050804,0.003356343456907949,-1.6245562979317372,19.69990647077653,0.0018762686306690313,0.04289117542703635,19729.0,-3.1490891752090024,-3.1690171716901836,0.04204490052194587,0.019927996481181154,0.042133183754838086,0.017990372543618256,-3.16599706936142,4.2172072363250495,0.01690789415241767,0.12564216778025242,6735.0,-2.074317350558497,-2.0835637037897614,0.12448579029227637,0.009246353231264326,0.12449898104357833,0.009182297936028393,-2.0800705845116285,12.492139437177139,0.005753233953131431,0.04289117542703635,19729.0,-3.1490891752090024,-3.1690171716901836,0.04204490052194587,0.019927996481181154,0.042133183754838086,0.017990372543618256,-3.16599706936142,4.2172072363250495,0.01690789415241767,0.006922957351244775,122231.0,-4.972912237749428,-4.9826730493779126,0.006855712385237766,0.009760811628484412,0.006869031251668619,0.007850612058731854,-4.982308160062937,0.6858214417888415,0.00939592231350872,0.005855244948796015,144520.0,-5.14041744697561,-5.150830220145659,0.005794591942316863,0.010412773170049405,0.005808021906635293,0.008130658410012632,-5.149241870641903,0.5803803092879589,0.008824423666293768
2016-08,854.7,6.750750530171972,6.729847840721339,837.0198959205344,0.020902689450633005,0.19879980461935665,4299.3,-1.615456967560163,-1.6258765064799368,0.1967391564628447,0.010419538919773652,0.19675059326358496,0.010415274087770477,-1.6242532344995897,19.705877696828974,0.008796266939426589,0.043381382600751195,19702.0,-3.137724902243652,-3.167108587718638,0.042125223372236974,0.02938368547498582,0.04221115223438832,0.027723250951901656,-3.1636836495208547,4.226974700984391,0.025958747277202487,0.1268853919239905,6736.0,-2.06447102575019,-2.0832281586708126,0.12452756790033169,0.01875713292062242,0.12454035725249402,0.01882951617636806,-2.079679161923713,12.497030099819712,0.015208136173523013,0.043381382600751195,19702.0,-3.137724902243652,-3.167108587718638,0.042125223372236974,0.02938368547498582,0.04221115223438832,0.027723250951901656,-3.1636836495208547,4.226974700984391,0.025958747277202487,0.006984155519419499,122377.0,-4.964111192734645,-4.980861408797619,0.0068681437291652336,0.016750216062973777,0.0068811326761319385,0.014971785625484057,-4.980078900773784,0.6873520210037523,0.01596770803913916,0.005908295947076268,144661.0,-5.131397822968363,-5.148783561024448,0.005806463641285764,0.017385738056084676,0.005819523197036207,0.015254299542146663,-5.146846721619285,0.5817720726935286,0.015448898650921805
2016-09,861.3,6.758442875795128,6.733304312793547,839.918037602169,0.02513856300158057,0.199592148865664,4315.3,-1.6114792502187496,-1.6256621956468396,0.19678132431372133,0.014182945428089955,0.19679237401666186,0.014227049513438474,-1.6239594314182046,19.71166819500915,0.012480181199455043,0.04365433350228079,19730.0,-3.1314527232215332,-3.165200003747093,0.04220569967182152,0.03374728052555964,0.04228912071393857,0.03228283693995666,-3.161397796895986,4.236647993848821,0.02994507367445287,0.12726063829787235,6768.0,-2.061518025490931,-2.0828926135518637,0.1245693595290116,0.02137458806093262,0.12458173346140972,0.021503191214564735,-2.0793043132694207,12.501715472833302,0.017786287778489562,0.04365433350228079,19730.0,-3.1314527232215332,-3.165200003747093,0.04220569967182152,0.03374728052555964,0.04228912071393857,0.03228283693995666,-3.161397796895986,4.236647993848821,0.02994507367445287,0.0070227650761553765,122644.0,-4.958598253004725,-4.979049768217324,0.006880597614632251,0.020451515212599247,0.006893234100595259,0.01879103098340032,-4.977866189655204,0.6888746163736273,0.0192679366504791,0.005941352169804162,144967.0,-5.125818533499016,-5.146736901903237,0.005818359662456782,0.0209183684042209,0.00583102448743712,0.018920805872920186,-5.144470357678108,0.5831562188351836,0.018651824179091392
2016-10,862.2,6.759487262313034,6.736760784865755,842.826213961889,0.022726477447279514,0.19932955727661544,4325.5,-1.6127957573073946,-1.6254478848137421,0.1968235012025937,0.012652127506347588,0.19683415476973876,0.012677690565419746,-1.6236753300055988,19.71726910336348,0.010879572698204276,0.043635811528923533,19759.0,-3.131877100420783,-3.1632914197755473,0.042286329713850074,0.03141431935476424,0.042367089193488805,0.029945940577614957,-3.1591405507344805,4.246221952596332,0.02726345031369748,0.12681276658332108,6799.0,-2.0650435592134255,-2.0825570684329144,0.12461116518302154,0.01751350921948891,0.12462310967032539,0.01757023170733061,-2.0789464300561846,12.506190427645524,0.013902870842759096,0.043635811528923533,19759.0,-3.131877100420783,-3.1632914197755473,0.042286329713850074,0.03141431935476424,0.042367089193488805,0.029945940577614957,-3.1591405507344805,4.246221952596332,0.02726345031369748,0.00702288832776737,122770.0,-4.958580702861851,-4.9772381276370306,0.00689307408251299,0.01865742477517962,0.0069053355250585785,0.017023474425277043,-4.975670713346841,0.6903886857168287,0.01709001048499026,0.005943542549891428,145065.0,-5.125449934506139,-5.144690242782025,0.005830280055660154,0.01924030827588652,0.005842525777838033,0.017289914652421984,-5.1421133806710175,0.5845323257236056,0.016663446164878692
2016-11,869.9,6.768378262513495,6.740217256937963,845.7444597442917,0.028161005575531917,0.20013804210284136,4346.5,-1.608747940005624,-1.6252335739806447,0.19686568713139888,0.016485633975020786,0.19687593552281565,0.016569351512479128,-1.6234012752820952,19.72267345460602,0.01465333527647128,0.043976543147464735,19781.0,-3.1240988975025807,-3.161382835804002,0.04236711379203316,0.037283938301421404,0.04244505767303905,0.03608159720792368,-3.1569127192263378,4.255692364977453,0.03281382172375702,0.12749523669939908,6823.0,-2.059676274301929,-2.0822215233139656,0.12465298486706829,0.022545249012036805,0.12466448587924109,0.022706954592505657,-2.078605766551566,12.510451556070299,0.018929492249637025,0.043976543147464735,19781.0,-3.1240988975025807,-3.161382835804002,0.04236711379203316,0.037283938301421404,0.04244505767303905,0.03608159720792368,-3.1569127192263378,4.255692364977453,0.03281382172375702,0.007077766748572079,122906.0,-4.950796852027972,-4.975426487056736,0.006905573173755759,0.024629635028763808,0.006917436949521899,0.023177630706306802,-4.973493009815992,0.6918937858314749,0.02269615778801981,0.0059917483451919305,145183.0,-5.117372032115145,-5.142643583660814,0.005842224870828192,0.025271551545669624,0.005854027068238947,0.02352590368093632,-5.139776248532266,0.5859000526649241,0.022404216417121425
2016-12,869.9,6.768378262513495,6.743673729010172,848.6728098142759,0.024704533503323134,0.19992186063614636,4351.2,-1.609828685595256,-1.6250192631475475,0.1969078821020744,0.015190577552291584,0.19691771627589255,0.015255835874334647,-1.6231375283206968,19.727875935839474,0.013308842725440861,0.04395876497043812,19789.0,-3.1245032442354086,-3.1594742518324566,0.04244805220064248,0.034971007597047965,0.042523026152589294,0.03376379688258393,-3.1547149001954295,4.2650558925472986,0.030211655960020956,0.12758873569961865,6818.0,-2.0589431901843533,-2.0818859781950163,0.12469481858586046,0.022942788010662962,0.12470586208815677,0.023117386490010557,-2.078282469747887,12.514496798942767,0.01933927956353365,0.04395876497043812,19789.0,-3.1245032442354086,-3.1594742518324566,0.04244805220064248,0.034971007597047965,0.042523026152589294,0.03376379688258393,-3.1547149001954295,4.2650558925472986,0.030211655960020956,0.007066382895762932,123104.0,-4.952406543038527,-4.973614846476442,0.006918094929383094,0.021208303437915355,0.0069295383739852185,0.019747999706799156,-4.971333485162589,0.6933895620209912,0.018926942124061874,0.005982476892605634,145408.0,-5.118920600687218,-5.1405969245396035,0.005854194157995523,0.02167632385238516,0.00586552835863986,0.019938277818316228,-5.137459290620135,0.5872591322848086,0.01853868993291652
2017-01,870.0,6.76849321164863,6.7471302010823795,851.6112991574565,0.021363010566250118,0.19949552854849806,4361.0,-1.611963456194137,-1.62480495231445,0.1969500861165584,0.012841496120313156,0.19695949702896945,0.012875903715146068,-1.6228842371285481,19.732873465942287,0.010920780934411178,0.0438928409262903,19821.0,-3.126004049049366,-3.1575656678609114,0.042529145234511845,0.03156161881154551,0.04260099463213953,0.030324322361622892,-3.1525474382725585,4.274310264419636,0.02654338922319255,0.12719298245614036,6840.0,-2.0620497989679665,-2.0815504330760675,0.12473666634410802,0.01950063410810099,0.12474723829707246,0.019605597626487045,-2.0779765405765733,12.518325934270107,0.015926741608606854,0.0438928409262903,19821.0,-3.126004049049366,-3.1575656678609114,0.042529145234511845,0.03156161881154551,0.04260099463213953,0.030324322361622892,-3.1525474382725585,4.274310264419636,0.02654338922319255,0.0070552744258466325,123312.0,-4.953979796369145,-4.971803205896148,0.006930639390491943,0.017823409527002454,0.006941639798448539,0.016369997680301788,-4.969192370361888,0.6948757791878911,0.015212573992743117,0.00597412585491801,145628.0,-5.120317492299647,-5.138550265418392,0.0058661879672992825,0.018232773118744383,0.005877029649040773,0.016521306114745303,-5.135162663420862,0.5886093975154657,0.014845171121214307
2017-02,872.6,6.771477260689509,6.750586673154587,854.5599628805868,0.02089058753492168,0.1991873630387144,4380.8,-1.6135093744046205,-1.624590641481353,0.19699229917678907,0.011081267076732404,0.19700127778204635,0.011096807499323137,-1.6226414470211055,19.73766499405551,0.009132072616484965,0.043877910192588125,19887.0,-3.126344270219992,-3.1556570838893663,0.04261039318903837,0.029312813669374105,0.04267896311168977,0.028092226087141386,-3.1504104449738977,4.28345420359964,0.02406617475390549,0.12681296323208835,6881.0,-2.065042008512971,-2.0812148879571186,0.1247785281465227,0.016172879444147803,0.12478861450598815,0.016222222949699164,-2.0776878307462137,12.521940619799492,0.012645822233242843,0.043877910192588125,19887.0,-3.126344270219992,-3.1556570838893663,0.04261039318903837,0.029312813669374105,0.04267896311168977,0.028092226087141386,-3.1504104449738977,4.28345420359964,0.02406617475390549,0.007064443005181348,123520.0,-4.952681104569094,-4.969991565315854,0.006943206598253746,0.017310460746760015,0.0069537412229118585,0.01591974431040635,-4.967069750347926,0.696352302919049,0.014388645778832476,0.005983023188843027,145846.0,-5.118829288793181,-5.136503606297181,0.005878206348979308,0.017674317503999504,0.005888530939441687,0.016046829060271328,-5.132886380375237,0.589950765194591,0.014057091582055925
2017-03,870.4,6.768952876101678,6.754043145226795,857.5188362119746,0.014909730874882676,0.19828234275690823,4389.7,-1.6180632905026102,-1.6243763306482555,0.1970345212847054,0.006313040145645266,0.19704305853512324,0.0062894081679313865,-1.6224091190485401,19.74225113847094,0.004345828545929908,0.0436881995683381,19923.0,-3.1306772461071453,-3.1537484999178207,0.042691796360183505,0.02307125381067543,0.04275693159124001,0.021780514701127116,-3.1483038270055186,4.292487316510031,0.017626580898373323,0.12610837438423644,6902.0,-2.0706136275562708,-2.0808793428381693,0.1248204039978178,0.010265715281898569,0.12482999071490383,0.010240997872476659,-2.0774160690738723,12.525344065765426,0.006802441517601565,0.0436881995683381,19923.0,-3.1306772461071453,-3.1537484999178207,0.042691796360183505,0.02307125381067543,0.04275693159124001,0.021780514701127116,-3.1483038270055186,4.292487316510031,0.017626580898373323,0.007039736009899628,123641.0,-4.956184608109079,-4.968179924735559,0.006955796593914628,0.011995316626480346,0.006965842647375179,0.010607957466896419,-4.964965592673768,0.6978190805857184,0.00878098456468912,0.0059628690826882234,145970.0,-5.122203524022946,-5.134456947175969,0.005890249353378387,0.012253423153023135,0.005900032229842601,0.010650255862635979,-5.13063034037798,0.5912832201880108,0.008426816355034283
2017-04,873.8,6.772851516517336,6.757499617299004,860.487954501905,0.015351899218331688,0.1988439832514109,4394.4,-1.615234765511075,-1.624162019815158,0.1970767524422465,0.008927254304083032,0.19708483928820014,0.008925820827031394,-1.6221871437975004,19.74663391603957,0.006952378286425365,0.04379510825982357,19952.0,-3.1282331514024824,-3.1518399159462755,0.04277335504447404,0.02360676454379318,0.04283490007079026,0.02241649186636235,-3.1462273053776992,4.301410020147264,0.017994153975216864,0.1263447079236553,6916.0,-2.0687413302858455,-2.0805437977192205,0.124862293902708,0.011802467433374986,0.12487136692381952,0.011798869798026771,-2.0771608868008244,12.528540719382155,0.008419556514978943,0.04379510825982357,19952.0,-3.1282331514024824,-3.1518399159462755,0.04277335504447404,0.02360676454379318,0.04283490007079026,0.02241649186636235,-3.1462273053776992,4.301410020147264,0.017994153975216864,0.0070558785529715755,123840.0,-4.953894172306218,-4.966368284155266,0.006968409418795474,0.012474111849047453,0.0069779440718384985,0.011168688130878545,-4.962879753868977,0.6992761377676622,0.00898558156275886,0.005977766375919275,146175.0,-5.119708296526536,-5.132410288054758,0.005902317030942427,0.012701991528222045,0.005911533520243514,0.011204005770914113,-5.128394333858596,0.5926068125522649,0.008686037332060081
2017-05,870.8,6.769412329360392,6.760956089371212,863.4673532230594,0.008456239989180325,0.1982515253619889,4392.4,-1.6182187243631658,-1.6239477089820609,0.19711899265135202,0.005728984618895039,0.19712662004127704,0.005706511482195086,-1.6219753783220066,19.750816014156573,0.0037566539588407277,0.04357922129916925,19982.0,-3.1331748179325714,-3.14993133197473,0.04285506953900334,0.01675651404215861,0.042912868550340495,0.015528040220547566,-3.1441804650931475,4.310223336104958,0.01100564716057617,0.12563843601211946,6931.0,-2.0743470525575924,-2.080208252600271,0.12490419786590987,0.00586120004267876,0.1249127431327352,0.005809598453963353,-2.0769218626803703,12.531535700730313,0.0025748101227778264,0.04357922129916925,19982.0,-3.1331748179325714,-3.14993133197473,0.04285506953900334,0.01675651404215861,0.042912868550340495,0.015528040220547566,-3.1441804650931475,4.310223336104958,0.01100564716057617,0.0070207122298098085,124033.0,-4.9588906088529905,-4.964556643574971,0.006981045114292126,0.005666034721980573,0.006990045496301819,0.004387200845003621,-4.960812022708604,0.7007235487401129,0.0019214138556131743,0.005948900122967618,146380.0,-5.124548929794826,-5.130363628933547,0.0059144094322207035,0.005814699138721124,0.005923034810644427,0.0043669019599053335,-5.126178086224858,0.5939216324433847,0.0016291564300319195
2017-06,872.0,6.77078942390898,6.76441256144342,866.457067970944,0.006376862465559796,0.19742353234168764,4416.9,-1.6224039476304928,-1.6237333981489634,0.1971612419139621,0.001329450518470665,0.19716840079435394,0.0012939778702156202,-1.6217736260311848,19.754801188528543,-0.0006303215993079814,0.043536871536272406,20029.0,-3.1341470783922527,-3.148022748003185,0.04293694014143225,0.013875669610932118,0.04299083702989073,0.012701183417341371,-3.1421627523107922,4.318928908543932,0.008015673918539523,0.12525136455041655,6962.0,-2.0774326444624047,-2.0798727074813224,0.12494611589214125,0.0024400630189176375,0.1249541193416509,0.002378834810182721,-2.076698510500097,12.534334959149845,-0.0007341339623079257,0.043536871536272406,20029.0,-3.1341470783922527,-3.148022748003185,0.04293694014143225,0.013875669610932118,0.04299083702989073,0.012701183417341371,-3.1421627523107922,4.318928908543932,0.008015673918539523,0.007019634045225119,124223.0,-4.959044192613061,-4.962745002994677,0.00699370372187546,0.003700810381616293,0.0070021469207651385,0.0024973946787837068,-4.9587621186345086,0.702161438061565,-0.0002820739785525106,0.005948848092889353,146583.0,-5.1245576760008005,-5.128316969812335,0.005926526607866052,0.003759293811534725,0.005934536101045341,0.002411644583557391,-5.123981255862646,0.5952278117201486,-0.0005764201381541767
2017-07,873.5,6.772508129574112,6.767869033515629,869.4571344643125,0.0046390960584830054,0.19768257632335304,4418.7,-1.6210926845894957,-1.6235190873158662,0.19720350023201708,0.0024264027263705135,0.19721018154743084,0.0023953873588853586,-1.621581661347634,19.758593776697158,0.0004889767581381932,0.04359217486775127,20038.0,-3.132877620245097,-3.1461141640316397,0.04301896714999033,0.013236543786542487,0.04306880550944098,0.01215193577160081,-3.1401735282694454,4.327528776457863,0.007295908024348208,0.12535878300803674,6968.0,-2.0765753889582275,-2.0795371623623735,0.12498804798612177,0.002961773404146051,0.12499549555056659,0.0029064043937741895,-2.076490324180229,12.536944707864544,-8.50647779984115e-05,0.04359217486775127,20038.0,-3.132877620245097,-3.1461141640316397,0.04301896714999033,0.013236543786542487,0.04306880550944098,0.01215193577160081,-3.1401735282694454,4.327528776457863,0.007295908024348208,0.007021817071014003,124398.0,-4.958733252413448,-4.960933362414384,0.00700638528309157,0.0022001100009356733,0.007014248345228459,0.0010790501580533155,-4.956729746262828,0.7035899427037172,-0.0020035061506202823,0.005951407625432644,146772.0,-5.124127511701253,-5.126270310691124,0.005938668608635071,0.002142798989871686,0.005946037391446254,0.0009031618257421168,-5.12180348858719,0.5965254918797745,-0.0023240231140624346
2017-08,877.0,6.776506992372183,6.7713255055878365,872.4675885455914,0.00518148678434649,0.19750917730783954,4440.3,-1.6219702283390698,-1.6233047764827688,0.197245767607458,0.0013345481436990436,0.19725196230050773,0.001303992134384687,-1.621399263557546,19.762198029231126,-0.0005709647815237417,0.043588469184890656,20120.0,-3.1329626318414925,-3.144205580060094,0.04310115086347689,0.011242948218601612,0.04314677398899122,0.010237038718401792,-3.1382120923585837,4.336025276751692,0.005249460517091187,0.1252499285918309,7002.0,-2.077444109142428,-2.0792016172434242,0.12502999415257265,0.0017575081009963966,0.12503687175948228,0.001703952037111536,-2.0762968033056066,12.539371103140997,-0.0011473058368212108,0.043588469184890656,20120.0,-3.1329626318414925,-3.144205580060094,0.04310115086347689,0.011242948218601612,0.04314677398899122,0.010237038718401792,-3.1382120923585837,4.336025276751692,0.005249460517091187,0.007038014910640484,124609.0,-4.95642912149441,-4.959121721834089,0.007019089839561885,0.0026926003396789966,0.0070263497696917785,0.0016601992970834963,-4.954714612386196,0.7050092001491233,-0.001714509108214024,0.005969275587228337,146919.0,-5.1211297011129915,-5.124223651569913,0.00595083548538836,0.0030939504569218457,0.005957538681847167,0.001970093021289505,-5.119644434661407,0.5978148139419277,-0.0014852664515840885
2017-09,878.2,6.777874358127617,6.774781977660044,875.4884661813115,0.003092380467572653,0.19731727593412274,4450.7,-1.6229423080325773,-1.6230904656496714,0.19728804404222605,0.00014815761709408015,0.19729374305358463,0.00011927839258296163,-1.6212262081741435,19.76561827992581,-0.001716099858433795,0.043602601658308926,20141.0,-3.132638459345264,-3.142296996088549,0.043183491581262,0.009658536743284873,0.043224742468541466,0.008741733742947387,-3.1362776876720964,4.344421022134357,0.003639228326832278,0.12522458291743904,7013.0,-2.0776464904092933,-2.0788660721244754,0.12507195439621654,0.0012195817151821053,0.12507824796839795,0.0011699472243812243,-2.0761174481174316,12.54162030610188,-0.001529042291861682,0.043602601658308926,20141.0,-3.132638459345264,-3.142296996088549,0.043183491581262,0.009658536743284873,0.043224742468541466,0.008741733742947387,-3.1362776876720964,4.344421022134357,0.003639228326832278,0.007043914176859836,124675.0,-4.955591272286706,-4.957310081253795,0.007031817432983288,0.0017188089670892026,0.007038451194155099,0.0007761626178885922,-4.952716439256399,0.7064193389706843,-0.0028748330303072223,0.0059738245537657815,147008.0,-5.120367927921153,-5.1221769924487015,0.005963027289090722,0.0018090645275483652,0.005969039972248081,0.0008015663389665978,-5.11750376228049,0.5990959103176343,-0.002864165640662719
2017-10,881.9,6.782078670894135,6.778238449732253,878.5198034625365,0.003840221161881985,0.19751399776035833,4465.0,-1.6219458224164645,-1.6228761548165742,0.19733032953826293,0.0009303324001097568,0.19733552380666153,0.0009044187800249258,-1.6210622751162413,19.76885878377736,-0.0008835473002231087,0.043714682264300586,20174.0,-3.1300712547206455,-3.1403884121170034,0.043265989603287716,0.010317157396357857,0.043302710948091704,0.00951375346228843,-3.134369516798776,4.352718834094007,0.004298262078130666,0.12543023751955626,7031.0,-2.076005551305026,-2.078530527005526,0.12511392872177785,0.0025249757005001428,0.12511962417731365,0.0024825309721393015,-2.0759517677095753,12.543698379012602,-5.378359545060718e-05,0.043714682264300586,20174.0,-3.1300712547206455,-3.1403884121170034,0.043265989603287716,0.010317157396357857,0.043302710948091704,0.00951375346228843,-3.134369516798776,4.352718834094007,0.004298262078130666,0.007067185947366734,124788.0,-4.952292905554098,-4.955498440673501,0.0070445681051282925,0.0032055351194024695,0.0070505526186184185,0.002359152487479012,-4.950734962354461,0.7078204802800716,-0.0015579431996375348,0.005993244942201442,147149.0,-5.11712228695778,-5.120130333327491,0.005975244070811354,0.0030080463697101933,0.005980541262648994,0.002124168866083633,-5.115381151100022,0.6003689085572403,-0.0017411358577588132
2017-11,892.5,6.794026513653794,6.781694921804461,881.5616366052913,0.012331591849332746,0.19852744906130437,4495.6,-1.616827905990318,-1.6226618439834768,0.1973726240975109,0.0058339379931589,0.19737730455973843,0.005827136529863003,-1.6209072575441659,19.771923541808263,0.004079351553847976,0.044115466363501554,20231.0,-3.12094484682362,-3.1384798281454582,0.04334864523006906,0.017534981321838394,0.04338067942764194,0.016938114975474792,-3.13248675424695,4.3609216897050285,0.011541907423330056,0.12627334465195247,7068.0,-2.0693063197857926,-2.0781949818865773,0.12515591713398236,0.00888866210078465,0.12516100038622935,0.008887307246591081,-2.0757992829740752,12.545611247380025,0.00649296318828263,0.044115466363501554,20231.0,-3.12094484682362,-3.1384798281454582,0.04334864523006906,0.017534981321838394,0.04338067942764194,0.016938114975474792,-3.13248675424695,4.3609216897050285,0.011541907423330056,0.007140399862392294,124993.0,-4.941986501062585,-4.953686800093207,0.007057341897845134,0.011700299030621863,0.007062654043081739,0.011008017501113652,-4.948769939343758,0.7092127312658872,0.006783438281172671,0.0060561029232147215,147372.0,-5.106688767744591,-5.11808367420628,0.0059874858817241024,0.011394906461688947,0.0059920425530499075,0.010690907081794302,-5.113276302875626,0.601633924855011,0.00658753513103516
2017-12,892.8,6.7943625916270465,6.785151393876669,884.614001950999,0.009211197750377487,0.1979864283496696,4509.4,-1.6195567943253653,-1.6224475331503796,0.1974149277219124,0.0028907388250143384,0.19741908531281532,0.0028738003519533017,-1.6207609554357385,19.774816427522577,0.0012041611103732475,0.04401064773735581,20286.0,-3.1233236803088946,-3.136571244173913,0.04343145876269518,0.013247563865018464,0.043458647907192186,0.012701725818586033,-3.130628541359343,4.369032744289839,0.0073048610504482525,0.1259060781272035,7091.0,-2.0722190616769502,-2.0778594367676284,0.1251979196375577,0.0056403750906781625,0.12520237659514502,0.0056205125748848535,-2.075659515217966,12.547364841858219,0.003440453541015742,0.04401064773735581,20286.0,-3.1233236803088946,-3.136571244173913,0.04343145876269518,0.013247563865018464,0.043458647907192186,0.012701725818586033,-3.130628541359343,4.369032744289839,0.0073048610504482525,0.007134466473281711,125139.0,-4.9428178068433555,-4.9518751595129125,0.007070138853057957,0.009057352669556984,0.0070747554675450585,0.008440009836463199,-4.946821139908834,0.7105961922419589,0.004003333065478287,0.006051937663957484,147523.0,-5.107376783182192,-5.116037015085068,0.005999752773107653,0.00866023190287546,0.006003543843450821,0.008060875670868066,-5.11118893279762,0.6028910691138615,0.003812149615427529
2018-01,897.4,6.799501693541883,6.788607865948877,887.6769359669129,0.010893827593005945,0.1988918439716312,4512.0,-1.614994099636012,-1.6222332223172822,0.1974572404134105,0.007239122681270249,0.19746086606589222,0.007246893697212236,-1.6206231372923023,19.77754194381789,0.005629037656290414,0.044167733044591005,20318.0,-3.1197607781096073,-3.1346626602023675,0.043514430502830444,0.014901882092760221,0.04353661638674243,0.014496226630068568,-3.1287939304207533,4.377055576691342,0.009033152311145987,0.12651910334132244,7093.0,-2.0673619676602035,-2.077523891648679,0.12523993623723292,0.010161923988475596,0.12524375280406072,0.010182947322386253,-2.075531935648258,12.548965731383937,0.008169967988054694,0.044167733044591005,20318.0,-3.1197607781096073,-3.1346626602023675,0.043514430502830444,0.014901882092760221,0.04353661638674243,0.014496226630068568,-3.1287939304207533,4.377055576691342,0.009033152311145987,0.007162811487317018,125286.0,-4.938852709256234,-4.950063518932619,0.007082959012766897,0.01121080967638477,0.007086856892008379,0.010717670254395902,-4.944888281392887,0.7119710023722494,0.0060355721366534,0.006077475281051063,147660.0,-5.103165919071274,-5.113990355963857,0.006012044796345734,0.010824436892582945,0.006015045133851735,0.010378998961783466,-5.109118705226575,0.604140483667473,0.005952786155301482
2018-02,910.6,6.814103722900682,6.792064338021086,890.7504752465529,0.022039384879596113,0.19962731557601668,4561.5,-1.6113030728848472,-1.6220189114841848,0.1974995621739485,0.010715838599337557,0.19750264681896912,0.010757672321196943,-1.6204935623238343,19.780104784228033,0.009190489438987148,0.04454554348889541,20442.0,-3.1112431639883398,-3.1327540762308224,0.043597560752715474,0.021510912242482583,0.04361458486629267,0.021345121716892228,-3.1269819173513103,4.3849940487374415,0.01573875336297048,0.12675389755011135,7184.0,-2.065507887081354,-2.0771883465297303,0.12528196693773863,0.011680459448376368,0.1252851290129764,0.01172340682973499,-2.075415988925252,12.550420827192777,0.00990810184389801,0.04454554348889541,20442.0,-3.1112431639883398,-3.1327540762308224,0.043597560752715474,0.021510912242482583,0.04361458486629267,0.021345121716892228,-3.1269819173513103,4.3849940487374415,0.01573875336297048,0.007247980260277789,125635.0,-4.927032433716775,-4.948251878352324,0.007095802419048277,0.021219444635549145,0.0070989583164716985,0.020992086044556046,-4.942971050249204,0.7133373247107423,0.015938616532428895,0.006150458616450754,148054.0,-5.091228628163437,-5.111943696842646,0.006024362002927363,0.020715068679209026,0.0060265464242526484,0.020561061589013177,-5.107065255108329,0.6053823306141071,0.01583662694489174
2018-03,908.8,6.8121250479668864,6.795520810093294,893.8346565101401,0.016604237873592886,0.199438202247191,4556.8,-1.6122508538107152,-1.6218046006510876,0.1975418930054702,0.009553746840372357,0.19754442757204602,0.009586576034671026,-1.6203719463063784,19.782510508081064,0.008121092495663174,0.044366334700253855,20484.0,-3.115274324615554,-3.1308454922592768,0.04368084981516836,0.015571167643722905,0.043692553345842905,0.015420965423506353,-3.125191428370894,4.392852365276099,0.009917103755340051,0.12632749513483457,7194.0,-2.0688775762886826,-2.076852801410781,0.1253240117438072,0.007975225122098362,0.1253265052218921,0.007987056777576416,-2.0753110566693707,12.551737840259799,0.006433480380688028,0.044366334700253855,20484.0,-3.115274324615554,-3.1308454922592768,0.04368084981516836,0.015571167643722905,0.043692553345842905,0.015420965423506353,-3.125191428370894,4.392852365276099,0.009917103755340051,0.007221123056264054,125853.0,-4.930744790214721,-4.9464402377720305,0.00710866911405469,0.01569544755730945,0.007111059740935019,0.015477765528455851,-4.941069086360294,0.7146953575983235,0.010324296145572731,0.006128945238737523,148280.0,-5.094732609297782,-5.109897037721434,0.0060367044444470455,0.01516442842365251,0.0060380477146535615,0.01505412483961744,-5.1050281714567225,0.6066168019966166,0.010295562158940896
2018-04,906.1,6.809149675228015,6.7989772821655015,896.9295166050398,0.01017239306251394,0.19814126394052045,4573.0,-1.6187750484300403,-1.6215902898179901,0.1975842329099199,0.002815241387949863,0.19758620832512291,0.0028091819773382555,-1.620257934101708,19.78476608429717,0.0014828856716677663,0.044137561498368165,20529.0,-3.1204441243925922,-3.1289369082877316,0.04376429799358561,0.00849278389513941,0.04377052182539315,0.008385544829444555,-3.1234212682583857,4.40063530380462,0.002977143865793508,0.12563782584581254,7212.0,-2.074351909095193,-2.076517256291832,0.12536607066017233,0.002165347196639189,0.12536788143080776,0.002153218287841617,-2.0752164440496346,12.552925449239618,0.0008645349544416092,0.044137561498368165,20529.0,-3.1204441243925922,-3.1289369082877316,0.04376429799358561,0.00849278389513941,0.04377052182539315,0.008385544829444555,-3.1234212682583857,4.40063530380462,0.002977143865793508,0.0071926398679113485,125976.0,-4.934697016372231,-4.944628597191736,0.0071215591400151865,0.009931580819505292,0.0071231611653983385,0.009753914154085356,-4.939181906625515,0.7160453896696345,0.004484890253284135,0.006104972375690608,148420.0,-5.09865169629611,-5.107850378600223,0.006049072172604974,0.009198682304113248,0.0060495490050544755,0.009161570654246411,-5.103006921089404,0.6078441664180063,0.004355224793293644
2018-05,914.7,6.818596142662319,6.802433754237709,900.0350925061987,0.016162388424609375,0.19872686191014166,4602.8,-1.6158239502869847,-1.6213759789848927,0.19762658188924215,0.005552028697908051,0.1976279890781998,0.005560309736831023,-1.6201511079088464,19.78687972842888,0.004327157621861755,0.04435339184405761,20623.0,-3.115566094141728,-3.1270283243161865,0.043847905591943424,0.011462230174458465,0.043848490304943394,0.011514684669937018,-3.1216701652718046,4.408348020337613,0.006104071130076605,0.1257492438823206,7274.0,-2.0734654828846155,-2.0761817111728833,0.12540814369156958,0.0027162282882677857,0.12540925763972346,0.002711013915526381,-2.075131406594012,12.553992963469145,0.001665923709396555,0.04435339184405761,20623.0,-3.115566094141728,-3.1270283243161865,0.043847905591943424,0.011462230174458465,0.043848490304943394,0.011514684669937018,-3.1216701652718046,4.408348020337613,0.006104071130076605,0.00724268170049013,126293.0,-4.9277637405457035,-4.942816956611442,0.007134472539235369,0.015053216065738617,0.007135262589861659,0.01505468218942641,-4.937308948281447,0.7173877695753508,0.00954520773574341,0.006149574430893763,148742.0,-5.0913723977866745,-5.105803719479011,0.006061465239207285,0.014431321692336851,0.006061050295455389,0.014605411788902393,-5.101000891382954,0.6090647437205808,0.009628493596279597
2018-06,913.7,6.817502290004575,6.805890226309918,903.1514213165885,0.01161206369465706,0.19843631230318168,4604.5,-1.6172870751568469,-1.6211616681517955,0.197668939945382,0.0038745929949486335,0.1976697698312767,0.00387789429086329,-1.6200510384847966,19.788859889162165,0.0027639633279497033,0.044187058709739824,20678.0,-3.1193233221420633,-3.125119740344641,0.0439316729147987,0.005796418202577591,0.04392645878449364,0.005932641338668054,-3.1199368246973798,4.415995815029074,0.0006135025553164475,0.12530170049369171,7292.0,-2.0770308457939786,-2.075846166053934,0.12545023084273596,-0.0011846797400445475,0.12545063384863914,-0.0011871869465969872,-2.0750551931596766,12.554949782848299,-0.0019756526343019942,0.044187058709739824,20678.0,-3.1193233221420633,-3.125119740344641,0.0439316729147987,0.005796418202577591,0.04392645878449364,0.005932641338668054,-3.1199368246973798,4.415995815029074,0.0006135025553164475,0.007224181280538909,126478.0,-4.930321368977032,-4.941005316031148,0.007147409354097574,0.01068394705411535,0.0071473640143249785,0.010747635920035756,-4.935449613959034,0.718722874095996,0.005128244982001817,0.006133861439312567,148960.0,-5.0939308025063195,-5.1037570603578,0.006073883696166232,0.009826257851480946,0.006072551585856302,0.010096226040971566,-5.099009436108825,0.6102788774620101,0.005078633602505711
2018-07,913.2,6.81695491465564,6.809346698382126,906.2785402676459,0.007608216273514046,0.19777792216230264,4617.3,-1.6206104829983776,-1.620947357318698,0.19771130708028503,0.00033687432032047937,0.19771155058435363,0.0003356990411174095,-1.6199572631980004,19.790715682186043,-0.0006532198003772471,0.044064852345107125,20724.0,-3.122092813279038,-3.1232111563730958,0.04401560026729012,0.0011183430940575612,0.044004427264043876,0.0013731591301183168,-3.118219904722027,4.423584238949172,-0.0038729085570112787,0.12478819349549057,7318.0,-2.0811374309235116,-2.075510620934985,0.12549233211841,-0.005626809988526382,0.12549201005755484,-0.005608457157881783,-2.0749870397494528,12.555805474650015,-0.0061503911740588,0.044064852345107125,20724.0,-3.122092813279038,-3.1232111563730958,0.04401560026729012,0.0011183430940575612,0.044004427264043876,0.0013731591301183168,-3.118219904722027,4.423584238949172,-0.0038729085570112787,0.007214181887126335,126584.0,-4.931706483743179,-4.939193675450854,0.0071603696270609645,0.007487191707674867,0.0071594654387882985,0.007642532645188255,-4.933603232637926,0.7200511364478268,0.0018967488947474465,0.006128036505167092,149020.0,-5.094880889452078,-5.1017104012365895,0.006086327595500439,0.006829511784511411,0.006084052876257216,0.007229330481580939,-5.097031834744538,0.6114869599617497,0.0021509452924597383
2018-08,917.9,6.822088452225045,6.812803170454334,909.4164867197214,0.009285281770710974,0.19791284848746202,4637.9,-1.6199285043403095,-1.620733046485601,0.197753683295897,0.0008045421452913537,0.19775333133743053,0.0008066470938954641,-1.6198692980900218,19.792456651199146,-5.9206250287768825e-05,0.04418929327941459,20772.0,-3.1192727527391644,-3.12130257240155,0.04409968795513938,0.002029819662385801,0.04408239574359411,0.002424948418009106,-3.116518058798845,4.431118907355892,-0.0027546939403193527,0.12493534776099088,7347.0,-2.079958893395232,-2.075175075816036,0.125534447523332,-0.0047838175791961035,0.12553338626647054,-0.004763979713015891,-2.0749261976103983,12.55656941995244,-0.005032695784833674,0.04418929327941459,20772.0,-3.1192727527391644,-3.12130257240155,0.04409968795513938,0.002029819662385801,0.04408239574359411,0.002424948418009106,-3.116518058798845,4.431118907355892,-0.0027546939403193527,0.007238445220765087,126809.0,-4.928348844159385,-4.937382034870559,0.00717335340066172,0.009033190711174477,0.0071715668632516185,0.009325487552262157,-4.931769093727983,0.7213730221447546,0.0034202495685979883,0.006148971375362581,149277.0,-5.091470467191166,-5.099663742115378,0.006098796989335103,0.008193274924211735,0.006095554166658129,0.008763306377726448,-5.095067327580622,0.6126894112005548,0.003596860389456502
2018-09,920.5,6.824917000673133,6.816259642526543,912.565298162525,0.008657358146590077,0.1976339745791824,4657.6,-1.6213385723182263,-1.6205187356525035,0.1977960685941643,-0.0008198366657228284,0.19779511209050743,-0.0008146688238246753,-1.619786664242701,19.79409224561696,-0.001551908075525299,0.04420592613936512,20823.0,-3.118896423334561,-3.119393988430005,0.04418393628465214,0.0004975650954439637,0.04416036422314436,0.0010317377816573018,-3.1148299702644864,4.438605345485158,-0.004066453070074694,0.1248135593220339,7375.0,-2.080934180534888,-2.074839530697087,0.1255765770622437,-0.006094649837800947,0.1255747624753862,-0.006061752683000358,-2.074871965446292,12.557250408351402,-0.006062215088595835,0.04420592613936512,20823.0,-3.118896423334561,-3.119393988430005,0.04418393628465214,0.0004975650954439637,0.04416036422314436,0.0010317377816573018,-3.1148299702644864,4.438605345485158,-0.004066453070074694,0.007254657797673466,126884.0,-4.926111561549811,-4.935570394290266,0.0071863607175131254,0.009458832740454781,0.0071836682877149385,0.009882069593877142,-4.929946472003652,0.7226890111970753,0.0038349104538415446,0.006163044497114316,149358.0,-5.0891843869868305,-5.097617082994167,0.006111291929902199,0.008432696007336205,0.006107055457059042,0.009167927235793747,-5.093115138310809,0.6138866651477509,0.003930751323978576
2018-10,927.4,6.83238497195736,6.819716114598751,915.7250122155696,0.012668857358609564,0.19847622308778837,4672.6,-1.6170859689624966,-1.620304424819406,0.19783846297703359,0.0032184558569094968,0.19783689284358433,0.003231602736045358,-1.6197088831947162,19.79563191073334,0.0026229142322196086,0.04445616221657638,20861.0,-3.113251694086926,-3.11748540445846,0.0442683455627193,0.00423371037153375,0.0442383327026946,0.004923999178398328,-3.113154343710957,4.4460490251346805,-9.73503759693628e-05,0.12551089457301393,7389.0,-2.075362714831287,-2.074503985578138,0.1256187207398885,-0.0008587292531490043,0.1256161386843019,-0.0008378231681876668,-2.0748236807934424,12.557856745466388,-0.0005390340378448322,0.04445616221657638,20861.0,-3.113251694086926,-3.11748540445846,0.0442683455627193,0.00423371037153375,0.0442383327026946,0.004923999178398328,-3.113154343710957,4.4460490251346805,-9.73503759693628e-05,0.007299603299540331,127048.0,-4.919935274833122,-4.933758753709972,0.007199391620305752,0.013823478876849649,0.0071957697121782585,0.01442980966808074,-4.928134615848569,0.7239996066769299,0.008199341015446393,0.006202224347442268,149527.0,-5.082847285555627,-5.095570423872956,0.006123812469540726,0.01272313831732852,0.006118556747459956,0.013674401241280573,-5.0911744628752755,0.6150791766836552,0.008327177319648271
2018-11,920.6,6.8250256313831414,6.8231725866709585,918.8956666286269,0.0018530447121829496,0.197227756711014,4667.7,-1.6233960926058857,-1.6200901139863089,0.197880866446452,-0.0033059786195768215,0.19787867359666123,-0.00328947467564896,-1.6196354884593447,19.797084859217673,-0.0037606041465410023,0.044130195100905996,20861.0,-3.1206110346611453,-3.1155768204869143,0.04435291609681803,-0.005034214174231,0.04431630118224484,-0.004199494912120655,-3.1114899151072146,4.453455318218964,-0.00912111955393069,0.12464121310587599,7386.0,-2.0823159640293674,-2.074168440459189,0.12566087856101144,-0.00814752357017845,0.12565751489321758,-0.008087871132938084,-2.074780727964508,12.558396152523407,-0.007535236064859507,0.044130195100905996,20861.0,-3.1206110346611453,-3.1155768204869143,0.04435291609681803,-0.005034214174231,0.04431630118224484,-0.004199494912120655,-3.1114899151072146,4.453455318218964,-0.00912111955393069,0.00724060907317687,127144.0,-4.928049949993515,-4.931947113129677,0.007212446151807585,0.003897163136162618,0.0072078711366415785,0.004541970287019528,-4.9263327440560065,0.7253053371722205,-0.0017172059375081261,0.006153044105950527,149617.0,-5.090808343046887,-5.093523764751744,0.0061363586606969145,0.0027154217048570573,0.00613005803786087,0.0037497309075524435,-5.089244466884327,0.6162674233155486,-0.0015638761625602626
2018-12,923.8,6.828495597996505,6.826629058743167,922.0772992821753,0.0018665392533376846,0.19751977763523626,4677.0,-1.6219165597293812,-1.6198758031532114,0.19792327900436715,-0.0020407565761697555,0.19792045434973812,-0.0020244330775122496,-1.619565993311328,19.79846070836713,-0.0023505664180532015,0.04420095693779904,20900.0,-3.1190088399563973,-3.113668236515369,0.04443764819501287,-0.005340603441028158,0.04439426966179508,-0.004354452172965901,-3.1098354211733774,4.46082963172388,-0.009173418783019915,0.12490535424553813,7396.0,-2.0801989945105106,-2.07383289534024,0.12570305053035893,-0.006366099170270534,0.12569889110213328,-0.006312998067344812,-2.074742495431359,12.558876300999191,-0.005456499079151467,0.04420095693779904,20900.0,-3.1190088399563973,-3.113668236515369,0.04443764819501287,-0.005340603441028158,0.04439426966179508,-0.004354452172965901,-3.1098354211733774,4.46082963172388,-0.009173418783019915,0.007256987541045421,127298.0,-4.925790475506487,-4.930135472549384,0.007225524354864136,0.004344997042896814,0.0072199725611048985,0.005126748007316189,-4.92454001215272,0.7266067814115391,-0.001250463353766662,0.006166518700478609,149809.0,-5.0886208303708225,-5.091477105630533,0.006148930555924427,0.00285627525971055,0.006141559328261783,0.0040640122292673,-5.087324251695352,0.6174519262685892,-0.0012965786754701725
2019-01,937.8,6.8435367066554855,6.830085530815375,925.2699481878501,0.013451175840110352,0.1994003954838298,4703.1,-1.6124404380871094,-1.6196614923201142,0.19796570065272695,0.007221054233004898,0.19796223510281502,0.007264821900337892,-1.6194999400424144,19.799768504608007,0.007059501955305025,0.04474236641221374,20960.0,-3.1068344317794927,-3.1117596525438236,0.04452254216595694,0.004925220764330884,0.04447223814134532,0.006074087614162245,-3.108189669008572,4.468177096141469,0.0013552372290792647,0.1263030303030303,7425.0,-2.0690712570154144,-2.073497350221291,0.12574523665267934,0.004426093205876391,0.12574026731104895,0.0044755988198213565,-2.0747084298081204,12.559304134234726,0.0056371727927060356,0.04474236641221374,20960.0,-3.1068344317794927,-3.1117596525438236,0.04452254216595694,0.004925220764330884,0.04447223814134532,0.006074087614162245,-3.108189669008572,4.468177096141469,0.0013552372290792647,0.007352295534370295,127552.0,-4.912742696916981,-4.928323831969089,0.007238626272398637,0.01558113505210823,0.0072320739855682185,0.01662338480524148,-4.922755588915508,0.7279045129434069,0.010012891998527174,0.006249500199920032,150060.0,-5.075253786444234,-5.089430446509322,0.0061615282078846135,0.014176660065087887,0.006153060618662696,0.01567343265964704,-5.085412930732688,0.6186332036191703,0.01015914428845388
2019-02,919.2,6.823503726534546,6.833542002887583,928.4736514889023,-0.010038276353037112,0.19624671747902392,4683.9,-1.6283826486810382,-1.6194471814870168,0.19800813139347984,-0.008935467194021385,0.19800401585589192,-0.00887506432266994,-1.6194368890814392,19.80101693839637,-0.00894575959959898,0.043938814531548756,20920.0,-3.1249571916443135,-3.1098510685722784,0.044607598318892966,-0.015106123072035071,0.044550206620895566,-0.013723664506194373,-3.106551536494478,4.475502560724102,-0.01840565514983572,0.1243002028397566,7395.0,-2.0850556486103544,-2.073161805102342,0.12578743693272226,-0.01189384350801248,0.12578164351996465,-0.011777876634064778,-2.0746780198115338,12.559686068437856,-0.010377628798820648,0.043938814531548756,20920.0,-3.1249571916443135,-3.1098510685722784,0.044607598318892966,-0.015106123072035071,0.044550206620895566,-0.013723664506194373,-3.106551536494478,4.475502560724102,-0.01840565514983572,0.007207037681704851,127542.0,-4.932697274566634,-4.926512191388795,0.007251751947412127,-0.006185083177839168,0.0072441754100315385,-0.005126563925448338,-4.920978652769807,0.7291991026440523,-0.011718621796827478,0.0061252640487249035,150067.0,-5.095333413484653,-5.08738378738811,0.006174151669346712,-0.007949626096542595,0.00616456190906361,-0.006374801797501227,-5.083509627425137,0.6198117714720394,-0.01182378605951584
2019-03,923.8,6.828495597996505,6.836998474959791,931.6884474606517,-0.008502876963285999,0.19637770502954807,4704.2,-1.6277154076849383,-1.6192328706539194,0.1980505712285746,-0.008482537031018866,0.19804579660896882,-0.008422756796572181,-1.6193763463857722,19.802215781629005,-0.008339061299166062,0.04408494392746361,20955.0,-3.121636962362667,-3.1079424846007333,0.044692816963654486,-0.013694477761933666,0.044628175100445804,-0.012172381500241306,-3.1049198910556974,4.482810954796076,-0.016717071306969533,0.12441750841750841,7425.0,-2.0841123656743954,-2.072826259983393,0.12582965137523913,-0.011286105691002302,0.12582301972888033,-0.011170541880177937,-2.074650710661637,12.560029067470838,-0.009461655012758197,0.04408494392746361,20955.0,-3.121636962362667,-3.1079424846007333,0.044692816963654486,-0.013694477761933666,0.044628175100445804,-0.012172381500241306,-3.1049198910556974,4.482810954796076,-0.016717071306969533,0.007232669934077634,127726.0,-4.929147025492651,-4.924700550808501,0.007264901422983639,-0.004446474684150381,0.0072562768344948585,-0.0032533075784818054,-4.919208304881085,0.7304911821134942,-0.009938720611565977,0.006146578395821551,150295.0,-5.091859710391475,-5.085337128266899,0.006186800993188057,-0.006522582124575571,0.006176063199464523,-0.004774045000952813,-5.081613386813044,0.6209881987670557,-0.010246323578431138
2019-04,935.0,6.840546529288687,6.840454947032,934.914374510945,9.158225668759457e-05,0.19726986940101696,4739.7,-1.623182592258226,-1.6190185598208222,0.19809302015996044,-0.0041640324374037085,0.1980875773620457,-0.004128012326256221,-1.6193178869387057,19.803373442052052,-0.003864705319520212,0.04454077743902439,20992.0,-3.1113501624551287,-3.1060339006291877,0.044778198410666964,-0.005316261825941027,0.04470614357999605,-0.0036989578552163883,-3.1032937421357776,4.490106603286185,-0.008056420319351165,0.12520085698982325,7468.0,-2.0778359753729263,-2.072490714864444,0.1258718799849829,-0.005345260508482497,0.12586439593779603,-0.005271855817754095,-2.074626027652765,12.560339090605884,-0.0032099477201614768,0.04454077743902439,20992.0,-3.1113501624551287,-3.1060339006291877,0.044778198410666964,-0.005316261825941027,0.04470614357999605,-0.0036989578552163883,-3.1032937421357776,4.490106603286185,-0.008056420319351165,0.007306285750007815,127972.0,-4.919020239683796,-4.922888910228207,0.0072780747422703,0.0038686705444108682,0.0072683782589581785,0.005215398772472469,-4.917443736836276,0.7317813214450264,-0.0015765028475200893,0.006208870384020293,150591.0,-5.081776302317311,-5.0832904691456875,0.006199476232394338,0.00151416682837624,0.006187564489865436,0.003443340944527333,-5.079723345169671,0.6221630021867365,-0.0020529571476401998
2019-05,938.7,6.844495939342946,6.843911419104208,938.1514711806121,0.0005845202387382287,0.19767099056603774,4748.8,-1.6211512941900605,-1.6188042489877248,0.19813547818958704,-0.0023470452023357513,0.1981293581151226,-0.002313476172564707,-1.6192611500681413,19.804497055362624,-0.001890144121919235,0.044712775078593885,20994.0,-3.1074960222527968,-3.1041253166576426,0.04486374297094882,-0.0033707055951541776,0.044784112059546285,-0.0015929082362412166,-3.1016722281680122,4.497393279987618,-0.005823794084784506,0.12552821610056164,7478.0,-2.075224716194113,-2.072155169745495,0.12591412276670805,-0.003069546448617899,0.12590577214671173,-0.002998719119169037,-2.074603569085848,12.560621180989509,-0.0006211471082648856,0.044712775078593885,20994.0,-3.1074960222527968,-3.1041253166576426,0.04486374297094882,-0.0033707055951541776,0.044784112059546285,-0.0015929082362412166,-3.1016722281680122,4.497393279987618,-0.005823794084784506,0.007330386705816206,128056.0,-4.9157270078835875,-4.921077269647912,0.007291271948507516,0.0053502617643248485,0.0072804796834214985,0.006854908545154216,-4.915684216909972,0.7330700386911634,-4.279097361514772e-05,0.006232322829940645,150618.0,-5.07800616977516,-5.081243810024477,0.006212177440059775,0.003237640249316165,0.00619906578026635,0.005364848648672705,-5.07783871782942,0.6233366531907524,-0.0001674519457406376
2019-06,939.3,6.84513491700047,6.8473678911764155,941.3997761439309,-0.002232974175945479,0.19722420526603113,4762.6,-1.623414099589373,-1.6185899381546274,0.19817794531940447,-0.004824161434745733,0.1981711388681995,-0.0047783628210269925,-1.619205804922237,19.805593168473703,-0.004208294667136014,0.04467963658849831,21023.0,-3.108237438464656,-3.102216732686097,0.04494945095611275,-0.006020705778559066,0.04486208053909653,-0.004066774175558483,-3.1000545497494327,4.504674503787977,-0.008182888715223324,0.12520661157024793,7502.0,-2.077790013641363,-2.0718196246265457,0.1259563797251708,-0.005970389014817279,0.1259471483556274,-0.005879742376448828,-2.0745829580299335,12.560880071322982,-0.0032070556114294213,0.04467963658849831,21023.0,-3.108237438464656,-3.102216732686097,0.04494945095611275,-0.006020705778559066,0.04486208053909653,-0.004066774175558483,-3.1000545497494327,4.504674503787977,-0.008182888715223324,0.007324890434674111,128234.0,-4.916477081914545,-4.919265629067619,0.0073044930850090645,0.0027885471530737505,0.0072925811078848185,0.004430437771114941,-4.9139290255411385,0.7343578467399986,-0.002548056373406382,0.006227210649836248,150838.0,-5.07882677520145,-5.079197150903266,0.006224904669387385,0.0003703757018156395,0.006210567070667263,0.0026798807547853275,-5.07595873596741,0.624509617022571,-0.0028680392340403316
2019-07,945.2,6.8513965453127526,6.850824363248623,944.6593282090867,0.0005721820641291231,0.1976785527554115,4781.5,-1.6211130384768446,-1.6183756273215302,0.1982204215513631,-0.002737411155314451,0.1982129196212764,-0.002695923489174801,-1.6191515352335966,19.806668041014532,-0.001961503243248064,0.044915415320281316,21044.0,-3.102974217537945,-3.100308148714552,0.04503532267836667,-0.002666068823393264,0.044940049018646774,-0.0005481457831796681,-3.0984399524137536,4.511953614074591,-0.004534265124191528,0.12559128355035876,7526.0,-2.07472242584063,-2.071484079507597,0.12599865086512876,-0.003238346333032993,0.1259885245645431,-0.0031529936203105293,-2.07456382234687,12.561120434642778,-0.0001586034937597347,0.044915415320281316,21044.0,-3.102974217537945,-3.100308148714552,0.04503532267836667,-0.002666068823393264,0.044940049018646774,-0.0005481457831796681,-3.0984399524137536,4.511953614074591,-0.004534265124191528,0.007363377867798855,128365.0,-4.911236502097236,-4.917453988487324,0.007317738195167291,0.006217486390087679,0.0073046825323481385,0.008035302724080026,-4.9121774434989165,0.7356452619344276,0.0009409414016801065,0.0062622153613759385,150937.0,-5.07322126488139,-5.077150491782054,0.00623765797368918,0.003929226900663885,0.006222068361068176,0.006452356029863705,-5.074082632050828,0.6256823617124806,0.0008613671694384095
2019-08,942.1,6.848111426054622,6.854280835320832,947.9301663186365,-0.006169409266210124,0.19743487645912358,4771.7,-1.6223464884644412,-1.6181613164884328,0.19826290688741396,-0.004185171976008428,0.1982547003743533,-0.004135205438669019,-1.6190980572062332,19.80772729087305,-0.003248431258207951,0.04478087270653104,21038.0,-3.105974179244597,-3.0983995647430063,0.045121358450515014,-0.007574614501590915,0.04501801749819701,-0.00526777510083531,-3.096827744834264,4.5192336868068566,-0.00914643441033336,0.1251128818061089,7530.0,-2.0785388947393173,-2.071148534388648,0.12604093619134135,-0.007390360350669312,0.12602990077345877,-0.007276201613442656,-2.074545814644306,12.561346633600094,-0.003993080095011425,0.04478087270653104,21038.0,-3.105974179244597,-3.0983995647430063,0.045121358450515014,-0.007574614501590915,0.04501801749819701,-0.00526777510083531,-3.096827744834264,4.5192336868068566,-0.00914643441033336,0.007329007966143889,128544.0,-4.915915111104386,-4.91564234790703,0.0073310073224531975,-0.00027276319735580756,0.0073167839568114585,0.0016706806439256423,-4.910428771213379,0.7369327898200351,-0.005486339891007219,0.006232097850749823,151169.0,-5.078042269197124,-5.075103832660843,0.006250437406386384,-0.0029384365362812304,0.00623356965146909,-0.0002361088110919483,-5.072209660676798,0.6268553450043637,-0.00583260852032641
2019-09,941.9,6.847899111828771,6.85773730739304,951.2123295499721,-0.009838195564269014,0.19703372102752909,4780.4,-1.6243803921639544,-1.6179470056553356,0.1983054013295083,-0.006433386508618799,0.1982964811274302,-0.006368040888681409,-1.6190451021792163,19.808776237380133,-0.00533528998473809,0.04474371763811695,21051.0,-3.106804232091627,-3.096490980771461,0.04520755858595972,-0.010313251320166028,0.04509598597774725,-0.007811523176455811,-3.0952172706708647,4.526517659648531,-0.011586961420762432,0.1248045581025573,7547.0,-2.081006300456097,-2.0708129892696987,0.12608323570856955,-0.010193311186398102,0.12607127698237447,-0.010047640589809038,-2.074528588753681,12.56156301584699,-0.006477711702415956,0.04474371763811695,21051.0,-3.106804232091627,-3.096490980771461,0.04520755858595972,-0.010313251320166028,0.04509598597774725,-0.007811523176455811,-3.0952172706708647,4.526517659648531,-0.011586961420762432,0.007317887998011063,128712.0,-4.9174335175021,-4.913830707326737,0.00734430051041663,-0.0036028101753631248,0.0073288853812747785,-0.0015005533163083252,-4.908682301854246,0.7382209448914543,-0.008751215647853527,0.006222706702342021,151365.0,-5.079550305737968,-5.073057173539632,0.006263243021009681,-0.006493132198335694,0.006245070941870004,-0.0035811025585061255,-5.070339069796087,0.6280290322983897,-0.00921123594188078
2019-10,938.4,6.844176297339265,6.861193779465248,954.5058571157914,-0.017017482125982752,0.19617845047455787,4783.4,-1.6287305723654986,-1.6177326948222381,0.19834790487959786,-0.010997877543260426,0.1983382618805071,-0.010889534805192818,-1.618992426556671,19.809819704482692,-0.00973814580882748,0.044679331524067986,21003.0,-3.1082442663060417,-3.0945823967999155,0.04529392339870154,-0.013661869506126134,0.045173954457297494,-0.010949294547526717,-3.093607944157798,4.53380816936186,-0.014636322148243508,0.12424202303720376,7553.0,-2.0855238169741823,-2.07047744415075,0.12612554942157578,-0.015046372823432463,0.12611265319129014,-0.014833009271868796,-2.074511829317239,12.561773542328112,-0.011011987656943223,0.044679331524067986,21003.0,-3.1082442663060417,-3.0945823967999155,0.04529392339870154,-0.013661869506126134,0.045173954457297494,-0.010949294547526717,-3.093607944157798,4.53380816936186,-0.014636322148243508,0.007286279990682506,128790.0,-4.92176215254745,-4.912019066746442,0.007357617802686401,-0.009743085801008355,0.0073409868057380985,-0.007452242662094231,-4.90693737092411,0.7395102139670845,-0.014824781623340222,0.006195695233064836,151460.0,-5.0839005453285475,-5.07101051441842,0.006276074871199428,-0.012890030910127415,0.006256572232270917,-0.009730088129100846,-5.068470152364161,0.6292038641945534,-0.015430392964386641
2019-11,934.2,6.839690548068008,6.864650251537457,957.8107883645641,-0.02495970346944887,0.19570545721168955,4773.5,-1.6311445193700802,-1.6175183839891407,0.19839041753963482,-0.013626135380939486,0.198380042633584,-0.013482129484337853,-1.618939827910084,19.81086170159186,-0.012204691459996253,0.04443704514103601,21023.0,-3.113681807397118,-3.0926738128283704,0.045380453203341005,-0.0210079945687478,0.04525192293684774,-0.018007583831276014,-3.0919992689348708,4.541107463752319,-0.021682538462247436,0.12388277416788225,7541.0,-2.0884195301346393,-2.0701418990318006,0.12616787733512422,-0.018277631102838754,0.12615402940020584,-0.018003826299660665,-2.074495270959568,12.561981546389509,-0.013924259175071452,0.04443704514103601,21023.0,-3.113681807397118,-3.0926738128283704,0.045380453203341005,-0.0210079945687478,0.04525192293684774,-0.018007583831276014,-3.0919992689348708,4.541107463752319,-0.021682538462247436,0.00724421904806216,128958.0,-4.927551500867323,-4.910207426166148,0.007370959242970418,-0.017344074701174605,0.0073530882302014185,-0.014805912662940603,-4.905193381450373,0.7408010372599118,-0.022358119416949762,0.006159546902094721,151667.0,-5.089752058996753,-5.068963855297209,0.00628893301070586,-0.020788203699543928,0.00626807352267183,-0.01731419074530072,-5.066602272410835,0.6303802398012156,-0.023149786585918264
2019-12,930.9,6.8361518601224445,6.868106723609665,961.1271627809999,-0.03195486348722021,0.19549330085261873,4761.8,-1.6322291668823579,-1.6173040731560435,0.1984329393115717,-0.014925093726314342,0.1984218233866609,-0.01475907480365909,-1.6188871789509551,19.811904750297373,-0.013341987931402732,0.04437082936129647,20980.0,-3.115173021827844,-3.0907652288568253,0.045467148315079725,-0.024407792971018694,0.045329891416397976,-0.021157386994193526,-3.0903908615764752,4.548417291426732,-0.0247821602513687,0.1236747708250299,7527.0,-2.090099974912088,-2.0698063539128517,0.12621021945398053,-0.02029362099923615,0.1261954056091215,-0.019974061432149515,-2.0744787332742955,12.562189294204549,-0.015621241637792327,0.04437082936129647,20980.0,-3.115173021827844,-3.0907652288568253,0.045467148315079725,-0.024407792971018694,0.045329891416397976,-0.021157386994193526,-3.0903908615764752,4.548417291426732,-0.0247821602513687,0.007212477143831159,129068.0,-4.931942816119157,-4.908395785585854,0.0073843248750558674,-0.023547030533303648,0.0073651896546647385,-0.02073436231704627,-4.903449850849186,0.7420937731725951,-0.02849296526997147,0.006132653464563816,151794.0,-5.094127757348362,-5.066917196175998,0.006301817493389351,-0.027210561172363867,0.006279574813072744,-0.023396703261352778,-5.0647349130276,0.6315584860191981,-0.02939284432076228
2020-01,956.9,6.863698892785217,6.871563195681873,964.4550199865247,-0.00786430289665585,0.19957869269594958,4794.6,-1.611546670823255,-1.617089762322946,0.1984754701973615,0.005543091499691011,0.1984636041397378,0.005618604786732854,-1.6188344465627866,19.812949506895034,0.0072877757395315435,0.045568836611267205,20999.0,-3.088531203738901,-3.0888566448852797,0.04555400904972147,0.00032544114637866883,0.04540785989594821,0.0035451288760991757,-3.0887825059605407,4.555738650016869,0.0002513022216397154,0.12632343234323432,7575.0,-2.0689097375923526,-2.069470808793903,0.1262525757829121,0.000561071201550245,0.1262367818180372,0.000686412659996381,-2.074462143295321,12.562397702389552,0.005552405702968333,0.045568836611267205,20999.0,-3.088531203738901,-3.0888566448852797,0.04555400904972147,0.00032544114637866883,0.04540785989594821,0.0035451288760991757,-3.0887825059605407,4.555738650016869,0.0002513022216397154,0.00740348162475822,129250.0,-4.905804899585458,-4.90658414500556,0.007397714742809309,0.0007792454201016596,0.0073772910791280585,0.0035501575509552705,-4.901706469053053,0.7433886543559396,-0.004098430532405217,0.006294111069452941,152031.0,-5.06814083361718,-5.064870537054786,0.006314728373220621,-0.0032702965623938596,0.006291076103473657,0.00048242398110676413,-5.062867735930841,0.6327388191621408,-0.005273097686338879
2020-02,956.6,6.863385331246197,6.875019667754081,967.7943997397518,-0.01163433650788459,0.19848943851931777,4819.4,-1.6170193867222051,-1.616875451489849,0.19851801019895765,-0.0001439352323562293,0.1985053848928147,-8.033219605365958e-05,-1.6187817005765173,19.813994588019355,0.0017623138543121364,0.04547226315539288,21037.0,-3.0906527398878327,-3.0869480609137345,0.04564103572367328,-0.003704678974098208,0.04548582837549846,-0.00029822959348118163,-3.0871741771853674,4.563071670953445,-0.003478562702465382,0.1257030223390276,7610.0,-2.0738331196095348,-2.0691352636749536,0.12629494632668786,-0.004697855934581163,0.1262781580269529,-0.004554514390386871,-2.0744455485908144,12.56260617339707,0.0006124289812796668,0.04547226315539288,21037.0,-3.0906527398878327,-3.0869480609137345,0.04564103572367328,-0.003704678974098208,0.04548582837549846,-0.00029822959348118163,-3.0871741771853674,4.563071670953445,-0.003478562702465382,0.007390525047127538,129436.0,-4.907556498220056,-4.9047725044252655,0.007411128890176872,-0.0027839937947904403,0.0073893925035913785,0.0001532661224328337,-4.899963145847602,0.7446857513488823,-0.007593352372453843,0.0062813129953445,152293.0,-5.070176244663507,-5.0628238779335755,0.0063276657042809475,-0.007352366729931781,0.00630257739387457,-0.003373921048670783,-5.0610006296335825,0.6339213133735899,-0.0091756150299247
2020-03,946.8,6.853087877639829,6.878476139826289,971.1453419369544,-0.02538826218646051,0.19828687511780352,4774.9,-1.6180404326473294,-1.6166611406567515,0.19856055931831398,-0.0013792919905779577,0.1985471656458916,-0.0013109757937934867,-1.6187103730037125,19.815407922565146,0.0006699403563830142,0.04529493374156819,20903.0,-3.094560090681954,-3.085039476942189,0.045728228653946705,-0.009520613739764983,0.0455637968550487,-0.005900805728193379,-3.0855155213451195,4.570646516724408,-0.009044569336834396,0.12555364010078238,7541.0,-2.075022200562818,-2.0687997185560048,0.12633733109007825,-0.006222482006813301,0.12631953423586859,-0.0060631488211166365,-2.0744051135768795,12.563114152822758,-0.0006170869859385419,0.04529493374156819,20903.0,-3.094560090681954,-3.085039476942189,0.045728228653946705,-0.009520613739764983,0.0455637968550487,-0.005900805728193379,-3.0855155213451195,4.570646516724408,-0.009044569336834396,0.007392947496642408,128068.0,-4.907228774198602,-4.902960863844972,0.007424567361184342,-0.004267910353630278,0.0074014939280546985,-0.0011546900524900601,-4.898171149830869,0.7460214216495157,-0.009057624367732942,0.0062745617813711515,150895.0,-5.071251632040974,-5.060777218812364,0.006340629540762426,-0.010474413228610757,0.006314078684275484,-0.006258538241334439,-5.059081270238801,0.6351392046135759,-0.012170361802173346
2020-04,787.0,6.668228248417403,6.881932611898497,974.507886612547,-0.213704363481094,0.19310987878490454,4075.4,-1.644495931949433,-1.616446829823654,0.19860311755738472,-0.028049102125778935,0.19858894639896849,-0.027589992864237294,-1.6186390454309074,19.816821357924262,-0.02585688651852558,0.04248771797225072,18523.0,-3.15854023370532,-3.083130892970644,0.04581558815815888,-0.07540934073467609,0.04564176533459895,-0.06910441213712845,-3.083856865504872,4.578233936983037,-0.07468336820044774,0.12066850659306962,6522.0,-2.114708107931861,-2.0684641734370555,0.1263797300778555,-0.04624393449480557,0.12636091044478429,-0.04504877205836586,-2.0743646785629446,12.563622152789018,-0.04034342936891644,0.04248771797225072,18523.0,-3.15854023370532,-3.083130892970644,0.04581558815815888,-0.07540934073467609,0.04564176533459895,-0.06910441213712845,-3.083856865504872,4.578233936983037,-0.07468336820044774,0.007252319913009022,108517.0,-4.926433873299551,-4.901149223264677,0.007438030199937367,-0.025284650034874012,0.0074135953525180185,-0.021754011628678883,-4.896379153814135,0.7473594876118751,-0.030054719485415937,0.0060340729609127015,130426.0,-5.110333046685507,-5.058730559691153,0.00635361993696816,-0.0516024869943541,0.006325579974676398,-0.04608383973180411,-5.0571619108440204,0.6363594356693097,-0.05317113584148636
2020-05,866.5,6.7644621091556605,6.885389083970705,977.8820739395608,-0.12092697481504455,0.1959919477053222,4421.1,-1.6296817037316662,-1.6162325189905569,0.19864568491812448,-0.013449184741109343,0.19863072715204538,-0.013284850156659266,-1.6185677178581026,19.818234894103885,-0.011113985873563603,0.045109063459836535,19209.0,-3.098672089031251,-3.0812223089990987,0.04590311455453375,-0.01744978003215225,0.045719733814149184,-0.013356822172128684,-3.0821982096646243,4.585833952603391,-0.016473879366626587,0.12371501998857795,7004.0,-2.089774584250082,-2.0681286283181066,0.1264221432947932,-0.02164595593197527,0.12640228665369996,-0.021259636484933377,-2.0743242435490097,12.564130173296679,-0.015450340701072207,0.045109063459836535,19209.0,-3.098672089031251,-3.0812223089990987,0.04590311455453375,-0.01744978003215225,0.045719733814149184,-0.013356822172128684,-3.0821982096646243,4.585833952603391,-0.016473879366626587,0.0077610683672646825,111647.0,-4.858635278069604,-4.8993375826843835,0.007451517450621542,0.040702304614779194,0.0074256967769813385,0.04516365269895626,-4.894587157797401,0.748699953532825,0.03595187972779712,0.006513078773301263,133040.0,-5.033943004711149,-5.056683900569942,0.00636663694731252,0.02274089585879313,0.00633708126507731,0.02777264498624118,-5.055242551449239,0.637582011036053,0.021299546738090314
2020-06,894.6,6.7963766909987475,6.888845556042914,981.2679442301247,-0.09246886504416629,0.19649878094317658,4552.7,-1.6270990515435837,-1.6160182081574594,0.19868826140248846,-0.01108084338612425,0.1986725079051223,-0.010941256970409884,-1.6184963902852978,19.819648531111206,-0.008602661258285904,0.04543884599756197,19688.0,-3.091387901072144,-3.079313725027553,0.04599080816190319,-0.012074176044591045,0.04579770229369942,-0.007835683411279387,-3.080539553824377,4.59344658449417,-0.010848347247767176,0.12496158681380082,7159.0,-2.0797488943974374,-2.0677930831991578,0.12646457074566678,-0.011955811198279598,0.12644366286261566,-0.01172123628232088,-2.0742838085350748,12.56463821434657,-0.005465085862362606,0.04543884599756197,19688.0,-3.091387901072144,-3.079313725027553,0.04599080816190319,-0.012074176044591045,0.04579770229369942,-0.007835683411279387,-3.080539553824377,4.59344658449417,-0.010848347247767176,0.007694888137692566,116259.0,-4.8671990488089705,-4.897525942104089,0.0074650291575026105,0.030326893295118396,0.0074377982014446585,0.03456532824431463,-4.892795161780668,0.7500428237169369,0.02559611297169795,0.006498100544050671,137671.0,-5.036245368778501,-5.05463724144873,0.006379680626321362,0.018391872670228793,0.006348582555478224,0.023551397066330533,-5.053323192054458,0.6388069352177005,0.017077823275957194
2020-07,902.9,6.805611805313434,6.892302028115122,984.665537935944,-0.08669022280168814,0.19716556754159933,4579.4,-1.6237114588461634,-1.6158038973243622,0.19873084701243204,-0.007907561521801165,0.1987142886581992,-0.0077937078760539815,-1.618425062712493,19.82106226895342,-0.005286396133670435,0.04574424967068599,19738.0,-3.0846891854185188,-3.077405141056008,0.04607866929970815,-0.007284044362510844,0.045875670773249666,-0.0028647232912027893,-3.078880897984129,4.601071853598794,-0.0058082874343896584,0.12547248471372985,7196.0,-2.0756687897569903,-2.0674575380802085,0.12650701243525317,-0.008211251676781828,0.12648503907153133,-0.00800532905104176,-2.07424337352114,12.565146275939524,-0.001425416235850463,0.04574424967068599,19738.0,-3.0846891854185188,-3.077405141056008,0.04607866929970815,-0.007284044362510844,0.045875670773249666,-0.0028647232912027893,-3.078880897984129,4.601071853598794,-0.0058082874343896584,0.007668526681444866,117741.0,-4.870630770523052,-4.895714301523795,0.007478565364926555,0.025083531000743342,0.007449899625907978,0.029346308878657214,-4.8910031657639355,0.7513881024765039,0.020372395240883634,0.006483788732900076,139255.0,-5.038450258474198,-5.052590582327519,0.006392751028632233,0.014140323853321313,0.006360083845879138,0.019450197516042,-5.051403832659677,0.6400342127268027,0.012953574185479155
2020-08,902.7,6.805390272304109,6.89575850018733,988.0748956487888,-0.09036822788322052,0.19619647902629864,4601.0,-1.6286386778513593,-1.6155895864912648,0.19877344174991124,-0.013049091360094467,0.1987560694112761,-0.012878048919759192,-1.618353735139688,19.82247610763772,-0.010284942711671352,0.04562316789649247,19786.0,-3.0873396235790587,-3.0754965570844623,0.04616669828799989,-0.011843066494596322,0.04595363925279991,-0.0071914077248475036,-3.0772222421438817,4.608709780895438,-0.010117381435176931,0.12492388596734016,7226.0,-2.0800506394034763,-2.0671219929612596,0.12654946836833084,-0.012928646442216696,0.12652641528044703,-0.012665571134334624,-2.074202938507205,12.565654358076369,-0.005847700896271402,0.04562316789649247,19786.0,-3.0873396235790587,-3.0754965570844623,0.04616669828799989,-0.011843066494596322,0.04595363925279991,-0.0071914077248475036,-3.0772222421438817,4.608709780895438,-0.010117381435176931,0.00759714191935769,118821.0,-4.879983165661775,-4.893902660943501,0.007492126117319796,0.013919495281725425,0.0074620010503712985,0.018110540064808334,-4.889211169747202,0.752735794131554,0.009228004085426456,0.006410265514376407,140821.0,-5.049854587007826,-5.050543923206308,0.006405848208994636,0.0006893361984818824,0.006371585136280051,0.0060707621838258135,-5.049484473264896,0.6412638480845769,-0.00037011374292994503
2020-09,907.7,6.810913927532582,6.8992149722595375,991.4960581009755,-0.08830104472695588,0.19640809261062428,4621.5,-1.6275606791722506,-1.6153752756581674,0.19881604561688235,-0.012185403514083148,0.198797850164353,-0.012021043244446694,-1.6182824075668831,19.8238900471713,-0.009278271605367427,0.045679633636958386,19871.0,-3.0861027338732345,-3.073587973112917,0.04625489544744102,-0.012514760760317323,0.04603160773235015,-0.007646356769424786,-3.075563586303634,4.616360387397115,-0.010539147569600615,0.12514821453191782,7253.0,-2.0782565278308307,-2.0667864478423104,0.12659193854968,-0.011470079988520343,0.1265677914893627,-0.01121594159730745,-2.07416250349327,12.56616246075794,-0.0040940243375606755,0.045679633636958386,19871.0,-3.0861027338732345,-3.073587973112917,0.04625489544744102,-0.012514760760317323,0.04603160773235015,-0.007646356769424786,-3.075563586303634,4.616360387397115,-0.010539147569600615,0.007574202484959238,119841.0,-4.883007215642929,-4.892091020363207,0.007505711459189287,0.009083804720277477,0.007474102474834618,0.01339291379288125,-4.887419173730468,0.754085903009862,0.004411958087538359,0.006402623968399521,141770.0,-5.051047377579096,-5.048497264085096,0.0064189722222702415,-0.002550113493999362,0.0063830864266809645,0.003060829888953161,-5.047565113870115,0.6424958458209294,-0.0034822637089808595
2020-10,913.6,6.817392838901746,6.902671444331746,994.9290661658546,-0.0852786054300001,0.19631269070437063,4653.8,-1.6280465302511011,-1.6151609648250702,0.19885865861530208,-0.01288556542603092,0.1988396309174299,-0.012708433431505446,-1.6182110799940783,19.82530408756135,-0.009835450257022815,0.045810560096274384,19943.0,-3.0832406446514757,-3.071679389141372,0.04634326109930682,-0.011561255510103674,0.046109576211900385,-0.006484902707668524,-3.0739049304633865,4.624023694151709,-0.009335714188089206,0.125133543350226,7301.0,-2.07837376515434,-2.0664509027233615,0.1266344229840823,-0.011922862430978398,0.1266091676982784,-0.0116549565476092,-2.074122068479335,12.566670583985065,-0.004251696675004801,0.045810560096274384,19943.0,-3.0832406446514757,-3.071679389141372,0.04634326109930682,-0.011561255510103674,0.046109576211900385,-0.006484902707668524,-3.0739049304633865,4.624023694151709,-0.009335714188089206,0.007572002817952012,120655.0,-4.883297673480876,-4.890279379782912,0.00751932143512271,0.006981706302036095,0.0074862038992979385,0.011460937987825829,-4.885627177713735,0.7554384334469654,0.0023295042328586035,0.006413028218447284,142460.0,-5.049423698630599,-5.046450604963885,0.006432123123433104,-0.002973093666713389,0.0063945877170818784,0.002883767051337087,-5.045645754475334,0.6437302104744668,-0.0037779441552645565
2020-11,918.3,6.822524134619476,6.906127916403954,998.3739608582965,-0.08360378178447814,0.19672236503856042,4668.0,-1.62596185878697,-1.6149466539919728,0.19890128074712773,-0.01101520479499718,0.1988814116705068,-0.010855949853791985,-1.6181397524212733,19.826718228815068,-0.00782210636569669,0.045931075876556794,19993.0,-3.080613356652356,-3.0697708051698265,0.04643179556548633,-0.010842551482529661,0.04618754469145063,-0.005552770051041669,-3.0722462746231387,4.6316997222420495,-0.008367082029217432,0.12543368392296134,7321.0,-2.0759780750271664,-2.0661153576044127,0.12667692167632114,-0.009862717422753686,0.1266505439071941,-0.00960801230450653,-2.0740816334654,12.567178727758574,-0.00189644156176616,0.045931075876556794,19993.0,-3.080613356652356,-3.0697708051698265,0.04643179556548633,-0.010842551482529661,0.04618754469145063,-0.005552770051041669,-3.0722462746231387,4.6316997222420495,-0.008367082029217432,0.0075861214374225525,121050.0,-4.881434827746728,-4.888467739202619,0.007532956089788571,0.007032911455890911,0.007498305323761258,0.011711461439562329,-4.883835181697002,0.7567933897861787,0.002400353950274159,0.006433690877372437,142733.0,-5.046206896490097,-5.044403945842674,0.006445300967569919,-0.0018029506474226409,0.0064060890074827915,0.004308692847914539,-5.043726395080553,0.6449669465925173,-0.0024805014095443667
2020-12,928.6,6.833678075585821,6.909584388476162,1001.8307833351863,-0.075906312890341,0.1978523032343291,4693.4,-1.6202344699026732,-1.6147323431588756,0.19894391201431677,-0.005502126743797575,0.1989231924235837,-0.005383430540237209,-1.6180684248484685,19.828132470939643,-0.0021660450542047016,0.046274978820949816,20067.0,-3.0731538782006966,-3.0678622211982813,0.04652049916848346,-0.005291657002415295,0.046265513171000874,0.00020459407667124086,-3.0705876187828913,4.6393884927859625,-0.0025662594178053055,0.1262199266005165,7357.0,-2.0697294443464433,-2.0657798124854634,0.12671943463118152,-0.003949631860979963,0.12669192011610977,-0.003725521841966693,-2.0740411984514653,12.5676868920793,0.004311754105021937,0.046274978820949816,20067.0,-3.0731538782006966,-3.0678622211982813,0.04652049916848346,-0.005291657002415295,0.046265513171000874,0.00020459407667124086,-3.0705876187828913,4.6393884927859625,-0.0025662594178053055,0.007682634235128651,120870.0,-4.868792791267682,-4.886656098622325,0.007546615467936392,0.017863307354643254,0.0075104067482245785,0.022931845461603786,-4.882043185680268,0.7581507763786072,0.013250394412586353,0.006514296938575076,142548.0,-5.033755988491719,-5.0423572867214626,0.006458505809880246,0.008601298229743648,0.006417590297883705,0.015068995713743545,-5.041807035685772,0.6462060587311436,0.00805104719405314
2021-01,922.8,6.827412526299598,6.913040860548371,1005.2995748959124,-0.08562833424877248,0.19648256185325552,4696.6,-1.6271815953601163,-1.6145180323257782,0.19898655241882732,-0.012663563034338132,0.1989649731766606,-0.012476624823812293,-1.6179970972756637,19.829546813942276,-0.009184498084452652,0.0460180521617713,20053.0,-3.0787215211774352,-3.0659536372267358,0.04660937223141834,-0.012767883950699499,0.04634348165055112,-0.00702211998730888,-3.0689289629426435,4.6470900269363336,-0.009792558234791748,0.12534637326813367,7362.0,-2.076674387639368,-2.0654442673665145,0.12676196185344987,-0.011230120272853306,0.12673329632502547,-0.010943635943429172,-2.0740007634375304,12.568195076948074,-0.0026736242018374767,0.0460180521617713,20053.0,-3.0787215211774352,-3.0659536372267358,0.04660937223141834,-0.012767883950699499,0.04634348165055112,-0.00702211998730888,-3.0689289629426435,4.6470900269363336,-0.009792558234791748,0.007618764551443998,121122.0,-4.877141054784884,-4.88484445804203,0.007560299614396841,0.007703403257146135,0.007522508172687898,0.01279578254305928,-4.880251189663534,0.7595105975831586,0.0031101348786499727,0.006459335167258142,142863.0,-5.042228881768885,-5.040310627600252,0.006471737705676714,-0.0019182541686335597,0.0064290915882846186,0.0047041760967653605,-5.0398876762909905,0.6474475514551635,-0.0023412054778946256
2021-02,898.0,6.8001700683022,6.916497332620579,1008.7803769828582,-0.11632726431837881,0.19354282512177248,4639.8,-1.6422564725408453,-1.6143037214926808,0.19902920196261778,-0.027952751048164526,0.1990067539297375,-0.02745599684468063,-1.6179257697028588,19.830961257830158,-0.02433070283798644,0.044924708589724346,19989.0,-3.102767332928447,-3.0640450532551906,0.04669841507802827,-0.03872227967325648,0.046421450130101356,-0.032242455506715596,-3.0672703071023957,4.654804345881158,-0.03549702582605141,0.12338554547952735,7278.0,-2.0924413098699053,-2.0651087222475653,0.12680450334791452,-0.027332587622340032,0.12677467253394115,-0.0267334711790041,-2.0739603284235955,12.568703282365723,-0.01848098144630983,0.044924708589724346,19989.0,-3.102767332928447,-3.0640450532551906,0.04669841507802827,-0.03872227967325648,0.046421450130101356,-0.032242455506715596,-3.0672703071023957,4.654804345881158,-0.03549702582605141,0.007383289757124299,121626.0,-4.908535973146139,-4.883032817461737,0.0075740085740818525,-0.025503155684402756,0.0075346095971512185,-0.02008330200467614,-4.878459193646801,0.7608728577665589,-0.03007677949933818,0.0062630771376761055,143380.0,-5.073083659104664,-5.03826396847904,0.006484996710385299,-0.034819690625623956,0.0064405928786855325,-0.027562018645348133,-5.03796831689621,0.6486914293381627,-0.035115342208453804
2021-03,938.9,6.844708977264502,6.919953804692787,1012.2732311819017,-0.07524482742828464,0.19908398888912446,4716.1,-1.614028488578467,-1.6140894106595836,0.19907186064764695,6.09220811165212e-05,0.1990485346828144,0.00017811839894509674,-1.6178544421300538,19.832375802610493,0.0038259535515867693,0.04652395817848471,20181.0,-3.067787869429214,-3.0621364692836455,0.04678762803266912,-0.00565140014556853,0.046499418609651594,0.0005277392614113891,-3.0656116512621483,4.662531470843603,-0.002176218167065702,0.12689552642248952,7399.0,-2.064391157661049,-2.0647731771286164,0.12684705911936506,0.0003820194675672184,0.12681604874285685,0.0006267162588690469,-2.073919893409661,12.569211508333078,0.009528735748611794,0.04652395817848471,20181.0,-3.067787869429214,-3.0621364692836455,0.04678762803266912,-0.00565140014556853,0.046499418609651594,0.0005277392614113891,-3.0656116512621483,4.662531470843603,-0.002176218167065702,0.007671503742196948,122388.0,-4.870242627774017,-4.881221176881442,0.00758774239198483,0.010978549107425017,0.007546711021614538,0.016536040697065404,-4.876667197630068,0.7622375613033675,0.006424569856051221,0.006509651117643796,144232.0,-5.034469415957535,-5.036217309357829,0.006498282879545508,0.0017478934002941315,0.006452094169086445,0.008920661578859212,-5.0360489575014284,0.6499376969625158,0.0015795415438937255
2021-04,931.9,6.83722551279161,6.923410276764995,1015.7781792229104,-0.08618476397338526,0.1975578215428971,4717.1,-1.6217239701831372,-1.6138750998264861,0.1991145284758742,-0.00784887035665105,0.19909031543589129,-0.007697480862586961,-1.617783114557249,19.83379044829047,-0.0039408556258881955,0.04625272979948382,20148.0,-3.0736347940739313,-3.0602278853121,0.04687701142031638,-0.013406908761831371,0.04657738708920184,-0.006970276995063246,-3.0639529954219005,4.670271423082075,-0.009681798652030782,0.12593243243243243,7400.0,-2.0720097664006514,-2.0644376320096676,0.12688962917259294,-0.007572134390983809,0.12685742495177252,-0.007291591483050672,-2.073879458395726,12.569719754850976,0.001869691995074696,0.04625272979948382,20148.0,-3.0736347940739313,-3.0602278853121,0.04687701142031638,-0.013406908761831371,0.04657738708920184,-0.006970276995063246,-3.0639529954219005,4.670271423082075,-0.009681798652030782,0.007595318434479273,122694.0,-4.88022321695626,-4.879409536301148,0.007601501113180732,-0.0008136806551117814,0.0075588124460778585,0.004829593095719279,-4.874875201613334,0.76360471257599,-0.005348015342925727,0.0064452544142972745,144587.0,-5.044411168692469,-5.034170650236618,0.0065115962688106505,-0.010240518455851166,0.006463595459487359,-0.0028375917560191526,-5.034129598106647,0.6511863589193994,-0.01028157058582213
2021-05,918.2,6.822415231815122,6.926866748837203,1019.2952629802362,-0.10445151702208122,0.19513335458506004,4705.5,-1.6340720844837209,-1.6136607889933887,0.1991572054492592,-0.02041129549033216,0.19913209618896818,-0.020080849247494006,-1.6177117869844442,19.835205194877283,-0.0163602974992767,0.045536599880976,20164.0,-3.0892388833873996,-3.0583193013405547,0.046966565566566344,-0.030919582046844862,0.04665535556875208,-0.023979148248639295,-3.062294339581653,4.678024223890261,-0.026944543805746513,0.1242321742659992,7391.0,-2.085603090969765,-2.0641020868907183,0.12693221351239123,-0.02150100407904665,0.12689880116068822,-0.021013806831101198,-2.073839023381791,12.570228021920245,-0.01176406758797377,0.045536599880976,20164.0,-3.0892388833873996,-3.0583193013405547,0.046966565566566344,-0.030919582046844862,0.04665535556875208,-0.023979148248639295,-3.062294339581653,4.678024223890261,-0.026944543805746513,0.007456795738045739,123136.0,-4.898629482770202,-4.877597895720854,0.007615284782826281,-0.021031587049348488,0.007570913870541178,-0.015073230847266483,-4.8730832055966005,0.7649743159746915,-0.025546277173601695,0.006329576396787647,145065.0,-5.062521965004051,-5.032123991115406,0.006524936933948057,-0.03039797388864507,0.006475096749888273,-0.02247385000125853,-5.032210238711866,0.6524374198088106,-0.030311726292184815
2021-06,915.9,6.8199071884089415,6.930323220909411,1022.8245244732225,-0.11041603250046972,0.19458667063247573,4706.9,-1.6368776078121998,-1.6134464781602915,0.19919989156976198,-0.0234311296519083,0.19917387694204508,-0.023031164427773438,-1.6176404594116391,19.836620042378144,-0.019237148400560677,0.04534382890242091,20199.0,-3.0934811888044487,-3.056410717369009,0.04705629079763739,-0.03707047143543951,0.04673332404830232,-0.029732427003165095,-3.0606356837414053,4.685789894597202,-0.0328455050630434,0.12388746111186257,7393.0,-2.0883816971481584,-2.0637665417717694,0.12697481214355438,-0.02461515537638892,0.12694017736960392,-0.024048463780328166,-2.0737985883678562,12.570736309541717,-0.014583108780302112,0.04534382890242091,20199.0,-3.0934811888044487,-3.056410717369009,0.04705629079763739,-0.03707047143543951,0.04673332404830232,-0.029732427003165095,-3.0606356837414053,4.685789894597202,-0.0328455050630434,0.0073988803528584925,123789.0,-4.906426593887339,-4.87578625514056,0.007629093446160053,-0.030640338746779072,0.0075830152950044985,-0.02428254922119299,-4.8712912095798675,0.7663463758976105,-0.03513538430747154,0.0062810314085859275,145820.0,-5.07022107495148,-5.030077331994195,0.006538304930839296,-0.04014374295728462,0.006486598040289186,-0.03169097737002578,-5.030290879317085,0.6536908842395859,-0.03993019563439493
2021-07,917.7,6.8218705398249675,6.933779692981619,1026.366005866701,-0.11190915315665162,0.1940989847715736,4728.0,-1.6393870192609665,-1.613232167327194,0.19924258683934318,-0.026154851933772427,0.19921565769512198,-0.025684090210313086,-1.6175691318388343,19.838034990800235,-0.0218178874221322,0.045226947907939484,20291.0,-3.096062177142657,-3.054502133397464,0.04714618744037102,-0.04156004374519284,0.04681129252785256,-0.0338453508620894,-3.058977027901158,4.693568456567343,-0.03708514924149897,0.1235959595959596,7425.0,-2.090737423845933,-2.06343099665282,0.1270174250708787,-0.027306427193112714,0.1269815535785196,-0.026662092935148155,-2.0737581533539213,12.571244617716218,-0.016979270492011533,0.045226947907939484,20291.0,-3.096062177142657,-3.054502133397464,0.04714618744037102,-0.04156004374519284,0.04681129252785256,-0.0338453508620894,-3.058977027901158,4.693568456567343,-0.03708514924149897,0.007357905117740914,124723.0,-4.911980017498093,-4.873974614560265,0.0076429271485026805,-0.03800540293782806,0.007595116719467818,-0.031232120649164287,-4.8694992135631345,0.7677208967507761,-0.0424808039349589,0.00625298101688448,146762.0,-5.074696966242864,-5.028030672872984,0.006551700315480439,-0.0466662933698796,0.006498099330690099,-0.03772153999677117,-5.028371519922304,0.654946756829414,-0.04632544632055957
2021-08,921.1,6.82556860799419,6.937236165053828,1029.9197494714983,-0.11166755705963816,0.19449312696636334,4735.9,-1.6373584534818648,-1.613017856494097,0.1992852912599637,-0.024340596987767915,0.19925743844819888,-0.023910331874883152,-1.6174978042660295,19.839450040150762,-0.019860649215835302,0.04526289926289927,20350.0,-3.0952675828765512,-3.052593549425919,0.047236255822233196,-0.042674033450632365,0.0468892610074028,-0.03468516478105227,-3.05731837206091,4.701359931200598,-0.03794921081564118,0.12393702906350915,7432.0,-2.0879816724994846,-2.0630954515338713,0.12706005229916192,-0.024886220965613326,0.1270229297874353,-0.02429404461926835,-2.0737177183399864,12.571752946444587,-0.014263954159498216,0.04526289926289927,20350.0,-3.0952675828765512,-3.052593549425919,0.047236255822233196,-0.042674033450632365,0.0468892610074028,-0.03468516478105227,-3.05731837206091,4.701359931200598,-0.03794921081564118,0.007358321749828245,125178.0,-4.911923395363739,-4.872162973979972,0.007656785935256949,-0.03976042138376723,0.0076072181439311385,-0.032718451001889234,-4.867707217546401,0.7690978829481201,-0.04421617781733822,0.006252630435668029,147314.0,-5.074753034067755,-5.025984013751772,0.006565123143982279,-0.048769020315982736,0.006509600621091013,-0.039475568530334126,-5.026452160527523,0.6562050422048571,-0.04830087354023238
2021-09,925.4,6.830226076472899,6.940692637126036,1033.4857977449378,-0.11046656065313698,0.19438726210981808,4760.6,-1.637902913229048,-1.6128035456609995,0.19932800483358498,-0.025099367568048425,0.19929921920127577,-0.02464614317679301,-1.6174264766932245,19.840865190436933,-0.020476436535823428,0.045267328669960374,20443.0,-3.0951697281121087,-3.0506849654543733,0.04732649627131551,-0.04448476265773538,0.04696722948695305,-0.036193338111733524,-3.0556597162206627,4.709164339932399,-0.039510011891445984,0.12365045430251202,7484.0,-2.090296610921081,-2.0627599064149225,0.12710269383320352,-0.02753670450615875,0.12706430599635096,-0.0268671179295386,-2.0736772833260515,12.572261295727646,-0.01661932759502971,0.045267328669960374,20443.0,-3.0951697281121087,-3.0506849654543733,0.04732649627131551,-0.04448476265773538,0.04696722948695305,-0.036193338111733524,-3.0556597162206627,4.709164339932399,-0.039510011891445984,0.007363789001265228,125669.0,-4.911180668756019,-4.870351333399677,0.007670669851908,-0.040829335356342256,0.007619319568394458,-0.033537189880995466,-4.865915221529667,0.7704773389114893,-0.045265447226352507,0.006262392485670395,147771.0,-5.073192980675348,-5.0239373546305615,0.006578573472570552,-0.04925562604478628,0.006521101911491926,-0.03967265491827628,-5.024532801132742,0.6574657450013642,-0.0486601795426056
2021-10,930.0,6.835184586147301,6.944149109198244,1037.0641932913518,-0.1089645230509424,0.19430457764870568,4786.3,-1.638328363181437,-1.612589234827902,0.19937072756216875,-0.025739128353534868,0.19934099995435267,-0.025265360898160883,-1.6173551491204197,19.84228044166593,-0.020973214061017265,0.04527750730282376,20540.0,-3.0949448973352474,-3.048776381482828,0.04741690911633623,-0.04616851585241921,0.047045197966503284,-0.03757430598842711,-3.054001060380415,4.71698170423377,-0.0409438369548325,0.12370311252992817,7518.0,-2.0898708379768216,-2.062424361295973,0.12714534967780455,-0.02744647668084843,0.12710568220526666,-0.026769611053607964,-2.0736368483121166,12.572769665566236,-0.016233989664705017,0.04527750730282376,20540.0,-3.0949448973352474,-3.048776381482828,0.04741690911633623,-0.04616851585241921,0.047045197966503284,-0.03757430598842711,-3.054001060380415,4.71698170423377,-0.0409438369548325,0.007349164328894859,126545.0,-4.913168668970356,-4.868539692819383,0.007684578944023423,-0.04462897615097283,0.0076314209928577785,-0.03698612148734584,-4.864123225512934,0.7718592690706617,-0.049045443457422344,0.006259591309264195,148572.0,-5.07364038206139,-5.0218906955093505,0.0065920513575862,-0.051749686552039265,0.006532603201892839,-0.04179220506605053,-5.022613441737961,0.6587288698632918,-0.05102694032342914
2021-11,936.1,6.841722308377699,6.947605581270452,1040.654978862587,-0.10588327289275234,0.19455066921606118,4811.6,-1.6370626397422186,-1.6123749239948049,0.19941345944767724,-0.024687715747413685,0.19938278070742957,-0.024235350085015303,-1.6172838215476149,19.843695793844965,-0.019778818194603698,0.04537126793330749,20632.0,-3.0928762391834814,-3.0468677975112826,0.04750749468664172,-0.04600844167219886,0.04712316644605353,-0.03717701175178053,-3.0523424045401675,4.724812045611369,-0.04053383464331395,0.12379000264480297,7562.0,-2.089168676073179,-2.0620888161770243,0.1271880198377676,-0.0270798598961548,0.12714705841418233,-0.026402936971170292,-2.0735964132981817,12.573278055961179,-0.015572262774997458,0.04537126793330749,20632.0,-3.0928762391834814,-3.0468677975112826,0.04750749468664172,-0.04600844167219886,0.04712316644605353,-0.03717701175178053,-3.0523424045401675,4.724812045611369,-0.04053383464331395,0.007360202541200151,127184.0,-4.911667827435195,-4.866728052239089,0.007698513257253463,-0.04493977519610581,0.007643522417321098,-0.03706666385630152,-4.862331229496201,0.7732436778633623,-0.0493365979389937,0.006272867385914361,149230.0,-5.071521710547815,-5.019844036388139,0.006605556855485598,-0.05167767415967628,0.006544104492293753,-0.04144755125759331,-5.02069408234318,0.6599944214439171,-0.050827628204634934
2021-12,942.3,6.84832369521271,6.95106205334266,1044.258197358518,-0.10273835812995014,0.19510932582408477,4829.6,-1.6341952322695061,-1.6121606131617074,0.19945620049207313,-0.022034619107798692,0.19942456146050647,-0.021638436132533617,-1.61721249397481,19.845111246981237,-0.016982738294696098,0.04550195567144719,20709.0,-3.089999972158875,-3.0449592135397374,0.04759825331220745,-0.04504075861913748,0.047201134925603766,-0.03599869487957737,-3.0506837486999197,4.732655385607566,-0.039316223458955246,0.12406846609611585,7595.0,-2.0869217198171626,-2.061753271058075,0.12723070431789696,-0.025168448759087525,0.12718843462309803,-0.024530284818959313,-2.0735559782842468,12.573786466913313,-0.013365741532915809,0.04550195567144719,20709.0,-3.089999972158875,-3.0449592135397374,0.04759825331220745,-0.04504075861913748,0.047201134925603766,-0.03599869487957737,-3.0506837486999197,4.732655385607566,-0.039316223458955246,0.007375894296851762,127754.0,-4.909538123517655,-4.864916411658795,0.007712472837331116,-0.0446217118588601,0.0076556238417844185,-0.03653909213849978,-4.860539233479467,0.7746305697352752,-0.048998890038188136,0.006289715384204624,149816.0,-5.068839458227634,-5.017797377266928,0.006619090022840765,-0.05104208096070639,0.006555605782694667,-0.040559241556582575,-5.0187747229483985,0.6612624044054591,-0.050064735279235606
2022-01,935.6,6.841188034710024,6.954518525414868,1047.8738918275544,-0.11333049070484424,0.19378624689312346,4828.0,-1.6409995475073982,-1.6119463023286102,0.19949895069731943,-0.029053245178787934,0.19946634221358336,-0.028476460025410235,-1.617141166402005,19.84652680108195,-0.023858381105393178,0.04511742296378454,20737.0,-3.0984867885878162,-3.0430506295681923,0.04768918532363932,-0.055436159019623954,0.04727910340515401,-0.045721688561755125,-3.0490250928596723,4.740511745800478,-0.04946169572814396,0.12318630678077683,7595.0,-2.0940573803198492,-2.061417725939126,0.12727340312299845,-0.03263965438072303,0.12722981083201373,-0.031781105582053375,-2.073515543270312,12.574294898423465,-0.02054183704953738,0.04511742296378454,20737.0,-3.0984867885878162,-3.0430506295681923,0.04768918532363932,-0.055436159019623954,0.04727910340515401,-0.045721688561755125,-3.0490250928596723,4.740511745800478,-0.04946169572814396,0.007311831318333503,127957.0,-4.918261514252087,-4.8631047710785005,0.007726457730072329,-0.055156743173586875,0.007667725266247738,-0.046414540891394504,-4.858747237462733,0.7760199491400569,-0.05951427678935417,0.006237083849979334,150006.0,-5.07724253756839,-5.015750718145716,0.0066326509163396495,-0.0614918194226739,0.006567107073095579,-0.05025397324010427,-5.016855363553618,0.6625328234190923,-0.060387174014771894
2022-02,947.1,6.853404684232055,6.957974997487076,1051.5021054671622,-0.10457031325502086,0.1945522893942195,4868.1,-1.637054311981545,-1.6117319914955128,0.19954171006537966,-0.025322320486032224,0.19950812296666026,-0.024840259628270484,-1.6170698388292002,19.847942456154293,-0.01998447315234486,0.04546152738443815,20833.0,-3.090888862696326,-3.0411420455966467,0.047780291052174836,-0.04974681709967932,0.047357071884704255,-0.040026640685915015,-3.0473664370194244,4.748381147804059,-0.043522425676901566,0.12378774016468436,7651.0,-2.089186952999796,-2.0610821808201774,0.12731611625787959,-0.02810477217961882,0.1272711870409294,-0.027370270972052777,-2.073475108256377,12.57480335049247,-0.015711844743419245,0.04546152738443815,20833.0,-3.090888862696326,-3.0411420455966467,0.047780291052174836,-0.04974681709967932,0.047357071884704255,-0.040026640685915015,-3.0473664370194244,4.748381147804059,-0.043522425676901566,0.007353660525028534,128793.0,-4.912557059117351,-4.861293130498207,0.0077404679813761,-0.05126392861914386,0.0076798266907110585,-0.04247051122612316,-4.856955241446,0.7774118205393524,-0.05560181767135042,0.006279462953754351,150825.0,-5.070470819076907,-5.013704059024505,0.006646239592786312,-0.056766760052402,0.006578608363496493,-0.04547244541901075,-5.0149360041588364,0.6638056831649669,-0.05553481491807055
2022-03,954.0,6.860663671448287,6.961431469559285,1055.1428816243767,-0.10076779811099801,0.19499233520694942,4892.5,-1.6347950278219447,-1.6115176806624154,0.1995844785982177,-0.023277347159529338,0.19954990371973716,-0.02283924185294888,-1.6169985112563954,19.849358212205484,-0.01779651656554937,0.045526127415891196,20955.0,-3.0894688889108854,-3.0392334616251016,0.04787157082968424,-0.050235427285783896,0.04743504036425449,-0.040242675745708674,-3.0457077811791766,4.756263613268128,-0.043761107731708826,0.12402496099843993,7692.0,-2.0872724352603838,-2.060746635701228,0.1273588437273495,-0.026525799559155683,0.1273125632498451,-0.025823078001763308,-2.073434673242442,12.575311823121154,-0.013837762017941735,0.045526127415891196,20955.0,-3.0894688889108854,-3.0392334616251016,0.04787157082968424,-0.050235427285783896,0.04743504036425449,-0.040242675745708674,-3.0457077811791766,4.756263613268128,-0.043761107731708826,0.007379217524481367,129282.0,-4.909087672484001,-4.859481489917913,0.007754503637224679,-0.049606182566088286,0.007691928115174378,-0.040654382881725834,-4.855163245429267,0.77880618840281,-0.0539244270547341,0.006304728546409807,151315.0,-5.066455364193946,-5.011657399903294,0.006659856109101212,-0.054797964290651535,0.006590109653897407,-0.04330445508123295,-5.013016644764055,0.6650809883322236,-0.053438719429890646
2022-04,956.0,6.862757913051401,6.964887941631493,1058.7962637963171,-0.1021300285800919,0.19562103540004092,4887.0,-1.6315759842187536,-1.6113033698293182,0.19962725629779787,-0.020272614389435395,0.19959168447281406,-0.019893860223991318,-1.6169271836835903,19.85077406924272,-0.014648800535163264,0.04548049476688868,21020.0,-3.090471731379541,-3.037324877653556,0.04796302498867186,-0.05314685372598493,0.04751300884380473,-0.04277805439764463,-3.0440491253389292,4.7641591638784515,-0.04642260604061166,0.124188100805404,7698.0,-2.08595792079229,-2.0604110905822792,0.12740158553621886,-0.025546830210010807,0.12735393945876078,-0.024858584405093524,-2.073394238228507,12.575820316310354,-0.01256368256378293,0.04548049476688868,21020.0,-3.090471731379541,-3.037324877653556,0.04796302498867186,-0.05314685372598493,0.04751300884380473,-0.04277805439764463,-3.0440491253389292,4.7641591638784515,-0.04642260604061166,0.007379162357009432,129554.0,-4.909095148571808,-4.8576698493376185,0.007768564743683688,-0.05142529923418948,0.0077040295396376985,-0.042168475725177956,-4.853371249412533,0.7802030572080951,-0.05572389915927456,0.0063051120212632645,151623.0,-5.066394542671023,-5.009610740782082,0.006673500522321423,-0.05678380188894039,0.00660161094429832,-0.04491311674329063,-5.011097285369274,0.6663587436190115,-0.05529725730174828
2022-05,965.3,6.8724389338545695,6.968344413703701,1062.4622956307126,-0.09590547984913123,0.19645073976840263,4913.7,-1.6273435673018741,-1.6110890589962208,0.19967004316608492,-0.016254508305653337,0.19963346522589098,-0.01594284532348825,-1.6168558561107855,19.8521900272732,-0.0104877111910886,0.04580743131020737,21073.0,-3.0833089453426434,-3.035416293682011,0.04805465386227715,-0.04789265166063261,0.047590977323354974,-0.03747655781534751,-3.0423904694986814,4.772067821356794,-0.04091847584396202,0.12474799689842336,7738.0,-2.081459601405889,-2.06007554546333,0.1274443416893,-0.021384055942558877,0.12739531566767648,-0.02078034624254877,-2.073353803214572,12.576328830060898,-0.008105798191316627,0.04580743131020737,21073.0,-3.0833089453426434,-3.035416293682011,0.04805465386227715,-0.04789265166063261,0.047590977323354974,-0.03747655781534751,-3.0423904694986814,4.772067821356794,-0.04091847584396202,0.0074368831809181885,129799.0,-4.901303445207634,-4.855858208757325,0.0077826513469022645,-0.04544523645030907,0.007716130964101018,-0.03619013006414977,-4.8515792533957995,0.7816024314409029,-0.049724191811834295,0.006353834812142913,151924.0,-5.058696740932162,-5.007564081660871,0.0066871728896008556,-0.05113265927129085,0.006613112234699233,-0.039206566190708586,-5.009177925974493,0.6676389537325076,-0.0495188149576693
2022-06,963.0,6.870053411798126,6.9718008857759095,1066.14102092642,-0.10174747397778372,0.19518423932871215,4933.8,-1.6338113494067792,-1.6108747481631234,0.19971283920504404,-0.02293660124365582,0.19967524597896788,-0.02249155436487493,-1.6167845285379807,19.853606086304133,-0.017026820868798476,0.04556207418622256,21136.0,-3.088679614963981,-3.0335077097104657,0.04814645778427608,-0.05517190525351534,0.04766894580290522,-0.04419799056169299,-3.040731813658434,4.779989607460977,-0.04794780130554699,0.12408194820255122,7761.0,-2.086813059056013,-2.059740000344381,0.12748711219140682,-0.027073058711632125,0.12743669187659215,-0.026324786249862894,-2.0733133682006373,12.576837364373619,-0.013499690855375945,0.04556207418622256,21136.0,-3.088679614963981,-3.0335077097104657,0.04814645778427608,-0.05517190525351534,0.04766894580290522,-0.04419799056169299,-3.040731813658434,4.779989607460977,-0.04794780130554699,0.007395404558579591,130216.0,-4.906896477273208,-4.85404656817703,0.007796763493113252,-0.05284990909617804,0.007728232388564338,-0.043066488331437926,-4.849787257379067,0.7830043155949737,-0.05710921989414164,0.006320639546331666,152358.0,-5.063934881903322,-5.00551742253966,0.006700873268210534,-0.05841745936366127,0.006624613525100147,-0.045885541491099406,-5.007258566579712,0.6689216233889301,-0.056676315323609394
2022-07,967.6,6.8748187787358725,6.975257357848117,1069.8324836339452,-0.10043857911224485,0.1952223387942862,4956.4,-1.6336161710064656,-1.6106604373300262,0.1997556444166407,-0.022955733676439438,0.19971702673204478,-0.022505281654272763,-1.616713200965176,19.85502224634272,-0.01690297004128971,0.045628595680467794,21206.0,-3.087220660749871,-3.03159912573892,0.04823843708908225,-0.05562153501095102,0.047746914282455456,-0.04436556024241415,-3.039073157818186,4.787924543984944,-0.048147502931684905,0.12417864476386037,7792.0,-2.0860340665864987,-2.0594044552254323,0.12752989704735487,-0.026629611361066452,0.12747806808550785,-0.025882282114868135,-2.0732729331867024,12.577345919249346,-0.012761133399796343,0.045628595680467794,21206.0,-3.087220660749871,-3.03159912573892,0.04823843708908225,-0.05562153501095102,0.047746914282455456,-0.04436556024241415,-3.039073157818186,4.787924543984944,-0.048147502931684905,0.007399476928253522,130766.0,-4.906345966641487,-4.8522349275967365,0.007810901228633299,-0.05411103904475034,0.007740333813027658,-0.0440364579884712,-4.847995261362334,0.78440871417211,-0.0583507052791532,0.006321208320267587,153072.0,-5.063844899182076,-5.0034707634184485,0.006714601715538815,-0.06037413576362738,0.00663611481550106,-0.04745344286357052,-5.005339207184931,0.6702067573135603,-0.05850569199714517
2022-08,964.6,6.871713507634872,6.978713829920325,1073.5367278559731,-0.10700032228545364,0.1942447491894722,4965.9,-1.638636321299358,-1.6104461264969288,0.19979845880284108,-0.028190194802429236,0.19975880748512168,-0.02760358036308442,-1.6166418733923709,19.856438507396174,-0.021994447906987125,0.04540362438220758,21245.0,-3.09216334491404,-3.0296905417673745,0.048330592111748095,-0.0624728031466657,0.047824882762005694,-0.05062758630997988,-3.037414501977939,4.79587265275881,-0.05474884293610138,0.12365081399820536,7801.0,-2.0902937019534416,-2.059068910106483,0.12757269626196144,-0.03122479184695859,0.12751944429442352,-0.03033757179247162,-2.0732324981727674,12.577854494688914,-0.017061203780674106,0.04540362438220758,21245.0,-3.09216334491404,-3.0296905417673745,0.048330592111748095,-0.0624728031466657,0.047824882762005694,-0.05062758630997988,-3.037414501977939,4.79587265275881,-0.05474884293610138,0.007360212428274936,131056.0,-4.911666484120512,-4.850423287016442,0.00782506459986307,-0.06124319710407011,0.007752435237490978,-0.050593497036807475,-4.8462032653456,0.7858156316821877,-0.06546321877491224,0.006289693665966798,153362.0,-5.068842911209843,-5.001424104297238,0.006728358289091614,-0.06741880691260516,0.006647616105901973,-0.053842224676211345,-5.00341984779015,0.6714943602407554,-0.06542306341969262
2022-09,970.0,6.877296071497429,6.982170301992533,1077.2537978478917,-0.10487423049510447,0.19442774103026658,4989.0,-1.637694696363609,-1.6102318156638316,0.19984128236561144,-0.027462880699777426,0.19980058823819857,-0.02689104799594775,-1.616570545819566,19.857854869471687,-0.02112415054404293,0.045550598732096735,21295.0,-3.0889315108598856,-3.0277819577958294,0.04842292318796613,-0.06114955306405623,0.04790285124155594,-0.049104645099259006,-3.035755846137691,4.80383395564894,-0.05317566472219459,0.12385086823289071,7832.0,-2.088677112712918,-2.058733364987534,0.12761550984004516,-0.029943747725383663,0.12756082050333922,-0.029083791212768155,-2.0731920631588325,12.57836309069315,-0.01548504955408525,0.045550598732096735,21295.0,-3.0889315108598856,-3.0277819577958294,0.04842292318796613,-0.06114955306405623,0.04790285124155594,-0.049104645099259006,-3.035755846137691,4.80383395564894,-0.05317566472219459,0.007388505922230263,131285.0,-4.907829740073873,-4.848611646436148,0.007839253653287337,-0.05921809363772468,0.007764536661954298,-0.04842925677285549,-4.844411269328866,0.7872250726431711,-0.06341847074500695,0.00631584430467112,153582.0,-5.064693833831289,-4.999377445176027,0.0067421430464926786,-0.0653163886552619,0.006659117396302887,-0.05154933772790232,-5.001500488395369,0.6727844369139705,-0.06319334543591992
2022-10,971.4,6.878738329911644,6.985626774064742,1080.9837380183214,-0.10688844415309795,0.19433441363581802,4998.6,-1.638174822297274,-1.6100175048307341,0.19988411510691878,-0.028157317466539933,0.19984236899127547,-0.027561499512137544,-1.6164992182467612,19.859271332576476,-0.02167560405051283,0.04550309162450815,21348.0,-3.0899750075421912,-3.0258733738242842,0.04851543065407021,-0.064101633717907,0.04798081972110618,-0.05163997011722814,-3.0340971902974436,4.811808474557985,-0.05587781724474761,0.12379253217790238,7847.0,-2.089148242215829,-2.0583978198685853,0.1276583377864265,-0.030750422347243678,0.12760219671225492,-0.029855791142400123,-2.0731516281448976,12.578871707262893,-0.015996614070931336,0.04550309162450815,21348.0,-3.0899750075421912,-3.0258733738242842,0.04851543065407021,-0.064101633717907,0.04798081972110618,-0.05163997011722814,-3.0340971902974436,4.811808474557985,-0.05587781724474761,0.007378879722893214,131646.0,-4.90913345095836,-4.846800005855854,0.007853468435475188,-0.0623334451025066,0.007776638086417618,-0.05114785580919776,-4.842619273312133,0.7886370415811276,-0.06651417764622725,0.0063102917389355525,153939.0,-5.065573369118147,-4.997330786054815,0.006755956045483813,-0.06824258306333242,0.006670618686703801,-0.05401702071300668,-4.999581129000588,0.6740769920857717,-0.06599224011755922
2022-11,971.5,6.878841268817495,6.98908324613695,1084.726592929643,-0.11024197731945495,0.19422619404626243,5001.9,-1.638731850417028,-1.6098031939976367,0.19992695702873028,-0.028928656419391352,0.19988414974435237,-0.02830617487843006,-1.6164278906739562,19.860687896717742,-0.022303959743071866,0.04543328812608147,21383.0,-3.0915102239721404,-3.0239647898527386,0.048608114847036754,-0.06754543411940173,0.04805878820065643,-0.054631008664074034,-3.032438534457196,4.819796231424968,-0.05907168951494457,0.1235533511382424,7863.0,-2.091082223174021,-2.058062274749636,0.12770118010592754,-0.03301994842438516,0.1276435729211706,-0.03204408721349578,-2.0731111931309627,12.579380344398967,-0.017971030043058445,0.04543328812608147,21383.0,-3.0915102239721404,-3.0239647898527386,0.048608114847036754,-0.06754543411940173,0.04805878820065643,-0.054631008664074034,-3.032438534457196,4.819796231424968,-0.05907168951494457,0.007367495051682428,131863.0,-4.910677514993989,-4.84498836527556,0.007867708993080131,-0.06568914971842954,0.007788739510880938,-0.05408377807603235,-4.8408272772954,0.7900515430302438,-0.06985023769858945,0.006298543846682486,154242.0,-5.0674368077477885,-4.995284126933604,0.006769797343925104,-0.07215268081418458,0.006682119977104713,-0.05740335877483405,-4.9976617696058065,0.6753720305178578,-0.06977503814198194
2022-12,972.4,6.879767242441968,6.992539718209158,1088.482407298535,-0.11277247576718974,0.19401049460306058,5012.1,-1.6398430254898742,-1.6095888831645395,0.19996980813301363,-0.030254142325334632,0.19992593049742927,-0.029588137364926506,-1.6163565631011514,19.862104561902694,-0.023486462388722762,0.04542439388984911,21407.0,-3.091706007885254,-3.0220562058811935,0.04870097610448586,-0.06964980200406057,0.048136756680206665,-0.05634701997845336,-3.0307798786169484,4.82779724822532,-0.06092612926830565,0.12332276474318325,7885.0,-2.0929502569551706,-2.057726729630687,0.1277440368033718,-0.03522352732448342,0.1276849491300863,-0.03416365371660852,-2.073070758117028,12.579889002102206,-0.019879498838142773,0.04542439388984911,21407.0,-3.091706007885254,-3.0220562058811935,0.04870097610448586,-0.06964980200406057,0.048136756680206665,-0.05634701997845336,-3.0307798786169484,4.82779724822532,-0.06092612926830565,0.007367950476219341,131977.0,-4.910615701520323,-4.843176724695265,0.007881975372840293,-0.0674389768250574,0.007800840935344258,-0.05549279400936959,-4.839035281278666,0.7914685815328393,-0.07158042024165656,0.0063002941519482705,154342.0,-5.067158955889191,-4.993237467812392,0.006783666999795201,-0.07392148807679888,0.006693621267505627,-0.05876148348380186,-4.995742410211026,0.6766695569810738,-0.07141654567816502
2023-01,978.2,6.885714148105257,6.995996190281366,1092.2512259965044,-0.1102820421761086,0.19422603446906522,5036.4,-1.6387326720222886,-1.609374572331442,0.20001266842173698,-0.029358099690846462,0.19996771125050616,-0.028713019444665006,-1.6162852355283466,19.86352132813854,-0.022447436493941986,0.04556337044110113,21469.0,-3.088651165064308,-3.020147621909648,0.048794014764682696,-0.06850354315466012,0.0482147251597569,-0.054990559624070325,-3.0291212227767006,4.83581154697096,-0.05952994228760744,0.12332324760463945,7932.0,-2.0929463415344296,-2.057391184511738,0.12778690788358468,-0.03555515702269174,0.12772632533900197,-0.03447275041128906,-2.073030323103093,12.580397680373443,-0.019916018431336724,0.04556337044110113,21469.0,-3.088651165064308,-3.020147621909648,0.048794014764682696,-0.06850354315466012,0.0482147251597569,-0.054990559624070325,-3.0291212227767006,4.83581154697096,-0.05952994228760744,0.007394249085356635,132292.0,-4.907052731537592,-4.841365084114972,0.007896267621578525,-0.06568764742262001,0.007812942359807578,-0.05358970477048985,-4.837243285261932,0.7928881616393787,-0.06980944627565933,0.006320101307696284,154776.0,-5.064020041253066,-4.991190808691181,0.0067975650711915156,-0.0728292325618849,0.006705122557906541,-0.05742195565929636,-4.9938230508162444,0.6779695762554323,-0.0701969904368216
2023-02,983.1,6.890710844372879,6.999452662353574,1096.0330940504248,-0.10874181798069582,0.19500148765248437,5041.5,-1.6347480914603916,-1.609160261498345,0.20005553789686883,-0.02558782996204667,0.20000949200358306,-0.02503883341201113,-1.6162139079555415,19.864938195432487,-0.018534183504850033,0.0457809443978765,21474.0,-3.083887335621202,-3.0182390379381028,0.04888723116653858,-0.06564829768309943,0.04829269363930715,-0.05201095760345504,-3.027462566936453,4.843839149710342,-0.056424768684748994,0.12376935666624701,7943.0,-2.0893354722602533,-2.057055639392789,0.12782979335139288,-0.032279832867464275,0.12776770154791767,-0.03129386248034778,-2.0729898880891584,12.580906379213502,-0.016345584171094885,0.0457809443978765,21474.0,-3.083887335621202,-3.0182390379381028,0.04888723116653858,-0.06564829768309943,0.04829269363930715,-0.05201095760345504,-3.027462566936453,4.843839149710342,-0.056424768684748994,0.007418055052517204,132528.0,-4.903838378465167,-4.839553443534678,0.007910585786202604,-0.06428493493048926,0.007825043784270899,-0.052011048496850794,-4.835451289245199,0.794310287908489,-0.06838708921996783,0.006339881082893736,155066.0,-5.060895267350277,-4.98914414956997,0.006811491616330504,-0.07175111778030718,0.006716623848307454,-0.05609109188221929,-4.991903691421463,0.6792720931301283,-0.06899157592881444
2023-03,974.9,6.882334901635226,7.002909134425782,1099.8280566430703,-0.12057423279055612,0.1939057620780874,5027.7,-1.6403830004237114,-1.6089459506652475,0.2000984165603782,-0.03143704975846395,0.20005127275665996,-0.03071967797999406,-1.6161425803827367,19.86635516379174,-0.02424042004097471,0.04545412159641925,21448.0,-3.0910517782805695,-3.0163304539665576,0.04898062564961236,-0.0747213243140119,0.04837066211885739,-0.06029565018712293,-3.0258039110962054,4.851880078528526,-0.06524786718436415,0.12300025233409033,7926.0,-2.0955688721151544,-2.05672009427384,0.12787269321162503,-0.03884877784131424,0.12780907775683334,-0.037625069417151824,-2.0729494530752235,12.581415098623228,-0.02261941903993092,0.04545412159641925,21448.0,-3.0910517782805695,-3.0163304539665576,0.04898062564961236,-0.0747213243140119,0.04837066211885739,-0.06029565018712293,-3.0258039110962054,4.851880078528526,-0.06524786718436415,0.0073547384462181445,132554.0,-4.912410486918208,-4.837741802954383,0.007924929913705359,-0.07466868396382509,0.007837145208734218,-0.061553888522883064,-4.833659293228466,0.7957349649069748,-0.07875119368974204,0.006284244588549254,155134.0,-5.069709636916358,-4.987097490448758,0.006825446693547894,-0.08261214646759996,0.0067281251387083674,-0.06597388440434498,-4.989984332026682,0.6805771124035568,-0.079725304889676
2023-04,986.6,6.8942646887996375,7.00636560649799,1103.6361591136608,-0.11210091769835273,0.19504191048552905,5058.4,-1.6345408179447654,-1.60873163983215,0.20014130441423442,-0.025809178112615294,0.20009305350973686,-0.025243969921034833,-1.616071252809932,19.867772233223512,-0.018469565134833443,0.04593965356677221,21476.0,-3.0804266227428223,-3.014421869995012,0.049074198554111555,-0.06600475274781026,0.04844863059840763,-0.05178633535449983,-3.0241452552559576,4.859934355547231,-0.05628136748686474,0.12402262727844124,7955.0,-2.0872912519722493,-2.056384549154891,0.12791560746911126,-0.03090670281735841,0.12785045396574904,-0.029939875601327704,-2.0729090180612886,12.581923838603448,-0.014382233910960718,0.04593965356677221,21476.0,-3.0804266227428223,-3.014421869995012,0.049074198554111555,-0.06600475274781026,0.04844863059840763,-0.05178633535449983,-3.0241452552559576,4.859934355547231,-0.05628136748686474,0.007432966933618618,132733.0,-4.901830181840478,-4.835930162374089,0.007939300051164817,-0.06590001946638946,0.007849246633197537,-0.05303435081505895,-4.8318672972117325,0.7971621972098317,-0.06996288462874567,0.006349798873692679,155375.0,-5.059332140013375,-4.9850508313275474,0.006839430361298911,-0.07428130868582716,0.006739626429109281,-0.05784112213295513,-4.988064972631901,0.6818846388833342,-0.07126716738147376
2023-05,995.9,6.9036468509375934,7.009822078570199,1107.4574469584013,-0.10617522763260556,0.1964648556943047,5069.1,-1.62727171509712,-1.6085173289990529,0.20018420146040725,-0.018754386098067233,0.20013483426281375,-0.01833753020570976,-1.615999925237127,19.869189403735014,-0.011271789859992998,0.04637269510150866,21476.0,-3.0710444606048664,-3.012513286023467,0.049167950220893576,-0.05853117458139945,0.048526599077957866,-0.04438604842241187,-3.02248659941571,4.8680020029248965,-0.04855786118915617,0.1250345260514752,7965.0,-2.079165371406555,-2.056049004035942,0.12795853612868321,-0.023116367370612956,0.1278918301746647,-0.02234156880300513,-2.0728685830473537,12.582432599154991,-0.006296788359201333,0.04637269510150866,21476.0,-3.0710444606048664,-3.012513286023467,0.049167950220893576,-0.05853117458139945,0.048526599077957866,-0.04438604842241187,-3.02248659941571,4.8680020029248965,-0.04855786118915617,0.007491743961243634,132933.0,-4.893953669938405,-4.834118521793795,0.007953696245744378,-0.059835148144609995,0.007861348057660858,-0.047015358397348404,-4.830075301194999,0.7985919894002592,-0.06387836874340636,0.006398124056406797,155655.0,-5.051750447769895,-4.9830041722063365,0.0068534426781585575,-0.06874627556355861,0.0067511277195101945,-0.052288103228035045,-4.98614561323712,0.6831946773863102,-0.06560483453277488
2023-06,994.1,6.9018378052181,7.013278550642407,1111.2919658310225,-0.11144074542430715,0.1954465918250988,5086.3,-1.6324681244746477,-1.6083030181659554,0.20022710770086702,-0.024165106308692286,0.20017661501589065,-0.023629249552533246,-1.615928597664322,19.87060667533346,-0.016539526810325667,0.0461920914455648,21521.0,-3.0749466763794855,-3.0106047020519213,0.04926188099146709,-0.06434197432756417,0.04860456755750811,-0.04963476136453454,-3.0208279435754624,4.876083042856753,-0.05411873280402313,0.1241693729702723,8006.0,-2.0861087343344193,-2.0557134589169928,0.12800147919517435,-0.030395275417426593,0.1279332063835804,-0.029420300793705327,-2.0728281480334187,12.58294138027869,-0.013280586301000596,0.0461920914455648,21521.0,-3.0749466763794855,-3.0106047020519213,0.04926188099146709,-0.06434197432756417,0.04860456755750811,-0.04963476136453454,-3.0208279435754624,4.876083042856753,-0.05411873280402313,0.0074694938687184425,133088.0,-4.896928037324539,-4.832306881213501,0.007968118544692968,-0.06462115611103769,0.007873449482124179,-0.05130605261681984,-4.828283305178266,0.8000243460696779,-0.06864473214627331,0.006377341544778034,155880.0,-5.055003954234546,-4.980957513085125,0.006867483702821843,-0.07404644114942105,0.0067626290099111076,-0.05697302995157764,-4.984226253842339,0.6845072327385917,-0.07077770039220699
2023-07,994.7,6.902441184158368,7.016735022714615,1115.1397615433316,-0.11429383855624664,0.19525361180904524,5094.4,-1.633455992051641,-1.6080887073328582,0.2002700231375843,-0.02536728471878269,0.20021839576896755,-0.02479684217254035,-1.6158572700915173,19.872024048026045,-0.017598721960123687,0.04622211895910781,21520.0,-3.0742968301173526,-3.008696118080376,0.0493559912079931,-0.06560071203697637,0.048682536037058355,-0.05054003505646497,-3.019169287735215,4.884177497574868,-0.05512754238213757,0.12408932135728544,8016.0,-2.0867536391662775,-2.055377913798044,0.12804443667341955,-0.03137572536823363,0.1279745825924961,-0.030359632018354298,-2.072787713019484,12.583450181975376,-0.013965926146793706,0.04622211895910781,21520.0,-3.0742968301173526,-3.008696118080376,0.0493559912079931,-0.06560071203697637,0.048682536037058355,-0.05054003505646497,-3.019169287735215,4.884177497574868,-0.05512754238213757,0.007467381349188475,133206.0,-4.897210896960605,-4.830495240633207,0.007982566995345192,-0.06671565632739807,0.007885550906587498,-0.05302984691274877,-4.826491309161533,0.8014592718177443,-0.07071958779907206,0.006374524970681159,156043.0,-5.055445705116939,-4.978910853963914,0.006881553494104011,-0.07653485115302505,0.0067741303003120215,-0.05898990895000297,-4.982306894447558,0.6858223097755546,-0.07313881066938066
2023-08,1001.6,6.909354000345834,7.020191494786823,1119.0008800657563,-0.11083749444098867,0.19611912827240507,5107.1,-1.629033007077405,-1.6078743964997608,0.2003129477725302,-0.021158610577644232,0.20026017652204445,-0.020678341153781667,-1.6157859425187124,19.87344152181999,-0.013247064558692623,0.04649090233939844,21544.0,-3.068498634145601,-3.006787534108831,0.049450281213286325,-0.06171110003676983,0.0487605045166086,-0.046545912510751325,-3.017510631894967,4.89228538934822,-0.05098800225063371,0.12454613280278538,8042.0,-2.0830790871113853,-2.055042368679095,0.12808740856825546,-0.028036718432290275,0.12801595880141178,-0.027104636258742248,-2.072747278005549,12.583959004245882,-0.01033180910583642,0.04649090233939844,21544.0,-3.068498634145601,-3.006787534108831,0.049450281213286325,-0.06171110003676983,0.0487605045166086,-0.046545912510751325,-3.017510631894967,4.89228538934822,-0.05098800225063371,0.007510835820447831,133354.0,-4.891408525064916,-4.828683600052913,0.007997041645121467,-0.06272492501200322,0.007897652331050817,-0.04897867041856962,-4.824699313144799,0.8028967712523659,-0.06670921192011736,0.006409788750871939,156261.0,-5.04992896477485,-4.976864194842703,0.006895652110940819,-0.07306476993214694,0.0067856315907129355,-0.055388040864963684,-4.980387535052777,0.6871399133418671,-0.06954142972207311
2023-09,995.4,6.903144666424454,7.0236479668590315,1122.8753675278954,-0.12050330043457791,0.1948822366231376,5107.7,-1.635359817601497,-1.6076600856666634,0.20035588160767617,-0.02769973193483355,0.20030195727512135,-0.027057751834843873,-1.6157146149459074,19.87485909672251,-0.019645202655589555,0.04615598627469164,21566.0,-3.075728613017564,-3.0048789501372855,0.04954475135081642,-0.07084966288027861,0.04883847299615884,-0.05492568782152904,-3.0158519760547198,4.90040674048275,-0.05987663696284429,0.12360610952440085,8053.0,-2.090655305371091,-2.054706823560146,0.12813039488452038,-0.03594848181094523,0.12805733501032748,-0.03475962923613595,-2.072706842991614,12.584467847091037,-0.017948462379477004,0.04615598627469164,21566.0,-3.075728613017564,-3.0048789501372855,0.04954475135081642,-0.07084966288027861,0.04883847299615884,-0.05492568782152904,-3.0158519760547198,4.90040674048275,-0.05987663696284429,0.007457911574972466,133469.0,-4.898479853695304,-4.826871959472618,0.00801154254152822,-0.07160789422268543,0.007909753755514138,-0.05712468358786499,-4.822907317128065,0.8043368489897125,-0.07557253656723883,0.006363758415006041,156417.0,-5.057136130414124,-4.974817535721491,0.006909779612388774,-0.08231859469263281,0.0067971328811138486,-0.06375842192403776,-4.978468175657996,0.6884600482915026,-0.07866795475612776
2023-10,997.5,6.905252148764019,7.027104438931239,1126.7632702190667,-0.12185229016722054,0.19467213114754098,5124.0,-1.6364385142526063,-1.6074457748335662,0.20039882464499414,-0.028992739419040126,0.20034373802819824,-0.028309379352096296,-1.6156432873731026,19.876276772740813,-0.020795226879503748,0.04627481907589534,21556.0,-3.073157330289369,-3.0029703661657403,0.049639401964709146,-0.07018696412362857,0.048916441475709074,-0.054002750815909425,-3.014193320214472,4.908541573321436,-0.05896401007489693,0.1234529702970297,8080.0,-2.0918950027511225,-2.054371278441197,0.12817339562705404,-0.037523724309925566,0.12809871121924316,-0.03626688260947597,-2.072666407977679,12.58497671051168,-0.019228594773443408,0.04627481907589534,21556.0,-3.073157330289369,-3.0029703661657403,0.049639401964709146,-0.07018696412362857,0.048916441475709074,-0.054002750815909425,-3.014193320214472,4.908541573321436,-0.05896401007489693,0.0074672675415284875,133583.0,-4.897226137715285,-4.825060318892325,0.008026069732157996,-0.07216581882296058,0.007921855179977458,-0.05738398747782518,-4.821115321111332,0.8057795096542338,-0.07611081660395325,0.006370708154506438,156576.0,-5.056044645324832,-4.97277087660028,0.006923936057625352,-0.08327376872455172,0.006808634171514762,-0.06431921674400891,-4.9765488162632145,0.6897827194877626,-0.07949582906161723
2023-11,998.2,6.905953657035509,7.030560911003447,1130.664634588865,-0.12460725396793837,0.1946074513091455,5129.3,-1.6367708195771369,-1.6072314640004688,0.20044177688645648,-0.02953935557666809,0.20038551878127514,-0.028834755661343556,-1.6155719598002978,19.877694549882108,-0.021198859776839107,0.04624936292452393,21583.0,-3.0737075897234614,-3.0010617821941947,0.049734233399747745,-0.07264580752926664,0.04899440995525932,-0.056027759763656856,-3.0125346643742246,4.916689910244335,-0.061172925349236795,0.12341740850642928,8088.0,-2.0921831036647984,-2.0540357333222476,0.12821641080069807,-0.03814737034255078,0.12814008742815886,-0.03685559309749436,-2.072625972963744,12.585485594508636,-0.01955713070105425,0.04624936292452393,21583.0,-3.0737075897234614,-3.0010617821941947,0.049734233399747745,-0.07264580752926664,0.04899440995525932,-0.056027759763656856,-3.0125346643742246,4.916689910244335,-0.061172925349236795,0.007467811800968078,133667.0,-4.897153254347565,-4.82324867831203,0.008040623264689666,-0.07390457603553457,0.007933956604440778,-0.05875313248017895,-4.819323325094599,0.8072247578786754,-0.07782992925296561,0.006370012061032654,156703.0,-5.056153915988138,-4.970724217479068,0.006938121505949296,-0.08542969850906967,0.006820135461915676,-0.06599918775756815,-4.974629456868434,0.6911079318032891,-0.08152445911970396
2023-12,995.1,6.902843234621116,7.034017383075655,1134.5795072477142,-0.131174148454539,0.19375377246441716,5135.9,-1.6411671401541454,-1.6070171531673714,0.2004847383340359,-0.03414998698677407,0.20042729953435204,-0.033296497460372526,-1.615500632227493,19.879112428153615,-0.025666507926652482,0.04604812586765387,21610.0,-3.0780682148798153,-2.9991531982226496,0.049829246001374054,-0.07891501665716572,0.04907237843480956,-0.061628408151711625,-3.0108760085339767,4.9248517736686654,-0.06719220634583856,0.12285185185185185,8100.0,-2.096776106039414,-2.053700188203299,0.12825944041029538,-0.043075917836115085,0.12818146363707453,-0.041578646662302335,-2.0725855379498093,12.585994499082739,-0.024190568089604625,0.04604812586765387,21610.0,-3.0780682148798153,-2.9991531982226496,0.049829246001374054,-0.07891501665716572,0.04907237843480956,-0.061628408151711625,-3.0108760085339767,4.9248517736686654,-0.06719220634583856,0.007439110087765202,133766.0,-4.901004049150721,-4.821437037731736,0.00805520318688853,-0.07956701141898481,0.007946058028904097,-0.06379867090006792,-4.817531329077865,0.8086725983040925,-0.083472720072856,0.0063439948488113376,156857.0,-5.060246606627956,-4.968677558357857,0.006952336016780812,-0.09156904827009882,0.006831636752316589,-0.07137995200636116,-4.9727100974736524,0.6924356901200882,-0.08753650915430367
2024-01,998.4,6.906153997615164,7.037473855147864,1138.5079349674252,-0.13131985753270037,0.19379634302573856,5151.8,-1.6409474495397391,-1.6068028423342742,0.2005277089897056,-0.03414460720546497,0.20046908028742894,-0.03328561817175559,-1.615429304654688,19.880530407562546,-0.02551814488505122,0.04615597984374278,21631.0,-3.0757287523483385,-2.9972446142511044,0.04992444011568994,-0.07848413809723409,0.0491503469143598,-0.060922602964216054,-3.0092173526937294,4.933027186048851,-0.06651139965460917,0.12291025483195864,8123.0,-2.0963008254357907,-2.05336464308435,0.1283024844606908,-0.0429361823514407,0.12822283984599023,-0.04143243918487994,-2.0725451029358744,12.586503424234824,-0.02375572249991631,0.04615597984374278,21631.0,-3.0757287523483385,-2.9972446142511044,0.04992444011568994,-0.07848413809723409,0.0491503469143598,-0.060922602964216054,-3.0092173526937294,4.933027186048851,-0.06651139965460917,0.007456756191557374,133892.0,-4.898634786200069,-4.819625397151442,0.008069809546606523,-0.0790093890486272,0.007958159453367418,-0.06300492780373726,-4.815739333061131,0.8101230355798625,-0.08289545313893765,0.006357939782974171,157032.0,-5.058050887602521,-4.966630899236646,0.006966579649661864,-0.09141998836587462,0.006843138042717502,-0.07090288939292716,-4.970790738078872,0.6937659993295429,-0.08726014952364913
2024-02,996.6,6.9043494858473045,7.040930327220072,1142.4499646817512,-0.13658084137276738,0.19337188094221738,5153.8,-1.6431400998002834,-1.6065885315011768,0.20057068885543922,-0.03655156829910666,0.20051086104050583,-0.03560395711854373,-1.6153579770818831,19.881948488116112,-0.027782122718400304,0.046102604431697274,21617.0,-3.0768858353107484,-2.995336030279559,0.05001981608945842,-0.08154980503118958,0.04922831539391004,-0.06349416869543015,-3.0075586968534815,4.941216169876599,-0.0693271384572669,0.12255287752090507,8132.0,-2.099212688900933,-2.0530290979654007,0.12834554295673076,-0.04618359093553215,0.1282642160549059,-0.04452791830541404,-2.0725046679219394,12.58701236996572,-0.026708020978993385,0.046102604431697274,21617.0,-3.0768858353107484,-2.995336030279559,0.05001981608945842,-0.08154980503118958,0.04922831539391004,-0.06349416869543015,-3.0075586968534815,4.941216169876599,-0.0693271384572669,0.007435815171569908,134027.0,-4.901447065326162,-4.817813756571148,0.008084442391782326,-0.08363330875501429,0.007970260877830738,-0.06705498282338414,-4.813947337044398,0.8115760743637026,-0.087499728281764,0.006338162530685967,157238.0,-5.06116637419778,-4.9645842401154345,0.006980852464256402,-0.09658213408234584,0.006854639333118416,-0.07534704268641444,-4.96887137868409,0.6950988643324357,-0.09229499551369003
2024-03,1002.4,6.910152403581859,7.04438679929228,1146.4056434869542,-0.13423439571042106,0.19376038968569995,5173.4,-1.6411329880021481,-1.6063742206680796,0.2006136779332107,-0.034758767334068574,0.20055264179358273,-0.03386767707041056,-1.6152866495090783,19.883366669821527,-0.02584633849306983,0.04633019042336846,21636.0,-3.0719614694094592,-2.9934274463080137,0.050115374270104936,-0.07853402310144553,0.04930628387346028,-0.060359313586269746,-3.0059000410132337,4.949418747680945,-0.06606142839622553,0.12278294953454189,8164.0,-2.097337120347877,-2.052693552846452,0.12838861590326306,-0.044643567501425174,0.1283055922638216,-0.04304288403832057,-2.0724642329080045,12.587521336276259,-0.024872887439872482,0.04633019042336846,21636.0,-3.0719614694094592,-2.9934274463080137,0.050115374270104936,-0.07853402310144553,0.04930628387346028,-0.060359313586269746,-3.0059000410132337,4.949418747680945,-0.06606142839622553,0.007471118729969441,134170.0,-4.896710528002659,-4.8160021159908535,0.008099101770441573,-0.08070841201180556,0.007982362302294058,-0.06404665097419715,-4.812155341027665,0.8130317193216848,-0.08455518697499365,0.00636581865291555,157466.0,-5.05681243734616,-4.962537580994224,0.0069951545203505916,-0.09427485635193644,0.006866140623519329,-0.07286800519202476,-4.966952019289309,0.6964342900389631,-0.08986041805685119
2024-04,996.2,6.903948040639183,7.0478432713644885,1150.375018642365,-0.1438952307253052,0.19248381798860015,5175.5,-1.6477431911846219,-1.6061599098349821,0.2006566762249946,-0.041583281349639734,0.20059442254665966,-0.04043285179662922,-1.6152153219362733,19.88478495268601,-0.032527869248348606,0.04605427395867043,21631.0,-3.0779347093243183,-2.991518862336468,0.05021111500571874,-0.08641584698785021,0.04938425235301053,-0.06742996472917342,-3.0042413851729863,4.957634942028328,-0.07369332415133201,0.12193390452876378,8170.0,-2.1042761472148657,-2.0523580077275025,0.12843170330513748,-0.051918139487363124,0.1283469684727373,-0.04996661799094808,-2.0724237978940696,12.588030323167274,-0.03185234932079606,0.04605427395867043,21631.0,-3.0779347093243183,-2.991518862336468,0.05021111500571874,-0.08641584698785021,0.04938425235301053,-0.06742996472917342,-3.0042413851729863,4.957634942028328,-0.07369332415133201,0.0074214239419516815,134233.0,-4.903384334291027,-4.81419047541056,0.008113787730696952,-0.08919385888046705,0.007994463726757377,-0.07167957781680062,-4.8103633450109315,0.8144899751282506,-0.09302098928009528,0.0063238748174950805,157530.0,-5.063423154660832,-4.960490921873013,0.007009485877853108,-0.10293223278781927,0.006877641913920242,-0.08051700035507015,-4.965032659894528,0.6977722813687545,-0.09839049476630368
2024-05,991.5,6.8992189479598505,7.051299743436696,1154.358137570944,-0.15208079547684594,0.19125788468586638,5184.1,-1.654132580009665,-1.6059455990018847,0.20069968373276573,-0.04818698100778018,0.20063620329973655,-0.04674290312331926,-1.6151439943634684,19.886203336716775,-0.03898858564619645,0.04584971098265896,21625.0,-3.0823863838402294,-2.989610278364923,0.05030703864505397,-0.09277610547530646,0.04946222083256077,-0.07303573897603297,-3.0025827293327385,4.96586477552265,-0.07980365450749094,0.12126956947162426,8176.0,-2.109739364483635,-2.0520224626085537,0.12847480516720514,-0.05771690187508138,0.12838834468165297,-0.05544720767044831,-2.0723833628801347,12.588539330639595,-0.03735600160350039,0.04584971098265896,21625.0,-3.0823863838402294,-2.989610278364923,0.05030703864505397,-0.09277610547530646,0.04946222083256077,-0.07303573897603297,-3.0025827293327385,4.96586477552265,-0.07980365450749094,0.0073839348217876345,134278.0,-4.908448608772381,-4.812378834830266,0.008128500320748418,-0.0960697739421148,0.008006565151220698,-0.07776497382752648,-4.808571348994198,0.8159508464662242,-0.09987725977818318,0.0062909243185625095,157608.0,-5.068647268579068,-4.958444262751801,0.0070238465967953625,-0.11020300582726694,0.006889143204321156,-0.08683501968480183,-4.963113300499747,0.6991128432508933,-0.10553396807932103
2024-06,992.2,6.899924699866949,7.054756215508904,1158.3550478598556,-0.15483151564195552,0.1911237816388643,5191.4,-1.6548339894354303,-1.6057312881687875,0.20074270045849937,-0.049102701266642734,0.20067798405281345,-0.047609619256663134,-1.6150726667906636,19.88762182192104,-0.03976132264476662,0.04587147480351364,21630.0,-3.081911819080156,-2.987701694393378,0.0504031455375311,-0.09421012468677814,0.04954018931211101,-0.07405531871273016,-3.000924073492491,4.9741082708053295,-0.08098774558766486,0.12105905319668131,8196.0,-2.1114768094918417,-2.051686917489605,0.1285179214943189,-0.05978989200223683,0.12842972089056867,-0.05739066972019428,-2.0723429278662,12.589048358694061,-0.03913388162564191,0.04587147480351364,21630.0,-3.081911819080156,-2.987701694393378,0.0504031455375311,-0.09421012468677814,0.04954018931211101,-0.07405531871273016,-3.000924073492491,4.9741082708053295,-0.08098774558766486,0.007384858138080919,134356.0,-4.908323572651014,-4.8105671942499715,0.00814323958888332,-0.09775637840104245,0.008018666575684017,-0.07904162514065272,-4.806779352977465,0.8174143380268287,-0.10154421967354921,0.0062918925774438,157695.0,-5.068493366811093,-4.95639760363059,0.007038236737331738,-0.11209576318050285,0.00690064449472207,-0.0882166756661456,-4.961193941104966,0.7004559806239299,-0.1072994257061266
2024-07,991.8,6.8995214740550335,7.058212687581113,1162.365797261031,-0.15869121352607962,0.19039026356708194,5209.3,-1.65867929465991,-1.60551697733569,0.2007857264041713,-0.05316231732421994,0.20071976480589035,-0.051462302423469546,-1.6150013392178588,19.88904040830602,-0.04367795544205122,0.04584026622296173,21636.0,-3.082592398936284,-2.9857931104218323,0.05049943603323814,-0.09679928851445174,0.049618157791661247,-0.07613929530721963,-2.9992654176522433,4.98236545055538,-0.0833269812840407,0.12083333333333333,8208.0,-2.113343093355517,-2.0513513723706556,0.12856105229133336,-0.0619917209848615,0.12847109709948434,-0.0594512224040287,-2.072302492852265,12.589557407331494,-0.0410406005032522,0.04584026622296173,21636.0,-3.082592398936284,-2.9857931104218323,0.05049943603323814,-0.09679928851445174,0.049618157791661247,-0.07613929530721963,-2.9992654176522433,4.98236545055538,-0.0833269812840407,0.007382320540685384,134348.0,-4.908667253387289,-4.808755553669677,0.00815800558347656,-0.09991169971761238,0.008030768000147338,-0.08074538567793975,-4.804987356960732,0.818880454509703,-0.1036798964265575,0.006287242944443035,157748.0,-5.069232627979625,-4.954350944509379,0.007052656359739877,-0.11488168347024619,0.006912145785122983,-0.09040649027179469,-4.959274581710185,0.7018016984359052,-0.1099580462694405
2024-08,996.3,6.90404841705081,7.061669159653321,1166.3904336917383,-0.1576207426025107,0.1908108936300609,5221.4,-1.656472427100605,-1.605302666502593,0.2008287615717576,-0.05116976059801215,0.20076154555896725,-0.049564531400679325,-1.6149300116450538,19.89045909587893,-0.04154241545555126,0.04606528574070649,21628.0,-3.077695633451085,-2.983884526450287,0.05059591048293186,-0.09381110700079809,0.04969612627121149,-0.07306083598327294,-2.997606761811996,4.990636337489453,-0.08008887163908929,0.1209689169499757,8236.0,-2.1122216510968697,-2.0510158272517067,0.1286041975631045,-0.06120582384516293,0.12851247330840004,-0.05869902091388093,-2.07226205783833,12.590066476552735,-0.039959593258539705,0.04606528574070649,21628.0,-3.077695633451085,-2.983884526450287,0.05059591048293186,-0.09381110700079809,0.04969612627121149,-0.07306083598327294,-2.997606761811996,4.990636337489453,-0.08008887163908929,0.007417306303556406,134321.0,-4.903939319580582,-4.806943913089383,0.008172798352990748,-0.09699540649119864,0.008042869424610657,-0.07777859965500228,-4.803195360943998,0.8203492006229154,-0.10074395863658392,0.006315409141908124,157757.0,-5.06476273637766,-4.952304285388167,0.007067105524420918,-0.11245845098949303,0.006923647075523896,-0.0878493555464405,-4.957355222315404,0.7031500016443638,-0.10740751406225613
2024-09,998.6,6.906354298066509,7.065125631725529,1170.4290052351594,-0.1587713336590202,0.19080920989777397,5233.5,-1.6564812512284295,-1.6050883556694955,0.20087180596323492,-0.051392895558934004,0.20080332631204414,-0.049770671620944784,-1.614858684072249,19.891877884646995,-0.04162256715618051,0.046158824073218085,21634.0,-3.075667132123726,-2.9819759424787415,0.050692569238039185,-0.09369118964498435,0.049774094750761735,-0.07263357968932871,-2.995948105971748,4.9989209543619175,-0.07971902615197779,0.12098376544705597,8254.0,-2.1120989122460183,-2.0506802821327574,0.1286473573144902,-0.061418630113260875,0.12855384951731572,-0.05888648296945853,-2.072221622824395,12.590575566358615,-0.039877289421623274,0.046158824073218085,21634.0,-3.075667132123726,-2.9819759424787415,0.050692569238039185,-0.09369118964498435,0.049774094750761735,-0.07263357968932871,-2.995948105971748,4.9989209543619175,-0.07971902615197779,0.007426578315224263,134463.0,-4.902690049175717,-4.8051322725090895,0.008187617945976392,-0.09755777666662713,0.008054970849073978,-0.07801301154577815,-4.801403364927264,0.8218205810829767,-0.10128668424845255,0.0063237752672374485,157912.0,-5.063438896756314,-4.950257626266956,0.007081584291899725,-0.113181270489358,0.00693514836592481,-0.08815573458980125,-4.9554358629206225,0.7045008952163774,-0.10800303383569165
2024-10,995.8,6.903546434208082,7.068582103797738,1174.4815601409616,-0.16503566958965532,0.19020514191847807,5235.4,-1.6596520949645626,-1.604874044836398,0.2009148595805802,-0.0547780501281645,0.20084510706512104,-0.05297597388415903,-1.6147873564994442,19.893296774617422,-0.0448647384651184,0.04614244010935545,21581.0,-3.0760221427333816,-2.9800673585071964,0.050789412650658325,-0.0959547842261852,0.04985206323031197,-0.07441262970036777,-2.9942894501315007,5.007219323964911,-0.08173269260188087,0.1205277172597434,8262.0,-2.1158755337486275,-2.0503447370138086,0.1286905315503497,-0.06553079673481887,0.12859522572623142,-0.06273567639021897,-2.07218118781046,12.591084676749965,-0.043694345938167345,0.04614244010935545,21581.0,-3.0760221427333816,-2.9800673585071964,0.050789412650658325,-0.0959547842261852,0.04985206323031197,-0.07441262970036777,-2.9942894501315007,5.007219323964911,-0.08173269260188087,0.007405975055593155,134459.0,-4.905468164631258,-4.803320631928795,0.008202464411072032,-0.10214753270246302,0.008067072273537297,-0.08195007997049472,-4.799611368910531,0.8232946006148578,-0.10585679572072682,0.006304726328785337,157945.0,-5.066455715933889,-4.948210967145744,0.00709609272282519,-0.11824474878814506,0.006946649656325723,-0.0924076150804354,-4.953516503525842,0.7058543841285575,-0.1129392124080475
2024-11,994.7,6.902441184158368,7.0720385758699456,1178.5481468258722,-0.1695973917115774,0.1898825999809106,5238.5,-1.6613492926346511,-1.6046597340033009,0.20095792242577082,-0.05668955863135028,0.20088688781819794,-0.05477852714432114,-1.6147160289266391,19.894715765797443,-0.04663326370801202,0.04604666234607907,21602.0,-3.078099997820051,-2.9781587745356513,0.050886441073560204,-0.0999412232843997,0.04993003170986221,-0.07777622466472607,-2.992630794291253,5.015531469128412,-0.08546920352879805,0.12032176121930568,8267.0,-2.117585781094307,-2.0500091918948598,0.1287337202755441,-0.06757658919944731,0.1286366019351471,-0.06463821797806335,-2.072140752796525,12.591593807727614,-0.04544502829778185,0.04604666234607907,21602.0,-3.078099997820051,-2.9781587745356513,0.050886441073560204,-0.0999412232843997,0.04993003170986221,-0.07777622466472607,-2.992630794291253,5.015531469128412,-0.08546920352879805,0.007391417425227568,134575.0,-4.90743575927079,-4.801508991348501,0.008217337797004383,-0.10592676792228861,0.008079173698000618,-0.08512705611753969,-4.797819372893798,0.8247712639520053,-0.10961638637699167,0.00629242340854889,158079.0,-5.068409002892387,-4.946164308024533,0.007110630877970435,-0.12224469486785328,0.006958150946726636,-0.09567592644579348,-4.9515971441310604,0.7072104733670799,-0.11681185876132627
2024-12,995.2,6.902943721984915,7.0754950479421534,1182.6288138742616,-0.17255132595723843,0.18995266452893572,5239.2,-1.6609803719189289,-1.6044454231702034,0.2010009945007847,-0.056534948748725444,0.20092866857127484,-0.05462637124102392,-1.6146447013538343,19.896134858194266,-0.04633567056509458,0.04609327960724376,21591.0,-3.077088118190999,-2.9762501905641057,0.050983654860189694,-0.10083792762689336,0.050008000189412455,-0.07828188624502334,-2.9909721384510055,5.0238574127202895,-0.08611597973999352,0.12025132914451427,8276.0,-2.1181713168805185,-2.0496736467759105,0.12877692349493608,-0.06849767010460805,0.1286779781440628,-0.0654863335676162,-2.0721003177825903,12.592102959292397,-0.04607099909792822,0.04609327960724376,21591.0,-3.077088118190999,-2.9762501905641057,0.050983654860189694,-0.10083792762689336,0.050008000189412455,-0.07828188624502334,-2.9909721384510055,5.0238574127202895,-0.08611597973999352,0.007383501376245484,134787.0,-4.908507311655733,-4.799697350768207,0.008232238152588545,-0.10880996088752681,0.008091275122463937,-0.08747369672963523,-4.796027376877064,0.826250575836356,-0.11247993477866913,0.006286161853508174,158316.0,-5.069404592686862,-4.9441176489033225,0.007125198818233106,-0.12528694378353933,0.00696965223712755,-0.09806664096931578,-4.94967778473628,0.7085691679276965,-0.11972680795058199
2025-01,988.0,6.895682697747868,7.078951520014361,1186.7236100387202,-0.1832688222664931,0.18889568675435914,5230.4,-1.6665603382220784,-1.6042311123371062,0.2010440758076,-0.06232922588497214,0.20097044932435174,-0.060082278815552656,-1.6145733737810295,19.897554051815113,-0.05198696444104889,0.045827728558838536,21559.0,-3.0828659440101394,-2.9743416065925605,0.05108105436466681,-0.10852433741757883,0.0500859686689627,-0.08501862344459181,-2.9893134826107577,5.032197177646383,-0.09355246139938167,0.11955469506292353,8264.0,-2.1239813130516065,-2.0493381016569616,0.1288201412133898,-0.07464321139464491,0.1287193543529785,-0.07119876677537804,-2.0720598827686554,12.592612131445147,-0.05192143028295115,0.045827728558838536,21559.0,-3.0828659440101394,-2.9743416065925605,0.05108105436466681,-0.10852433741757883,0.0500859686689627,-0.08501862344459181,-2.9893134826107577,5.032197177646383,-0.09355246139938167,0.00733421918031935,134711.0,-4.915204324271064,-4.797885710187913,0.008247165526728103,-0.11731861408315147,0.008103376546927258,-0.09491813223212076,-4.79423538086033,0.8277325410183503,-0.12096894341073394,0.00624257588394369,158268.0,-5.076362379866017,-4.942070989782112,0.007139796604635613,-0.13429139008390578,0.006981153527528463,-0.10579593195771637,-4.947758425341498,0.7099304728157603,-0.128603954524519
2025-02,988.8,6.896492086703426,7.082407992086569,1190.8325842406423,-0.18591590538314318,0.1889005635686312,5234.5,-1.6665345210559834,-1.6040168015040088,0.20108716634819554,-0.0625177195519746,0.20101223007742863,-0.06025338112080098,-1.6145020462082247,19.89897334666721,-0.05203247484775875,0.045862708719851576,21560.0,-3.0821029383195073,-2.972433022621015,0.05117863994178818,-0.10966991569849238,0.05016393714851294,-0.0857434378790355,-2.98765482677051,5.04055078685055,-0.09444811154899746,0.11960808031934196,8267.0,-2.123534878549249,-2.0490025565380123,0.12886337343577128,-0.07453232201123683,0.12876073056189416,-0.07108262125114768,-2.0720194477547205,12.593121324186699,-0.051515430794528694,0.045862708719851576,21560.0,-3.0821029383195073,-2.972433022621015,0.05117863994178818,-0.10966991569849238,0.05016393714851294,-0.0857434378790355,-2.98765482677051,5.04055078685055,-0.09444811154899746,0.0073379789389318075,134751.0,-4.914691823190559,-4.796074069607618,0.008262119968415346,-0.11861775358294047,0.008115477971390577,-0.09580446588601187,-4.792443384843597,0.829217164256949,-0.12224843834696131,0.006245973090771271,158310.0,-5.075818328364397,-4.9400243306609,0.007154424298325387,-0.1357939977034972,0.006992654817929376,-0.10678086457858481,-4.945839065946718,0.7112943930462375,-0.1299792624176792
2025-03,989.0,6.8966943316227125,7.085864464158778,1194.955785570811,-0.18917013253606552,0.189010989010989,5232.5,-1.6659501226974427,-1.6038024906709114,0.20113026612455034,-0.062147632026531285,0.20105401083050553,-0.05989943582706812,-1.6144307186354196,19.900392742757777,-0.051519404062023044,0.045874112899485134,21559.0,-3.081854310135295,-2.97052443864947,0.051276411947028144,-0.1113298714858253,0.050241905628063174,-0.0869352520366656,-2.9859961709302625,5.048918263314735,-0.09585813920503261,0.11954550948869817,8273.0,-2.124058147567471,-2.0486670114190635,0.12890662016694795,-0.07539113614840742,0.12880210677080986,-0.07186681580125745,-2.071979012740786,12.593630537517875,-0.052079134826684914,0.045874112899485134,21559.0,-3.081854310135295,-2.97052443864947,0.051276411947028144,-0.1113298714858253,0.050241905628063174,-0.0869352520366656,-2.9859961709302625,5.048918263314735,-0.09585813920503261,0.007335815692266611,134818.0,-4.91498666808041,-4.794262429027325,0.008277101526731376,-0.12072423905308582,0.008127579395853898,-0.09741691406806645,-4.7906513888268645,0.8307044503196503,-0.12433527925354593,0.006244593596292391,158377.0,-5.076039214176714,-4.937977671539689,0.00716908196057512,-0.13806154263702552,0.00700415610833029,-0.10844454353816081,-4.943919706551936,0.7126609336437322,-0.1321195076247781
2025-04,983.0,6.890609120147166,7.089320936230986,1199.093263289981,-0.1987118160838195,0.18783200214010015,5233.4,-1.6722073212934878,-1.6035881798378142,0.20117337513864392,-0.0686191414556736,0.20109579158358243,-0.06595756847536705,-1.6143593910626148,19.901812240094028,-0.05784793023087298,0.04560426815124101,21555.0,-3.0877539670340686,-2.9686158546779247,0.051374370736540206,-0.11913811235614391,0.05031987410761342,-0.09371259447683984,-2.9843375150900147,5.05729963005904,-0.10341645194405391,0.1188489904485552,8271.0,-2.12990157954474,-2.0483314663001146,0.12894988141178904,-0.08157011324462538,0.12884348297972553,-0.07757080373823055,-2.071938577726851,12.594139771439522,-0.05796300181788894,0.04560426815124101,21555.0,-3.0877539670340686,-2.9686158546779247,0.051374370736540206,-0.11913811235614391,0.05031987410761342,-0.09371259447683984,-2.9843375150900147,5.05729963005904,-0.10341645194405391,0.007285960998243364,134917.0,-4.921805933382455,-4.79245078844703,0.008292110250846314,-0.12935514493542488,0.008139680820317217,-0.10488369764363585,-4.788859392810131,0.8321944039825028,-0.13294654057232425,0.006202479729942896,158485.0,-5.082806110449947,-4.935931012418477,0.00718376965278306,-0.1468750980314697,0.007015657398731204,-0.1159089765323165,-4.942000347157155,0.7140300996424992,-0.14080576329279193
2025-05,979.6,6.887144325078013,7.092777408303194,1203.2450668294728,-0.20563308322518115,0.18733625289246714,5229.1,-1.674850133042764,-1.6033738690047168,0.20121649339245634,-0.0714762640380473,0.20113757233665933,-0.06861631710007848,-1.61428806348981,19.90323183868319,-0.06056206955295407,0.04548240319435416,21538.0,-3.0904297708108137,-2.966707270706379,0.05147251666715828,-0.12372250010443464,0.05039784258716366,-0.09753273434886008,-2.9826788592497673,5.065694910141773,-0.10775091156104644,0.11846656185754022,8269.0,-2.133124536644154,-2.0479959211811654,0.1289931571751654,-0.08512861546298867,0.12888485918864123,-0.08083414449677415,-2.071898142712916,12.594649025952464,-0.061226393931237855,0.04548240319435416,21538.0,-3.0904297708108137,-2.966707270706379,0.05147251666715828,-0.12372250010443464,0.05039784258716366,-0.09753273434886008,-2.9826788592497673,5.065694910141773,-0.10775091156104644,0.007259684148899116,134937.0,-4.92541895675311,-4.790639147866736,0.00830714619001942,-0.13477980888637386,0.008151782244780538,-0.10943595757266683,-4.787067396793397,0.8336870300301207,-0.13835155995971338,0.006180519628007925,158498.0,-5.086352928845319,-4.933884353297266,0.0071984874364732195,-0.1524685755480526,0.007027158689132117,-0.12048099361034291,-4.940080987762374,0.7154018960864658,-0.1462719410829445
2025-06,984.5,6.89213389807918,7.096233880375403,1207.4112457917606,-0.2040999822962224,0.1881581713586759,5232.3,-1.6704723328635522,-1.6031595581716194,0.2012596208879679,-0.06731277469193286,0.20117935308973622,-0.06472424496390644,-1.614216735917005,19.904651538532487,-0.05625559694654725,0.04575026720572517,21519.0,-3.084557646715364,-2.9647986867348335,0.05157085009639792,-0.11975895998053065,0.05047581106671391,-0.09361996887465529,-2.9810202034095195,5.0741041266595275,-0.10353744330584469,0.11908794000241926,8267.0,-2.1278930671734955,-2.0476603760622165,0.1290364474619494,-0.08023269111127895,0.1289262353975569,-0.07630949096435087,-2.0718577076989813,12.595158301057538,-0.05603535947451421,0.04575026720572517,21519.0,-3.084557646715364,-2.9647986867348335,0.05157085009639792,-0.11975895998053065,0.05047581106671391,-0.09361996887465529,-2.9810202034095195,5.0741041266595275,-0.10353744330584469,0.007298431337662723,134892.0,-4.920095839170617,-4.788827507286442,0.008322209393599298,-0.13126833188417564,0.008163883669243857,-0.10600988042512037,-4.785275400776664,0.8351823332556993,-0.13482043839395352,0.006212218730675552,158478.0,-5.081237163324676,-4.931837694176055,0.007213235373295678,-0.14939946914862112,0.00703865997953303,-0.11741457198679851,-4.938161628367593,0.716776328029251,-0.14307553495708358
2025-07,979.9,6.887450525641773,7.0996903524476105,1211.591849951062,-0.21223982680583742,0.18756220810045174,5224.4,-1.6736447120615934,-1.6029452473385222,0.20130275762715938,-0.0706994647230712,0.20122113384281312,-0.0678801748181742,-1.6141454083442002,19.906071339649138,-0.059499303717393204,0.04558522515816896,21496.0,-3.0881716246535547,-2.9628901027632883,0.051669371382457675,-0.1252815218902663,0.050553779546264145,-0.09828255043815724,-2.979361547569272,5.082527302747229,-0.10881007708428259,0.11861760077472461,8261.0,-2.1318503989207325,-2.0473248309432672,0.12907975227701515,-0.08452556797746524,0.1289676116064726,-0.0802527914010664,-2.0718172726850463,12.595667596755575,-0.06003312623568613,0.04558522515816896,21496.0,-3.0881716246535547,-2.9628901027632883,0.051669371382457675,-0.1252815218902663,0.050553779546264145,-0.09828255043815724,-2.979361547569272,5.082527302747229,-0.10881007708428259,0.007260831227724386,134957.0,-4.9252609625224775,-4.787015866706148,0.008337299911024007,-0.1382450958163295,0.008175985093707178,-0.11193193914787827,-4.783483404759931,0.8366803184610327,-0.14177755776254664,0.006180696597746969,158542.0,-5.08632429578271,-4.929791035054843,0.007228013525026823,-0.15653326072786644,0.007050161269933944,-0.12332550120447404,-4.936242268972812,0.7181534005341806,-0.15008202680989768
2025-08,974.6,6.882027130409406,7.103146824519818,1215.7869292539383,-0.22111969411041255,0.18701308669455427,5211.4,-1.6765766822523793,-1.6027309365054248,0.2013459036120121,-0.07384574574695457,0.20126291459589002,-0.07080205476477157,-1.6140740807713954,19.907491242040372,-0.06250260148098397,0.045412608918503336,21461.0,-3.0919654830120757,-2.960981518791743,0.05176808088422047,-0.13098396422033254,0.05063174802581438,-0.10308036579440415,-2.9777028917290242,5.090964461578219,-0.1142625912830515,0.11829105473965287,8239.0,-2.134607125906184,-2.0469892858243184,0.1291230716252383,-0.08761784008186568,0.12900898781538828,-0.08307896416544833,-2.0717768376711114,12.596176913047405,-0.06283028823507264,0.045412608918503336,21461.0,-3.0919654830120757,-2.960981518791743,0.05176808088422047,-0.13098396422033254,0.05063174802581438,-0.10308036579440415,-2.9777028917290242,5.090964461578219,-0.1142625912830515,0.007222629819841852,134937.0,-4.930536151421717,-4.785204226125854,0.008352417791821276,-0.1453319252958627,0.008188086518170497,-0.11790992879547167,-4.781691408743197,0.8381809904565277,-0.14884474267852,0.006149982331263567,158472.0,-5.091306070133111,-4.927744375933632,0.0072428219535695835,-0.16356169419947886,0.007061662560334857,-0.12910277449281848,-4.9343229095780305,0.7195331186743108,-0.15698316055508066
2025-09,977.6,6.885100588417331,7.106603296592027,1219.9965338198883,-0.22150270817469586,0.1871362940275651,5224.0,-1.6759180825389361,-1.6025166256723276,0.20138905884450764,-0.0734014568666086,0.20130469534896692,-0.07038286561990284,-1.6140027531985903,19.90891124571341,-0.061915329340345826,0.04552906110283159,21472.0,-3.0894044513540777,-2.9590729348201976,0.05186697896125482,-0.1303315165338801,0.05070971650536463,-0.10216297308593646,-2.976044235888777,5.099415626364294,-0.11336021546530084,0.11842519685039371,8255.0,-2.1334737679368976,-2.0466537407053695,0.12916640551149627,-0.08682002723152804,0.12905036402430398,-0.08233349246430048,-2.0717364026571765,12.596686249933864,-0.06173736527972107,0.04552906110283159,21472.0,-3.0894044513540777,-2.9590729348201976,0.05186697896125482,-0.1303315165338801,0.05070971650536463,-0.10216297308593646,-2.976044235888777,5.099415626364294,-0.11336021546530084,0.0072412132883967265,135005.0,-4.927966505354418,-4.78339258554556,0.008367563085608636,-0.1445739198088587,0.008200187942633818,-0.11694544819531029,-4.779899412726463,0.8396843540612172,-0.14806709262795525,0.006165956051164316,158548.0,-5.088712077152351,-4.9256977168124205,0.007257660720953742,-0.16301436033993078,0.00707316385073577,-0.1282605378181765,-4.93240355018325,0.7209154875324413,-0.15630852696910136
2025-10,973.7,6.8811032479847105,7.110059768664235,1224.2207139419445,-0.22895652067952454,0.1866863508253926,5215.7,-1.6783253386302845,-1.6023023148392301,0.20143222332662816,-0.07602302379105441,0.20134647610204381,-0.07281043880411084,-1.6139314256257855,19.91033135067547,-0.06439391300449904,0.045389707253402946,21452.0,-3.0924699121181054,-2.9571643508486525,0.051966065973816096,-0.13530556126945292,0.05078768498491487,-0.10628516997999124,-2.974385580048529,5.107880820355797,-0.11808433206957636,0.11812446924663351,8243.0,-2.136016386328517,-2.0463181955864203,0.12920975394066805,-0.08969819074209662,0.12909174023321968,-0.08495718600409657,-2.0716959676432416,12.597195607415781,-0.06432041868527527,0.045389707253402946,21452.0,-3.0924699121181054,-2.9571643508486525,0.051966065973816096,-0.13530556126945292,0.05078768498491487,-0.10628516997999124,-2.974385580048529,5.107880820355797,-0.11808433206957636,0.007211631041787021,135018.0,-4.93206013388109,-4.781580944965266,0.008382735842093572,-0.15047918891582412,0.008212289367097137,-0.12184888775586655,-4.77810741670973,0.8411904141027777,-0.15395271717135994,0.006146785515883037,158408.0,-5.09182601415292,-4.92365105769121,0.007272529889336137,-0.16817495646171032,0.007084665141136684,-0.13238164494294946,-4.9304841907884684,0.7223005122011393,-0.16134182336445146
2025-11,970.1,6.877399158967238,7.113516240736443,1228.4595200872795,-0.23611708176920487,0.18532811156748497,5234.5,-1.6856274487921716,-1.6020880040061327,0.20147539706035614,-0.08353944478603892,0.2013882568551207,-0.07974717860132957,-1.6138600980529807,19.911751556933783,-0.07176735073919094,0.04516925082646552,21477.0,-3.097338715097057,-2.955255766877107,0.052065342282847996,-0.14208294821994993,0.05086565346446511,-0.1119891763895083,-2.9727269242082817,5.116360066841655,-0.12461179088877516,0.11717598743809639,8279.0,-2.144078308171568,-2.0459826504674714,0.12925311691763422,-0.09809565770409678,0.12913311644213535,-0.09259537238379095,-2.0716555326293067,12.597704985493992,-0.07242277554226151,0.04516925082646552,21477.0,-3.097338715097057,-2.955255766877107,0.052065342282847996,-0.14208294821994993,0.05086565346446511,-0.1119891763895083,-2.9727269242082817,5.116360066841655,-0.12461179088877516,0.007181138500259087,135090.0,-4.936297342996489,-4.779769304384971,0.008397936111073732,-0.15652803861151732,0.008224390791560458,-0.12684857976008565,-4.776315420692997,0.8426991754175464,-0.1599819223034915,0.006122474739506088,158449.0,-5.095788894992753,-4.921604398569999,0.007287429521000969,-0.1741844964227539,0.007096166431537597,-0.13721376202566465,-4.928564831393688,0.723688197782754,-0.16722406359906472
2025-12,971.5,6.878841268817495,7.116972712808652,1232.7130028978058,-0.23813144399115682,0.18602558210784315,5222.4,-1.6818710765122384,-1.6018736931730355,0.20151858004767442,-0.07999738333920292,0.2014300376081976,-0.07647546355681933,-1.6137887704801759,19.913171864495574,-0.06808230603206256,0.045278709917971664,21456.0,-3.094918336703965,-2.9533471829055618,0.05216480824998369,-0.14157115379840324,0.050943621944015346,-0.11119963225757987,-2.971068268368034,5.1248533891494645,-0.12385006833593115,0.11744439071566731,8272.0,-2.1417903279307158,-2.045647105348522,0.1292964944472771,-0.09614322258219365,0.12917449265105105,-0.09080819049215202,-2.0716150976153718,12.598214384169331,-0.070175230315344,0.045278709917971664,21456.0,-3.094918336703965,-2.9533471829055618,0.05216480824998369,-0.14157115379840324,0.050943621944015346,-0.11119963225757987,-2.971068268368034,5.1248533891494645,-0.12385006833593115,0.007191874625230414,135083.0,-4.934803414496689,-4.777957663804678,0.008413163942437026,-0.15684575069201134,0.008236492216023777,-0.12682797037810578,-4.774523424676263,0.8442106428505342,-0.16027998982042568,0.006131968289234498,158432.0,-5.0942394893436544,-4.919557739448788,0.0073023596783600405,-0.17468174989486673,0.0071076677219385105,-0.13727420454566563,-4.926645471998906,0.7250785493894389,-0.1675940173447481
2026-01,973.9,6.881308628967154,7.12042918488086,1236.9812131907786,-0.23912055591370596,0.18546943439344887,5251.0,-1.6848651846707057,-1.601659382339938,0.20156177229056652,-0.08320580233076758,0.2014718183612745,-0.07942740626448577,-1.6137174429073708,19.914592273368076,-0.07114774176333483,0.04529556764801637,21501.0,-3.0945460956948754,-2.9514385989340166,0.05226446423754725,-0.14310749676085877,0.05102159042356559,-0.11222744583251001,-2.9694096125277865,5.133360810645539,-0.12513648316708892,0.11709751112179873,8317.0,-2.1447482629015338,-2.0453115602295733,0.12933988653448047,-0.09943670267196048,0.12921586885996672,-0.09378381962745498,-2.071574662601437,12.59872380344263,-0.0731736003000969,0.04529556764801637,21501.0,-3.0945460956948754,-2.9514385989340166,0.05226446423754725,-0.14310749676085877,0.05102159042356559,-0.11222744583251001,-2.9694096125277865,5.133360810645539,-0.12513648316708892,0.007200047315230329,135263.0,-4.9336676814219524,-4.776146023224383,0.00842841938616186,-0.15752165819756936,0.008248593640487098,-0.12711819383490075,-4.7727314286595295,0.8457248212554414,-0.16093625276242296,0.006140915052461663,158592.0,-5.092781516581606,-4.917511080327576,0.007317320423953025,-0.1752704362540305,0.0071191690123394245,-0.13741125659219297,-4.924726112604126,0.7264715721431672,-0.16805540397748064
2026-02,971.8,6.879150021971802,7.1238856569530675,1241.2642019594082,-0.24473563498126527,0.1856280562347188,5235.2,-1.6840103049965707,-1.601445071506841,0.20160497379101608,-0.08256523348972977,0.2015135991143514,-0.07883112082484389,-1.613646115334566,19.9160127835585,-0.07036418966200464,0.045242085661080074,21480.0,-3.0957275266509985,-2.949530014962471,0.052364310608554974,-0.14619751168852746,0.051099558903115835,-0.11462864587816624,-2.9677509566875386,5.141882354734988,-0.12797656996345985,0.11714079074252651,8296.0,-2.1443787279375606,-2.0449760151106244,0.12938329318412994,-0.09940271282693613,0.12925724506888242,-0.09373907296182074,-2.071534227587502,12.59923324331472,-0.07284450035005863,0.045242085661080074,21480.0,-3.0957275266509985,-2.949530014962471,0.052364310608554974,-0.14619751168852746,0.051099558903115835,-0.11462864587816624,-2.9677509566875386,5.141882354734988,-0.12797656996345985,0.007192391666358287,135115.0,-4.934731524680744,-4.774334382644089,0.008443702492317235,-0.160397142036655,0.008260695064950417,-0.12932366952084579,-4.7709394326427965,0.8472417154946734,-0.16379209203794787,0.006133706985786059,158436.0,-5.093955983295399,-4.915464421206365,0.0073323118204477065,-0.17849156208903416,0.007130670302740338,-0.13981340808467102,-4.922806753209344,0.7278672711757544,-0.17114923008605487
2026-03,969.5,6.876780474682707,7.127342129025275,1245.5620203734652,-0.25056165434256883,0.18486737982190188,5244.3,-1.6881165768025415,-1.6012307606737435,0.20164818455100741,-0.08688581612879798,0.20155537986742833,-0.08279610326701708,-1.6135747877617612,19.917433395074085,-0.07454178904078024,0.04506577418305211,21513.0,-3.099632207867978,-2.947621430990926,0.05246434772671658,-0.15201077687705222,0.05117752738266608,-0.1194225964438452,-2.966092300847291,5.150418044861771,-0.1335399070206873,0.11665262904584286,8311.0,-2.14855474287032,-2.044640469991675,0.12942671440111278,-0.10391427287864463,0.1292986212777981,-0.09780454042727427,-2.071493792573567,12.599742703786433,-0.07706095029675275,0.04506577418305211,21513.0,-3.099632207867978,-2.947621430990926,0.05246434772671658,-0.15201077687705222,0.05117752738266608,-0.1194225964438452,-2.966092300847291,5.150418044861771,-0.1335399070206873,0.007164657803528012,135317.0,-4.938594978294299,-4.772522742063795,0.008459013311062968,-0.16607223623050427,0.008272796489413738,-0.13394970942458845,-4.7691474366260636,0.8487613304393586,-0.1694475416682355,0.006110936022691459,158650.0,-5.0976753223286355,-4.913417762085153,0.007347333930640283,-0.1842575602434824,0.0071421715931412515,-0.14438683767274726,-4.920887393814563,0.7292656516288738,-0.17678792851407277
2026-04,967.2,6.874405299300583,7.130798601097483,1249.8747197798937,-0.25639330179690045,0.1844041944709247,5245.0,-1.6906252215298145,-1.601016449840646,0.20169140457252513,-0.08960877168916848,0.20159716062050523,-0.08528377134212353,-1.6135034601889562,19.91885410792206,-0.07712176134085835,0.044946326502160884,21519.0,-3.102286245493961,-2.9457128470193803,0.0525645759564367,-0.15657339847458074,0.05125549586221632,-0.12309254361748011,-2.9644336450070434,5.15896790450876,-0.1378526004869176,0.11633389463555449,8314.0,-2.1512908205119996,-2.0443049248727263,0.12947015019031766,-0.1069858956392733,0.1293399974867138,-0.10055746949040516,-2.071453357559632,12.600252184858604,-0.07983746295236749,0.044946326502160884,21519.0,-3.102286245493961,-2.9457128470193803,0.0525645759564367,-0.15657339847458074,0.05125549586221632,-0.12309254361748011,-2.9644336450070434,5.15896790450876,-0.1378526004869176,0.007139746211254402,135467.0,-4.9420780479046105,-4.770711101483501,0.008474351892649803,-0.1713669464211094,0.008284897913877057,-0.13822158275535854,-4.76735544060933,0.850283670969362,-0.17472260729528077,0.006090756810539176,158798.0,-5.10098293395684,-4.911371102963942,0.0073623868174555835,-0.1896118309928978,0.007153672883542165,-0.14858326489157028,-4.918968034419782,0.7306667186540766,-0.18201489953705785
2026-05,957.4,6.864221276958409,7.134255073169692,1254.2023517034245,-0.2700337962112833,0.18236537838815978,5249.9,-1.701743030826805,-1.6008021390075489,0.2017346338575542,-0.10094089181925603,0.20163894137358213,-0.09558452774116523,-1.6134321326161514,19.920274922109645,-0.08831089821065352,0.044484713316606264,21522.0,-3.112609669801929,-2.943804263047835,0.05266499566281606,-0.16880540675409383,0.051333464341766555,-0.13341688726797904,-2.9627749891667956,5.167531957197821,-0.1498346806351334,0.11512746512746512,8316.0,-2.161715372019495,-2.043969379753777,0.12951360055663513,-0.1177459922657178,0.12938137369562946,-0.11016971114943298,-2.071412922545697,12.600761686532067,-0.09030244947379762,0.044484713316606264,21522.0,-3.112609669801929,-2.943804263047835,0.05266499566281606,-0.16880540675409383,0.051333464341766555,-0.13341688726797904,-2.9627749891667956,5.167531957197821,-0.1498346806351334,0.007064222891210672,135528.0,-4.952712263062374,-4.7688994609032065,0.008489718287419632,-0.18381280215916718,0.008296999338340376,-0.14858099860669535,-4.765563444592596,0.8518087419732997,-0.18714881846977782,0.006026652230566344,158861.0,-5.111563608059714,-4.909324443842731,0.007377470543947372,-0.20223916421698274,0.0071651741739430785,-0.15889661796597926,-4.917048675025001,0.7320704774128134,-0.19451493303471334
2026-06,954.2,6.860873293082006,7.1377115452419,1258.544967847188,-0.27683825215989355,0.18164512383164227,5253.1,-1.7057003644316684,-1.6005878281744514,0.2017778724080802,-0.10511253625721695,0.20168072212665902,-0.09934315032070365,-1.6133608050433466,19.92169583764407,-0.09233955938832183,0.04430720653789005,21536.0,-3.1166079393624475,-2.94189567907629,0.05276560721165292,-0.1747122602861575,0.0514114328213168,-0.13818378313084315,-2.9611163333265482,5.176110226489854,-0.1554916060358993,0.11470128621228513,8319.0,-2.1654240412018813,-2.043633834634828,0.12955706550495721,-0.12179020656705308,0.12942274990454516,-0.11374710940014597,-2.0713724875317623,12.601271208807653,-0.09405155367011897,0.04430720653789005,21536.0,-3.1166079393624475,-2.94189567907629,0.05276560721165292,-0.1747122602861575,0.0514114328213168,-0.13818378313084315,-2.9611163333265482,5.176110226489854,-0.1554916060358993,0.00703926110627499,135554.0,-4.956252070815534,-4.767087820322913,0.008505112545805597,-0.1891642504926212,0.008309100762803697,-0.152825160360702,-4.763771448575863,0.8533365483485563,-0.1924806222396711,0.006005336958437178,158892.0,-5.11510671204575,-4.907277784721519,0.007392585173298597,-0.20782892732423086,0.007176675464343992,-0.16321464050121767,-4.91512931563022,0.733476933076448,-0.19997739641553025
2026-07,954.8,6.861501894464675,7.141168017314108,1262.902620093337,-0.2796661228494326,0.18133130756813218,5265.5,-1.707429492355977,-1.600373517341354,0.20182112022608903,-0.10705597501462294,0.20172250287973592,-0.1010853772906074,-1.6132894774705417,19.923116854532562,-0.09414001488543522,0.04427544632506376,21565.0,-3.1173250146172684,-2.9399870951047444,0.052866410969444395,-0.17733791951252398,0.051489401300867044,-0.14010562938283397,-2.9594576774863004,5.184702735984884,-0.157867337130968,0.11452560873215785,8337.0,-2.1669568239459385,-2.0432982895158793,0.1296005450401777,-0.12365853443005914,0.12946412611346086,-0.11538731098536958,-2.0713320525178274,12.601780751686196,-0.0956247714281111,0.04427544632506376,21565.0,-3.1173250146172684,-2.9399870951047444,0.052866410969444395,-0.17733791951252398,0.051489401300867044,-0.14010562938283397,-2.9594576774863004,5.184702735984884,-0.157867337130968,0.007039999999999999,135625.0,-4.9561471088121865,-4.765276179742618,0.008520534718332327,-0.19087092906956826,0.008321202187267018,-0.15396840005011478,-4.76197945255913,0.8548670950013015,-0.19416765625305654,0.006008319017323944,158913.0,-5.114610267174343,-4.9052311256003085,0.007407730768821629,-0.20937914157403448,0.007188176754744905,-0.16413866515485143,-4.9132099562354385,0.7348860908262823,-0.20140031093890443
2026-08,,,7.144624489386317,1267.2753605036633,,,5276.7,,-1.6001592065082568,0.20186437731356696,,0.20176428363281282,,-1.6132181498977367,19.924537972782364,,,21606.0,,-2.9380785111331993,0.05296740730338765,,0.05156736978041728,,-2.957799021646053,5.1933095093221,,,8359.0,,-2.04296274439693,0.12964403916719203,,0.12950550232237654,,-2.0712916175038925,12.60229031516853,,,21606.0,,-2.9380785111331993,0.05296740730338765,,0.05156736978041728,,-2.957799021646053,5.1933095093221,,,135752.0,,-4.7634645391623245,0.00853598485561603,,0.008333303611730337,,-4.760187456542396,0.8564003868465051,,,159075.0,,-4.903184466479098,0.007422907393958575,,0.007199678045145819,,-4.911290596840658,0.7362979558535699,
