# Industry: Securities, commodity contracts, funds, trusts, and other financial vehicles, investments, and related activities
# Series ID: CES5552300001
# Parent series: Total private (CES0500000001)
# Generated: 2026-09-03
# Denominator options:
#   opt1: Level 4 parent (default) = Service-providing
#   opt2: Level 3 parent = Finance and insurance
#   opt3: Level 2 parent = Financial activities
#   opt4: Goods/Service-providing total = Service-providing
#   opt5: Total private / Total government = Total private
#   opt6: Total nonfarm = Total nonfarm
date,employment_level,log_level,trend_log_level,predicted_level,resid_log_level,share_opt1,denom_employment_opt1,log_share_opt1,trend_log_share_opt1,predicted_share_opt1,resid_log_share_opt1,trend_raw_share_opt1,resid_raw_pct_dev_opt1,hp_cf_log_share_opt1,predicted_share_hp_opt1,resid_log_share_hp_opt1,share_opt2,denom_employment_opt2,log_share_opt2,trend_log_share_opt2,predicted_share_opt2,resid_log_share_opt2,trend_raw_share_opt2,resid_raw_pct_dev_opt2,hp_cf_log_share_opt2,predicted_share_hp_opt2,resid_log_share_hp_opt2,share_opt3,denom_employment_opt3,log_share_opt3,trend_log_share_opt3,predicted_share_opt3,resid_log_share_opt3,trend_raw_share_opt3,resid_raw_pct_dev_opt3,hp_cf_log_share_opt3,predicted_share_hp_opt3,resid_log_share_hp_opt3,share_opt4,denom_employment_opt4,log_share_opt4,trend_log_share_opt4,predicted_share_opt4,resid_log_share_opt4,trend_raw_share_opt4,resid_raw_pct_dev_opt4,hp_cf_log_share_opt4,predicted_share_hp_opt4,resid_log_share_hp_opt4,share_opt5,denom_employment_opt5,log_share_opt5,trend_log_share_opt5,predicted_share_opt5,resid_log_share_opt5,trend_raw_share_opt5,resid_raw_pct_dev_opt5,hp_cf_log_share_opt5,predicted_share_hp_opt5,resid_log_share_hp_opt5,share_opt6,denom_employment_opt6,log_share_opt6,trend_log_share_opt6,predicted_share_opt6,resid_log_share_opt6,trend_raw_share_opt6,resid_raw_pct_dev_opt6,hp_cf_log_share_opt6,predicted_share_hp_opt6,resid_log_share_hp_opt6
2000-01,817.0,6.705639094860003,,,,0.007679870654810024,106382.0,-4.869152573785993,,,,,,,,,0.14156991855830878,5771.0,-1.9549615598509635,,,,,,,,,0.10516153945166688,7769.0,-2.2522576400904177,,,,,,,,,0.007679870654810024,106382.0,-4.869152573785993,,,,,,,,,0.007397681999275625,110440.0,-4.906588571184088,,,,,,,,,0.006236117577913305,131011.0,-5.077397473263696,,,,,,,,
2000-02,823.5,6.713563549617695,,,,0.007731523208652546,106512.0,-4.862449384222789,,,,,,,,,0.1427209705372617,5770.0,-1.9468638098844502,,,,,,,,,0.10597091751383349,7771.0,-2.2445905855915473,,,,,,,,,0.007731523208652546,106512.0,-4.862449384222789,,,,,,,,,0.0074510726468273,110521.0,-4.899397277514808,,,,,,,,,0.006280506406345332,131120.0,-5.070304663800016,,,,,,,,
2000-03,829.4,6.720702547812281,,,,0.0077587981066062975,106898.0,-4.858927839951938,,,,,,,,,0.14392559043503914,5762.7,-1.938458846048695,,,,,,,,,0.10678511651860435,7767.0,-2.2369367206073663,,,,,,,,,0.0077587981066062975,106898.0,-4.858927839951938,,,,,,,,,0.007480765935185937,110871.0,-4.895420094485913,,,,,,,,,0.006302240053493815,131604.0,-5.066850144735929,,,,,,,,
2000-04,834.5,6.72683274310189,,,,0.007784878026027333,107195.0,-4.855572141638142,,,,,,,,,0.14493382889297995,5757.8,-1.9314779931842452,,,,,,,,,0.10748325605358063,7764.0,-2.230420201187011,,,,,,,,,0.007784878026027333,107195.0,-4.855572141638142,,,,,,,,,0.007512468266685872,111082.0,-4.891191203198169,,,,,,,,,0.006327530253859452,131884.0,-5.062845284227393,,,,,,,,
2000-05,840.7,6.734234878141251,,,,0.007823448943317917,107459.0,-4.8506297803100615,,,,,,,,,0.1460816681146829,5755.0,-1.9235894430147318,,,,,,,,,0.10830971399123937,7762.0,-2.2227604337876006,,,,,,,,,0.007823448943317917,107459.0,-4.8506297803100615,,,,,,,,,0.00757674074875178,110958.0,-4.88267215217168,,,,,,,,,0.006363877218878922,132105.0,-5.057117461766419,,,,,,,,
2000-06,846.9,6.741582623927553,,,,0.007885988844710548,107393.0,-4.842667658096489,,,,,,,,,0.14706954936181296,5758.5,-1.916849679181409,,,,,,,,,0.10908037094281298,7764.0,-2.2156703203613475,,,,,,,,,0.007885988844710548,107393.0,-4.842667658096489,,,,,,,,,0.0076176512916456786,111176.0,-4.877287186238864,,,,,,,,,0.006412848413257309,132063.0,-5.049451736509825,,,,,,,,
2000-07,852.5,6.748173209157672,,,,0.007929421175507623,107511.0,-4.8371752377386725,,,,,,,,,0.14801118113790648,5759.7,-1.910467459842548,,,,,,,,,0.10977337110481586,7766.0,-2.209337301133941,,,,,,,,,0.007929421175507623,107511.0,-4.8371752377386725,,,,,,,,,0.007655283267930424,111361.0,-4.872359246255313,,,,,,,,,0.006447197265329582,132228.0,-5.044109775118105,,,,,,,,
2000-08,859.9,6.756816103416851,,,,0.007995276659445286,107551.0,-4.828904329236729,,,,,,,,,0.14897782397782397,5772.0,-1.9039578164769106,,,,,,,,,0.11056962839141056,7777.0,-2.2021098352780926,,,,,,,,,0.007995276659445286,107551.0,-4.828904329236729,,,,,,,,,0.007719238399597835,111397.0,-4.864039572713804,,,,,,,,,0.0065028661312521744,132234.0,-5.0355122559978955,,,,,,,,
2000-09,870.1,6.768608147571979,,,,0.008079222998068639,107696.0,-4.818459574678515,,,,,,,,,0.15041662344846662,5784.6,-1.8943463453264109,,,,,,,,,0.11159420289855072,7797.0,-2.192886175737621,,,,,,,,,0.008079222998068639,107696.0,-4.818459574678515,,,,,,,,,0.007796455260658411,111602.0,-4.85408610234374,,,,,,,,,0.006574880796753743,132337.0,-5.024498830853949,,,,,,,,
2000-10,874.8,6.773995288802613,,,,0.008121506953599346,107714.0,-4.813239556608755,,,,,,,,,0.15121605503794228,5785.1,-1.8890456367604636,,,,,,,,,0.1120245870149827,7809.0,-2.189036904860062,,,,,,,,,0.008121506953599346,107714.0,-4.813239556608755,,,,,,,,,0.007838077574389162,111609.0,-4.848761682036379,,,,,,,,,0.0066096470019342355,132352.0,-5.019225030185379,,,,,,,,
2000-11,879.5,6.779353564177613,,,,0.008148649149464478,107932.0,-4.8099031139991375,,,,,,,,,0.15177400427969903,5794.8,-1.8853626784898838,,,,,,,,,0.11242490093314585,7823.0,-2.1854698275074678,,,,,,,,,0.008148649149464478,107932.0,-4.8099031139991375,,,,,,,,,0.00786700776414183,111796.0,-4.8450774967101555,,,,,,,,,0.00663493165152841,132556.0,-5.01540691245247,,,,,,,,
2000-12,884.1,6.784570178411759,,,,0.008175362024005475,108142.0,-4.806630278897325,,,,,,,,,0.15232598208132322,5804.0,-1.8817324355923197,,,,,,,,,0.11279663179382496,7838.0,-2.182168800347818,,,,,,,,,0.008175362024005475,108142.0,-4.806630278897325,,,,,,,,,0.007899957109157195,111912.0,-4.840897948744508,,,,,,,,,0.006661593176406764,132716.0,-5.0113966073606555,,,,,,,,
2001-01,884.8,6.785361630768071,,,,0.008179868352932475,108168.0,-4.806079222270523,,,,,,,,,0.1523468438995833,5807.8,-1.8815954898819465,,,,,,,,,0.11278521351179094,7845.0,-2.1822700343990626,,,,,,,,,0.008179868352932475,108168.0,-4.806079222270523,,,,,,,,,0.007909321700575678,111868.0,-4.83971325301911,,,,,,,,,0.006667520704128768,132703.0,-5.010507196681765,,,,,,,,
2001-02,887.8,6.788746492399935,,,,0.00819684239682393,108310.0,-4.804006272429848,,,,,,,,,0.15242248394739552,5824.6,-1.8810991141482096,,,,,,,,,0.11283680732079308,7868.0,-2.181812687109015,,,,,,,,,0.00819684239682393,108310.0,-4.804006272429848,,,,,,,,,0.007935145957347919,111882.0,-4.836453531052213,,,,,,,,,0.006685845106485525,132788.0,-5.007762658095912,,,,,,,,
2001-03,891.8,6.793241892193376,,,,0.008231417468917583,108341.0,-4.799797047177134,,,,,,,,,0.15272901645801576,5839.1,-1.8790900621637527,,,,,,,,,0.1131008243500317,7885.0,-2.1794756072037624,,,,,,,,,0.008231417468917583,108341.0,-4.799797047177134,,,,,,,,,0.007976316118991824,111806.0,-4.831278613332693,,,,,,,,,0.006717840166929063,132751.0,-5.002988579839122,,,,,,,,
2001-04,887.8,6.788746492399935,,,,0.008204948106799257,108203.0,-4.803017879042745,,,,,,,,,0.1519086973632428,5844.3,-1.8844756138553334,,,,,,,,,0.11253644314868803,7889.0,-2.184478170695155,,,,,,,,,0.008204948106799257,108203.0,-4.803017879042745,,,,,,,,,0.007964760554788007,111466.0,-4.83272839824551,,,,,,,,,0.006702501925138534,132458.0,-5.005274400627266,,,,,,,,
2001-05,885.5,6.786152457222888,,,,0.008177117000646413,108290.0,-4.806415635399537,,,,,,,,,0.1512150139175874,5855.9,-1.8890525217697218,,,,,,,,,0.11211699164345404,7898.0,-2.1882123846237067,,,,,,,,,0.008177117000646413,108290.0,-4.806415635399537,,,,,,,,,0.007950331750150388,111379.0,-4.834541621607886,,,,,,,,,0.006687662376895656,132408.0,-5.0074908863974885,,,,,,,,
2001-06,884.2,6.784683281392143,,,,0.008161569916095148,108337.0,-4.8083187368327,,,,,,,,,0.1505431266387442,5873.4,-1.8935056801032966,,,,,,,,,0.11185325743200507,7905.0,-2.1905674682514293,,,,,,,,,0.008161569916095148,108337.0,-4.8083187368327,,,,,,,,,0.00795408544209854,111163.0,-4.834069590225349,,,,,,,,,0.006683295540438398,132300.0,-5.008144068710904,,,,,,,,
2001-07,872.9,6.771821001741304,,,,0.008057340127012258,108336.0,-4.821171785984123,,,,,,,,,0.14899718357941452,5858.5,-1.9038278753669062,,,,,,,,,0.11060567663456665,7892.0,-2.201783865401202,,,,,,,,,0.008057340127012258,108336.0,-4.821171785984123,,,,,,,,,0.007864885076630596,110987.0,-4.845347354577305,,,,,,,,,0.0066042732197439695,132172.0,-5.020038381922995,,,,,,,,
2001-08,882.1,6.7823054282647215,,,,0.008140983636816701,108353.0,-4.8108442663644695,,,,,,,,,0.15002466112216611,5879.7,-1.8969555909182028,,,,,,,,,0.11143254168772107,7916.0,-2.194335878457735,,,,,,,,,0.008140983636816701,108353.0,-4.8108442663644695,,,,,,,,,0.007960975785854174,110803.0,-4.83320370047633,,,,,,,,,0.006681512789631952,132021.0,-5.008410851559261,,,,,,,,
2001-09,875.8,6.775137754367298,,,,0.008092175777063237,108228.0,-4.816857637586411,,,,,,,,,0.1490824907227726,5874.6,-1.9032554972207827,,,,,,,,,0.11063668519454269,7916.0,-2.2015035523551583,,,,,,,,,0.008092175777063237,108228.0,-4.816857637586411,,,,,,,,,0.007924285882321006,110521.0,-4.837823072765205,,,,,,,,,0.006646782480666044,131763.0,-5.013622378895332,,,,,,,,
2001-10,869.3,6.767688290085019,,,,0.008043637171171337,108073.0,-4.822873913612222,,,,,,,,,0.14767688779410515,5886.5,-1.912728582433233,,,,,,,,,0.10969085173501576,7925.0,-2.210089308660463,,,,,,,,,0.008043637171171337,108073.0,-4.822873913612222,,,,,,,,,0.007890031494776586,110177.0,-4.842155152398913,,,,,,,,,0.006613060280558683,131452.0,-5.018708754867876,,,,,,,,
2001-11,870.3,6.768837979795468,,,,0.008063186176865706,107935.0,-4.82044649327351,,,,,,,,,0.14748097812272287,5901.1,-1.9140560733984058,,,,,,,,,0.10960957178841309,7940.0,-2.2108305744457133,,,,,,,,,0.008063186176865706,107935.0,-4.82044649327351,,,,,,,,,0.00792493033928864,109818.0,-4.837741749252549,,,,,,,,,0.006636216677850301,131144.0,-5.015213255310824,,,,,,,,
2001-12,858.5,6.7551866803375304,,,,0.007957252361223108,107889.0,-4.8336715194653,,,,,,,,,0.14545916638427653,5902.0,-1.9278598751653544,,,,,,,,,0.10820519284093774,7934.0,-2.223725920736745,,,,,,,,,0.007957252361223108,107889.0,-4.8336715194653,,,,,,,,,0.007831028569343599,109628.0,-4.849661414983036,,,,,,,,,0.006554285670659551,130983.0,-5.027636142432408,,,,,,,,
2002-01,854.5,6.750516502555645,,,,0.007919663379550678,107896.0,-4.838406576641048,,,,,,,,,0.14473728784850434,5903.8,-1.9328349878121274,,,,,,,,,0.1076332031742033,7939.0,-2.229026099169468,,,,,,,,,0.007919663379550678,107896.0,-4.838406576641048,,,,,,,,,0.007804935971209879,109482.0,-4.852998928608945,,,,,,,,,0.006529929160394012,130859.0,-5.031359184084339,,,,,,,,
2002-02,850.8,6.746177083326082,,,,0.007888222368506448,107857.0,-4.842384471345578,,,,,,,,,0.1441716232016674,5901.3,-1.936750861279711,,,,,,,,,0.10726172465960665,7932.0,-2.2324834063136043,,,,,,,,,0.007888222368506448,107857.0,-4.842384471345578,,,,,,,,,0.0077807347252325165,109347.0,-4.85610450756024,,,,,,,,,0.006507721609031873,130737.0,-5.034765867271723,,,,,,,,
2002-03,848.1,6.742998553367654,,,,0.007857506832816047,107935.0,-4.846285919701323,,,,,,,,,0.1437652563059398,5899.2,-1.9395734741122255,,,,,,,,,0.10696178584941354,7929.0,-2.2352836499047446,,,,,,,,,0.007857506832816047,107935.0,-4.846285919701323,,,,,,,,,0.007760016835787028,109291.0,-4.858770775229179,,,,,,,,,0.006487813833937669,130722.0,-5.037829656486735,,,,,,,,
2002-04,849.6,6.7447656504876745,,,,0.007871987547138344,107927.0,-4.844444701151837,,,,,,,,,0.14388294269069232,5904.8,-1.9387552079681682,,,,,,,,,0.10705645161290323,7936.0,-2.2343989984770345,,,,,,,,,0.007871987547138344,107927.0,-4.844444701151837,,,,,,,,,0.007782143936687642,109173.0,-4.855923408486015,,,,,,,,,0.006504562993813928,130616.0,-5.035251349318326,,,,,,,,
2002-05,845.6,6.740046434556028,,,,0.007827745172458482,108026.0,-4.850080783317668,,,,,,,,,0.14332203389830508,5900.0,-1.942661195337783,,,,,,,,,0.10659271397957898,7933.0,-2.2387401187459752,,,,,,,,,0.007827745172458482,108026.0,-4.850080783317668,,,,,,,,,0.007749408896790631,109118.0,-4.860138709907545,,,,,,,,,0.0064731459366770775,130632.0,-5.0400930542261175,,,,,,,,
2002-06,841.7,6.73542365621753,,,,0.007786525065450476,108097.0,-4.855360594943267,,,,,,,,,0.142557119387565,5904.3,-1.9480125217799709,,,,,,,,,0.1060209094344376,7939.0,-2.2441189455075827,,,,,,,,,0.007786525065450476,108097.0,-4.855360594943267,,,,,,,,,0.007713172966781215,109125.0,-4.8648256369243725,,,,,,,,,0.006441220135604634,130674.0,-5.0450372947611335,,,,,,,,
2002-07,834.4,6.726712903686563,,,,0.007721421763230708,108063.0,-4.863756765680375,,,,,,,,,0.14113905850910874,5911.9,-1.9580096440487573,,,,,,,,,0.10504847035125267,7943.0,-2.2533334129465694,,,,,,,,,0.007721421763230708,108063.0,-4.863756765680375,,,,,,,,,0.0076522377109317676,109040.0,-4.872757162683851,,,,,,,,,0.006389756784904736,130584.0,-5.053059073147308,,,,,,,,
2002-08,829.9,6.7213052116044025,,,,0.007674807875486669,108133.0,-4.869812018332075,,,,,,,,,0.14021660161859867,5918.7,-1.9645668975646313,,,,,,,,,0.10440306956849918,7949.0,-2.2594962019687106,,,,,,,,,0.007674807875486669,108133.0,-4.869812018332075,,,,,,,,,0.0076143203170874925,108992.0,-4.877724552417958,,,,,,,,,0.006355442215942595,130581.0,-5.058443791247503,,,,,,,,
2002-09,827.3,6.7181673861961375,,,,0.007652674227147429,108106.0,-4.8727001200536755,,,,,,,,,0.13956038394709763,5927.9,-1.9692579115416842,,,,,,,,,0.10387995981918634,7964.0,-2.2645192789879496,,,,,,,,,0.007652674227147429,108106.0,-4.8727001200536755,,,,,,,,,0.007592973310327104,108956.0,-4.880532023793817,,,,,,,,,0.0063393664464912415,130502.0,-5.060976445101809,,,,,,,,
2002-10,822.3,6.71210529197685,,,,0.007593218460856557,108294.0,-4.8804997378154535,,,,,,,,,0.13814363712725744,5952.5,-1.979461286384168,,,,,,,,,0.10290326617444624,7991.0,-2.273965895397613,,,,,,,,,0.007593218460856557,108294.0,-4.8804997378154535,,,,,,,,,0.007540024574079847,109058.0,-4.8875298378058,,,,,,,,,0.0062955051792645675,130617.0,-5.067919363829732,,,,,,,,
2002-11,819.0,6.70808408385307,,,,0.007559953477209371,108334.0,-4.884890242617915,,,,,,,,,0.13725720223231494,5966.9,-1.9858987246882933,,,,,,,,,0.10233662376608772,8003.0,-2.2794876665139765,,,,,,,,,0.007559953477209371,108334.0,-4.884890242617915,,,,,,,,,0.00751134956665291,109035.0,-4.891340126733776,,,,,,,,,0.006270288479206223,130616.0,-5.071932915952931,,,,,,,,
2002-12,816.5,6.70502691241052,,,,0.0075408443159673795,108277.0,-4.887421124986357,,,,,,,,,0.13653846153846153,5980.0,-1.9911489345341578,,,,,,,,,0.10184607708619184,8017.0,-2.284292653632432,,,,,,,,,0.0075408443159673795,108277.0,-4.887421124986357,,,,,,,,,0.007499288187587829,108877.0,-4.8929471712655745,,,,,,,,,0.006258383474495075,130465.0,-5.073833358128803,,,,,,,,
2003-01,816.3,6.70478193445731,,,,0.007528567607699189,108427.0,-4.8890504800064996,,,,,,,,,0.1363044349452311,5988.8,-1.9928644026928544,,,,,,,,,0.10171962616822429,8025.0,-2.2855350135409065,,,,,,,,,0.007528567607699189,108427.0,-4.8890504800064996,,,,,,,,,0.007492634033061947,108947.0,-4.893834869969571,,,,,,,,,0.00625167530806522,130573.0,-5.074905801862184,,,,,,,,
2003-02,812.5,6.700115914203892,,,,0.007494073916933379,108419.0,-4.893642715177383,,,,,,,,,0.1354957058283999,5996.5,-1.9988153304678833,,,,,,,,,0.10109493592136369,8037.0,-2.291695244008826,,,,,,,,,0.007494073916933379,108419.0,-4.893642715177383,,,,,,,,,0.00746666421606918,108817.0,-4.897306936994327,,,,,,,,,0.006228869757208239,130441.0,-5.0785603820299885,,,,,,,,
2003-03,808.0,6.694562058521095,,,,0.007461446116908302,108290.0,-4.898006034101329,,,,,,,,,0.13457022467231816,6004.3,-2.005669099672838,,,,,,,,,0.10036020370140356,8051.0,-2.298989527778885,,,,,,,,,0.007461446116908302,108290.0,-4.898006034101329,,,,,,,,,0.00743843498273878,108625.0,-4.901094804046598,,,,,,,,,0.006204169386109725,130235.0,-5.082533731314941,,,,,,,,
2003-04,806.1,6.692207804289556,,,,0.007442526082540855,108310.0,-4.900544960540228,,,,,,,,,0.1338836386586723,6020.9,-2.0107842245001812,,,,,,,,,0.09980190664850812,8077.0,-2.304567991152741,,,,,,,,,0.007442526082540855,108310.0,-4.900544960540228,,,,,,,,,0.007424155906353037,108578.0,-4.903016283401791,,,,,,,,,0.0061925284045078475,130173.0,-5.0844118096903514,,,,,,,,
2003-05,803.2,6.688603748937465,,,,0.0074121240644869565,108363.0,-4.904638232371132,,,,,,,,,0.13304621500745403,6037.0,-2.0170587298589613,,,,,,,,,0.09923400049419323,8094.0,-2.310274576498346,,,,,,,,,0.0074121240644869565,108363.0,-4.904638232371132,,,,,,,,,0.007393905919175182,108630.0,-4.907099142490332,,,,,,,,,0.006169112959592003,130197.0,-5.088200218079028,,,,,,,,
2003-06,801.5,6.686484972049608,,,,0.007394047860661636,108398.0,-4.907079945583367,,,,,,,,,0.13279981442820693,6035.4,-2.01891243931874,,,,,,,,,0.09907292954264524,8090.0,-2.3118990380029296,,,,,,,,,0.007394047860661636,108398.0,-4.907079945583367,,,,,,,,,0.007381654079941057,108580.0,-4.908757535409834,,,,,,,,,0.006156575975911388,130186.0,-5.090234504043848,,,,,,,,
2003-07,800.9,6.685736095329637,,,,0.007383268034109242,108475.0,-4.908538915336915,,,,,,,,,0.13265424430641823,6037.5,-2.0200092026311913,,,,,,,,,0.09886433773608196,8101.0,-2.3140066945008546,,,,,,,,,0.007383268034109242,108475.0,-4.908538915336915,,,,,,,,,0.007378098773848237,108551.0,-4.90923929227891,,,,,,,,,0.006152061697289989,130184.0,-5.0909680180108134,,,,,,,,
2003-08,798.8,6.68311060154166,,,,0.007365810027017806,108447.0,-4.910906251813457,,,,,,,,,0.13232395182798548,6036.7,-2.0225021824635983,,,,,,,,,0.09859294001481116,8102.0,-2.3167556222209758,,,,,,,,,0.007365810027017806,108447.0,-4.910906251813457,,,,,,,,,0.007355635975211101,108597.0,-4.9122884602493615,,,,,,,,,0.006137392146166434,130153.0,-5.093355358941943,,,,,,,,
2003-09,799.5,6.683986532274009,,,,0.00736506591250357,108553.0,-4.911007279684158,,,,,,,,,0.13242894056847546,6037.2,-2.0217090750112643,,,,,,,,,0.09871589085072231,8099.0,-2.315509343974981,,,,,,,,,0.00736506591250357,108553.0,-4.911007279684158,,,,,,,,,0.00735185934453967,108748.0,-4.912802025703211,,,,,,,,,0.006138101526272149,130252.0,-5.093239782310088,,,,,,,,
2003-10,798.3,6.682484466651753,,,,0.007340892162542414,108747.0,-4.914294895711774,,,,,,,,,0.13250892190223254,6024.5,-2.021105300711578,,,,,,,,,0.0986895784398566,8089.0,-2.3157759263661992,,,,,,,,,0.007340892162542414,108747.0,-4.914294895711774,,,,,,,,,0.007331857716222297,108881.0,-4.915526355054636,,,,,,,,,0.006120102116698226,130439.0,-5.096176496862103,,,,,,,,
2003-11,800.2,6.684861696423135,,,,0.007355320244135598,108792.0,-4.91233138486566,,,,,,,,,0.13299428267517618,6016.8,-2.0174491390890585,,,,,,,,,0.0990101460034645,8082.0,-2.312532949215284,,,,,,,,,0.007355320244135598,108792.0,-4.91233138486566,,,,,,,,,0.007344990591582909,108945.0,-4.913736750285244,,,,,,,,,0.006132740649908032,130480.0,-5.094113540871761,,,,,,,,
2003-12,802.4,6.687607236647726,,,,0.007369039747263243,108888.0,-4.910467873364184,,,,,,,,,0.13354414579345927,6008.5,-2.0133231757036287,,,,,,,,,0.09935611688954928,8076.0,-2.3090447427850025,,,,,,,,,0.007369039747263243,108888.0,-4.910467873364184,,,,,,,,,0.007358564969782563,109043.0,-4.9118903421835425,,,,,,,,,0.006144468523382521,130589.0,-5.0922030289832305,,,,,,,,
2004-01,802.6,6.687856457832816,,,,0.007360466609196457,109042.0,-4.9116319502622705,,,,,,,,,0.13359744323856448,6007.6,-2.0129241554986095,,,,,,,,,0.09935627630601634,8078.0,-2.3090431382905416,,,,,,,,,0.007360466609196457,109042.0,-4.9116319502622705,,,,,,,,,0.007348605541211156,109218.0,-4.913244706041137,,,,,,,,,0.00613815044816299,130756.0,-5.093231812142819,,,,,,,,
2004-02,804.8,6.690593799345475,,,,0.007374825892529873,109128.0,-4.909682984827482,,,,,,,,,0.13390569365412133,6010.2,-2.0106195055002987,,,,,,,,,0.09961628914469613,8079.0,-2.3064295821342338,,,,,,,,,0.007374825892529873,109128.0,-4.909682984827482,,,,,,,,,0.007365174657502905,109271.0,-4.91099251482016,,,,,,,,,0.006151917505599253,130821.0,-5.090991456231631,,,,,,,,
2004-03,804.5,6.690220966432438,,,,0.007354957854125908,109382.0,-4.912380655179565,,,,,,,,,0.13376007980713275,6014.5,-2.0117075330016894,,,,,,,,,0.09949295077912441,8086.0,-2.3076684837682784,,,,,,,,,0.007354957854125908,109382.0,-4.912380655179565,,,,,,,,,0.0073435446180809116,109552.0,-4.913933634928406,,,,,,,,,0.006134665243251487,131140.0,-5.093799767385173,,,,,,,,
2004-04,805.6,6.691587341404353,,,,0.007349694370951555,109610.0,-4.913096548805417,,,,,,,,,0.1337450609290434,6023.4,-2.0118198215211835,,,,,,,,,0.0994936396196122,8097.0,-2.307661560281762,,,,,,,,,0.007349694370951555,109610.0,-4.913096548805417,,,,,,,,,0.007337109965573144,109798.0,-4.914810251551073,,,,,,,,,0.006130338173073996,131412.0,-5.094505363659407,,,,,,,,
2004-05,808.4,6.695056985529466,,,,0.007361404531215852,109816.0,-4.91150453140203,,,,,,,,,0.1341497817825791,6026.1,-2.008798328779146,,,,,,,,,0.09961799137399877,8115.0,-2.3064124944192255,,,,,,,,,0.007361404531215852,109816.0,-4.91150453140203,,,,,,,,,0.007343549866918597,110083.0,-4.913932920173328,,,,,,,,,0.006138332687912405,131697.0,-5.09320212289918,,,,,,,,
2004-06,812.4,6.69999282970623,,,,0.007391703895111321,109907.0,-4.907397002924605,,,,,,,,,0.1347062627468537,6030.9,-2.004658702609115,,,,,,,,,0.10009857072449482,8116.0,-2.3015998712394756,,,,,,,,,0.007391703895111321,109907.0,-4.907397002924605,,,,,,,,,0.00737251912553429,110193.0,-4.909995823106042,,,,,,,,,0.006164165288252879,131794.0,-5.089002546787602,,,,,,,,
2004-07,815.6,6.7039240387003005,,,,0.007417782305005821,109952.0,-4.903875147203572,,,,,,,,,0.13548622877836472,6019.8,-1.9988852764593221,,,,,,,,,0.10069135802469135,8100.0,-2.29569530196023,,,,,,,,,0.007417782305005821,109952.0,-4.903875147203572,,,,,,,,,0.007397866627966041,110248.0,-4.90656361385468,,,,,,,,,0.006185629559967844,131854.0,-5.0855264901257,,,,,,,,
2004-08,817.0,6.705639094860003,,,,0.0074275428197389,109996.0,-4.902560185617014,,,,,,,,,0.13568949195329758,6021.1,-1.9973861510033126,,,,,,,,,0.10078953861337281,8106.0,-2.294720712328251,,,,,,,,,0.0074275428197389,109996.0,-4.902560185617014,,,,,,,,,0.00740619872544487,110313.0,-4.9054379638173815,,,,,,,,,0.0061922555120169165,131939.0,-5.0844558786854686,,,,,,,,
2004-09,818.1,6.706984578519653,,,,0.007428426147043067,110131.0,-4.902441266776084,,,,,,,,,0.13592636283582835,6018.7,-1.9956419896194832,,,,,,,,,0.10077605321507761,8118.0,-2.2948545188791902,,,,,,,,,0.007428426147043067,110131.0,-4.902441266776084,,,,,,,,,0.007406703242978978,110454.0,-4.905369845154964,,,,,,,,,0.006193551317672176,132089.0,-5.084246638273793,,,,,,,,
2004-10,820.6,6.710035780008086,,,,0.007431288204663799,110425.0,-4.902056056456641,,,,,,,,,0.1364029255319149,6016.0,-1.99214208562159,,,,,,,,,0.10114630839393567,8113.0,-2.2911872123869794,,,,,,,,,0.007431288204663799,110425.0,-4.902056056456641,,,,,,,,,0.007407942368627734,110773.0,-4.905202561281407,,,,,,,,,0.006196527950826481,132429.0,-5.083766151725311,,,,,,,,
2004-11,820.3,6.709670127008704,,,,0.007423059172722089,110507.0,-4.903164019341104,,,,,,,,,0.13637799464662753,6014.9,-1.9923248761579697,,,,,,,,,0.10107195662888122,8116.0,-2.291922573937001,,,,,,,,,0.007423059172722089,110507.0,-4.903164019341104,,,,,,,,,0.007402694678326159,110811.0,-4.905911199337224,,,,,,,,,0.006190803227096745,132503.0,-5.084690438652829,,,,,,,,
2004-12,826.3,6.716957903707138,,,,0.007469311011877858,110626.0,-4.8969525181102584,,,,,,,,,0.1371247448513915,6025.9,-1.9868642210893561,,,,,,,,,0.10158593557905089,8134.0,-2.2868501827600314,,,,,,,,,0.007469311011877858,110626.0,-4.8969525181102584,,,,,,,,,0.007448371598294527,110937.0,-4.899759847892323,,,,,,,,,0.006230113850561713,132630.0,-5.07836067178126,,,,,,,,
2005-01,828.7,6.719858207854997,,,,0.007477757124036744,110822.0,-4.895822381687378,,,,,,,,,0.13732476054750936,6034.6,-1.9854066434468767,,,,,,,,,0.10176839002824513,8143.0,-2.2850557336121344,,,,,,,,,0.007477757124036744,110822.0,-4.895822381687378,,,,,,,,,0.007462673126452101,111046.0,-4.8978416010079515,,,,,,,,,0.0062411037723770725,132781.0,-5.076598225644501,,,,,,,,
2005-02,830.1,6.72154617546099,,,,0.007478445751763529,110999.0,-4.895730295783891,,,,,,,,,0.1376457127696619,6030.7,-1.9830721937582447,,,,,,,,,0.10189026635571376,8147.0,-2.283858864849652,,,,,,,,,0.007478445751763529,110999.0,-4.895730295783891,,,,,,,,,0.0074588911851918415,111290.0,-4.898348510506481,,,,,,,,,0.006239758257287611,133034.0,-5.076813838170539,,,,,,,,
2005-03,831.4,6.723111026818537,,,,0.007484089333777422,111089.0,-4.89497593400639,,,,,,,,,0.1380650303895845,6021.8,-1.9800304701140041,,,,,,,,,0.1021250460631372,8141.0,-2.281557274755441,,,,,,,,,0.007484089333777422,111089.0,-4.89497593400639,,,,,,,,,0.007462257885005475,111414.0,-4.897897245010114,,,,,,,,,0.006243898042867657,133154.0,-5.076150605279107,,,,,,,,
2005-04,829.3,6.720581971457158,,,,0.007445347219104906,111385.0,-4.900165976041817,,,,,,,,,0.1375472699528959,6029.2,-1.9837876394792162,,,,,,,,,0.10174211753159121,8151.0,-2.2853139266372993,,,,,,,,,0.007445347219104906,111385.0,-4.900165976041817,,,,,,,,,0.007419966716174865,111766.0,-4.903580707503628,,,,,,,,,0.006211054523666866,133520.0,-5.081424586878558,,,,,,,,
2005-05,829.1,6.720340775122173,,,,0.007434607555663161,111519.0,-4.901609483830539,,,,,,,,,0.13745710164630204,6031.7,-1.9844433985807948,,,,,,,,,0.10168015697817022,8154.0,-2.285923108257026,,,,,,,,,0.007434607555663161,111519.0,-4.901609483830539,,,,,,,,,0.007408764342138185,111908.0,-4.905091609026315,,,,,,,,,0.006201706946719626,133689.0,-5.082930710835996,,,,,,,,
2005-06,828.7,6.719858207854997,,,,0.007414731040406571,111764.0,-4.9042865764160375,,,,,,,,,0.13709303864478561,6044.8,-1.9870954694521936,,,,,,,,,0.10139483665728619,8173.0,-2.2887331096611327,,,,,,,,,0.007414731040406571,111764.0,-4.9042865764160375,,,,,,,,,0.007386905557784018,112185.0,-4.908046365438881,,,,,,,,,0.006186729178487175,133948.0,-5.085348736061908,,,,,,,,
2005-07,830.4,6.721907512411624,,,,0.007407936054810163,112096.0,-4.905203413585589,,,,,,,,,0.1371609791549668,6054.2,-1.986600012633613,,,,,,,,,0.10137956293492857,8191.0,-2.288883757103978,,,,,,,,,0.007407936054810163,112096.0,-4.905203413585589,,,,,,,,,0.007385075104719725,112443.0,-4.908294193149393,,,,,,,,,0.006183172002978406,134300.0,-5.0859238700997045,,,,,,,,
2005-08,834.2,6.726473181762845,,,,0.007429772528901477,112278.0,-4.902260035942999,,,,,,,,,0.137445833951197,6069.3,-1.984525374388633,,,,,,,,,0.1015583150718286,8214.0,-2.287122112753659,,,,,,,,,0.007429772528901477,112278.0,-4.902260035942999,,,,,,,,,0.007405960635303936,112639.0,-4.905470111748707,,,,,,,,,0.006202138258167165,134502.0,-5.082861166039106,,,,,,,,
2005-09,836.2,6.728867818922465,,,,0.0074442040790891045,112329.0,-4.9003195253322085,,,,,,,,,0.1376053185887309,6076.8,-1.9833657016955022,,,,,,,,,0.10170274872293847,8222.0,-2.285700948535359,,,,,,,,,0.0074442040790891045,112329.0,-4.9003195253322085,,,,,,,,,0.007419237491903786,112707.0,-4.903678990977787,,,,,,,,,0.006214697663356918,134552.0,-5.080838201484804,,,,,,,,
2005-10,841.8,6.7355424563364705,,,,0.007492590186113163,112351.0,-4.893840721993958,,,,,,,,,0.13788020244705418,6105.3,-1.9813700690501423,,,,,,,,,0.10194986072423398,8257.0,-2.283274148080958,,,,,,,,,0.007492590186113163,112351.0,-4.893840721993958,,,,,,,,,0.007461972130624401,112812.0,-4.897935539030081,,,,,,,,,0.006252181727705528,134641.0,-5.074824799713945,,,,,,,,
2005-11,844.3,6.738507881675454,,,,0.007495427993110917,112642.0,-4.893462045240603,,,,,,,,,0.13788316757304067,6123.3,-1.9813485641926525,,,,,,,,,0.10198091556951322,8279.0,-2.2829695854633516,,,,,,,,,0.007495427993110917,112642.0,-4.893462045240603,,,,,,,,,0.0074625678375081755,113138.0,-4.8978557098513775,,,,,,,,,0.006254213056586442,134997.0,-5.074499953275973,,,,,,,,
2005-12,846.8,6.74146453926071,,,,0.007508024045537566,112786.0,-4.891782957607494,,,,,,,,,0.13821244369001762,6126.8,-1.978963330529689,,,,,,,,,0.10220881110440555,8285.0,-2.280737390599953,,,,,,,,,0.007508024045537566,112786.0,-4.891782957607494,,,,,,,,,0.007475282485875706,113280.0,-4.896153369666837,,,,,,,,,0.006265213563284724,135159.0,-5.072742602901496,,,,,,,,
2006-01,849.9,6.745118695504581,,,,0.007523769055080469,112962.0,-4.889688062448187,,,,,,,,,0.13839990880815517,6140.9,-1.9776078946993978,,,,,,,,,0.10232362147844931,8306.0,-2.279614728686118,,,,,,,,,0.007523769055080469,112962.0,-4.889688062448187,,,,,,,,,0.007482831484416271,113580.0,-4.895144017926843,,,,,,,,,0.006275705730762699,135427.0,-5.071069333234417,,,,,,,,
2006-02,854.7,6.750750530171972,,,,0.00755035335689046,113200.0,-4.886160914579247,,,,,,,,,0.1386487144131722,6164.5,-1.9758117791366352,,,,,,,,,0.10254349130173966,8335.0,-2.277468265012922,,,,,,,,,0.00755035335689046,113200.0,-4.886160914579247,,,,,,,,,0.007506916692284046,113855.0,-4.891930457790793,,,,,,,,,0.006296921161397745,135733.0,-5.067694469579675,,,,,,,,
2006-03,858.5,6.7551866803375304,,,,0.007565809766372025,113471.0,-4.88411589631076,,,,,,,,,0.13880804553097917,6184.8,-1.9746632676687348,,,,,,,,,0.1027897509578544,8352.0,-2.27506962978489,,,,,,,,,0.007565809766372025,113471.0,-4.88411589631076,,,,,,,,,0.007521794366320585,114135.0,-4.889950556941202,,,,,,,,,0.0063107367059204045,136038.0,-5.065502857117167,,,,,,,,
2006-04,863.7,6.76122548628624,,,,0.00760413089987058,113583.0,-4.879063639897262,,,,,,,,,0.1393693926289292,6197.2,-1.970627369835897,,,,,,,,,0.10314067351325532,8374.0,-2.2716614602928487,,,,,,,,,0.00760413089987058,113583.0,-4.879063639897262,,,,,,,,,0.007557025487571201,114291.0,-4.8852776202390125,,,,,,,,,0.006340944130386903,136210.0,-5.060727605155147,,,,,,,,
2006-05,865.4,6.763191827790784,,,,0.00761427125951344,113655.0,-4.877730995242799,,,,,,,,,0.13963469730218148,6197.6,-1.9687255715269085,,,,,,,,,0.10331900668576886,8376.0,-2.2699339247595884,,,,,,,,,0.00761427125951344,113655.0,-4.877730995242799,,,,,,,,,0.007569780359157825,114323.0,-4.883591226596008,,,,,,,,,0.006351606250321103,136249.0,-5.059047545258231,,,,,,,,
2006-06,862.7,6.760067006082533,,,,0.007584642571410988,113743.0,-4.881629790375556,,,,,,,,,0.13949389603039858,6184.5,-1.9697344347325312,,,,,,,,,0.10311977049964141,8366.0,-2.2718641459196105,,,,,,,,,0.007584642571410988,113743.0,-4.881629790375556,,,,,,,,,0.0075400952672289474,114415.0,-4.887520462131091,,,,,,,,,0.006327702677923088,136337.0,-5.062818034778161,,,,,,,,
2006-07,868.8,6.767112949179671,,,,0.007624931982938688,113942.0,-4.876331876798783,,,,,,,,,0.14023533969299307,6195.3,-1.9644332698611848,,,,,,,,,0.10384891226392541,8366.0,-2.2648182028224726,,,,,,,,,0.007624931982938688,113942.0,-4.876331876798783,,,,,,,,,0.007584063689374629,114556.0,-4.881706116204099,,,,,,,,,0.006363483216020039,136529.0,-5.0571793760747346,,,,,,,,
2006-08,872.5,6.771362654076582,,,,0.00764505896991045,114126.0,-4.873695726104314,,,,,,,,,0.14075986125675566,6198.5,-1.9606999522016193,,,,,,,,,0.10421643573817486,8372.0,-2.261285429489308,,,,,,,,,0.00764505896991045,114126.0,-4.873695726104314,,,,,,,,,0.007608060620329435,114681.0,-4.8785469857989945,,,,,,,,,0.006382963158048752,136692.0,-5.05412284461133,,,,,,,,
2006-09,877.3,6.776849009134338,,,,0.007675885662289029,114293.0,-4.869671596428468,,,,,,,,,0.14120847283028584,6212.8,-1.9575179498430648,,,,,,,,,0.10461483424755544,8386.0,-2.25746991859637,,,,,,,,,0.007675885662289029,114293.0,-4.869671596428468,,,,,,,,,0.007645715680122707,114744.0,-4.873609829839711,,,,,,,,,0.006411793080262523,136826.0,-5.049616315456957,,,,,,,,
2006-10,883.2,6.783551675522831,,,,0.0077206846512929,114394.0,-4.863852233477135,,,,,,,,,0.14211009026693913,6214.9,-1.9511532381879477,,,,,,,,,0.10538121942488964,8381.0,-2.2501708425760754,,,,,,,,,0.0077206846512929,114394.0,-4.863852233477135,,,,,,,,,0.007695055543454585,114775.0,-4.867177293594592,,,,,,,,,0.006454111646193083,136843.0,-5.043037886742602,,,,,,,,
2006-11,884.3,6.784796371581689,,,,0.007712366998081283,114660.0,-4.864930134880685,,,,,,,,,0.14225275078823757,6216.4,-1.9501498684597673,,,,,,,,,0.10538672387081396,8391.0,-2.25011861028838,,,,,,,,,0.007712366998081283,114660.0,-4.864930134880685,,,,,,,,,0.00769110343807892,114977.0,-4.8676910157610305,,,,,,,,,0.006451918867649204,137060.0,-5.043377693558125,,,,,,,,
2006-12,885.0,6.785587645007929,,,,0.007705635997945164,114851.0,-4.865803270080551,,,,,,,,,0.14233787956767885,6217.6,-1.9495516141751914,,,,,,,,,0.10547014658562746,8391.0,-2.24932733686214,,,,,,,,,0.007705635997945164,114851.0,-4.865803270080551,,,,,,,,,0.007684893323260479,115161.0,-4.868498783251165,,,,,,,,,0.006448134412636886,137249.0,-5.043964428362806,,,,,,,,
2007-01,887.5,6.788408521349571,,,,0.0077148420521914495,115038.0,-4.864609266196876,,,,,,,,,0.14280886943648827,6214.6,-1.9462481201056774,,,,,,,,,0.10580591320934668,8388.0,-2.24614887067224,,,,,,,,,0.0077148420521914495,115038.0,-4.864609266196876,,,,,,,,,0.007692174350173778,115377.0,-4.867551785083235,,,,,,,,,0.006455860102420856,137472.0,-5.042767017638856,,,,,,,,
2007-02,889.2,6.7903221820900415,,,,0.007716673464605879,115231.0,-4.864371906175945,,,,,,,,,0.14298348582546755,6218.9,-1.9450261391289791,,,,,,,,,0.10594543071607292,8393.0,-2.244831121992786,,,,,,,,,0.007716673464605879,115231.0,-4.864371906175945,,,,,,,,,0.0077034367446655524,115429.0,-4.866088719222272,,,,,,,,,0.006464088397790056,137560.0,-5.041493282456161,,,,,,,,
2007-03,891.1,6.792456654618674,,,,0.007721837088388215,115400.0,-4.863702978437462,,,,,,,,,0.14350129635892234,6209.7,-1.9414112099631804,,,,,,,,,0.10629846117141835,8383.0,-2.241504470019183,,,,,,,,,0.007721837088388215,115400.0,-4.863702978437462,,,,,,,,,0.007706144333463052,115635.0,-4.865737302942798,,,,,,,,,0.006467369215583813,137784.0,-5.040985865896908,,,,,,,,
2007-04,891.5,6.792905437303195,,,,0.007718481065262939,115502.0,-4.864137687508186,,,,,,,,,0.14404123311575,6189.2,-1.9376556793123225,,,,,,,,,0.10658775705404112,8364.0,-2.2387866232453293,,,,,,,,,0.007718481065262939,115502.0,-4.864137687508186,,,,,,,,,0.007707137423058303,115672.0,-4.865608441404767,,,,,,,,,0.006467315211792785,137847.0,-5.040994216126299,,,,,,,,
2007-05,896.8,6.79883287175795,,,,0.0077526885438638955,115676.0,-4.859715586890192,,,,,,,,,0.14472919759860564,6196.4,-1.9328908854742577,,,,,,,,,0.10714456391875746,8370.0,-2.233576291725571,,,,,,,,,0.0077526885438638955,115676.0,-4.859715586890192,,,,,,,,,0.007744453751759514,115799.0,-4.860778336747211,,,,,,,,,0.006498927474056467,137992.0,-5.036118119686515,,,,,,,,
2007-06,899.4,6.801727874336607,,,,0.007769858753401581,115755.0,-4.857503293223206,,,,,,,,,0.1451347426173955,6197.0,-1.9300927086255004,,,,,,,,,0.10746803680248536,8369.0,-2.230561807696267,,,,,,,,,0.007769858753401581,115755.0,-4.857503293223206,,,,,,,,,0.007762616193262732,115863.0,-4.858435863298306,,,,,,,,,0.0065140870572897806,138070.0,-5.033788207573591,,,,,,,,
2007-07,901.2,6.803727208558089,,,,0.007784063917080544,115775.0,-4.8556767227908635,,,,,,,,,0.1453735965931088,6199.2,-1.9284483218916508,,,,,,,,,0.10767025089605735,8370.0,-2.2286819549254315,,,,,,,,,0.007784063917080544,115775.0,-4.8556767227908635,,,,,,,,,0.007777480517463085,115873.0,-4.8565228341826865,,,,,,,,,0.006528353278664774,138044.0,-5.031600545342107,,,,,,,,
2007-08,904.8,6.80771392480191,,,,0.007809829613133771,115854.0,-4.852372131868683,,,,,,,,,0.14654767496477217,6174.1,-1.9204044770839972,,,,,,,,,0.10846319827379525,8342.0,-2.22134434995498,,,,,,,,,0.007809829613133771,115854.0,-4.852372131868683,,,,,,,,,0.007814348761087168,115787.0,-4.851793650495624,,,,,,,,,0.006555904153956511,138013.0,-5.027389237799167,,,,,,,,
2007-09,908.2,6.811464618663851,,,,0.007828635462460133,116010.0,-4.849967054605601,,,,,,,,,0.1476363872813577,6151.6,-1.9130028709019178,,,,,,,,,0.10919802813514488,8317.0,-2.2145922732048366,,,,,,,,,0.007828635462460133,116010.0,-4.849967054605601,,,,,,,,,0.007841478155758936,115820.0,-4.84832792211593,,,,,,,,,0.006576441538316716,138099.0,-5.024261479577699,,,,,,,,
2007-10,907.8,6.811024090022365,,,,0.007817438105489774,116125.0,-4.851398386093774,,,,,,,,,0.1478549789895436,6139.8,-1.9115233572983996,,,,,,,,,0.1093208092485549,8304.0,-2.2134685153833047,,,,,,,,,0.007817438105489774,116125.0,-4.851398386093774,,,,,,,,,0.00783410138248848,115878.0,-4.8492691024782895,,,,,,,,,0.006569929437307762,138175.0,-5.025252186679099,,,,,,,,
2007-11,909.4,6.81278504139091,,,,0.00782064291979842,116282.0,-4.850988512996388,,,,,,,,,0.14831365385869918,6131.6,-1.9084259649010422,,,,,,,,,0.1096984318455971,8290.0,-2.2100202067384305,,,,,,,,,0.00782064291979842,116282.0,-4.850988512996388,,,,,,,,,0.007842629963089447,115956.0,-4.848181046396399,,,,,,,,,0.006576035866657025,138290.0,-5.024323167067794,,,,,,,,
2007-12,908.6,6.811904953325303,,,,0.007804031710857447,116427.0,-4.853114792818784,,,,,,,,,0.1483234842796043,6125.8,-1.9083596858034861,,,,,,,,,0.10973429951690822,8280.0,-2.2096932940540026,,,,,,,,,0.007804031710857447,116427.0,-4.853114792818784,,,,,,,,,0.007831475878950861,116019.0,-4.849604296454022,,,,,,,,,0.006565266086202537,138395.0,-5.025962241020172,,,,,,,,
2008-01,911.3,6.814872151502081,,,,0.0078255418541545,116452.0,-4.850362298416035,,,,,,,,,0.1489271298066709,6119.1,-1.9042981543665525,,,,,,,,,0.11011358144030932,8276.0,-2.2062428873633526,,,,,,,,,0.0078255418541545,116452.0,-4.850362298416035,,,,,,,,,0.007855831314707377,116003.0,-4.8464991803209685,,,,,,,,,0.006584965785347313,138391.0,-5.02296613964742,,,,,,,,
2008-02,916.3,6.820343821971168,,,,0.00786935648708766,116439.0,-4.844778987737464,,,,,,,,,0.1497320086280149,6119.6,-1.8989081919220565,,,,,,,,,0.11078466932656268,8271.0,-2.200166877720739,,,,,,,,,0.00786935648708766,116439.0,-4.844778987737464,,,,,,,,,0.007905134929946855,115912.0,-4.8402427395293905,,,,,,,,,0.0066240629224529925,138329.0,-5.017046362781706,,,,,,,,
2008-03,919.9,6.824264968483112,,,,0.007899595531090863,116449.0,-4.8409437194159475,,,,,,,,,0.1503423929919754,6118.7,-1.8948399661586441,,,,,,,,,0.11123337363966142,8270.0,-2.1961248195346257,,,,,,,,,0.007899595531090863,116449.0,-4.8409437194159475,,,,,,,,,0.007942771292394834,115816.0,-4.835493035350768,,,,,,,,,0.006653454747973007,138259.0,-5.012619048240096,,,,,,,,
2008-04,923.6,6.828279077480341,,,,0.007936821662126512,116369.0,-4.836242378304805,,,,,,,,,0.15099398378236986,6116.8,-1.8905152854618081,,,,,,,,,0.11181598062953996,8260.0,-2.1909007890346834,,,,,,,,,0.007936821662126512,116369.0,-4.836242378304805,,,,,,,,,0.007990310580500043,115590.0,-4.829525648807973,,,,,,,,,0.006690814256737178,138040.0,-5.007019699731599,,,,,,,,
2008-05,921.1,6.82556860799419,,,,0.007922895628687919,116258.0,-4.837998530291919,,,,,,,,,0.15084421007811605,6106.3,-1.8915076960950061,,,,,,,,,0.11166201963874409,8249.0,-2.192278651866542,,,,,,,,,0.007922895628687919,116258.0,-4.837998530291919,,,,,,,,,0.00798401636502323,115368.0,-4.830313690247716,,,,,,,,,0.006681852144706966,137851.0,-5.00836006269332,,,,,,,,
2008-06,923.9,6.828603840676699,,,,0.007949236394923639,116225.0,-4.834679405882086,,,,,,,,,0.1515932136645555,6094.6,-1.886554571521513,,,,,,,,,0.11215100752609856,8238.0,-2.187909034319327,,,,,,,,,0.007949236394923639,116225.0,-4.834679405882086,,,,,,,,,0.008021148954272765,115183.0,-4.825673606233342,,,,,,,,,0.006709513435003631,137700.0,-5.004228844040047,,,,,,,,
2008-07,918.6,6.8228507718916935,,,,0.007908874883768985,116148.0,-4.839769747045396,,,,,,,,,0.15099860277800609,6083.5,-1.8904846953358108,,,,,,,,,0.11177902165977123,8218.0,-2.191231377551662,,,,,,,,,0.007908874883768985,116148.0,-4.839769747045396,,,,,,,,,0.007992760747940033,114929.0,-4.829219053484854,,,,,,,,,0.0066808730372299036,137497.0,-5.008506605777232,,,,,,,,
2008-08,923.6,6.828279077480341,,,,0.007964197328596436,115969.0,-4.83279911551351,,,,,,,,,0.1520104017511809,6075.9,-1.8838063279037038,,,,,,,,,0.11256550883607556,8205.0,-2.184219926043851,,,,,,,,,0.007964197328596436,115969.0,-4.83279911551351,,,,,,,,,0.008056243676075504,114644.0,-4.8213078762483175,,,,,,,,,0.0067312387490798846,137211.0,-5.000996088506858,,,,,,,,
2008-09,914.3,6.818158745170381,,,,0.007904724851943112,115665.0,-4.8402946157647895,,,,,,,,,0.15101413847780126,6054.4,-1.8903818142471236,,,,,,,,,0.11189572879696487,8171.0,-2.190187834214327,,,,,,,,,0.007904724851943112,115665.0,-4.8402946157647895,,,,,,,,,0.008004517478966583,114223.0,-4.827749211805985,,,,,,,,,0.006685434337525592,136760.0,-5.007824098582857,,,,,,,,
2008-10,908.6,6.811904953325303,,,,0.0078731424115073,115405.0,-4.844298006348548,,,,,,,,,0.1505800464037123,6034.0,-1.8932604663937034,,,,,,,,,0.1116627749784933,8137.0,-2.1922718873713545,,,,,,,,,0.0078731424115073,115405.0,-4.844298006348548,,,,,,,,,0.007988254118971005,113742.0,-4.829783051344317,,,,,,,,,0.0066666177517224175,136291.0,-5.010642631364811,,,,,,,,
2008-11,907.5,6.810693566139006,,,,0.007896385500234934,114926.0,-4.841350155824519,,,,,,,,,0.15104608778149498,6008.1,-1.8901702716404818,,,,,,,,,0.11206470733514448,8098.0,-2.1886788304531004,,,,,,,,,0.007896385500234934,114926.0,-4.841350155824519,,,,,,,,,0.008032324019082855,112981.0,-4.824281375825169,,,,,,,,,0.006695391062482939,135541.0,-5.006335890419706,,,,,,,,
2008-12,906.9,6.810032190453522,,,,0.007918172769657918,114534.0,-4.838594810675435,,,,,,,,,0.15150603919210145,5985.9,-1.8871297921730728,,,,,,,,,0.1124209743399033,8067.0,-2.1855047544834525,,,,,,,,,0.007918172769657918,114534.0,-4.838594810675435,,,,,,,,,0.00807633737343153,112291.0,-4.8188168045859205,,,,,,,,,0.006725399897661795,134847.0,-5.001863890925842,,,,,,,,
2009-01,894.2,6.79592946379988,,,,0.007830122591943958,114200.0,-4.849777112404166,,,,,,,,,0.15011163524652085,5956.9,-1.8963760267145955,,,,,,,,,0.11152407084060864,8018.0,-2.193514829402572,,,,,,,,,0.007830122591943958,114200.0,-4.849777112404166,,,,,,,,,0.008019730941704037,111500.0,-4.82585040608243,,,,,,,,,0.006669202485102067,134079.0,-5.010254993654327,,,,,,,,
2009-02,884.3,6.784796371581689,,,,0.007773860909162835,113753.0,-4.856988338510103,,,,,,,,,0.14917341430499326,5928.0,-1.9026457953942333,,,,,,,,,0.11095357590966122,7970.0,-2.198643400202571,,,,,,,,,0.007773860909162835,113753.0,-4.856988338510103,,,,,,,,,0.007985226923841,110742.0,-4.830162078953657,,,,,,,,,0.006633012796471594,133318.0,-5.015696159227313,,,,,,,,
2009-03,877.3,6.776849009134338,,,,0.007744526836158192,113280.0,-4.860768899793208,,,,,,,,,0.14856397751134592,5905.2,-1.9067395885255947,,,,,,,,,0.11064446966830621,7929.0,-2.201433194138061,,,,,,,,,0.007744526836158192,113280.0,-4.860768899793208,,,,,,,,,0.007980242691069186,109934.0,-4.830786455568183,,,,,,,,,0.006621431913897987,132494.0,-5.017443631229901,,,,,,,,
2009-04,866.6,6.764577509305809,,,,0.007673032822447119,112941.0,-4.870043328140718,,,,,,,,,0.14764208804688564,5869.6,-1.9129642580939756,,,,,,,,,0.1100723993395148,7873.0,-2.206616953878658,,,,,,,,,0.007673032822447119,112941.0,-4.870043328140718,,,,,,,,,0.007939896468001284,109145.0,-4.8358550431026535,,,,,,,,,0.0065740164767641215,131822.0,-5.024630297390327,,,,,,,,
2009-05,862.2,6.759487262313034,,,,0.007642126535604758,112822.0,-4.874079372177111,,,,,,,,,0.147331727072333,5852.1,-1.9150685878559626,,,,,,,,,0.10994644223412395,7842.0,-2.2077619205392427,,,,,,,,,0.007642126535604758,112822.0,-4.874079372177111,,,,,,,,,0.007921064961552243,108849.0,-4.838229617352934,,,,,,,,,0.00655834968737164,131466.0,-5.027016279722701,,,,,,,,
2009-06,856.8,6.753204519133539,,,,0.007609303812644872,112599.0,-4.878383594520081,,,,,,,,,0.14681540122346168,5835.9,-1.918579255338342,,,,,,,,,0.10956521739130434,7820.0,-2.2112353144058177,,,,,,,,,0.007609303812644872,112599.0,-4.878383594520081,,,,,,,,,0.007901726427622841,108432.0,-4.840674008242355,,,,,,,,,0.006540058622374206,131008.0,-5.029809149887423,,,,,,,,
2009-07,850.9,6.746294612855512,,,,0.007570419402480471,112398.0,-4.8835068098336025,,,,,,,,,0.14614499424626007,5822.3,-1.9231560388068007,,,,,,,,,0.10901985906470212,7805.0,-2.216225220094021,,,,,,,,,0.007570419402480471,112398.0,-4.8835068098336025,,,,,,,,,0.007868431029859166,108141.0,-4.844896597309783,,,,,,,,,0.0065122223752889135,130662.0,-5.034074502325494,,,,,,,,
2009-08,849.6,6.7447656504876745,,,,0.007563025210084034,112336.0,-4.8844840087693555,,,,,,,,,0.14639189468605693,5803.6,-1.9214680431538558,,,,,,,,,0.10920308483290489,7780.0,-2.2145459666847627,,,,,,,,,0.007563025210084034,112336.0,-4.8844840087693555,,,,,,,,,0.007871404085792375,107935.0,-4.844518822581303,,,,,,,,,0.006511741982954197,130472.0,-5.034148272849079,,,,,,,,
2009-09,850.4,6.745706827027738,,,,0.007578512102092467,112212.0,-4.882438391195709,,,,,,,,,0.14674972820928747,5794.9,-1.9190266723418306,,,,,,,,,0.10946067704981335,7769.0,-2.2121899079226828,,,,,,,,,0.007578512102092467,112212.0,-4.882438391195709,,,,,,,,,0.007889048657173338,107795.0,-4.842279727164369,,,,,,,,,0.006529183237872948,130246.0,-5.031473421943564,,,,,,,,
2009-10,849.3,6.744412480785964,,,,0.007572420802981534,112157.0,-4.883242473621166,,,,,,,,,0.14686149057582568,5783.0,-1.9182653773722549,,,,,,,,,0.10958709677419354,7750.0,-2.211035641561429,,,,,,,,,0.007572420802981534,112157.0,-4.883242473621166,,,,,,,,,0.007897746822024047,107537.0,-4.841177772591973,,,,,,,,,0.006530012840128862,130061.0,-5.031346369366656,,,,,,,,
2009-11,849.4,6.744530217879171,,,,0.0075704774552357865,112199.0,-4.883499141495872,,,,,,,,,0.1467899421066275,5786.5,-1.9187526794089618,,,,,,,,,0.10952933591231463,7755.0,-2.2115628577314683,,,,,,,,,0.0075704774552357865,112199.0,-4.883499141495872,,,,,,,,,0.00789963171012983,107524.0,-4.840939139566767,,,,,,,,,0.006530982569181205,130057.0,-5.031197877000839,,,,,,,,
2009-12,853.2,6.7489939865971955,,,,0.0076160891221680686,112026.0,-4.877492279596195,,,,,,,,,0.14748742415599234,5784.9,-1.9140123667964735,,,,,,,,,0.11017561983471075,7744.0,-2.2056796423592173,,,,,,,,,0.0076160891221680686,112026.0,-4.877492279596195,,,,,,,,,0.007949611464137302,107326.0,-4.834632223945753,,,,,,,,,0.0065727844200665604,129808.0,-5.02481772803765,,,,,,,,
2010-01,849.7,6.7448833460094955,6.727192184351696,834.8000076372934,0.01769116165779927,0.007579230927044217,112109.0,-4.882343545287462,-4.8934887401730816,0.007495227905837414,0.011145194885619603,0.007495744174848539,0.01113788707941929,-4.8843681620633745,0.756390141239347,0.002024616775912591,0.1470654412655555,5777.7,-1.9168776125887803,-1.913071222191462,0.1476262964887666,-0.0038063903973182267,0.1476276748293546,-0.003808456405270771,-1.9130938760821052,14.762295221667044,-0.0037837365066750728,0.10987973619552567,7733.0,-2.20836881859954,-2.198881796189985,0.11092712817501732,-0.00948702240955468,0.11092974446581387,-0.009465525007242664,-2.200612397799227,11.073532352507794,-0.007756420800312913,0.007579230927044217,112109.0,-4.882343545287462,-4.8934887401730816,0.007495227905837414,0.011145194885619603,0.007495744174848539,0.01113788707941929,-4.8843681620633745,0.756390141239347,0.002024616775912591,0.007918107183792902,107311.0,-4.838603093664269,-4.853575377306054,0.0078004381225523015,0.014972283641784934,0.007800824464318668,0.015034656914879966,-4.840631008245889,0.7902066209136552,0.002027914581620216,0.00654612409670113,129802.0,-5.028882145444417,-5.040063994265337,0.0064733340487773796,0.011181848820919882,0.006473789986718294,0.01117337913822321,-5.03069599353193,0.6534261184040885,0.0018138480875133922
2010-02,848.2,6.7431164570404905,6.72844851323266,835.8494500811094,0.01466794380783032,0.007566931030483616,112093.0,-4.883967705823829,-4.893620165579506,0.007494242907191987,0.009652459755677079,0.007494759529944548,0.009629595219261522,-4.884892432413713,0.7559936922473137,0.0009247265898837398,0.1469024402916573,5773.9,-1.917986584016134,-1.912908940599396,0.1476502554631893,-0.005077643416738109,0.14765183338133167,-0.005075406600194072,-1.9129732037303833,14.764076730035496,-0.005013380285750824,0.10978514108206058,7726.0,-2.209230086185736,-2.1988970845104214,0.11092543229850028,-0.010333001675314701,0.11092806105646175,-0.010303253870266635,-2.200586190210482,11.073822566892536,-0.008643895975254168,0.007566931030483616,112093.0,-4.883967705823829,-4.893620165579506,0.007494242907191987,0.009652459755677079,0.007494759529944548,0.009629595219261522,-4.884892432413713,0.7559936922473137,0.0009247265898837398,0.007910099785507788,107230.0,-4.839614882173701,-4.853963879917004,0.007797408220575658,0.014348997743303116,0.007797840579110872,0.01439619151712835,-4.841577267922275,0.7894592339191278,0.0019623857485733254,0.00653940449940635,129706.0,-5.029909172795444,-5.04021747833537,0.006472340571364319,0.01030830553992601,0.006472798441045844,0.010290148684089733,-5.031257759245849,0.6530591490992272,0.0013485864504056977
2010-03,845.9,6.740401149309969,6.729704842113624,836.9002117983233,0.010696307196345067,0.007538610984858612,112209.0,-4.8877173334475446,-4.89375159098593,0.007493258037991901,0.006034257538385823,0.007493774885040556,0.005983112717671738,-4.885416687142009,0.755597462851233,-0.002300646305535281,0.14675317916066688,5764.1,-1.9190031567221013,-1.9127466590073299,0.147674218326028,-0.006256497714771436,0.14767599193330877,-0.006248901805641075,-1.91285256057416,14.765858022299131,-0.006150596147941334,0.10972888831236217,7709.0,-2.2097426071492934,-2.1989123728308577,0.11092373644791016,-0.010830234318435661,0.11092637764710962,-0.01079535237828665,-2.200560042470663,11.07411212610946,-0.009182564678630545,0.007538610984858612,112209.0,-4.8877173334475446,-4.89375159098593,0.007493258037991901,0.006034257538385823,0.007493774885040556,0.005983112717671738,-4.885416687142009,0.755597462851233,-0.002300646305535281,0.007879979133286134,107348.0,-4.843430023175991,-4.854352382527955,0.007794379495495216,0.010922359351964062,0.0077948566939030775,0.010920334103080721,-4.8425235119511685,0.7887125661536466,-0.0009065112248221041,0.00651363713366085,129866.0,-5.033857279289037,-5.040370962405403,0.006471347246422513,0.006513683116366131,0.0064718068953733944,0.006463455873097704,-5.031819510964024,0.6526923950221624,-0.002037768325013012
2010-04,851.3,6.7467645928900115,6.730961170994588,837.9522944474184,0.015803421895423497,0.007573506516614029,112405.0,-4.883099106548098,-4.893883016392355,0.007492273298220145,0.010783909844256812,0.007492790240136565,0.010772525840252643,-4.885940903490987,0.7552014701099633,0.0028417969428886636,0.14770026198448913,5763.7,-1.9125703156854477,-1.9125843774152635,0.14769818507791385,1.406172981588405e-05,0.14770015048528584,7.549024352416619e-07,-1.912732014492424,14.76763809591548,0.00016169880697636252,0.11040072623524834,7711.0,-2.2036385669429492,-2.1989276611512936,0.11092204062324659,-0.004710905791655673,0.11092469423775751,-0.00472363711353662,-2.2005340811254235,11.074399628689546,-0.0031044858175257595,0.007573506516614029,112405.0,-4.883099106548098,-4.893883016392355,0.007492273298220145,0.010783909844256812,0.007492790240136565,0.010772525840252643,-4.885940903490987,0.7552014701099633,0.0028417969428886636,0.007915314594936355,107551.0,-4.838955839763568,-4.854740885138905,0.007791351946853834,0.015785045375336537,0.007791872808695282,0.01584237695760631,-4.843469709543214,0.7879666411745969,0.0045138697796458516,0.006542422379342145,130120.0,-5.0294477876972765,-5.040524446475436,0.006470354073928563,0.01107665877815922,0.006470815349700945,0.011066152528136955,-5.032381224284949,0.6523258719594924,0.002933436587672311
2010-05,851.1,6.746529630482915,6.732217499875552,839.0056996889623,0.014312130607363471,0.007537528229198955,112915.0,-4.8878609717684895,-4.894014441798778,0.007491288687859716,0.006153470030288766,0.007491805595232575,0.006103019276885098,-4.886465076455267,0.7548057176471789,-0.0013958953132222618,0.14778350783976663,5759.1,-1.9120068609987186,-1.9124220958231974,0.1477221557194779,0.0004152348244788051,0.14772430903726294,0.0004007383949838089,-1.9126116808224671,14.769415246927567,0.0006048198237484925,0.11056118472330476,7698.0,-2.202186203360776,-2.19894294947173,0.11092034482450908,-0.003243253889046116,0.11092301082840539,-0.0032619571214161005,-2.2005085035735403,11.074682888343153,-0.0016776997872356425,0.007537528229198955,112915.0,-4.8878609717684895,-4.894014441798778,0.007491288687859716,0.006153470030288766,0.007491805595232575,0.006103019276885098,-4.886465076455267,0.7548057176471789,-0.0013958953132222618,0.00790647121119224,107646.0,-4.840073714164524,-4.855129387749854,0.007788325574194561,0.015055673585329998,0.007788888923487487,0.01509615669960103,-4.84441583690374,0.7872214769419211,0.004342122739215526,0.006514750233462439,130642.0,-5.033686406291031,-5.040677930545469,0.0064693610538590724,0.006991524254437387,0.006469823804028494,0.006943995817315917,-5.0329428905306415,0.6519595854110453,-0.0007435157603898901
2010-06,851.5,6.746999500102743,6.733473828756516,840.0604291856102,0.013525671346227064,0.0075512357776930375,112763.0,-4.886044049950536,-4.894145867205203,0.007490304206893594,0.008101817254666521,0.007490820950328584,0.008065181074953303,-4.886989179102029,0.7544102256210309,0.0009451291514928073,0.14799944380714014,5753.4,-1.9105467632849473,-1.9122598142311311,0.1477461302513515,0.0017130509461837917,0.14774846758924004,0.0016986722231045214,-1.912491673653905,14.771187788989417,0.0019449103689577196,0.11075702393340271,7688.0,-2.2004164505473853,-2.1989582377921657,0.11091864905169735,-0.0014582127552196233,0.11092132741905326,-0.001481261444247098,-2.200483531168156,11.074959453266976,6.708062077054322e-05,0.0075512357776930375,112763.0,-4.886044049950536,-4.894145867205203,0.007490304206893594,0.008101817254666521,0.007490820950328584,0.008065181074953303,-4.886989179102029,0.7544102256210309,0.0009451291514928073,0.00790108564535585,107770.0,-4.840755105488134,-4.8555178903608045,0.0077853003770606,0.014762784872670132,0.007785905038279691,0.014793476995913756,-4.8453618354088315,0.7864771187379432,0.004606729920697106,0.006524404260209946,130510.0,-5.03220563105883,-5.040831414615502,0.0064683681861906475,0.00862578355667143,0.006468832258356045,0.008590731624261308,-5.0335044783885765,0.6515935556125793,0.0012988473297461667
2010-07,850.8,6.746177083326082,6.73473015763748,841.1164846021077,0.011446925688602505,0.007552462450733231,112652.0,-4.885881616482343,-4.894277292611627,0.007489319855304781,0.008395676129284269,0.0074898363054245925,0.008361483850225306,-4.887513195269248,0.7540150060258625,0.00163157878690523,0.1479317719472119,5751.3,-1.9110041118680314,-1.912097532639065,0.14777010867416598,0.001093420771033582,0.1477726261412171,0.0010769640504508077,-1.9123721024095346,14.772954103892308,0.0013679905415031612,0.11083897863470557,7676.0,-2.1996767738015084,-2.198973526112602,0.11091695330481087,-0.0007032476889063943,0.11091964400970115,-0.000727241560462714,-2.2004593982076277,11.075226728051366,0.0007826244061193144,0.007552462450733231,112652.0,-4.885881616482343,-4.894277292611627,0.007489319855304781,0.008395676129284269,0.0074898363054245925,0.008361483850225306,-4.887513195269248,0.7540150060258625,0.00163157878690523,0.007889026945830165,107846.0,-4.8422824792545125,-4.855906392971755,0.007782276354995349,0.013623913717242253,0.007782921153071896,0.013633157868545112,-4.846307612930545,0.7857336379968055,0.004025133676032411,0.0065237894413986116,130415.0,-5.032299869207933,-5.040984898685535,0.006467375470899899,0.008685029477601525,0.006467840712683595,0.008650294773849262,-5.034065962283235,0.651227799018067,0.0017660930753020665
2010-08,848.6,6.743587932768224,6.735986486518444,842.173867605293,0.00760144624978043,0.007533936450722232,112637.0,-4.888337604746239,-4.8944087180180516,0.007488335633076275,0.006071113271812756,0.007488851660520601,0.006020254138469136,-4.8880371015022375,0.7536200763265368,-0.00030050324400132666,0.14759801022715416,5749.4,-1.9132628477524714,-1.911935251046999,0.14779409098855287,-0.0013275967054724447,0.1477967846931942,-0.0013449173908125335,-1.912253061505129,14.774712794385552,-0.0010097862473423813,0.11058118321605422,7674.0,-2.2020053380386733,-2.1989888144330383,0.11091525758384933,-0.00301652360563498,0.11091796060034903,-0.0030362745805277173,-2.200436338472716,11.07548212278846,-0.001568999565957352,0.007533936450722232,112637.0,-4.888337604746239,-4.8944087180180516,0.007488335633076275,0.006071113271812756,0.007488851660520601,0.006020254138469136,-4.8880371015022375,0.7536200763265368,-0.00030050324400132666,0.007857771193110792,107995.0,-4.846252275970129,-4.856294895582705,0.007779253507542382,0.010042619612575798,0.0077799372678641005,0.010004441239930523,-4.847253041795179,0.7849911337832934,0.0010007658250499318,0.006506920216232796,130415.0,-5.0348890197657905,-5.041138382755568,0.006466382907963442,0.006249362989777296,0.006466849167011146,0.006196379130977985,-5.034627306617129,0.6508623385671872,-0.0002617131486610802
2010-09,854.9,6.750984503032188,6.737242815399408,843.2325798640996,0.013741687632780497,0.007594453179827484,112569.0,-4.8803371429157405,-4.894540143424475,0.0074873515401910826,0.014203000508734576,0.00748786701561661,0.014234516183123824,-4.888560861756969,0.7532254634336849,0.008223718841228411,0.14842786950709239,5759.7,-1.9076561659680316,-1.9117729694549326,0.14781807719514375,0.004116803486901022,0.14782094324517128,0.004105820519048334,-1.9121346348009784,14.776462618537472,0.004478468832946891,0.11130061189949225,7681.0,-2.195520522966494,-2.199004102753474,0.11091356188881236,0.0034835797869803287,0.1109162771909969,0.0034650884273146366,-2.2004145797054124,11.075723114248571,0.0048940567389186285,0.007594453179827484,112569.0,-4.8803371429157405,-4.894540143424475,0.0074873515401910826,0.014203000508734576,0.00748786701561661,0.014234516183123824,-4.888560861756969,0.7532254634336849,0.008223718841228411,0.007908857105852313,108094.0,-4.839771994891886,-4.856683398193655,0.007776231834245447,0.016911403301769212,0.007776953382656306,0.016960847867517278,-4.848197963270905,0.7842497291424764,0.008425968379018656,0.006558949217820947,130341.0,-5.026924869066581,-5.041291866825601,0.006465390497357893,0.014366997759020173,0.006465857621338696,0.014397408964748747,-5.035188462165509,0.6504972060123299,0.008263593098928546
2010-10,849.9,6.745118695504581,6.738499144280372,844.2926230495594,0.006619551224209097,0.007532437606352808,112832.0,-4.8885365702529615,-4.8946715688308995,0.007486367576632192,0.006134998577937978,0.00748688237071262,0.006084673617738692,-4.889084442308111,0.7528311924557214,0.0005478720551490568,0.14751622869441455,5761.4,-1.9138170842076958,-1.9116106878628665,0.14784206729457022,-0.002206396344829331,0.14784510179714838,-0.002224443682855728,-1.9120169139489334,14.778202218698736,-0.0018001702587624457,0.11063525123665711,7682.0,-2.2015165134012697,-2.1990193910739104,0.11091186621969948,-0.0024971223273593246,0.1109145937816448,-0.0025185373309631154,-2.2003943617541863,11.07594704494199,-0.0011221516470834025,0.007532437606352808,112832.0,-4.8885365702529615,-4.8946715688308995,0.007486367576632192,0.006134998577937978,0.00748688237071262,0.006084673617738692,-4.889084442308111,0.7528311924557214,0.0005478720551490568,0.007845979154934778,108323.0,-4.847754087974398,-4.857071900804605,0.007773211334648476,0.00931781283020694,0.00777396949744851,0.009262919993434812,-4.849142210903933,0.7835095527019517,0.0013881229295353847,0.0065066605420303165,130620.0,-5.034928927952068,-5.041445350895634,0.006464398239059875,0.006516422943565914,0.006464866075666246,0.006464861897353836,-5.035749381723016,0.6501324317214552,0.0008204537709479709
2010-11,849.8,6.745001027680711,6.739755473161336,845.3539988348048,0.005245554519375695,0.007524615711553446,112936.0,-4.889575537883324,-4.894802994237324,0.0074853837423826146,0.005227456353999571,0.0074858977258086285,0.005172123259356284,-4.889607745975709,0.7524373361938284,3.2208092384244935e-05,0.14757315273074584,5758.5,-1.913431275428251,-1.9114484062708001,0.1478660612874642,-0.0019828691574508284,0.14786926034912548,-0.0020024961082548225,-1.9118999560447565,14.77993074733831,-0.0015313193834944894,0.11065104166666666,7680.0,-2.201373798461007,-2.1990346793943463,0.11091017057651037,-0.002339119066660622,0.11091291037229267,-0.002361029971596816,-2.200375886704723,11.076151675501771,-0.0009979117562837203,0.007524615711553446,112936.0,-4.889575537883324,-4.894802994237324,0.0074853837423826146,0.005227456353999571,0.0074858977258086285,0.005172123259356284,-4.889607745975709,0.7524373361938284,3.2208092384244935e-05,0.007835002120558352,108462.0,-4.849154132522198,-4.857460403415555,0.00777019200829556,0.008306270893356782,0.007770985612240714,0.008237887896330733,-4.850085553225285,0.7827707834926203,0.0009314207030870492,0.006499476095419467,130749.0,-5.036033706033654,-5.041598834965666,0.006463406133046018,0.005565128932011554,0.006463874529993797,0.005507774827693716,-5.036309954321998,0.6497680874247784,0.0002762482883431616
2010-12,852.0,6.747586526829315,6.7410118020422995,846.4167088950712,0.006574724787015818,0.007536488279522335,113050.0,-4.8879989508768,-4.894934419643748,0.0074844000374253575,0.006935468766948283,0.007484913080904637,0.006890554113350404,-4.8901306713524,0.7520439704757842,0.002131720475600396,0.14794748906022087,5758.8,-1.9108978718228844,-1.911286124678734,0.14789005917445747,0.00038825285584964675,0.14789341890110255,0.00036560219866494634,-1.9117838320744132,14.78164715123398,0.0008859602515287612,0.11087975013014055,7684.0,-2.1993089970591315,-2.1990499677147826,0.11090847495924455,-0.00025902934434895997,0.11091122696294055,-0.00028380204296644994,-2.2003593653012854,11.076334670583805,0.0010503682421538763,0.007536488279522335,113050.0,-4.8879989508768,-4.894934419643748,0.0074844000374253575,0.006935468766948283,0.007484913080904637,0.006890554113350404,-4.8901306713524,0.7520439704757842,0.002131720475600396,0.00784790538299989,108564.0,-4.847508612984426,-4.857848906026505,0.007767173854730984,0.01034029304207884,0.007768001727032919,0.010286256205235194,-4.851027748055155,0.7820336082433291,0.0035191350707286517,0.006512267828479706,130830.0,-5.034067522675606,-5.041752319035699,0.006462414179292939,0.007684796360092783,0.006462882984321347,0.007641302539155421,-5.036870062664138,0.6494042488025907,0.0028025399885320823
2011-01,854.4,6.750399468205931,6.7422681309232635,847.4807549077005,0.00813133728266724,0.007556581495927193,113067.0,-4.885336374134707,-4.895065845050173,0.007483416461743428,0.009729470915465832,0.007483928436000646,0.009707877426654316,-4.8906531167823015,0.7516511711573634,0.00531674264759463,0.14828184658104823,5762.0,-1.9086404474385434,-1.911123843086668,0.14791406095618204,0.002483395648124498,0.14791757745307965,0.0024626493635222556,-1.9116686248396038,14.783350202028203,0.003028177401060317,0.11125,7680.0,-2.1959753579357875,-2.199065256035219,0.11090677936790168,0.0030898980994313874,0.11090954355358844,0.003069676742895116,-2.200345015988071,11.076493609519591,0.004369658052283398,0.007556581495927193,113067.0,-4.885336374134707,-4.895065845050173,0.007483416461743428,0.009729470915465832,0.007483928436000646,0.009707877426654316,-4.8906531167823015,0.7516511711573634,0.00531674264759463,0.007868924930235128,108579.0,-4.844833829411875,-4.858237408637455,0.0077641568734992065,0.013403579225580664,0.007765017841825123,0.013381435886769537,-4.851968546026847,0.7812982185916864,0.007134716614972447,0.006530262846136796,130837.0,-5.031308084415561,-5.041905803105732,0.006461422377777275,0.01059771869017112,0.006461891438648898,0.010580711257228164,-5.037429587319576,0.6490409927488761,0.006121502904014697
2011-02,856.2,6.752503993710846,6.743524459804227,848.546138552143,0.008979533906618542,0.0075615335023094385,113231.0,-4.884681265139977,-4.895197270456596,0.007482433015319845,0.010516005316619115,0.007482943791096656,0.010502512568154015,-4.891174964161068,0.7512590262927323,0.006493699021090649,0.14873362748844804,5756.6,-1.9055983079187993,-1.9109615614946016,0.14793806663327008,0.0053632535758023625,0.14794173600505672,0.005352725368615714,-1.9115544103059157,14.78503877190565,0.005956102387116413,0.11152794060179759,7677.0,-2.193480131117053,-2.1990805443556547,0.1109050838024814,0.005600413238601831,0.11090786014423631,0.0055909514145783485,-2.2003330491045845,11.076626161421169,0.006852917987531626,0.0075615335023094385,113231.0,-4.884681265139977,-4.895197270456596,0.007482433015319845,0.010516005316619115,0.007482943791096656,0.010502512568154015,-4.891174964161068,0.7512590262927323,0.006493699021090649,0.007866448613586667,108842.0,-4.845148574614715,-4.858625911248406,0.007761141064144861,0.013477336633690662,0.0077620339566173285,0.013451971165408621,-4.852907670619847,0.7805648266472471,0.007759096005131916,0.0065330352442067195,131057.0,-5.030883628341394,-5.042059287175765,0.006460430728475664,0.011175658834370772,0.006460899892976448,0.011164907741209366,-5.03798838723391,0.6486784100127642,0.007104758892515939
2011-03,857.0,6.75343791859778,6.744780788685191,849.6128615099602,0.008657129912588601,0.007557785753970704,113393.0,-4.885177021377672,-4.895328695863021,0.00748144969813761,0.010151674485348927,0.007481959146192665,0.010134592597531734,-4.8916960543601045,0.7508676545560373,0.0065190329824327264,0.1488674263479711,5756.8,-1.9046991251584342,-1.9107992799025355,0.14796207620635368,0.006100154744101305,0.14796589455703382,0.0060928350660548565,-1.91144124107337,14.786712078078226,0.006742115914935898,0.11155948971621973,7682.0,-2.1931972903080705,-2.199095832676091,0.11090338826298322,0.005898542368020454,0.1109061767348842,0.0058906816605647,-2.200323641273834,11.076730368935564,0.007126350965763528,0.007557785753970704,113393.0,-4.885177021377672,-4.895328695863021,0.00748144969813761,0.010151674485348927,0.007481959146192665,0.010134592597531734,-4.8916960543601045,0.7508676545560373,0.0065190329824327264,0.00785582678681101,109091.0,-4.8464997566950645,-4.859014413859355,0.007758126426212766,0.012514657164290455,0.007759050071409533,0.012472753044612933,-4.853844790261814,0.7798336866526993,0.007345033566749315,0.006527882513349024,131283.0,-5.031672658824653,-5.042212771245798,0.006459439231364743,0.010540112421145054,0.006459908347303998,0.01052246601507815,-5.038546274118924,0.6483166217630697,0.006873615294271218
2011-04,858.5,6.7551866803375304,6.746037117566155,850.6809254648275,0.00914956277137513,0.007553494756106145,113656.0,-4.885744941214383,-4.895460121269445,0.007480466510179741,0.009715180055062334,0.007480974501288673,0.009693958294468053,-4.892216178145116,0.750477211977545,0.0064712369307331485,0.14920574229205047,5753.8,-1.9024291047409558,-1.9106369983104692,0.14798608967606525,0.008207893569513347,0.14799005310901092,0.00821466819897726,-1.9113291237844081,14.788370017089159,0.008900019043452279,0.11178385416666667,7680.0,-2.1911881458041877,-2.1991111209965273,0.1109016927494068,0.007922975192339532,0.11090449332553208,0.007928992007144805,-2.200316916241374,11.076804860557328,0.009128770437186073,0.007553494756106145,113656.0,-4.885744941214383,-4.895460121269445,0.007480466510179741,0.009715180055062334,0.007480974501288673,0.009693958294468053,-4.892216178145116,0.750477211977545,0.0064712369307331485,0.00784641678776745,109413.0,-4.847698311554483,-4.859402916470305,0.007755112959247895,0.011704604915822259,0.007756066186201738,0.011649024053772102,-4.85477951351084,0.7791050985425818,0.007081201956356864,0.006523704947681178,131597.0,-5.0323128209234,-5.042366255315831,0.006458447886421157,0.010053434392431448,0.006458916801631549,0.010030806718746363,-5.039103004865728,0.647955784420012,0.006790183942328554
2011-05,858.6,6.75530315579046,6.747293446447119,851.7503321025372,0.008009709343340887,0.007550587883531346,113713.0,-4.886129853384164,-4.8955915466758695,0.00747948345142926,0.009461693291705764,0.007479989856384682,0.009438251722547975,-4.892735075980625,0.7500878919940346,0.0066052225964616795,0.1488325330652291,5768.9,-1.9049335442894988,-1.910474716718403,0.14801010704303708,0.005541172428904284,0.148014211660988,0.005528667788437643,-1.9112180130589713,14.790013254898767,0.006284468769472529,0.11149201402415271,7701.0,-2.19380231374879,-2.199126409316963,0.11089999726175179,0.005324095568173259,0.11090280991617996,0.0053127969292939515,-2.200312942765481,11.076848874061852,0.006510629016691194,0.007550587883531346,113713.0,-4.886129853384164,-4.8955915466758695,0.00747948345142926,0.009461693291705764,0.007479989856384682,0.009438251722547975,-4.892735075980625,0.7500878919940346,0.0066052225964616795,0.00783580046361363,109574.0,-4.849052243285616,-4.8597914190812554,0.007752100662795421,0.010739175795639433,0.007753082300993942,0.010669068043955107,-4.855711392250374,0.7783794052469801,0.006659148964757833,0.006519213685337464,131703.0,-5.033001510724754,-5.042519739385864,0.006457456693621551,0.009518228661110406,0.006457925255959099,0.009490420986494167,-5.0396582833282775,0.647596088403207,0.0066567726035238195
2011-06,860.5,6.757513615651594,6.748549775328083,852.8210831110002,0.00896384032351083,0.007554541064922523,113905.0,-4.885606430976461,-4.895722972082293,0.007478500521869191,0.010116541105832155,0.007479005211480691,0.010099719321746166,-4.893252438398771,0.7496999250768158,0.0076460074223101415,0.14922655382907882,5766.4,-1.90228963232237,-1.910312435126337,0.14803412830790172,0.008022802803967055,0.1480383702129651,0.008026186821730253,-1.9111077948440143,14.79164347359716,0.008818162521644357,0.11189856957087126,7690.0,-2.190162446848096,-2.1991416976373994,0.11089830180001768,0.008979250789303617,0.11090112650682785,0.008993984961748793,-2.2003117191663892,11.076862427692367,0.010149272318293434,0.007554541064922523,113905.0,-4.885606430976461,-4.895722972082293,0.007478500521869191,0.010116541105832155,0.007479005211480691,0.010099719321746166,-4.893252438398771,0.7496999250768158,0.0076460074223101415,0.007839332404092304,109767.0,-4.848601600784751,-4.860179921692206,0.0077490895364006815,0.011578320907454476,0.007750098415786147,0.011513916794191456,-4.856639923724959,0.7776569909141658,0.008038322940207898,0.006522348803541245,131931.0,-5.032520721974657,-5.042673223455897,0.0064564656529425765,0.01015250148124025,0.00645693371028665,0.010130984177579712,-5.04021176096713,0.647237757622452,0.007691038992473587
2011-07,861.7,6.758907182245721,6.749806104209047,853.89318018025,0.00910107803667426,0.007564279255949507,113917.0,-4.8843182097836655,-4.895854397488717,0.007477517721482544,0.011536187705051937,0.007478020566576701,0.011534962842753236,-4.893767904965469,0.7493135794130735,0.009449695181803719,0.149400974391872,5767.7,-1.9011214842707393,-1.9101501535342706,0.14805815347129184,0.009028669263531297,0.14806252876494216,0.009039732321840153,-1.9109983065952207,14.793263073399817,0.009876822324481394,0.11202548101924077,7692.0,-2.1890289244629493,-2.1991569859578353,0.11089660636420419,0.010128061494885987,0.11089944309747572,0.010153684187352609,-2.200313193527997,11.076846096403708,0.01128426906504787,0.007564279255949507,113917.0,-4.8843182097836655,-4.895854397488717,0.007477517721482544,0.011536187705051937,0.007478020566576701,0.011534962842753236,-4.893767904965469,0.7493135794130735,0.009449695181803719,0.007837697716089246,109943.0,-4.848810146408055,-4.860568424303156,0.007746079579609198,0.011758277895101088,0.0077471145305783515,0.011692506307136322,-4.857564553796817,0.7769382781976759,0.00875440738876243,0.0065284259652100135,131992.0,-5.031589411425559,-5.04282670752593,0.006455474764360886,0.011237296100371275,0.0064559421646142,0.011227455071252963,-5.04076303787886,0.6468810487219994,0.009173626453301331
2011-08,864.0,6.761572768804055,6.751062433090011,854.9666250024444,0.010510335714044139,0.007577617961761094,114020.0,-4.882556381781518,-4.895985822895142,0.0074765350502523495,0.013429441113624208,0.0074770359216727094,0.013452127439543379,-4.8942810562496675,0.748929166826872,0.011724674468149843,0.14971668197334906,5770.9,-1.8990105577373715,-1.9099878719422045,0.14808218253384006,0.010977314204833055,0.14808668731691926,0.011007030314220314,-1.910889317726898,14.794875462265612,0.011878759989526477,0.11225152656879303,7697.0,-2.1870131527302616,-2.1991722742782716,0.11089491095431081,0.01215912154800991,0.1108977596881236,0.01220734201012369,-2.2003172356219185,11.076801322841924,0.013304082891656854,0.007577617961761094,114020.0,-4.882556381781518,-4.895985822895142,0.0074765350502523495,0.013429441113624208,0.0074770359216727094,0.013452127439543379,-4.8942810562496675,0.748929166826872,0.011724674468149843,0.007846841283103862,110108.0,-4.847644212484092,-4.860956926914105,0.00774307079196667,0.013312714430012917,0.007744130645370556,0.013263030085204788,-4.858484666304077,0.7762237363503944,0.01084045381998422,0.006539262062440871,132125.0,-5.029930954368483,-5.042980191595963,0.006454484027853137,0.01304923722747997,0.00645495061894175,0.013061516419926183,-5.0413116548156065,0.646526256154115,0.01138070044712336
2011-09,863.5,6.760993897586733,6.752318761970975,856.0414192718682,0.008675135615757945,0.00756156082524782,114196.0,-4.884677651734177,-4.896117248301566,0.007475552508161635,0.011439596567389465,0.007476051276768718,0.011437795878262139,-4.894791399905998,0.7485470530904954,0.01011374817182098,0.1496248548803521,5771.1,-1.8996240849935122,-1.9098255903501382,0.14810621549617925,0.010201505356626006,0.14811084586889636,0.010222134662547906,-1.9107805214433042,14.796485177296056,0.011156436449792029,0.11221572449642625,7695.0,-2.1873321486862465,-2.199187562598708,0.1108932155703372,0.011855413912461366,0.11089607627877149,0.011899863926090758,-2.20032362814979,11.076730514307062,0.01299147946354351,0.00756156082524782,114196.0,-4.884677651734177,-4.896117248301566,0.007475552508161635,0.011439596567389465,0.007476051276768718,0.011437795878262139,-4.894791399905998,0.7485470530904954,0.01011374817182098,0.007824321997807197,110361.0,-4.850518191957514,-4.8613454295250556,0.007740063173018954,0.010827237567541559,0.007741146760162761,0.010744562817549144,-4.8593995775354255,0.775513885310828,0.008881385577911516,0.006524662999455963,132344.0,-5.032165974700119,-5.043133675665996,0.006453493443395991,0.010967700965877292,0.006453959073269301,0.01095512465821178,-5.041857081745355,0.6461737194734586,0.009691107045235903
2011-10,862.8,6.760182914515001,6.753575090851939,857.1175646849365,0.006607823663062007,0.007543078954040373,114383.0,-4.88712483097195,-4.896248673707991,0.0074745700951934285,0.009123842736040721,0.007475066631864727,0.009098557313953912,-4.895298353120927,0.7481676709280343,0.008173522148976708,0.14938966323262054,5775.5,-1.9011971972137338,-1.909663308758072,0.14813025235894228,0.008466111544338295,0.14813500442087343,0.008469698412283668,-1.9106715192915995,14.798098113923233,0.009474322077865693,0.11193565127140633,7708.0,-2.1898311150192558,-2.1992028509191437,0.11089152021228303,0.009371735899887934,0.11089439286941936,0.009389639773879875,-2.200332051158288,11.076637215304743,0.010500936139032024,0.007543078954040373,114383.0,-4.88712483097195,-4.896248673707991,0.0074745700951934285,0.009123842736040721,0.007475066631864727,0.009098557313953912,-4.895298353120927,0.7481676709280343,0.008173522148976708,0.007804260322916195,110555.0,-4.853085499151255,-4.861733932136006,0.007737056722312106,0.008648432984751153,0.007738162874954965,0.008541749382810016,-4.860308520134077,0.7748093079633147,0.007223020982822348,0.00650909447541738,132553.0,-5.03455492991474,-5.043287159736028,0.006452503010966117,0.008732229821288406,0.006452967527596851,0.00869785065250917,-5.042398700822044,0.6458238342209532,0.007843770907304481
2011-11,862.9,6.7602988095142615,6.754831419732903,858.1950629401967,0.005467389781358634,0.007534994193103327,114519.0,-4.888197217560468,-4.896380099114414,0.0074735878113307685,0.008182881553945975,0.007474081986960736,0.008149791004281029,-4.895801255042738,0.747791510562301,0.0076040374822694545,0.14924159878240717,5781.9,-1.9021888178588537,-1.909501027166006,0.1481542931227622,0.007312209307152262,0.14815916297285053,0.007305898520464697,-1.9105618267353286,14.799721444165293,0.008373008876474852,0.11176013469757803,7721.0,-2.191400358794554,-2.19921813923958,0.11088982488014777,0.007817780445026123,0.11089270946006724,0.007822202575212179,-2.2003420844511905,11.076526080716707,0.008941725656636645,0.007534994193103327,114519.0,-4.888197217560468,-4.896380099114414,0.0074735878113307685,0.008182881553945975,0.007474081986960736,0.008149791004281029,-4.895801255042738,0.747791510562301,0.0076040374822694545,0.00779360362720039,110719.0,-4.85445192950454,-4.862122434746956,0.007734051439392348,0.00767050524241597,0.00773517898974717,0.007553107372261297,-4.861210658214032,0.7741106381775911,0.006758728709492345,0.006503127590624764,132690.0,-5.03547205001622,-5.043440643806061,0.006451512730540173,0.007968593789841272,0.006451975981924402,0.007928053179935439,-5.042935819422554,0.6454770433691867,0.007463769406333753
2011-12,861.9,6.759139254653354,6.756087748613867,859.2739157383318,0.0030515060394868954,0.0075168101305565,114663.0,-4.890613415778619,-4.896511524520839,0.007472605656556675,0.005898108742219854,0.0074730973420567455,0.00584935355434886,-4.896299381752413,0.7474191083970546,0.005685965973794005,0.14875476778101862,5794.1,-1.9054561827606933,-1.9093387455739397,0.14817833778827216,0.003882562813246393,0.1481833215248276,0.0038563466543383713,-1.910450886133699,14.801363425245759,0.004994703373005782,0.11151507310130676,7729.0,-2.1935955124535176,-2.199233427560016,0.11088812957393115,0.005637915106498248,0.11089102605071513,0.005627570352773431,-2.2003532268065342,11.076402662814727,0.006757714353016642,0.0075168101305565,114663.0,-4.890613415778619,-4.896511524520839,0.007472605656556675,0.005898108742219854,0.0074730973420567455,0.00584935355434886,-4.896299381752413,0.7474191083970546,0.005685965973794005,0.0077694845583860675,110934.0,-4.857551454205054,-4.862510937357905,0.007731047323806087,0.0049594831528514405,0.007732195104539374,0.004822621951792373,-4.862105100156105,0.773418550717167,0.004553645951051344,0.006485912949250497,132888.0,-5.038122692517559,-5.043594127876094,0.006450522602094835,0.005471435358535004,0.006450984436251952,0.005414446948943243,-5.043467684400835,0.6451338280157379,0.0053449918832759735
2012-01,861.6,6.758791125842179,6.757344077494831,860.3541247821623,0.001447048347348101,0.007494845988569838,114959.0,-4.893539696195093,-4.896642949927263,0.007471623630854189,0.0031032537321697973,0.007472112697152754,0.0030424181671866593,-4.896791950657805,0.7470510436410308,0.0032522544627120453,0.1486593740294696,5795.8,-1.9060976704467836,-1.9091764639818736,0.1482023863561053,0.0030787935350899964,0.1482074800768047,0.003049063059642589,-1.9103380752393684,14.803033274477894,0.0042404047925848065,0.11137538779731128,7736.0,-2.1948489112909515,-2.199248715880452,0.11088643429363268,0.004399804589500622,0.110889342641363,0.004383154813355094,-2.200364908007558,11.07627327788429,0.005515996716606519,0.007494845988569838,114959.0,-4.893539696195093,-4.896642949927263,0.007471623630854189,0.0031032537321697973,0.007472112697152754,0.0030424181671866593,-4.896791950657805,0.7470510436410308,0.0032522544627120453,0.007741239892183289,111300.0,-4.861193411421457,-4.862899439968856,0.007728044375099886,0.0017060285473986525,0.007729211219331579,0.0015562613713576605,-4.8629909021904245,0.7727337583315823,0.0017974907689675135,0.006466235384176636,133246.0,-5.041161196973614,-5.043747611946127,0.00644953262560678,0.002586414972513218,0.006449992890579502,0.0025182188372418475,-5.043993485020027,0.6447947054127559,0.0028322880464131117
2012-02,862.4,6.759719200154732,6.758600406375795,861.4356917766498,0.0011187937789376434,0.007486566023977151,115193.0,-4.894645061354106,-4.896774375333687,0.00747064173420635,0.002129313979581049,0.007471128052248763,0.0020663508402511206,-4.897278135293575,0.746687927179452,0.0026330739394682112,0.14860254333666473,5803.4,-1.906480031524185,-1.9090141823898075,0.148226438826895,0.0025341508656224754,0.1482316386287818,0.0025021966384098683,-1.910222733265616,14.80474078402516,0.003742701741431098,0.11134925758553905,7745.0,-2.1950835526962362,-2.1992640042008884,0.11088473903925199,0.004180451504652183,0.11088765923201088,0.00416275676414422,-2.200376505694644,11.076144819477648,0.005292952998407596,0.007486566023977151,115193.0,-4.894645061354106,-4.896774375333687,0.00747064173420635,0.002129313979581049,0.007471128052248763,0.0020663508402511206,-4.897278135293575,0.746687927179452,0.0026330739394682112,0.007730230723723131,111562.0,-4.862616568998602,-4.863287942579806,0.007725042592820502,0.0006713735812038379,0.007726227334123784,0.0005181558121731621,-4.863867085410962,0.7720569985046873,0.0012505164123597368,0.006459489622422458,133509.0,-5.042204970125708,-5.04390109601616,0.006448542801052685,0.0016961258904526488,0.006449001344907053,0.00162634134410407,-5.044512369301048,0.6444602183631729,0.0023073991753399525
2012-03,863.2,6.760646413943925,6.75985673525676,862.5186184288998,0.000789678687165285,0.007480458256061841,115394.0,-4.895461224692934,-4.896905800740111,0.007469659966596205,0.0014445760471772928,0.007470143407344772,0.0013808099998357589,-4.897757084099824,0.7463303875165205,0.002295859406890699,0.14830086245404253,5820.6,-1.908512214251368,-1.9088519007977411,0.14825049520127473,0.00033968654637317464,0.14825579718075887,0.0003039697208515312,-1.9101041667065484,14.806496235264662,0.001591952455180401,0.11113686107892366,7767.0,-2.1969928544757225,-2.1992792925213243,0.11088304381078874,0.002286438045601802,0.11088597582265877,0.0022625517285083394,-2.2003873549464705,11.076024652245096,0.003394500470748074,0.007480458256061841,115394.0,-4.895461224692934,-4.896905800740111,0.007469659966596205,0.0014445760471772928,0.007470143407344772,0.0013808099998357589,-4.897757084099824,0.7463303875165205,0.002295859406890699,0.0077205849470059484,111805.0,-4.863865147478321,-4.863676445190756,0.007722041976514866,-0.00018870228756462382,0.007723243448915988,-0.0003442209128358775,-4.86473265704216,0.7713890170037372,0.0008675095638395192,0.006453928283039746,133748.0,-5.043066297431499,-5.044054580086193,0.006447553128409233,0.0009882826546947499,0.006448009799234603,0.0009178776071099923,-5.045023463410739,0.6441309226993425,0.0019571659792401164
2012-04,860.7,6.757746011655429,6.761113064137723,863.6029064481608,-0.003367052482293964,0.0074545297072579255,115460.0,-4.898933416959496,-4.897037226146535,0.007468678328006781,-0.001896190812960441,0.007469158762440781,-0.001958594755867084,-4.898227925199728,0.7459790672104808,-0.0007054917597679733,0.1478281778678529,5822.3,-1.9117046400068836,-1.908689619205675,0.14827455547987795,-0.0030150208012085233,0.14827995573273597,-0.003046789855382515,-1.9099816531773999,14.808310342496839,-0.0017229868294836859,0.11075794621026895,7771.0,-2.2004081235538133,-2.1992945808417605,0.11088134860824245,-0.001113542712052773,0.11088429241330665,-0.00113944184778452,-2.2003967500010293,11.075920592878015,-1.1373552784021967e-05,0.0074545297072579255,115460.0,-4.898933416959496,-4.897037226146535,0.007468678328006781,-0.001896190812960441,0.007469158762440781,-0.001958594755867084,-4.898227925199728,0.7459790672104808,-0.0007054917597679733,0.007692101453161028,111894.0,-4.867561261904073,-4.864064947801706,0.00771904252573008,-0.0034963141023665045,0.007720259563708193,-0.0036473010155685264,-4.865586614659416,0.77073056466201,-0.00197464724465668,0.006431533719409677,133825.0,-5.0465422436061536,-5.044208064156226,0.006446563607653109,-0.0023341794499271984,0.006447018253562154,-0.0024018132946840346,-5.045525875711936,0.643807384681742,-0.0010163678942172183
2012-05,860.5,6.757513615651594,6.7623693930186874,864.6885575458352,-0.004855777367093417,0.007446026045948168,115565.0,-4.900074805559195,-4.89716865155296,0.007467696818421131,-0.0029061540062356173,0.00746817411753679,-0.002965660848294162,-4.8986897690014946,0.74563462094835,-0.0013850365577008361,0.14776083522219932,5823.6,-1.9121602905475767,-1.9085273376136087,0.14829861966333835,-0.0036329529339680366,0.14830411428471305,-0.003663277078549158,-1.9098544580098218,14.810194007806423,-0.0023058325377549593,0.1105898984706336,7781.0,-2.201926527965336,-2.1993098691621964,0.1108796534316128,-0.002616658803139771,0.11088260900395454,-0.0026398236472818318,-2.2004039589041784,11.075840747926973,-0.0015225690611577747,0.007446026045948168,115565.0,-4.900074805559195,-4.89716865155296,0.007467696818421131,-0.0029061540062356173,0.00746817411753679,-0.002965660848294162,-4.8986897690014946,0.74563462094835,-0.0013850365577008361,0.007681595415145375,112021.0,-4.86892801704971,-4.864453450412656,0.007716044240013431,-0.004474566637053812,0.007717275678500397,-0.004623427339057522,-4.86642794914438,0.7700823951612544,-0.0025000679053297503,0.006424902189170624,133932.0,-5.047573871792121,-5.044361548226259,0.006445574238761004,-0.0032123235658616522,0.006446026707889704,-0.003277137945026533,-5.046018699465888,0.6434901792792002,-0.0015551723262330341
2012-06,860.4,6.757397397393575,6.763625721899651,865.7755734354718,-0.006228324506076355,0.007441490373804293,115622.0,-4.900684131138603,-4.897300076959384,0.0074667154378223,-0.0033840541792189427,0.007467189472632799,-0.003441602616713137,-4.899141731356942,0.7452976983126721,-0.0015423997816608193,0.14773097989388917,5824.1,-1.9123623626652089,-1.9083650560215426,0.1483226877522896,-0.003997306643666265,0.14832827283669014,-0.004026831374613232,-1.9097218598301162,14.812157942777171,-0.0026405028350926507,0.11056283731688511,7782.0,-2.202171256150924,-2.1993251574826327,0.1108779582808993,-0.0028460986682912193,0.11088092559460241,-0.002868737576021695,-2.2004082497895343,11.075793222866064,-0.0017630063613895963,0.007441490373804293,115622.0,-4.900684131138603,-4.897300076959384,0.0074667154378223,-0.0033840541792189427,0.007467189472632799,-0.003441602616713137,-4.899141731356942,0.7452976983126721,-0.0015423997816608193,0.007676454056368941,112083.0,-4.869597549854384,-4.864841953023606,0.007713047118912362,-0.004755596830777975,0.0077142917932926025,-0.004904887958290695,-4.867255666615176,0.7694452482340255,-0.0023418832392083644,0.006420272660115064,134013.0,-5.048294691759203,-5.044515032296292,0.006444585021709611,-0.0037796594629107005,0.006445035162217254,-0.0038421050434846427,-5.046501035776184,0.643179875441835,-0.0017936559830191712
2012-07,859.1,6.755885329644011,6.764882050780615,866.8639558327764,-0.008996721136604435,0.007423312883435583,115730.0,-4.903129841198113,-4.897431502365809,0.007465734186193338,-0.005698338832304195,0.007466204827728808,-0.005744812161317646,-4.8995829388049,0.7449689399478834,-0.0035469023932126476,0.14751790099077908,5823.7,-1.9138057479167634,-1.9082027744294765,0.14834675974736558,-0.005602973487286889,0.14835243138866724,-0.005625323360570936,-1.9095831550565032,14.814212602283588,-0.004222592860260166,0.11045255849832862,7778.0,-2.203169185071682,-2.199340445803069,0.11087626315610162,-0.003828739268612935,0.11087924218525029,-0.0038481836501803677,-2.2004089025389324,11.075785993151065,-0.002760282532749514,0.007423312883435583,115730.0,-4.903129841198113,-4.897431502365809,0.007465734186193338,-0.005698338832304195,0.007466204827728808,-0.005744812161317646,-4.8995829388049,0.7449689399478834,-0.0035469023932126476,0.007653861230889848,112244.0,-4.872545022416062,-4.865230455634556,0.007710051161974512,-0.007314566781505327,0.007711307908084807,-0.007449667148517037,-4.868068792480576,0.7688198467002166,-0.004476229935485243,0.006403691197626661,134157.0,-5.05088070524349,-5.044668516366325,0.006443595956475625,-0.0062121888771642375,0.006444043616544805,-0.006261971724483765,-5.046971997746202,0.6428770334997372,-0.003908707497287445
2012-08,858.5,6.7551866803375304,6.766138379661579,867.9537064556109,-0.010951699324048825,0.007407311538494724,115899.0,-4.905287720825394,-4.897562927772232,0.007464753063517303,-0.0077247930531623155,0.007465220182824817,-0.007757124761480249,-4.90001252978543,0.7446489767420812,-0.005275191039964433,0.14719245606515216,5832.5,-1.916014323558055,-1.9080404928374102,0.14837083564920026,-0.007973830720644726,0.14837658994064432,-0.007980597720744552,-1.909437660481453,14.816368146657066,-0.006576663076601985,0.1102336928608115,7788.0,-2.2051526861545603,-2.199355734123505,0.1108745680572194,-0.005796952031055458,0.11087755877589818,-0.005806999380172498,-2.200405210637652,11.075826883935035,-0.004747475516908128,0.007407311538494724,115899.0,-4.905287720825394,-4.897562927772232,0.007464753063517303,-0.0077247930531623155,0.007465220182824817,-0.007757124761480249,-4.90001252978543,0.7446489767420812,-0.005275191039964433,0.0076363377600668905,112423.0,-4.874837141505604,-4.8656189582455065,0.007707056368747686,-0.00921818326009749,0.007708324022877012,-0.009338769698377778,-4.868866370219442,0.7682068975750718,-0.005970771286161636,0.006390549282040212,134339.0,-5.052935054656305,-5.0448220004363575,0.006442607043035754,-0.008113054219947458,0.006443052070872354,-0.008148745075256493,-5.04743071231926,0.6425822040622364,-0.0055043423370451094
2012-09,856.3,6.752620782032146,6.767394708542543,869.0448270239968,-0.014773926510397217,0.007377126857635149,116075.0,-4.909371030855977,-4.8976943531786565,0.007463772069777235,-0.011676677677320058,0.0074642355379208256,-0.011670140879549576,-4.900429670106668,0.7443384184064188,-0.008941360749308735,0.14666940719044927,5838.3,-1.9195741555230827,-1.907878211245344,0.14839491545842762,-0.011695944277738679,0.14840074849262141,-0.01166666152130782,-1.9092847254791707,14.818634261233093,-0.010289430043912029,0.10978205128205128,7800.0,-2.2092582306455366,-2.199371022443941,0.11087287298425215,-0.009887208201595499,0.11087587536654606,-0.009865302807113735,-2.2003964888694485,11.075923485151046,-0.008861741776088117,0.007377126857635149,116075.0,-4.909371030855977,-4.8976943531786565,0.007463772069777235,-0.011676677677320058,0.0074642355379208256,-0.011670140879549576,-4.900429670106668,0.7443384184064188,-0.008941360749308735,0.007605336080716214,112592.0,-4.878905162174184,-4.866007460856457,0.00770406273877987,-0.012897701317727162,0.007705340137669216,-0.01297853893095656,-4.869647477849444,0.7676070795976525,-0.009257684324739834,0.006365738159489135,134517.0,-5.056825082056874,-5.0449754845063906,0.006441618281366689,-0.011849597550483537,0.006442060525199905,-0.011847508326290003,-5.0478763365984545,0.6422959176235594,-0.008948745458419616
2012-10,857.2,6.753671263599422,6.768651037423507,870.1373192601179,-0.014979773824085107,0.007375857232590757,116217.0,-4.909543148583449,-4.897825778585081,0.007462791204956196,-0.011717369998367921,0.007463250893016835,-0.011709865001034625,-4.9008335662803875,0.7440378436718507,-0.008709582303061403,0.1466251582224351,5846.2,-1.919875892913188,-1.9077159296532777,0.1484189991756819,-0.012159963259910311,0.1484249070445985,-0.01212565234501105,-1.90912375016972,14.821019887477242,-0.01075214274346803,0.10975672215108835,7810.0,-2.2094889792343095,-2.1993863107643774,0.11087117793719953,-0.01010266846993213,0.11087419195719393,-0.010078718828787598,-2.2003820886498335,11.076082982030064,-0.009106890584476002,0.007375857232590757,116217.0,-4.909543148583449,-4.897825778585081,0.007462791204956196,-0.011717369998367921,0.007463250893016835,-0.011709865001034625,-4.9008335662803875,0.7440378436718507,-0.008709582303061403,0.0076015820371388544,112766.0,-4.879398890571289,-4.866395963467406,0.007701070271619228,-0.013002927103882733,0.00770235625246142,-0.013083556773988703,-4.87041123945902,0.7670210346068377,-0.008987651112268402,0.006365236245906631,134669.0,-5.056903931258322,-5.045128968576424,0.006440629671445144,-0.011774962681898593,0.006441068979527455,-0.011773314936053943,-5.048308070158661,0.6420186767717342,-0.008595861099661484
2012-11,856.1,6.75238719174844,6.769907366304471,871.2311848883229,-0.017520174556031165,0.007356896714704341,116367.0,-4.912117077181212,-4.897957203991505,0.007461810469037244,-0.014159873189706573,0.007462266248112844,-0.014120312771626245,-4.901223493810342,0.7437477793889751,-0.010893583370870097,0.14629936599620624,5851.7,-1.9221003045525555,-1.9075536480612116,0.14844308680159726,-0.014546656491343901,0.14844906559657559,-0.01448105848110459,-1.9089542140669145,14.823532798437114,-0.013146090485641082,0.10953172978505629,7816.0,-2.2115410019741786,-2.1994015990848133,0.11086948291606116,-0.012139402889365325,0.11087250854784182,-0.012092977604154955,-2.2003614297719563,11.07631180383934,-0.011179572202222321,0.007356896714704341,116367.0,-4.912117077181212,-4.897957203991505,0.007461810469037244,-0.014159873189706573,0.007462266248112844,-0.014120312771626245,-4.901223493810342,0.7437477793889751,-0.010893583370870097,0.007579996812523243,112942.0,-4.882242499839391,-4.866784466078356,0.00769807896681408,-0.015458033761034606,0.007699372367253625,-0.01550458258625102,-4.871156850569361,0.7664493483558654,-0.011085649270030196,0.006349712590394956,134825.0,-5.059345728456988,-5.045282452646457,0.006439641213247829,-0.014063275810531017,0.0064400774338550055,-0.014031639275796261,-5.048725181623716,0.641750939262947,-0.010620546833271405
2012-12,856.6,6.752971065181271,6.771163695185435,872.3264256351282,-0.01819263000416438,0.007348878708326899,116562.0,-4.913207534085565,-4.898088629397929,0.007460829862003446,-0.015118904687636103,0.007461281603208853,-0.01506482409585139,-4.901598795403855,0.7434687020345623,-0.011608738681710307,0.14619992831663567,5859.1,-1.9227802219768686,-1.9073913664691455,0.14846717833680811,-0.015388855507723065,0.14847322414855268,-0.015311150175081424,-1.9087756796486326,14.826179545502857,-0.014004542328236003,0.10941371822710436,7829.0,-2.2126190017266434,-2.1994168874052495,0.11086778792083658,-0.013202114321393843,0.1108708251384897,-0.013142383576249722,-2.200334002298184,11.076615603257038,-0.012284999428459287,0.007348878708326899,116562.0,-4.913207534085565,-4.898088629397929,0.007460829862003446,-0.015118904687636103,0.007461281603208853,-0.01506482409585139,-4.901598795403855,0.7434687020345623,-0.011608738681710307,0.00756800692659051,113187.0,-4.883825531985819,-4.867172968689307,0.007695088823912943,-0.016652563296512213,0.00769638848204583,-0.016680753025241538,-4.871883576050814,0.7658925524275718,-0.011941955935005133,0.0063417089891466905,135074.0,-5.060606990209125,-5.04543593671649,0.00643865290675146,-0.0151710534926357,0.006439085888182556,-0.01512278306686017,-5.049127005943548,0.641493119930784,-0.011479984265577059
2013-01,858.2,6.7548371725574246,6.772420024066399,873.4230432292208,-0.01758285150897443,0.00735415095633098,116696.0,-4.912490369208625,-4.898220054804353,0.0074598493838378506,-0.01427031440427129,0.007460296958304862,-0.014228120216544342,-4.901958897823676,0.7432010253543007,-0.010531471384948254,0.14638556271961245,5862.6,-1.9215112976209283,-1.9072290848770792,0.14849127378194893,-0.01428221274384911,0.14849738270052976,-0.014221260620977751,-1.908587810828637,14.828965184018234,-0.012923486792291383,0.10950618859257369,7837.0,-2.21177421449544,-2.1994321757256854,0.1108660929515255,-0.012342038769754815,0.11086914172913757,-0.012293349757263313,-2.2002993825530157,11.07699907950444,-0.01147483194242449,0.00735415095633098,116696.0,-4.912490369208625,-4.898220054804353,0.0074598493838378506,-0.01427031440427129,0.007460296958304862,-0.014228120216544342,-4.901958897823676,0.7432010253543007,-0.010531471384948254,0.00756870215543091,113388.0,-4.883733672013202,-4.867561471300257,0.007692099842464503,-0.016172200712945006,0.007693404596838035,-0.01620900601774885,-4.872590766311147,0.765351112147245,-0.011142905702055117,0.006344958116770297,135257.0,-5.060094778819401,-5.045589420786523,0.006437664751932753,-0.014505358032878668,0.006438094342510106,-0.014466427608064086,-5.049512960016749,0.6412455808206533,-0.01058181880265252
2013-02,860.6,6.7576298204044996,6.773676352947363,874.5210394014606,-0.016046532542863368,0.007359958949799026,116930.0,-4.911700923729865,-4.898351480210778,0.00745886903452353,-0.013349443519087068,0.00745931231340087,-0.013319373077241124,-4.902303317406158,0.7429450964434424,-0.009397606323706675,0.14667984728661032,5867.2,-1.9195029769125622,-1.907066803285013,0.1485153731376542,-0.012436173627549119,0.14852154125250686,-0.012400180811249488,-1.9083903795804298,14.831893174152997,-0.011112597332132435,0.10960264900662252,7852.0,-2.2108937349918523,-2.1994474640461217,0.11086439800812738,-0.011446270945730586,0.11086745831978546,-0.011408300797468783,-2.2002572416526123,11.07746588405513,-0.010636493339239994,0.007359958949799026,116930.0,-4.911700923729865,-4.898351480210778,0.00745886903452353,-0.013349443519087068,0.00745931231340087,-0.013319373077241124,-4.902303317406158,0.7429450964434424,-0.009397606323706675,0.007571372014252409,113665.0,-4.883380984328947,-4.867949973911207,0.0076891120220176174,-0.015431010417739977,0.007690420711630239,-0.015480128050444944,-4.873277863902848,0.7648254218622291,-0.010103120426099288,0.0063491360866421735,135546.0,-5.059436524680778,-5.045742904856556,0.0064366767487684315,-0.013693619824222125,0.006437102796837657,-0.013665574866801642,-5.049882549322036,0.6410086271023966,-0.009553975358741695
2013-03,861.3,6.758442875795128,6.774932681828327,875.6204158848836,-0.016489806033199272,0.0073583938487825715,117050.0,-4.911913597123929,-4.898482905617202,0.007457888814043549,-0.013430691506727044,0.00745832766849688,-0.013398958071581856,-4.902631651749006,0.7427012020950658,-0.009281945374922884,0.14681166584280772,5866.7,-1.9186046983650458,-1.906904521692947,0.14853947640455864,-0.011700176672098772,0.14854569980448393,-0.011673403969004454,-1.9081832575957764,14.834965503465883,-0.010421440769269319,0.10963594704684317,7856.0,-2.210589974239174,-2.199462752366558,0.1108627030906419,-0.011127221872615944,0.11086577491043334,-0.011092944279546437,-2.2002073392535055,11.078018689971824,-0.010382634985668382,0.0073583938487825715,117050.0,-4.911913597123929,-4.898482905617202,0.007457888814043549,-0.013430691506727044,0.00745832766849688,-0.013398958071581856,-4.902631651749006,0.7427012020950658,-0.009281945374922884,0.007567277871005719,113819.0,-4.883921870521248,-4.8683384765221565,0.007686125362121331,-0.015583393999091477,0.007687436826422444,-0.015630561672224437,-4.8739443973576195,0.764315809987047,-0.009977473163628403,0.006347603711428339,135689.0,-5.059677905577866,-5.045896388926589,0.0064356888972352195,-0.013781516651277137,0.006436111251165207,-0.013751710665480537,-5.050235360987966,0.6407825116712194,-0.009442544589899349
2013-04,863.7,6.76122548628624,6.776189010709291,876.7211744147046,-0.0149635244230506,0.007366813940396786,117242.0,-4.910769967417309,-4.8986143310236265,0.007456908722380979,-0.012155636393682556,0.007457343023592889,-0.01213958951729786,-4.902943570962324,0.742469575446657,-0.007826396454984952,0.146910241363474,5879.1,-1.9179334816668783,-1.9067422401008807,0.14856358358329705,-0.0111912415659976,0.14856985835646103,-0.011170617050769067,-1.9079664023117926,14.838182892964374,-0.009967079355085673,0.10971798780487806,7872.0,-2.2098419524458492,-2.199478040686994,0.11086100819906873,-0.010363911758855426,0.11086409150108122,-0.01033791627825663,-2.2001495170839354,11.078659263566514,-0.009692435361913887,0.007366813940396786,117242.0,-4.910769967417309,-4.8986143310236265,0.007456908722380979,-0.012155636393682556,0.007457343023592889,-0.01213958951729786,-4.902943570962324,0.742469575446657,-0.007826396454984952,0.0075760499631591875,114004.0,-4.882763328194131,-4.868726979133107,0.00768313986232484,-0.014036349061024467,0.007684452941214648,-0.014106791841232372,-4.874589973163342,0.7638225454291515,-0.008173355030788976,0.006356671303349452,135873.0,-5.058250418617716,-5.046049872996622,0.0064347011973098465,-0.012200545621094072,0.0064351197054927575,-0.012190667110099803,-5.050571055862042,0.640567440367841,-0.007679362755673935
2013-05,865.3,6.763076267612693,6.777445339590255,877.8233167283191,-0.014369071977561987,0.007368770650952072,117428.0,-4.9105043911784225,-4.89874575643005,0.007455928759518896,-0.011758634748372465,0.007456358378688898,-0.01174671646512609,-4.903238816776164,0.7422503967699884,-0.007265574402258501,0.1470898211735908,5882.8,-1.9167118504134657,-1.9065799585088146,0.1485876946745042,-0.010131891904651136,0.14859401690843813,-0.010122855321787305,-1.9077398515779456,14.841544875003102,-0.008971998835520134,0.10975393201420598,7884.0,-2.2095144006599177,-2.19949332900743,0.11085931333340734,-0.010021071652487556,0.1108624080917291,-0.009998664981243735,-2.2000836969850663,11.079388486013062,-0.009430703674851326,0.007368770650952072,117428.0,-4.9105043911784225,-4.89874575643005,0.007455928759518896,-0.011758634748372465,0.007456358378688898,-0.01174671646512609,-4.903238816776164,0.7422503967699884,-0.007265574402258501,0.0075749352195531895,114232.0,-4.882910479497438,-4.869115481744057,0.0076801555221775375,-0.01379499775338111,0.007681469056006853,-0.013868940391077198,-4.875214274794572,0.7633458385879827,-0.0076962047028663605,0.006358011991535386,136096.0,-5.058039530440667,-5.046203357066655,0.006433713648969046,-0.01183617337401266,0.006434128159820308,-0.011830067165937142,-5.050889367650906,0.6403635726484799,-0.007150162789761438
2013-06,864.7,6.762382625966384,6.778701668471219,878.9268445653075,-0.016319042504834513,0.007354266954702411,117578.0,-4.912474596149669,-4.8988771818364745,0.007454948925440361,-0.013597414313194278,0.0074553737337849065,-0.013561597673409498,-4.903517191309442,0.7420438019189189,-0.00895740484022678,0.14688795270775296,5886.8,-1.9180852093235732,-1.9064176769167482,0.14861180967881515,-0.011667532406824943,0.1486181754604152,-0.011642066976680725,-1.90750372015018,14.845049843985061,-0.010581489173393077,0.1096361100545201,7887.0,-2.210588487431606,-2.199508617327866,0.11085761849365747,-0.01107987010374023,0.11086072468237698,-0.01104642452379303,-2.200009875585375,11.08020641216868,-0.010578611846231212,0.007354266954702411,117578.0,-4.912474596149669,-4.8988771818364745,0.007454948925440361,-0.013597414313194278,0.0074553737337849065,-0.013561597673409498,-4.903517191309442,0.7420438019189189,-0.00895740484022678,0.007555990527704716,114439.0,-4.8854145829560585,-4.869503984355007,0.007677172341228983,-0.015910598601051262,0.007678485170799058,-0.01595296993737558,-4.875817048791878,0.7628858522133704,-0.009597534164180743,0.006345071507715789,136279.0,-5.060076907947725,-5.046356841136688,0.006432726252189551,-0.01372006681103688,0.006433136614147858,-0.013689295240271238,-5.051190089315549,0.6401710304012,-0.008886818632175775
2013-07,867.1,6.765154310383115,6.779957997352183,880.0317596674366,-0.014803686969067975,0.007366596718971684,117707.0,-4.910799454333834,-4.899008607242899,0.007453969220128457,-0.011790847090934697,0.007454389088880915,-0.011777272270397576,-4.903778552742604,0.7418498856296042,-0.007020901591229922,0.1470209230560548,5897.8,-1.9171803686172244,-1.9062553953246821,0.14863592859686495,-0.010924973292542273,0.1486423340123923,-0.010908137086991126,-1.907258192012827,14.848695168918773,-0.009922176604397315,0.10970394736842105,7904.0,-2.209969929044589,-2.1995239056483022,0.1108559236798186,-0.010446023396286641,0.11085904127302486,-0.010419483078146297,-2.1999281222811113,11.081112292683656,-0.010041806763477545,0.007366596718971684,117707.0,-4.910799454333834,-4.899008607242899,0.007453969220128457,-0.011790847090934697,0.007454389088880915,-0.011777272270397576,-4.903778552742604,0.7418498856296042,-0.007020901591229922,0.007567902527579947,114576.0,-4.8838393268636064,-4.8698924869659574,0.0076741903190289135,-0.013946839897649,0.007675501285591262,-0.014018466548015977,-4.876398101080125,0.7624427044017635,-0.00744122578348172,0.006357457603507563,136391.0,-5.058126729426757,-5.04651032520672,0.00643173900694811,-0.011616404220037069,0.006432145068475409,-0.011611595225657554,-5.051473068987968,0.6399899006419536,-0.006653660438789011
2013-08,865.8,6.76365393500788,6.781214326233147,881.1380637786631,-0.01756039122526687,0.007342950919777116,117909.0,-4.91401448448201,-4.899140032649323,0.0074529896435662595,-0.014874451832686653,0.007453404443976925,-0.014819204436043525,-4.904022828371869,0.741668691913477,-0.009991656110140745,0.14687770369993383,5894.7,-1.9181549860833798,-1.906093113732616,0.14866005142928876,-0.012061872350763725,0.14866649256436937,-0.012032226183455763,-1.9070035327975092,14.852477007498571,-0.011151453285870527,0.10956719817767653,7902.0,-2.211217235963456,-2.1995391939687385,0.11085422889189038,-0.011678041994717336,0.11085735786367275,-0.01163801583276769,-2.199838588093616,11.082104475485801,-0.011378647869839664,0.007342950919777116,117909.0,-4.91401448448201,-4.899140032649323,0.0074529896435662595,-0.014874451832686653,0.007453404443976925,-0.014819204436043525,-4.904022828371869,0.741668691913477,-0.009991656110140745,0.0075408265470539556,114815.0,-4.887423481345091,-4.870280989576907,0.007671209455127246,-0.017142491768184165,0.007672517400383467,-0.017163969328102102,-4.876957311639222,0.7620164575827243,-0.010466169705869,0.006336080090159975,136646.0,-5.061494984057482,-5.046663809276753,0.006430751913221453,-0.014831174780729484,0.006431153522802959,-0.014783262801281607,-5.051738223371289,0.6398202270103648,-0.009756760686193466
2013-09,866.7,6.764692896140299,6.7824706551141105,882.2457586451355,-0.01777775897381151,0.007342861742055188,118033.0,-4.914026629226599,-4.899271458055747,0.007452010195736858,-0.014755171170851789,0.007452419799072934,-0.014701004502104728,-4.904249999667075,0.7415002252122449,-0.009776629559523187,0.1469854998728059,5896.5,-1.9174213373897255,-1.9059308321405497,0.14868417817672192,-0.01149050524917583,0.14869065111634647,-0.011467777097877723,-1.90674008469585,14.856390379833757,-0.010681252693875543,0.10966721498165254,7903.0,-2.210304817064676,-2.1995544822891744,0.11085253412987248,-0.010750334775501802,0.11085567445432062,-0.010720781579456329,-2.199741501527303,11.083180451187397,-0.010563315537372997,0.007342861742055188,118033.0,-4.914026629226599,-4.899271458055747,0.007452010195736858,-0.014755171170851789,0.007452419799072934,-0.014701004502104728,-4.904249999667075,0.7415002252122449,-0.009776629559523187,0.007537439340441446,114986.0,-4.887872764663844,-4.870669492187857,0.007668229749074051,-0.017203272475986964,0.007669533515175671,-0.017223234564768684,-4.877494617865942,0.7616071313718106,-0.010378146797902055,0.00633455390619861,136821.0,-5.061735885020952,-5.046817293346786,0.006429764970986331,-0.014918591674166315,0.0064301619771305095,-0.014868687798524991,-5.051985520508609,0.6396620208625957,-0.009750364512343346
2013-10,868.2,6.766422102865493,6.7837269839950745,883.3548460151982,-0.017304881129581062,0.007344618430068777,118209.0,-4.913787420321956,-4.899402883462171,0.007451030876623321,-0.014384536859784802,0.0074514351541689425,-0.014335053837300491,-4.904460125194171,0.7413444334550666,-0.009327295127785185,0.14716002508602133,5899.7,-1.9162346782779147,-1.9057685505484836,0.1487083088397997,-0.010466127729431118,0.14871480966832357,-0.010454806658259864,-1.9064682759446374,14.860429025595193,-0.009766402333277302,0.109732052578362,7912.0,-2.209713770437055,-2.1995697706096107,0.11085083939376439,-0.010143999827444183,0.11085399104496851,-0.010120866700698217,-2.199637178884795,11.084336738171867,-0.010076591552259817,0.007344618430068777,118209.0,-4.913787420321956,-4.899402883462171,0.007451030876623321,-0.014384536859784802,0.0074514351541689425,-0.014335053837300491,-4.904460125194171,0.7413444334550666,-0.009327295127785185,0.007535738774943365,115211.0,-4.8880984059310375,-4.871057994798807,0.007665251200419598,-0.017040411132230204,0.007666549629967876,-0.01706254590894231,-4.878010037914539,0.7612146849332164,-0.010088368016498706,0.006335330302610168,137041.0,-5.061613327245405,-5.046970777416819,0.006428778180219498,-0.014642549828586482,0.00642917043145806,-0.014595993347560106,-5.052215003726671,0.6395152460054035,-0.009398323518734486
2013-11,868.4,6.766652438004137,6.784983312876038,884.4653276393927,-0.01833087487190177,0.007332477708727371,118432.0,-4.915441797181746,-4.899534308868596,0.0074500516862087375,-0.015907488313150253,0.007450450509264951,-0.015834317722247335,-4.90465333895606,0.741201209345103,-0.010788458225685638,0.14723635130552729,5898.0,-1.9157161513710848,-1.9056062689564173,0.14873244341915776,-0.010109882414667481,0.14873896822030064,-0.010102375542553131,-1.9061886171977327,14.864585455718887,-0.009527534173352059,0.10975733063700707,7912.0,-2.209483435298411,-2.1995850589300465,0.11084914468356583,-0.009898376368364659,0.11085230763561639,-0.009877800669776098,-2.1995260179757787,11.08556895160524,-0.009957417322632445,0.007332477708727371,118432.0,-4.915441797181746,-4.899534308868596,0.0074500516862087375,-0.015907488313150253,0.007450450509264951,-0.015834317722247335,-4.90465333895606,0.741201209345103,-0.010788458225685638,0.007520307601711207,115474.0,-4.890148237374081,-4.8714464974097575,0.007662273808714321,-0.01870173996432367,0.007663565744760081,-0.018693405631291845,-4.878503670017561,0.7608390176557841,-0.011644567356520419,0.006324053103403075,137317.0,-5.063394962547607,-5.047124261486852,0.006427791540897705,-0.01627070106075479,0.00642817888578561,-0.016198333032203718,-5.052426791586512,0.6393798187815432,-0.010968170961094259
2013-12,871.1,6.769756780824847,6.786239641757002,885.577205270462,-0.016482860932155674,0.0073501864758593926,118514.0,-4.913029595214003,-4.89966573427502,0.0074490726244761975,-0.01336386093898323,0.007449465864360961,-0.013327047913130474,-4.9048298469255185,0.7410703929700876,-0.008199748288484798,0.14760153853974278,5901.7,-1.913238943159097,-1.9054439873643512,0.1487565819154315,-0.0077949557947458725,0.14876312677227774,-0.007808307459906245,-1.9059016944670404,14.868851055087898,-0.007337248692056653,0.11005685407454201,7915.0,-2.206758191490266,-2.199600347250483,0.11084744999927629,-0.007157844239783273,0.11085062422626427,-0.007160718825561543,-2.1994084943614194,11.08687184429449,-0.0073496971288466995,0.0073501864758593926,118514.0,-4.913029595214003,-4.89966573427502,0.0074490726244761975,-0.01336386093898323,0.007449465864360961,-0.013327047913130474,-4.9048298469255185,0.7410703929700876,-0.008199748288484798,0.00753859734145666,115552.0,-4.887719143252338,-4.871835000020708,0.007659297573508828,-0.0158841432316299,0.007660581859552285,-0.015923662240292822,-4.878975690249902,0.7604799709912072,-0.008743453002435508,0.006341175785458463,137372.0,-5.060691072608046,-5.047277745556885,0.006426805052997709,-0.013413327051161161,0.006427187340113161,-0.013382456446832499,-5.052621075167099,0.6392556098472647,-0.008069997440947496
2014-01,872.3,6.771133401439172,6.787495970637966,886.6904806633515,-0.016362569198793864,0.007352061156202854,118647.0,-4.912774575655017,-4.8997971596814445,0.007448093691408788,-0.01297741597357227,0.00744848121945697,-0.012944929363887915,-4.904989938319598,0.7409517634738003,-0.00778463733541912,0.14797285835453775,5895.0,-1.9107264115322984,-1.905281705772285,0.14878072432925676,-0.005444705760013324,0.1487872853242548,-0.005473767250623387,-1.9056081672793892,14.873216107721172,-0.005118244252909188,0.1102363199797801,7913.0,-2.2051288541700207,-2.199615635570919,0.11084575534089543,-0.005513218599101588,0.11084894081691216,-0.005526627792898002,-2.1992851604348056,11.08823931605901,-0.005843693735215094,0.007352061156202854,118647.0,-4.912774575655017,-4.8997971596814445,0.007448093691408788,-0.01297741597357227,0.00744848121945697,-0.012944929363887915,-4.904989938319598,0.7409517634738003,-0.00778463733541912,0.0075362644388191485,115747.0,-4.888028652246867,-4.872223502631657,0.007656322494353912,-0.015805149615209402,0.00765759797434449,-0.015844855780082646,-4.879426364536514,0.760137319440719,-0.008602287710352208,0.006341186818938507,137561.0,-5.06068933263571,-5.047431229626918,0.006425818716496273,-0.013258103008792155,0.006426195794440711,-0.013228506914735684,-5.052798130178344,0.6391424364573282,-0.007891202457366298
2014-02,874.7,6.773880970425809,6.78875229951893,887.8051555752136,-0.014871329093121055,0.007366142859548954,118746.0,-4.910861066693227,-4.899928585087868,0.007447114886989607,-0.010932481605358646,0.007447496574552979,-0.010923632416562473,-4.905133965625013,0.740845053872597,-0.005727101068213614,0.14802592611395982,5909.1,-1.9103678441139496,-1.9051194241802187,0.1488048706612693,-0.005248419933730819,0.1488114438762319,-0.005278611253348336,-1.905308751776181,14.877670045962194,-0.005059092337768467,0.11027483610690873,7932.0,-2.2047795192138775,-2.199630923891355,0.1108440607084229,-0.005148595322522542,0.11084725740756003,-0.0051640547004842595,-2.1991566252996524,11.089664635997993,-0.005622893914225102,0.007366142859548954,118746.0,-4.910861066693227,-4.899928585087868,0.007447114886989607,-0.010932481605358646,0.007447496574552979,-0.010923632416562473,-4.905133965625013,0.740845053872597,-0.005727101068213614,0.007547869907754969,115887.0,-4.886489886950944,-4.872612005242607,0.007653348570800516,-0.013877881708336481,0.007654614089136694,-0.013945076804487767,-4.879856026267262,0.7598107876785665,-0.006633860683681547,0.0063516614383641225,137712.0,-5.059038856463446,-5.047584713696951,0.006424832531370161,-0.011454142766495146,0.0064252042487682615,-0.01144598794944728,-5.0529582945986595,0.6390400767769021,-0.00608056186478656
2014-03,877.0,6.776506992372183,6.790008628399894,888.9212317654093,-0.01350163602771115,0.007371482365598628,118972.0,-4.910136457917832,-4.900060010494292,0.007446136211201736,-0.010076447423539747,0.007446511929648987,-0.01007579988579915,-4.905262341395126,0.7407499534226991,-0.0048741165227061956,0.14849808662670594,5905.8,-1.9071832054910376,-1.9049571425881526,0.14882902091210498,-0.002226062902884962,0.148835602428209,-0.0022677087739532606,-1.9050042035914436,14.88220170338681,-0.0021790018995939686,0.1105648008068583,7932.0,-2.2021534972675036,-2.1996462122117912,0.1108423661018582,-0.002507285055712405,0.11084557399820791,-0.0025330122008674354,-2.1990235431499046,11.091140570615831,-0.0031299541175990875,0.007371482365598628,118972.0,-4.910136457917832,-4.900060010494292,0.007446136211201736,-0.010076447423539747,0.007446511929648987,-0.01007579988579915,-4.905262341395126,0.7407499534226991,-0.0048741165227061956,0.00755045113299814,116152.0,-4.88614796479134,-4.873000507853558,0.007650375802399782,-0.013147456937782742,0.007651630203928899,-0.013223204498148218,-4.880265075207687,0.759500051438441,-0.005882889583653572,0.0063557633076058995,137985.0,-5.058393270207184,-5.047738197766984,0.006423846497596139,-0.010655072440200364,0.006424212703095812,-0.010654908025839006,-5.0531019672953645,0.6389482707609359,-0.005291302911819784
2014-04,878.2,6.777874358127617,6.791264957280858,890.0387109955112,-0.013390599153241034,0.007366275509776127,119219.0,-4.910843058756735,-4.900191435900717,0.007445157664028275,-0.010651622856018506,0.007445527284744996,-0.01064421255043236,-4.905375522373893,0.7406661193622492,-0.005467536382842475,0.14866855140424234,5907.1,-1.9060359381035317,-1.9047948609960863,0.14885317508239987,-0.0012410771074453653,0.14885976098018608,-0.0012844947129075786,-1.9046953173954115,14.886799320093164,-0.0013406207081201327,0.11053492762743865,7945.0,-2.2024237208431994,-2.1996615005322275,0.110840671521201,-0.0027622203109718413,0.1108438905888558,-0.0027873702355248543,-2.198886611566034,11.092659402046719,-0.003537109277165218,0.007366275509776127,119219.0,-4.910843058756735,-4.900191435900717,0.007445157664028275,-0.010651622856018506,0.007445527284744996,-0.01064421255043236,-4.905375522373893,0.7406661193622492,-0.005467536382842475,0.007541757911460346,116445.0,-4.887299979380273,-4.873389010464508,0.007647404188703015,-0.013910968915765487,0.007648646318721104,-0.013974813686852482,-4.880653962310525,0.7592047490871912,-0.006646017069748211,0.006350055676871683,138298.0,-5.059291698104687,-5.047891681837017,0.006422860615150981,-0.011400016267669955,0.006423221157423362,-0.011390777112994365,-5.053229594053693,0.6388667290679605,-0.006062104050993611
2014-05,879.8,6.779694608914619,6.792521286161822,891.1575950293069,-0.012826677247202767,0.007368756072230225,119396.0,-4.910506369627333,-4.900322861307141,0.007444179245452325,-0.01018350832019177,0.007444542639841006,-0.010180150920916673,-4.905474002914195,0.7405931817541574,-0.005032366713138003,0.14884114363051937,5911.0,-1.90487569190975,-1.9046325794040202,0.14887733317279,-0.00024311250572983667,0.14888391953216318,-0.0002873104212881046,-1.9043829046716059,14.891450872181696,-0.0004927872381441656,0.11063883299798792,7952.0,-2.2014841394217908,-2.1996767888526634,0.11083897696645094,-0.0018073505691273972,0.11084220717950367,-0.0018348081176911089,-2.198746552279393,11.094213140814754,-0.0027375871423975795,0.007368756072230225,119396.0,-4.910506369627333,-4.900322861307141,0.007444179245452325,-0.01018350832019177,0.007444542639841006,-0.010180150920916673,-4.905474002914195,0.7405931817541574,-0.005032366713138003,0.007540216487688655,116681.0,-4.887504385479404,-4.873777513075458,0.007644433729261699,-0.013726872403945656,0.007645662433513309,-0.013791603636913341,-4.881023183921182,0.7589244860296874,-0.006481201558221628,0.0063517503772209105,138513.0,-5.059024854105957,-5.048045165907049,0.0064218748840114675,-0.010979688198907489,0.006422229611750913,-0.0109742626456464,-5.053341661486835,0.6387951369251632,-0.0056831926191218685
2014-06,878.6,6.778329731541679,6.793777615042786,892.2778856328007,-0.01544788350110693,0.007341427341928691,119677.0,-4.9142219945075265,-4.900454286713565,0.007443200955456989,-0.013767707793961748,0.007443557994937015,-0.013720676735210631,-4.905558319556698,0.7405307400560857,-0.00866367495082887,0.14848239031974583,5917.2,-1.9072889114764016,-1.904470297811954,0.14890149518391163,-0.002818613664447467,0.14890807808414025,-0.0028587284845210527,-1.9040677872478438,14.896144167247307,-0.0032211242285578034,0.11030759573132455,7965.0,-2.20448249080247,-2.1996920771730997,0.11083728243760753,-0.0047904136293701605,0.11084052377015155,-0.004808061354276208,-2.198604114313845,11.095793490512113,-0.00587837648862477,0.007341427341928691,119677.0,-4.9142219945075265,-4.900454286713565,0.007443200955456989,-0.013767707793961748,0.007443557994937015,-0.013720676735210631,-4.905558319556698,0.7405307400560857,-0.00866367495082887,0.00751235528498384,116954.0,-4.8912062425364535,-4.8741660156864075,0.007641464423627495,-0.017040226850046025,0.007642678548305513,-0.017052040393687237,-4.88137328766606,0.7586588302313074,-0.009832954870393706,0.006327737326160074,138849.0,-5.062812559150767,-5.048198649977082,0.006420889304154366,-0.014613909173684547,0.006421238066078463,-0.014561170128908112,-5.053438702983474,0.6387331502967163,-0.009373856167292693
2014-07,883.9,6.784343934066902,6.79503394392375,893.3995845742172,-0.010690009856848093,0.007376159957273516,119832.0,-4.909502106781653,-4.900585712119989,0.007442222794025359,-0.008916394661663496,0.0074425733500330235,-0.008923444840380771,-4.905629047672053,0.7404783655646751,-0.0038730591095994527,0.1491034226818036,5928.1,-1.9031151018625556,-1.9043080162198878,0.1489256611164011,0.0011929143573321532,0.14893223663611735,0.0011494223786117242,-1.9037507907543123,14.900866941227312,0.0006356888917566916,0.11077829301917533,7979.0,-2.200224435241379,-2.1997073654935355,0.11083558793467048,-0.0005170697478433794,0.11083884036079944,-0.0005462646616206019,-2.19846006781661,11.097391915819484,-0.0017643674247689312,0.007376159957273516,119832.0,-4.909502106781653,-4.900585712119989,0.007442222794025359,-0.008916394661663496,0.0074425733500330235,-0.008923444840380771,-4.905629047672053,0.7404783655646751,-0.0038730591095994527,0.007543675482841317,117171.0,-4.887045751166714,-4.874554518297358,0.007638496271352219,-0.012491232869356494,0.007639694663097718,-0.012568457836437608,-4.88170487118083,0.7584073131716279,-0.005340879985884506,0.006355700644270593,139072.0,-5.058403129549199,-5.048352134047115,0.006419903875556463,-0.010050995502083993,0.0064202465204060135,-0.010053488745372739,-5.0535212957840905,0.6386803977155084,-0.004881833765108645
2014-08,886.4,6.78716831599302,6.796290272804714,894.5226936240041,-0.009121956811694254,0.007388021137208488,119978.0,-4.90789535563022,-4.900717137526414,0.007441244761140546,-0.0071782181038066994,0.007441588705129032,-0.007198404808857966,-4.905686829480258,0.7404355806218837,-0.0022085261499622533,0.1492331262521676,5939.7,-1.9022455900377433,-1.9041457346278217,0.14894983097089476,0.0019001445900783676,0.14895639518809445,0.001857799148023984,-1.9034327656755523,14.905606544226249,0.0011871756378090126,0.11088316237177884,7994.0,-2.1992782232782493,-2.199722653813972,0.11083389345763928,0.00044443053572251756,0.11083715695144732,0.0004150721797354853,-2.1983152282927514,11.098999373189516,-0.0009629949854979003,0.007388021137208488,119978.0,-4.90789535563022,-4.900717137526414,0.007441244761140546,-0.0071782181038066994,0.007441588705129032,-0.007198404808857966,-4.905686829480258,0.7404355806218837,-0.0022085261499622533,0.007549355272795408,117414.0,-4.886293113699241,-4.874943020908308,0.007635529271987883,-0.011350092790933353,0.007636710777889922,-0.011438891380753805,-4.882018607972729,0.7581694102156474,-0.004274505726512778,0.006364661195240865,139269.0,-5.056994277731076,-5.048505618117148,0.006418918598194546,-0.008488659613927751,0.006419254974733564,-0.008504690919364049,-5.053590089458299,0.6386364620555695,-0.003404188272776665
2014-09,888.7,6.78975972074443,6.797546601685678,895.6472145548345,-0.007786880941248242,0.007392526785120117,120216.0,-4.907285682961133,-4.900848562932838,0.007440266856785656,-0.006437120028294885,0.007440604060225041,-0.0064614747291726815,-4.9057323370860235,0.7404018859380741,-0.0015533458751093576,0.14929861402771946,5952.5,-1.9018068576165883,-1.9039834530357553,0.1489740047480292,0.002176595419167038,0.14898055374007152,0.0021349114341652027,-1.9031145575910975,14.910350383456294,0.001307699974509191,0.11096266699962543,8009.0,-2.198561467579253,-2.199737942134408,0.11083219900651357,0.001176474555155238,0.11083547354209519,0.0011475879830289682,-2.1981704248612783,11.100606662752384,-0.0003910427179745213,0.007392526785120117,120216.0,-4.907285682961133,-4.900848562932838,0.007440266856785656,-0.006437120028294885,0.007440604060225041,-0.0064614747291726815,-4.9057323370860235,0.7404018859380741,-0.0015533458751093576,0.007552734009824418,117666.0,-4.885845660764465,-4.875331523519258,0.007632563425086666,-0.01051413724520689,0.0076337268926821265,-0.010609874311242374,-4.882315212759486,0.7579445668858568,-0.0035304480049793696,0.006367733568352644,139563.0,-5.056511670455939,-5.048659102187181,0.006417933472045403,-0.00785256826875802,0.006418263429061114,-0.00787282436549383,-5.0536457712441845,0.6386009026268463,-0.00286589921175473
2014-10,890.7,6.792007670437824,6.798802930566642,896.77314914161,-0.006795260128817482,0.0073974104495585806,120407.0,-4.9066252792638805,-4.900979988339262,0.007439289080943798,-0.005645290924618074,0.007439619415321051,-0.005673538309707833,-4.905766259635156,0.7403767700447206,-0.0008590196287245888,0.1494663713250101,5959.2,-1.9006838524242426,-1.9038211714436892,0.14899818244844096,0.0031373190194465828,0.14900471229204862,0.003098284784823585,-1.9027970029201753,14.91508598673232,0.0021131504959326364,0.11107369996258885,8019.0,-2.1975613343692046,-2.199753230454844,0.11083050458129305,0.0021918960856393,0.11083379013274308,0.0021645910471746696,-2.1980264940717165,11.10220449681997,0.00046515970251181926,0.0073974104495585806,120407.0,-4.9066252792638805,-4.900979988339262,0.007439289080943798,-0.005645290924618074,0.007439619415321051,-0.005673538309707833,-4.905766259635156,0.7403767700447206,-0.0008590196287245888,0.007555925043051892,117881.0,-4.885423249581082,-4.875720026130208,0.0076295987302009245,-0.00970322345087471,0.007630743007474332,-0.009804807257845738,-4.882595433241128,0.7577322050497238,-0.0028278163399546585,0.006371335784489049,139798.0,-5.055946132090044,-5.048812586257214,0.0064169484970858295,-0.007133545832830102,0.006417271883388665,-0.007158197398262498,-5.053689054646714,0.6385732624051078,-0.0022570774433301466
2014-11,893.2,6.794810519966003,6.800059259447606,897.9004991614635,-0.005248739481602982,0.007402741633376984,120658.0,-4.905904856389966,-4.901111413745686,0.00743831143359809,-0.004793442644279722,0.0074386347704170595,-0.004825231799633502,-4.9057892982591556,0.7403597129791839,-0.00011555813081010058,0.1495796630605888,5971.4,-1.8999261647910897,-1.9036588898516231,0.1490223640727668,0.0037327250605334594,0.1490288708440257,0.0036958759295679334,-1.9024809279917354,14.919801016580362,0.0025547632006457377,0.1111636589919104,8035.0,-2.19675175820561,-2.1997685187752802,0.11082881018197718,0.0030167605696700406,0.11083210672339096,0.002991482146476857,-2.197884275490896,11.103783548870096,0.00113251728528585,0.007402741633376984,120658.0,-4.905904856389966,-4.901111413745686,0.00743831143359809,-0.004793442644279722,0.0074386347704170595,-0.004825231799633502,-4.9057892982591556,0.7403597129791839,-0.00011555813081010058,0.007559433634909485,118157.0,-4.884959007614304,-4.876108528741158,0.007626635186883172,-0.008850478873146272,0.007627759122266536,-0.0089574783710197,-4.88286004435879,0.7575317272095591,-0.0020989632555137305,0.006375946719585406,140089.0,-5.055222693930423,-5.048966070327247,0.00641596367329262,-0.006256623603175804,0.006416280337716214,-0.006286137139881274,-5.053720675284276,0.6385530706306608,-0.0015020186461471852
2014-12,890.8,6.792119935383212,6.80131558832857,899.0292663937619,-0.009195652945357402,0.007367463402530808,120910.0,-4.91068181078508,-4.90124283915211,0.007437333914731632,-0.009438971632969917,0.007437650125513068,-0.009436679838098604,-4.905802160717761,0.7403501901942656,-0.004879650067318941,0.14910783033711628,5974.2,-1.903085541238881,-1.9034966082595568,0.14904654962164365,0.0004110670206758371,0.1490530293960028,0.0003676606999237283,-1.902167142829554,14.924483363349115,-0.0009183984093270592,0.11076846555583188,8042.0,-2.2003131520740067,-2.199783807095716,0.11082711580856569,-0.0005293449782906023,0.11083042331403885,-0.0005590320451218798,-2.1977446050964513,11.105334527008539,-0.002568546977555375,0.007367463402530808,120910.0,-4.91068181078508,-4.90124283915211,0.007437333914731632,-0.009438971632969917,0.007437650125513068,-0.009436679838098604,-4.905802160717761,0.7403501901942656,-0.004879650067318941,0.007522568550123715,118417.0,-4.889847636823134,-4.876497031352108,0.007623672794686114,-0.013350605471026178,0.007624775237058741,-0.013404550790988578,-4.883109842873182,0.7573425205422537,-0.00673779394995222,0.006346356615656436,140364.0,-5.0598743920554945,-5.04911955439728,0.006414979000642575,-0.010754837658214278,0.006415288792043765,-0.010744984149866908,-5.0537413861909775,0.638539845754541,-0.006133005864517038
2015-01,896.3,6.7982751783633155,6.802571917209534,900.1594526201092,-0.004296738846218062,0.007401626821916677,121095.0,-4.906055462133909,-4.901374264558535,0.007436356524327547,-0.004681197575374441,0.007436665480609077,-0.0047116088230353785,-4.905805555662364,0.7403476767506498,-0.0002499064715451027,0.149610242200671,5990.9,-1.899721751877078,-1.9033343266674907,0.1490707390957083,0.0036125747904127703,0.14907718794797986,0.003575692968377958,-1.901856437744728,14.929121196680395,0.002134685867650088,0.11121727261446829,8059.0,-2.1962695799611955,-2.1997990954161524,0.11082542146105807,0.003529515454956833,0.11082873990468672,0.003505703575766574,-2.1976083101274586,11.106848231386353,0.001338730166263069,0.007401626821916677,121095.0,-4.906055462133909,-4.901374264558535,0.007436356524327547,-0.004681197575374441,0.007436665480609077,-0.0047116088230353785,-4.905805555662364,0.7403476767506498,-0.0002499064715451027,0.007556825846485903,118608.0,-4.885304038533185,-4.876885533963058,0.0076207115531626264,-0.008418504570126828,0.007621791351850945,-0.008523653084424267,-4.883345641740714,0.7571639610864619,-0.0019583967924710066,0.006376273405042399,140568.0,-5.055171458074412,-5.049273038467313,0.006413994479112498,-0.005898419607098582,0.006414297246371315,-0.005927982422458971,-5.053751951990578,0.6385330991061356,-0.001419506083833788
2015-02,900.3,6.802728041114431,6.8038282460904975,901.2910596243486,-0.0011002049760664434,0.0074211151043555666,121316.0,-4.903425949488426,-4.901505689964959,0.007435379262368952,-0.0019202595234668607,0.007435680835705086,-0.00195889679389906,-4.905800229395975,0.740351620050098,0.002374279907549237,0.15011755289880446,5997.3,-1.8963366058153757,-1.9031720450754246,0.14909493249559785,0.0068354392600489255,0.14910134649995696,0.006815541393167738,-1.9015496101347618,14.933702566065438,0.005213004319386094,0.11156133828996281,8070.0,-2.1931807201495634,-2.1998143837365887,0.110823727139454,0.006633663587025218,0.1108270564953346,0.0066254741202038895,-2.1974762376420283,11.108315237310997,0.004295517492464818,0.0074211151043555666,121316.0,-4.903425949488426,-4.901505689964959,0.007435379262368952,-0.0019202595234668607,0.007435680835705086,-0.00195889679389906,-4.905800229395975,0.740351620050098,0.002374279907549237,0.0075751583942649916,118849.0,-4.882881017671326,-4.877274036574009,0.007617751461865755,-0.005606981097317387,0.00761880746664315,-0.005729121331555395,-4.883568305906949,0.7569953865728117,0.0006872882356230292,0.00639295021551265,140827.0,-5.052559424571424,-5.049426522537346,0.006413010108679198,-0.003132902034077567,0.0064133057006988655,-0.003173945876928551,-5.053753184629412,0.6385323120259263,0.0011937600579878804
2015-03,899.1,6.801394262990727,6.8050845749714615,902.4240891925665,-0.0036903119807343288,0.007403473234356859,121443.0,-4.905806032890914,-4.901637115371383,0.007434402128838975,-0.004168917519531412,0.007434696190801096,-0.004199627751147156,-4.905786930149896,0.7403614662339517,-1.9102741018350855e-05,0.1497352030110249,6004.6,-1.8988868581473661,-1.9030097634833583,0.14911912982194947,0.004122905335992133,0.14912550505193406,0.0040884888126849605,-1.9012474409258173,14.938215752995157,0.0023605827784511924,0.1112609825516644,8081.0,-2.1958766432427206,-2.1998296720570245,0.1108220328437531,0.003953028814303927,0.11082537308598249,0.003930593270766172,-2.1973492243685624,11.109726230397508,0.0014725811258418098,0.007403473234356859,121443.0,-4.905806032890914,-4.901637115371383,0.007434402128838975,-0.004168917519531412,0.007434696190801096,-0.004199627751147156,-4.905786930149896,0.7403614662339517,-1.9102741018350855e-05,0.007558447454036468,118953.0,-4.8850894731032986,-4.877662539184958,0.007614792520348726,-0.007426933918340595,0.007615823581435355,-0.007533804687748886,-4.883778715428534,0.756836124291419,-0.0013107576747648508,0.00638007990179034,140923.0,-5.054574657912271,-5.049580006607378,0.006412025889319489,-0.004994651304892628,0.006412314155026416,-0.0050269298192149045,-5.053745907006789,0.6385369590400352,-0.0008287509054820674
2015-04,900.5,6.802950164616011,6.806340903852425,903.558543113094,-0.0033907392364147526,0.007401227921656297,121669.0,-4.906109357178803,-4.901768540777807,0.0074334251237207225,-0.004340816400995706,0.007433711545897104,-0.00436977195580531,-4.9057663878353654,0.7403766751282697,-0.0003429693434373604,0.1498735104187471,6008.4,-1.8979636045078885,-1.9028474818912922,0.14914333107540034,0.004883877383403679,0.14914966360391113,0.004853157542200419,-1.9009506708202581,14.942649626749088,0.0029870663123696684,0.11136532278011378,8086.0,-2.1949392855847054,-2.199844960377461,0.11082033857395487,0.004905674792755388,0.11082368967663037,0.004887340469026374,-2.1972280738910377,11.11107226056994,0.002288788306332279,0.007401227921656297,121669.0,-4.906109357178803,-4.901768540777807,0.0074334251237207225,-0.004340816400995706,0.007433711545897104,-0.00436977195580531,-4.9057663878353654,0.7403766751282697,-0.0003429693434373604,0.007555100636793047,119191.0,-4.885532362791149,-4.878051041795908,0.007611834728164922,-0.007481320995240459,0.007612839696227559,-0.007584431268548062,-4.883977745058965,0.756685506466506,-0.0015546177321832388,0.00637765942377971,141196.0,-5.054954110412107,-5.049733490677411,0.006411041821010176,-0.005220619734696008,0.006411322609353966,-0.0052505836354487054,-5.053730932810909,0.6385465206891251,-0.0012231776011981665
2015-05,901.7,6.804281870505861,6.807597232733389,904.6944231765107,-0.0033153622275285954,0.007392074240461708,121982.0,-4.907346901340684,-4.9018999661842315,0.007432448246997328,-0.005446935156452781,0.007432726900993113,-0.005469413994744431,-4.905739332511024,0.7403967065303272,-0.0016075688296606216,0.14980644946918975,6019.1,-1.8984111549593887,-1.9026852002992258,0.1491675362565879,0.004274045339837107,0.14917382215588823,0.00424087352699469,-1.900660022306075,14.946993316874025,0.0022488673466862785,0.11136223292577499,8097.0,-2.194967031180253,-2.199860248697897,0.110818644330059,0.004893217517643933,0.11082200626727824,0.004874723682531432,-2.1971135784309235,11.112344500732247,0.0021465472506703165,0.007392074240461708,121982.0,-4.907346901340684,-4.9018999661842315,0.007432448246997328,-0.005446935156452781,0.007432726900993113,-0.005469413994744431,-4.905739332511024,0.7403967065303272,-0.0016075688296606216,0.007543965329719057,119526.0,-4.8870073294039775,-4.8784395444068585,0.007608878084867917,-0.008567784997119077,0.007609855811019764,-0.00865857158624362,-4.884166279665613,0.7565428585096494,-0.0028410497383646316,0.006370727295849878,141538.0,-5.0560416407428885,-5.049886974747444,0.006410057903728081,-0.00615466599544412,0.006410331063681517,-0.006178115831804441,-5.053709082124658,0.6385604735212446,-0.0023325586182307845
2015-06,906.2,6.809260032233038,6.808853561614353,905.831731175647,0.0004064706186843736,0.007419111867959131,122144.0,-4.903695923311918,-4.902031391590656,0.007431471498651919,-0.0016645317212624633,0.007431742256089122,-0.0016995191295342213,-4.905706496881876,0.7404210183211489,0.0020105735699580407,0.1502395676177529,6031.7,-1.8955241414699298,-1.9025229187071597,0.1491917453661495,0.0069987772372299695,0.14919798070786533,0.006981239993636559,-1.9003761948229074,14.951236286475284,0.00485205335297767,0.11166974738139249,8115.0,-2.1922094477156535,-2.199875537018333,0.11081695011206513,0.007666089302679424,0.11082032285792613,0.007664880425906484,-2.1970065125492853,11.113534317386534,0.004797064833631737,0.007419111867959131,122144.0,-4.903695923311918,-4.902031391590656,0.007431471498651919,-0.0016645317212624633,0.007431742256089122,-0.0016995191295342213,-4.905706496881876,0.7404210183211489,0.0020105735699580407,0.007570972646916304,119694.0,-4.883433732743428,-4.878828047017809,0.007605922590011451,-0.004605685725619146,0.007606871925811968,-0.00471932211371263,-4.884345216111353,0.7564074975303646,0.0009114833679255696,0.006394794967150993,141709.0,-5.05227090589596,-5.050040458817477,0.006409074137450027,-0.0022304470784826336,0.006409339518009067,-0.0022692745199730693,-5.053681184469017,0.6385782881099321,0.0014102785730569778
2015-07,907.3,6.810473156175584,6.810109890495317,906.970468905587,0.00036326568026634476,0.007413247922607423,122389.0,-4.904486619565248,-4.90216281699708,0.0074304948786676215,-0.0023238025681679986,0.007430757611185131,-0.0023563799943294083,-4.90566862605701,0.7404490592068235,0.0011820064917618112,0.15015805239726593,6042.3,-1.8960668569713621,-1.9023606371150936,0.1492159584047227,0.006293780143731498,0.1492221392598424,0.0062719455843868455,-1.9000998704580232,14.955368248200937,0.0040330134866610745,0.11154413572657979,8134.0,-2.1933349302915865,-2.1998908253387692,0.11081525591997275,0.0065558950471826805,0.11081863944857401,0.006546699017564168,-2.1969076342443237,11.114633259151823,0.003572703952737122,0.007413247922607423,122389.0,-4.904486619565248,-4.90216281699708,0.0074304948786676215,-0.0023238025681679986,0.007430757611185131,-0.0023563799943294083,-4.90566862605701,0.7404490592068235,0.0011820064917618112,0.007564552571681076,119941.0,-4.8842820780142455,-4.879216549628759,0.0076029682431494406,-0.005065528385486573,0.007603888040604173,-0.005173073132198786,-4.884515473180743,0.7562787247691184,0.00023339516649745207,0.006389841609679486,141991.0,-5.05304579811751,-5.0501939428875104,0.006408090522152838,-0.0028518552299994226,0.0064083479723366175,-0.002887852335269441,-5.053648087363107,0.6385994235529246,0.0006022892455970208
2015-08,910.4,6.8138840633720665,6.811366219376281,908.110638163672,0.0025178439957853627,0.0074304416313671715,122523.0,-4.90216998307311,-4.902294242403504,0.007429518387027576,0.0001242593303940609,0.0074297729662811405,8.999805095871633e-05,-4.905626449631827,0.7404802893597547,0.0034564665587168975,0.15051168019574454,6048.7,-1.8937145885306004,-1.9021983555230273,0.14924017537294526,0.008483766992426922,0.1492462978118195,0.008478484240329535,-1.8998316938600075,14.95937946581312,0.006117105329407124,0.11177409453652547,8145.0,-2.191275457664079,-2.199906113659205,0.11081356175378158,0.008630655995125913,0.11081695603922188,0.008637112329315558,-2.1968176644998505,11.115633284851418,0.005542206835771335,0.0074304416313671715,122523.0,-4.90216998307311,-4.902294242403504,0.007429518387027576,0.0001242593303940609,0.0074297729662811405,8.999805095871633e-05,-4.905626449631827,0.7404802893597547,0.0034564665587168975,0.007582559446966226,120065.0,-4.881904478410348,-4.879605052239708,0.007600015043835979,-0.00229942617063994,0.0076009041553963775,-0.0024134902973519594,-4.884677962625287,0.7561558474426149,0.002773484214938726,0.006405628847845206,142125.0,-5.05057816768077,-5.0503474269575435,0.006407107057813344,-0.00023074072322692984,0.006407356426664168,-0.00026962427308900474,-5.05361062744427,0.6386233458835618,0.0030324597634994177
2015-09,912.1,6.815749633186113,6.812622548257245,909.2522407495019,0.003127084928867596,0.007435941334246419,122661.0,-4.901430098577619,-4.902425667809928,0.007428542023714901,0.0009955692323089238,0.007428788321377149,0.0009628774653177968,-4.905580688081304,0.740514175661266,0.004150589503685076,0.15067565335183533,6053.4,-1.8926257434562759,-1.9020360739309612,0.14926439627145485,0.009410330474685313,0.14927045636379657,0.009413764935601617,-1.8995722785585132,14.963260661146371,0.006946535102237306,0.11188665358194308,8152.0,-2.190268941716448,-2.1999214019796414,0.11081186761349111,0.00965246026319333,0.11081527262986977,0.009668170520608544,-2.196737296732517,11.116526659379797,0.006468355016068905,0.007435941334246419,122661.0,-4.901430098577619,-4.902425667809928,0.007428542023714901,0.0009955692323089238,0.007428788321377149,0.0009628774653177968,-4.905580688081304,0.740514175661266,0.004150589503685076,0.007585977460805922,120235.0,-4.881453806876459,-4.8799935548506586,0.007597062991625314,-0.001460252025800024,0.007597920270188583,-0.0015718524225003911,-4.884833594395602,0.7560381747264876,0.0033797875191430293,0.006410824108241083,142275.0,-5.049767450285212,-5.0505009110275765,0.006406123744408376,0.0007334607423645778,0.006406364880991718,0.0006960620152303992,-5.053569636702552,0.6386495240647155,0.003802186417340536
2015-10,916.1,6.820125529021163,6.813878877138209,910.3952784649397,0.006246651882953813,0.007452329819081088,122928.0,-4.8992285680862535,-4.902557093216353,0.00742756578871274,0.0033285251300991803,0.007427803676473158,0.0033019373796340868,-4.905532035210155,0.7405502046784893,0.006303467123901285,0.1510320495911369,6065.6,-1.8902632157409076,-1.9018737923388949,0.14928862110088936,0.011610576597987254,0.14929461491577367,0.011637624547565993,-1.8993221908833058,14.96700325618758,0.009058975142398173,0.11217093179870209,8167.0,-2.1877313943371126,-2.1999366903000777,0.11081017349910101,0.012205295962965046,0.11081358922051765,0.012248881998428439,-2.196667181595031,11.117306123500681,0.008935787257918548,0.007452329819081088,122928.0,-4.8992285680862535,-4.902557093216353,0.00742756578871274,0.0033285251300991803,0.007427803676473158,0.0033019373796340868,-4.905532035210155,0.7405502046784893,0.006303467123901285,0.007601038805871079,120523.0,-4.8794703560473565,-4.880382057461609,0.007594112086071886,0.0009117014142523416,0.007594936384980787,0.0008034854514858048,-4.88498325704196,0.7559250325193022,0.0055129009946037755,0.006425209883643454,142579.0,-5.047525982019464,-5.0506543950976095,0.006405140581914769,0.0031284130781452646,0.006405373335319269,0.003096860602145752,-5.05352592372939,0.6386774419444032,0.0059999417099261265
2015-11,919.9,6.824264968483112,6.815135206019173,911.5397531141131,0.009129762463938818,0.007471208355668177,123126.0,-4.896698531785708,-4.902688518622777,0.00742658968200423,0.0059899868370694165,0.007426819031569167,0.005976895883732287,-4.905481152796936,0.7405878866186789,0.008782621011228287,0.15138150640972897,6076.7,-1.887952095969964,-1.9017115107468288,0.14931284986188675,0.013759414776864709,0.14931877346775074,0.013814290688797613,-1.8990819435643427,14.970599470565926,0.011129847594378628,0.11242972378391591,8182.0,-2.185426930006232,-2.1999519786205135,0.11080847941061092,0.014525048614281388,0.11081190581116553,0.014599676459922186,-2.196607919829955,11.117964974206586,0.011180989823722953,0.007471208355668177,123126.0,-4.896698531785708,-4.902688518622777,0.00742658968200423,0.0059899868370694165,0.007426819031569167,0.005976895883732287,-4.905481152796936,0.7405878866186789,0.008782621011228287,0.007619670827569641,120727.0,-4.877022108698338,-4.880770560072559,0.007591162326730303,0.0037484513742214176,0.007591952499772991,0.0036510143862831562,-4.885127813036028,0.7558157669224747,0.008105704337689978,0.006441515881463223,142808.0,-5.044991381244277,-5.0508078791676425,0.006404157570309364,0.005816497923365915,0.006404381789646819,0.005798232059874051,-5.053480267778361,0.6387066020360771,0.008488886534084195
2015-12,921.8,6.826328280286408,6.816391534900137,912.6856665034179,0.009936745386270651,0.007471953829193956,123368.0,-4.896598757251085,-4.902819944029201,0.007425613703572517,0.006221186778115673,0.0074258343866651765,0.006210674804651898,-4.90542865398234,0.740626767625425,0.008829896731255005,0.15161433576210134,6079.9,-1.8864152471701243,-1.9015492291547627,0.1493370825550851,0.015133981984638334,0.14934293201972784,0.015209315309769425,-1.8988519794320815,14.974042567361815,0.012436732261957184,0.11256563682989375,8189.0,-2.1842187889837805,-2.19996726694095,0.11080678534802035,0.01574847795716927,0.11081022240181342,0.01584162895833701,-2.196560043230873,11.118497277300595,0.012341254247092426,0.007471953829193956,123368.0,-4.896598757251085,-4.902819944029201,0.007425613703572517,0.006221186778115673,0.0074258343866651765,0.006210674804651898,-4.90542865398234,0.740626767625425,0.008829896731255005,0.007619441229955364,120980.0,-4.877052241374497,-4.881159062683509,0.007588213713155345,0.004106821309012076,0.007588968614565196,0.004015382977297197,-4.885268082311652,0.7557097566275107,0.00821584093715444,0.006442684708234028,143077.0,-5.044809945575704,-5.0509613632376755,0.006403174709569003,0.006151417661971692,0.0064033902439743695,0.006136509374332518,-5.053433401807192,0.6387365363427181,0.008623456231488191
2016-01,920.9,6.825351452727321,6.817647863781101,913.833020441521,0.00770358894622003,0.007457102831739451,123493.0,-4.898588300554523,-4.902951369435625,0.007424637853400732,0.004363068881102272,0.007424849741761185,0.004343938409535427,-4.905375084139921,0.7406664439473756,0.006786783585398304,0.1511952452879753,6090.8,-1.8891832622392561,-1.9013869475626963,0.14936131918112264,0.012203685323440183,0.14936709057170494,0.012239340736122364,-1.8986326554385258,14.977327094351983,0.009449393199269629,0.11220908980138905,8207.0,-2.1873912749023905,-2.1999825552613856,0.110805091311329,0.01259128035899515,0.11080853899246129,0.01263937618582845,-2.1965239973182995,11.11889806090466,0.009132722415909011,0.007457102831739451,123493.0,-4.898588300554523,-4.902951369435625,0.007424637853400732,0.004363068881102272,0.007424849741761185,0.004343938409535427,-4.905375084139921,0.7406664439473756,0.006786783585398304,0.007604710312479355,121096.0,-4.8789874457150795,-4.881547565294459,0.0075852662449019705,0.002560119579379183,0.0075859847293574005,0.002468444610689377,-4.885404822258663,0.7556064279801713,0.006417376543583764,0.006430416870330284,143210.0,-5.046715910745427,-5.0511148473077085,0.006402191999670533,0.004398936562281186,0.00640239869830192,0.004376199194810412,-5.053385993272945,0.6387668186234896,0.006670082527517884
2016-02,920.7,6.8251342502938,6.818904192662065,914.9818167393623,0.006230057631735342,0.007441864224573429,123719.0,-4.900633893705001,-4.9030827948420495,0.007423662131472024,0.0024489011370487646,0.007423865096857194,0.0024244955264413844,-4.905320920511315,0.7407065622160324,0.004687026806314165,0.1510904704859117,6093.7,-1.8898764792904896,-1.9012246659706302,0.14938555974063752,0.011348186680140593,0.149391249123682,0.011374303195114828,-1.8984242325732388,14.980449037110155,0.008547753282749149,0.11215738823242782,8209.0,-2.187852142054466,-2.199997843581822,0.11080339730053639,0.012145701527356056,0.11080685558310917,0.012188168703205438,-2.1965001323870226,11.119163415809085,0.008647990332556699,0.007441864224573429,123719.0,-4.900633893705001,-4.9030827948420495,0.007423662131472024,0.0024489011370487646,0.007423865096857194,0.0024244955264413844,-4.905320920511315,0.7407065622160324,0.004687026806314165,0.007592274961242868,121268.0,-4.88062400109603,-4.881936067905409,0.007582319921525294,0.0013120668093788979,0.007583000844149606,0.001223014118535589,-4.885538726873059,0.7555052555666752,0.004914725777029005,0.00642023346303502,143406.0,-5.048300796982731,-5.051268331377741,0.006401209440590808,0.002967534395009963,0.00640140715262947,0.002940964378092496,-5.053338643093666,0.6387970650629503,0.0050378461109357175
2016-03,923.1,6.8277375709961055,6.820160521543029,916.1320572101592,0.00757704945307669,0.0074455557347959354,123980.0,-4.900137970259805,-4.903214220248474,0.007422686537769542,0.0030762499886689554,0.007422880451953203,0.003054782168392044,-4.905266587970999,0.740746807778498,0.005128617711194217,0.15107772376884174,6110.1,-1.889960847647715,-1.901062384378564,0.14940980423426828,0.011101536730848904,0.1494154076756591,0.011125466369513035,-1.898226898913799,14.983405475631523,0.00826605126608393,0.11221735959153903,8226.0,-2.1873175777942637,-2.2000131319022582,0.11080170331564215,0.0126955541079945,0.11080517217375706,0.012744778876995703,-2.1964887282632923,11.119290220847505,0.00917115046902861,0.0074455557347959354,123980.0,-4.900137970259805,-4.903214220248474,0.007422686537769542,0.0030762499886689554,0.007422880451953203,0.003054782168392044,-4.905266587970999,0.740746807778498,0.005128617711194217,0.007598531493859274,121484.0,-4.879800274852309,-4.882324570516359,0.00757937474258062,0.0025242956640498804,0.00758001695894181,0.0024425453158945206,-4.885670440634042,0.7554057516811813,0.00587016578173305,0.0064254987400982864,143662.0,-5.047481026295491,-5.051421815447774,0.006400227032306672,0.003940789152283131,0.006400415606957021,0.003918985059970373,-5.053291900720715,0.6388269246514546,0.0058108744252241
2016-04,925.7,6.8305502080731655,6.821416850423993,917.2837436694081,0.00913335764917278,0.007456362918750856,124149.0,-4.898687528058255,-4.903345645654898,0.007421711072276433,0.004658117596643585,0.007421895807049212,0.0046439767678910174,-4.905212475228121,0.7407868927045876,0.006524947169866735,0.15115937295885043,6124.0,-1.8894205487044087,-1.9009001027864978,0.14943405266265325,0.011479554082089116,0.14943956622763618,0.011508376092276148,-1.8980407765828982,14.986194481523565,0.008620227878489484,0.11223326867119303,8248.0,-2.18717581762363,-2.200028420222694,0.11080000935664595,0.012852602599064067,0.11080348876440493,0.012903744482523953,-2.1964899980450387,11.119276101784713,0.009314180421408746,0.007456362918750856,124149.0,-4.898687528058255,-4.903345645654898,0.007421711072276433,0.004658117596643585,0.007421895807049212,0.0046439767678910174,-4.905212475228121,0.7407868927045876,0.006524947169866735,0.007608284704528644,121670.0,-4.878517532708329,-4.882713073127309,0.007576430707623421,0.0041955404189799594,0.007577033073734015,0.004124520836917462,-4.885800570098549,0.7553074575308507,0.00728303739021996,0.006434996593768683,143854.0,-5.046003967263063,-5.051575299517807,0.006399244774794987,0.0055713322547434885,0.006399424061284571,0.005558708431172655,-5.05324627673318,0.6388560711479863,0.007242309470116837
2016-05,927.4,6.83238497195736,6.822673179304957,918.4368779348874,0.009711792652403517,0.007464524593330704,124241.0,-4.897593534770356,-4.903477071061322,0.007420735734975856,0.005883536290966163,0.007420911162145221,0.005877099217675463,-4.905158931419163,0.740826558318364,0.007565396648807621,0.15120980890888933,6133.2,-1.8890869436048736,-1.9007378211944317,0.14945830502643112,0.011650877589558073,0.14946372477961328,0.011682327145604547,-1.897865923921969,14.988815086609069,0.008778980317095453,0.11220810647307924,8265.0,-2.1874000382977643,-2.2000437085431304,0.11079831542354729,0.012643670245366057,0.11080180535505282,0.012692041555821907,-2.1965040840651424,11.11911947654112,0.00910404576737811,0.007464524593330704,124241.0,-4.897593534770356,-4.903477071061322,0.007420735734975856,0.005883536290966163,0.007420911162145221,0.005877099217675463,-4.905158931419163,0.740826558318364,0.007565396648807621,0.00762031536306193,121701.0,-4.876937523911368,-4.88310157573826,0.00757348781620934,0.006164051826891281,0.007574049188526219,0.0061085125517535335,-4.885929676529027,0.7552099487757346,0.008992152617659066,0.006444753300903405,143900.0,-5.0444889209180985,-5.05172878358784,0.006398262668032614,0.007239862669741193,0.0063984325156121215,0.007239395770489246,-5.05320223687316,0.6388842068994754,0.008713315955061418
2016-06,925.5,6.830334132013552,6.823929508185921,919.5914618266611,0.006404623827631184,0.007435646109843494,124468.0,-4.901469801723511,-4.903608496467746,0.00741976052585095,0.0021386947442350035,0.00741992651724123,0.002118564458251366,-4.905106255333791,0.7408655831892254,0.003636453610280199,0.15070099164671974,6141.3,-1.8924575931011332,-1.9005755396023654,0.14948256132624058,0.00811794650123221,0.14948788333159038,0.008115094602272683,-1.8977023327583404,14.991267324887293,0.005244739657207287,0.11174836995894712,8282.0,-2.1915056320919604,-2.200058996863566,0.11079662151634588,0.008553364771605843,0.1108001219457007,0.008558185646321943,-2.196531056787808,11.118819567659893,0.005025424695847658,0.007435646109843494,124468.0,-4.901469801723511,-4.903608496467746,0.00741976052585095,0.0021386947442350035,0.00741992651724123,0.002118564458251366,-4.905106255333791,0.7408655831892254,0.003636453610280199,0.0075881180975181815,121967.0,-4.881171663309057,-4.883490078349209,0.007570546067894201,0.0023184150401522885,0.007571065303318424,0.002252363903436801,-4.8860582649916475,0.755112843732894,0.004886601682590808,0.00642052904326833,144147.0,-5.048254759181904,-5.051882267657873,0.006397280711996416,0.0036275084759687104,0.006397440969939672,0.003608954492451702,-5.053160191000734,0.6389110699080688,0.004905431818830408
2016-07,928.3,6.833354956405887,6.8251858370668845,920.7474971670811,0.008169119339002329,0.007438837736695755,124791.0,-4.901040660526522,-4.903739921874171,0.007418785444884878,0.0026992613476481964,0.007418941872337239,0.002681765769415318,-4.9050546873866985,0.7409037890915137,0.004014026860176045,0.1508498813741103,6153.8,-1.89147009976047,-1.9004132580102993,0.14950682156272038,0.008943158249829164,0.14951204188356745,0.008948038390009273,-1.8975499271802951,14.993552251762951,0.006079827419825046,0.11178949903660886,8304.0,-2.191137648999783,-2.2000742851840025,0.11079492763504122,0.00893663618421936,0.11079843853634858,0.008944715407114261,-2.1965709164299736,11.118376384323247,0.005433267430190458,0.007438837736695755,124791.0,-4.901040660526522,-4.903739921874171,0.007418785444884878,0.0026992613476481964,0.007418941872337239,0.002681765769415318,-4.9050546873866985,0.7409037890915137,0.004014026860176045,0.007594636385205062,122231.0,-4.880313019629509,-4.883878580960159,0.00756760546223398,0.0035655613306504463,0.0075680814181106285,0.00350881096903729,-4.886186771168687,0.7550158133027511,0.005873751539177796,0.006423332410738998,144520.0,-5.047818228855689,-5.052035751727906,0.006396298906663261,0.004217522872216328,0.006396449424267222,0.00420279825394778,-5.053120481743607,0.6389364410957576,0.0053022528879171915
2016-08,932.7,6.838083605732818,6.8264421659478485,921.90498578079,0.011641439784969343,0.0074640482078121625,124959.0,-4.897657356747855,-4.903871347280595,0.007417810492060797,0.006213990532740077,0.007417957227433248,0.006213433020139298,-4.9050044399335215,0.7409410185552997,0.00734708318566657,0.15117918794067592,6169.5,-1.8892894706057706,-1.9002509764182332,0.14953108573650944,0.01096150581246258,0.14953620043554455,0.010987222494258521,-1.8974085908074458,14.995671535816774,0.008119120201675267,0.11211684096646232,8319.0,-2.18821372855107,-2.200089573504439,0.11079323377963295,0.011875844953368908,0.11079675512699647,0.011914481050936551,-2.196623624432152,11.117790372360457,0.008409895881082097,0.0074640482078121625,124959.0,-4.897657356747855,-4.903871347280595,0.007417810492060797,0.006213990532740077,0.007417957227433248,0.006213433020139298,-4.9050044399335215,0.7409410185552997,0.00734708318566657,0.007621530189496393,122377.0,-4.876778117173799,-4.8842670835711095,0.007564665998784845,0.007488966397310115,0.007565097532902833,0.007459607275136645,-4.886315593037162,0.7549185570194554,0.009537475863362843,0.006447487574398076,144661.0,-5.044064747407518,-5.052189235797939,0.0063953172520100215,0.008124488390421014,0.006395457878594773,0.008135413725019391,-5.053083413878926,0.6389601255442592,0.009018666471408032
2016-09,931.9,6.83722551279161,6.827698494828812,923.0639294947246,0.009527017962797757,0.007441091690155465,125237.0,-4.900737708353526,-4.904002772687019,0.007416835667361874,0.0032650643334921625,0.007416972582529257,0.0032518803808202633,-4.904955694357469,0.7409771370323712,0.004217986003942187,0.15092231201515863,6174.7,-1.8909900645284248,-1.9000886948261668,0.14955535384824684,0.00909863029774205,0.14956035898752162,0.009106377096558291,-1.8972781603471565,14.997627555717052,0.006288095818731687,0.11191305392097994,8327.0,-2.1900330134442094,-2.2001048618248746,0.11079153995012074,0.010071848380665216,0.11079507171764434,0.0100905409058692,-2.196689100311496,11.117062449090431,0.006656086867286692,0.007441091690155465,125237.0,-4.900737708353526,-4.904002772687019,0.007416835667361874,0.0032650643334921625,0.007416972582529257,0.0032518803808202633,-4.904955694357469,0.7409771370323712,0.004217986003942187,0.007598414924496918,122644.0,-4.879815616008243,-4.88465558618206,0.007561727677103131,0.0048399701738164325,0.007562113647695038,0.004800414076419583,-4.886445083251934,0.7548208087822281,0.006629467243691067,0.00642835955769244,144967.0,-5.047035896502535,-5.052342719867972,0.006394335748013571,0.005306823365437197,0.006394466332922323,0.005300399283614215,-5.053049251271397,0.6389819544611187,0.0060133547688625555
2016-10,929.9,6.835077053484151,6.828954823709776,924.224330138118,0.006122229774375043,0.007421033310456003,125306.0,-4.903436971329373,-4.904134198093443,0.007415860970771259,0.0006972267640703578,0.007415987937625266,0.0006803372488160742,-4.90490857535129,0.7410120519612412,0.001471604021917372,0.15041570961793535,6182.2,-1.894352420674243,-1.8999264132341007,0.14957962589857154,0.005573992559857688,0.14958451753949872,0.005556671854205401,-1.8971584098592587,14.999423636472786,0.0028059891850156227,0.11160585693710993,8332.0,-2.192781748896711,-2.200120150145311,0.11078984614650408,0.007338401248599968,0.11079338830829222,0.007333186945749437,-2.1967671986939865,11.116194258397698,0.003985449797275553,0.007421033310456003,125306.0,-4.903436971329373,-4.904134198093443,0.007415860970771259,0.0006972267640703578,0.007415987937625266,0.0006803372488160742,-4.90490857535129,0.7410120519612412,0.001471604021917372,0.007574325975401156,122770.0,-4.882990911690734,-4.88504408879301,0.007558790496745344,0.002053177102276038,0.007559129762487242,0.0020103124819111588,-4.886575520876227,0.7547223581701354,0.0035846091854931927,0.00641022989694275,145065.0,-5.049860143335022,-5.052496203938005,0.00639335439465079,0.002636060602982937,0.0063934747872498735,0.002620657819170613,-5.053018188197249,0.6390018035132344,0.0031580448622268165
2016-11,928.2,6.833247226807075,6.83021115259074,925.3861895425032,0.003036074216335116,0.007401795824627997,125402.0,-4.906032629210016,-4.904265623499867,0.007414886402272122,-0.0017670057101488723,0.007415003292721275,-0.0017811816895944921,-4.904863175061548,0.7410456948867961,-0.0011694541484681409,0.14999272821291793,6188.3,-1.8971684646415528,-1.8997641316420344,0.1496039018881229,0.0025956670004816385,0.14960867609147582,0.002567044448727557,-1.8970490648843268,15.001063837746559,-0.00011939975722596863,0.11124161073825505,8344.0,-2.196050769873533,-2.200135438465747,0.11078815236878266,0.004084668592214236,0.11079170489894011,0.004060826031383163,-2.19685772284691,11.115188019873855,0.000806952973376962,0.007401795824627997,125402.0,-4.906032629210016,-4.904265623499867,0.007414886402272122,-0.0017670057101488723,0.007415003292721275,-0.0017811816895944921,-4.904863175061548,0.7410456948867961,-0.0011694541484681409,0.007552112996924479,122906.0,-4.8859278877343915,-4.885432591403959,0.007555854457268169,-0.0004952963304321045,0.007556145877279447,-0.0005337218762668899,-4.886707133819972,0.7546230334752174,0.0007792460855808869,0.006393310511561271,145183.0,-5.052503067821565,-5.052649688008038,0.006392373191898558,0.00014662018647282338,0.006392483241577424,0.00012941292962121104,-5.052990372533367,0.6390195780198243,0.00048730471180213897
2016-12,930.1,6.835292107248422,6.831467481471704,926.5495095417153,0.003824625776717383,0.00740413472484258,125619.0,-4.905716688212424,-4.904397048906292,0.00741391196184763,-0.0013196393061321032,0.007414018647817284,-0.001333139751086806,-4.904819574279838,0.7410780057627608,-0.0008971139325861799,0.1497600875921811,6210.6,-1.8987206813693382,-1.8996018500499683,0.14962818181754012,0.0008811686806300401,0.1496328346434529,0.0008504346591536643,-1.8969498293117844,15.002552550770668,-0.0017708520575538955,0.11112305854241339,8370.0,-2.1971170562350997,-2.200150726786183,0.11078645861695609,0.0030336705510833895,0.11079002148958798,0.0030060202926912856,-2.1969604452856264,11.114046299294827,-0.00015661094947327925,0.00740413472484258,125619.0,-4.905716688212424,-4.904397048906292,0.00741391196184763,-0.0013196393061321032,0.007414018647817284,-0.001333139751086806,-4.904819574279838,0.7410780057627608,-0.0008971139325861799,0.007555400311931375,123104.0,-4.8854926983036,-4.88582109401491,0.007552919558228445,0.00032839571130960366,0.0075531619920716515,0.00029634209647207,-4.88684012233408,0.7545226839520991,0.0013474240304800489,0.006396484375,145408.0,-5.052006755952292,-5.05280317207807,0.006391392139733766,0.0007964161257776325,0.006391491695904974,0.0007811445797894645,-5.052965927789011,0.6390351988809706,0.0009591718367190083
2017-01,932.1,6.837440105067111,6.832723810352668,927.714291971895,0.0047162947144432366,0.00740896770449975,125807.0,-4.905064160512476,-4.904528474312716,0.0074129376494809504,-0.0005356861997594109,0.007413034002913293,-0.0005485336249563388,-4.9047778628213194,0.7411089178519467,-0.00028629769115617876,0.14959315668683498,6230.9,-1.8998359585600109,-1.8994395684579022,0.14965246568746265,-0.0003963901021086791,0.14965699319543,-0.0004265521258445298,-1.8968604079523492,15.003894159398094,-0.0029755506076616367,0.11100392997499108,8397.0,-2.1981896731164516,-2.2001660151066194,0.1107847648910239,0.001976341990167718,0.11078833808023586,0.001945980041681626,-2.1970751322990068,11.11277173560754,-0.0011145408174448868,0.00740896770449975,125807.0,-4.905064160512476,-4.904528474312716,0.0074129376494809504,-0.0005356861997594109,0.007413034002913293,-0.0005485336249563388,-4.9047778628213194,0.7411089178519467,-0.00028629769115617876,0.007558875048657065,123312.0,-4.885032902950663,-4.88620959662586,0.007549985799183202,0.0011766936751964607,0.007550178106863856,0.0011518856469495589,-4.88697468065676,0.7544211634756883,0.0019417777060963815,0.006400554838355261,145628.0,-5.051370598881165,-5.052956656148103,0.006390411238133293,0.0015860572669383899,0.006390500150232525,0.0015733804688778054,-5.052944973713371,0.6390485894131572,0.001574374832206793
2017-02,931.3,6.836581459527612,6.833980139233632,928.8805386714912,0.0026013202939800806,0.007393675719877102,125959.0,-4.907130276627572,-4.90465989971914,0.007411963465155263,-0.0024703769084322147,0.0074120493580093014,-0.0024788877198106056,-4.904738137423327,0.7411383592834465,-0.0023921392042449696,0.14948635634028892,6230.0,-1.9005501522538868,-1.8992772868658359,0.1496767534985301,-0.0012728653880509366,0.14968115174740707,-0.0013014023799527371,-1.8967805192807206,15.005092848451945,-0.003769632973166237,0.11089545129792808,8398.0,-2.1991674017165264,-2.200181303427055,0.11078307119098578,0.0010139017105288417,0.11078665467088375,0.0009820372983328353,-2.1972015513843384,11.111366957966448,-0.0019658503321879905,0.007393675719877102,125959.0,-4.907130276627572,-4.90465989971914,0.007411963465155263,-0.0024703769084322147,0.0074120493580093014,-0.0024788877198106056,-4.904738137423327,0.7411383592834465,-0.0023921392042449696,0.00753966968911917,123520.0,-4.887576905730991,-4.88659809923681,0.007547053179689633,-0.000978806494180695,0.007547194221656061,-0.0009969973364802897,-4.887110992629427,0.7543183338472867,-0.0004659131015634088,0.006385502516352865,145846.0,-5.053725089955078,-5.053110140218136,0.006389430487074037,-0.0006149497369420942,0.006389508604560074,-0.0006269790769746834,-5.052927622654619,0.639059677678974,-0.0007974673004591537
2017-03,932.1,6.837440105067111,6.835236468114596,930.048251481264,0.002203636952515353,0.007394860647218894,126047.0,-4.906970027186395,-4.904791325125564,0.007410989408853727,-0.002178702060830595,0.007411064713105311,-0.0021864693554439377,-4.904700497032283,0.7411662565461363,-0.0022695301541117985,0.14941570620201017,6238.3,-1.9010228832815252,-1.8991150052737698,0.14970104525138198,-0.0019078780077554924,0.14970531029938416,-0.0019344944865004427,-1.8967099047310936,15.006152463737237,-0.0043129785504316676,0.11085870599429115,8408.0,-2.1994988074896757,-2.2001965917474915,0.11078137751684124,0.0006977842578157478,0.11078497126153163,0.0006655662037900336,-2.1973394786387606,11.109834503315119,-0.0021593288509151876,0.007394860647218894,126047.0,-4.906970027186395,-4.904791325125564,0.007410989408853727,-0.002178702060830595,0.007411064713105311,-0.0021864693554439377,-4.904700497032283,0.7411662565461363,-0.0022695301541117985,0.0075387614140940305,123641.0,-4.8876973791436455,-4.8869866018477595,0.007544121699305113,-0.0007107772958860892,0.007544210336448265,-0.0007222654341845753,-4.887249227110648,0.7542140682504482,-0.00044815203299730655,0.006385558676440365,145970.0,-5.053716295057512,-5.053263624288169,0.006388449886532894,-0.00045267076934329964,0.006388517058887625,-0.0004630781165628907,-5.052913974812972,0.6390683995237751,-0.000802320244540411
2017-04,933.7,6.83915518748988,6.83649279699556,931.2174322442871,0.002662390494320377,0.007397225545265127,126223.0,-4.90665027538998,-4.904922750531989,0.007410015480559524,-0.001727524857991547,0.00741008006820132,-0.00173473468813858,-4.904665059052474,0.7411925224463737,-0.001985216337506479,0.14938482952818266,6250.3,-1.9012295540886037,-1.8989527236817034,0.1497253409466581,-0.0022768304069002987,0.14972946885136126,-0.002301746782530374,-1.8966483348243375,15.007076419588843,-0.004581219264266245,0.11082492581602374,8425.0,-2.199803567730682,-2.200211880067928,0.11077968386858994,0.0004083123372455866,0.1107832878521795,0.0003758505876788573,-2.1974887053280114,11.108176743188167,-0.0023148624026707587,0.007397225545265127,126223.0,-4.90665027538998,-4.904922750531989,0.007410015480559524,-0.001727524857991547,0.00741008006820132,-0.00173473468813858,-4.904665059052474,0.7411925224463737,-0.001985216337506479,0.007539567183462533,123840.0,-4.887590501333674,-4.88737510445871,0.007541191357587168,-0.00021539687496385795,0.00754122645124047,-0.0002200262501949202,-4.8873895565539955,0.7541082372358634,-0.00020094477967802504,0.006387549170514794,146175.0,-5.053404625553991,-5.053417108358202,0.006387469436486763,1.2482804210733889e-05,0.006387525513215175,3.7036720354915867e-06,-5.052904136541946,0.6390746868828222,-0.0005004890120456906
2017-05,934.4,6.839904612073963,6.837749125876524,932.3880828059519,0.002155486197438883,0.0073925220335764805,126398.0,-4.90728632571094,-4.905054175938413,0.0074090416802558325,-0.002232149772527059,0.007409095423297329,-0.0022368978632309813,-4.904631958399991,0.7412170568085314,-0.002654367310949368,0.14934151643012403,6256.8,-1.901519539213439,-1.8987904420896373,0.14974964058499823,-0.0027290971238016493,0.14975362740333834,-0.0027519264832520586,-1.8965956133604762,15.007867635482807,-0.004923925852962752,0.11076339497392129,8436.0,-2.2003589295247026,-2.2002271683883636,0.11077799024623153,-0.00013176113633894815,0.11078160444282739,-0.00016437267719386804,-2.1976490393793164,11.106395866979685,-0.00270989014538614,0.0073925220335764805,126398.0,-4.90728632571094,-4.905054175938413,0.0074090416802558325,-0.002232149772527059,0.007409095423297329,-0.0022368978632309813,-4.904631958399991,0.7412170568085314,-0.002654367310949368,0.007533478993493667,124033.0,-4.88839832613942,-4.88776360706966,0.007538262154093516,-0.0006347190697599814,0.007538242566032674,-0.000631920835298114,-4.887532156871005,0.7540007088291486,-0.0008661692684146516,0.006383385708430113,146380.0,-5.054056647081255,-5.053570592428235,0.0063864891369125485,-0.00048605465302031803,0.006386533967542725,-0.0004929526921193931,-5.0528982203857975,0.6390784677596443,-0.0011584266954578482
2017-06,939.5,6.84534781885352,6.839005454757488,933.560205013969,0.0063423640960325045,0.007423708456469175,126554.0,-4.903076554680281,-4.9051856013448365,0.007408068007925838,0.0021090466645556916,0.0074081107783933375,0.002105486613581726,-4.904601345308953,0.7412397481010935,0.001524790628672612,0.14998164141696332,6264.1,-1.8972423829297942,-1.8986281604975712,0.14977394416704234,0.0013857775677770245,0.14977778595531543,0.0013610527111724527,-1.8965515794884484,15.008528504555885,-0.0006908034413457553,0.11115712257453857,8452.0,-2.1968105598824272,-2.2002424567088,0.11077629664976552,0.0034318968263726823,0.11077992103347527,0.0034049630794493607,-2.197820306581495,11.104493868512886,0.0010097466990677262,0.007423708456469175,126554.0,-4.903076554680281,-4.9051856013448365,0.007408068007925838,0.0021090466645556916,0.0074081107783933375,0.002105486613581726,-4.904601345308953,0.7412397481010935,0.001524790628672612,0.007563011680606651,124223.0,-4.884485797668521,-4.88815210968061,0.007535334088382039,0.0036663120120890014,0.0075352586808248795,0.003683085207465362,-4.887677205523714,0.7538913499735609,0.003191407855192452,0.006409338054208196,146583.0,-5.049999281056261,-5.053724076498268,0.006385508987787157,0.0037247954420074336,0.006385542421870276,0.0037264856711969638,-5.052896342750584,0.6390796677170061,0.002897061694323355
2017-07,943.9,6.850020228330899,6.840261783638452,934.7338007183725,0.009758444692447021,0.0074478829674751845,126734.0,-4.89982545241289,-4.905317026751261,0.0074070944635527105,0.005491574338370775,0.007407126133489346,0.005502381524403506,-4.90457339049471,0.7412604696101929,0.00474793808182028,0.15038396584137909,6276.6,-1.8945634832468714,-1.8984658789055049,0.14979825169343053,0.003902395658633484,0.1498019445072925,0.003885272223941302,-1.896516110350448,15.00906085356552,0.0019526271035765763,0.11150620200826934,8465.0,-2.193675066236337,-2.2002577450292358,0.1107746030791916,0.006582678792898644,0.11077823762412316,0.0065713663600264986,-2.1980023536330124,11.102472512142096,0.004327287396675317,0.0074478829674751845,126734.0,-4.89982545241289,-4.905317026751261,0.0074070944635527105,0.005491574338370775,0.007407126133489346,0.005502381524403506,-4.90457339049471,0.7412604696101929,0.00474793808182028,0.007587742568208492,124398.0,-4.88122115365666,-4.8885406122915604,0.007532407160010792,0.0073194586349005775,0.007532274795617084,0.007364013408497026,-4.887824886657562,0.7537800226648723,0.00660373300090189,0.0064310631455590985,146772.0,-5.0466154129444645,-5.053877560568301,0.006384528989087497,0.00726214762383659,0.006384550876197826,0.0072851278442582655,-5.052898628980839,0.6390782066354047,0.006283216036374384
2017-08,942.7,6.848748098402105,6.841518112519416,935.9088717715215,0.007229985882688972,0.007434601219252518,126799.0,-4.901610336116729,-4.905448452157685,0.0074061210471196405,0.0038381160409564075,0.007406141488585356,0.0038427203572906693,-4.904548252907252,0.7412791033442799,0.0029379167905227987,0.15006128523901244,6282.1,-1.8967115000670831,-1.8983035973134388,0.14982256316480283,0.0015920972463556726,0.1498261030592696,0.0015697009729325779,-1.8964890884189423,15.009466432859615,-0.00022241164814085224,0.11121991505427088,8476.0,-2.196245820986085,-2.200273033349672,0.11077290953450927,0.004027212363586941,0.11077655421477103,0.004002298524652343,-2.1981950194410795,11.100333651353289,0.0019491984549944164,0.007434601219252518,126799.0,-4.901610336116729,-4.905448452157685,0.0074061210471196405,0.0038381160409564075,0.007406141488585356,0.0038427203572906693,-4.904548252907252,0.7412791033442799,0.0029379167905227987,0.007565264146249469,124609.0,-4.884188015464489,-4.88892911490251,0.007529481368538007,0.004741099438020591,0.007529290910409289,0.004777772072858355,-4.887975359792931,0.7536666075546605,0.003787344328442188,0.006416460770900973,146919.0,-5.04888859508307,-5.054031044638334,0.006383549140790484,0.005142449555264328,0.006383559330525377,0.005154090166948994,-5.052905182067225,0.6390740187144308,0.0040165869841555235
2017-09,942.3,6.84832369521271,6.84277444140038,937.0854200281042,0.005549253812330512,0.007427463406559625,126867.0,-4.902570877390287,-4.90557987756411,0.007405147758609815,0.0030090001738223293,0.007405156843681365,0.003012301204301141,-4.904526054861242,0.7412955584745569,0.001955177470954972,0.14997135217723453,6283.2,-1.8973109886110346,-1.8981413157213725,0.1498468785817996,0.000830327110337814,0.1498502616112467,0.0008080771076794843,-1.8964703810998311,15.009747222364265,-0.0008406075112035172,0.11112028301886792,8480.0,-2.1971420335732383,-2.2002883216701083,0.11077121601571821,0.003146288096870009,0.11077487080541891,0.0031181459381319793,-2.1983981095233425,11.098079512583253,0.0012560759501041296,0.007427463406559625,126867.0,-4.902570877390287,-4.90557987756411,0.007405147758609815,0.0030090001738223293,0.007405156843681365,0.003012301204301141,-4.904526054861242,0.7412955584745569,0.001955177470954972,0.007558050932424303,124675.0,-4.885141935201613,-4.88931761751346,0.00752655671352207,0.004175682311847062,0.007526307025201493,0.004217726850169247,-4.888128733495473,0.75355102378056,0.002986798293860282,0.006409855245973008,147008.0,-5.04991859083606,-5.054184528708367,0.0063825694428730345,0.004265937872307113,0.006382567784852927,0.004275310821584969,-5.052916056518799,0.6390670691727485,0.0029974656827391755
2017-10,941.7,6.847686752516018,6.844030770281344,938.26344734514,0.0036559822346742266,0.007416420555227407,126975.0,-4.904058743153428,-4.905711302970534,0.007404174598006421,0.001652559817106436,0.0074041721987773736,0.0016542506199486251,-4.904506896002236,0.741309760987695,0.00044815284880872497,0.15002628686134878,6276.9,-1.8969447544972975,-1.8979790341293064,0.14987119794506112,0.001034279632008861,0.14987442016322378,0.001013292981948549,-1.8964598575151541,15.009905179541274,-0.00048489698214337906,0.11103643438273789,8481.0,-2.1978968938456824,-2.200303609990544,0.11076952252281806,0.0024067161448617647,0.1107731873960668,0.0023764504106021044,-2.1986114143573365,11.09571249103271,0.0007145205116541042,0.007416420555227407,126975.0,-4.904058743153428,-4.905711302970534,0.007404174598006421,0.001652559817106436,0.0074041721987773736,0.0016542506199486251,-4.904506896002236,0.741309760987695,0.00044815284880872497,0.007546398692181941,124788.0,-4.886684823932216,-4.88970612012441,0.007523633194521555,0.0030212961921947112,0.007523323139993697,0.0030672020540464585,-4.888285087107501,0.7534332125664889,0.001600263175285832,0.00639963574336217,147149.0,-5.051514205335898,-5.0543380127784,0.00638158989531207,0.002823807442502435,0.006381576239180477,0.002829944124276745,-5.052931275852435,0.6390573430718195,0.0014170705165374997
2017-11,942.0,6.848005274576363,6.845287099162308,939.4429555819831,0.0027181754140555014,0.00740909698680992,127141.0,-4.905046711228394,-4.905842728376958,0.007403201565292658,0.0007960171485636991,0.007403187553873382,0.0007982281812441175,-4.904490860889543,0.7413216480685585,-0.0005558503388511937,0.15017696011223416,6272.6,-1.8959409461437484,-1.8978167525372402,0.14989552125522787,0.00187580639349183,0.14989857871520088,0.0018571316647517974,-1.8964573932731197,15.009942167626125,0.0005164471293712669,0.11096713393803746,8489.0,-2.1985212121616047,-2.2003188983109805,0.11076782905580833,0.00179768614937581,0.11077150398671468,0.001766067483802061,-2.198834714728653,11.09323509092592,0.0003135025670482072,0.00740909698680992,127141.0,-4.905046711228394,-4.905842728376958,0.007403201565292658,0.0007960171485636991,0.007403187553873382,0.0007982281812441175,-4.904490860889543,0.7413216480685585,-0.0005558503388511937,0.00753642203963422,124993.0,-4.888007740140017,-4.8900946227353606,0.007520710811095205,0.002086882595343731,0.0075203392547859025,0.0021385717190992607,-4.888444476925048,0.7533131325542244,0.00043673678503086677,0.006391987623157723,147372.0,-5.052710006822021,-5.054491496848432,0.006380610498084521,0.0017814900264108147,0.006380584693508028,0.0017871292675258313,-5.052950840456414,0.639044840290289,0.00024083363439242333
2017-12,943.3,6.8493843656558075,6.8465434280432715,940.6239466003252,0.0028409376125360097,0.007413723995378703,127237.0,-4.904422402437964,-4.905974153783382,0.007402228660451705,0.0015517513454179621,0.007402202908969391,0.0015564402315088196,-4.904478030624501,0.7413311594828009,5.562818653714885e-05,0.1502740075192761,6277.2,-1.8952949345087582,-1.897654470945174,0.14991984851294043,0.0023595364364157323,0.14992273726717795,0.0023430085289342225,-1.8964628677234254,15.009859996668556,0.0011679332146672383,0.11102871939736346,8496.0,-2.1979663778259124,-2.2003341866314163,0.1107661356146887,0.0023678088055039126,0.11076982057736255,0.0023372685687442353,-2.199067785909607,11.0906498788036,0.0011014080836946327,0.007413723995378703,127237.0,-4.904422402437964,-4.905974153783382,0.007402228660451705,0.0015517513454179621,0.007402202908969391,0.0015564402315088196,-4.904478030624501,0.7413311594828009,5.562818653714885e-05,0.007538017724290589,125139.0,-4.887796032814594,-4.890483125346311,0.00751778956280193,0.002687092531716395,0.007517355369578107,0.002748620185777052,-4.8886069468964335,0.7531907517330073,0.000810914081839087,0.006394257166679094,147523.0,-5.052355009153431,-5.054644980918465,0.006379631251167303,0.0022899717650339824,0.006379593147835578,0.002298582135835819,-5.052974739784831,0.6390295677302805,0.0006197306313993067
2018-01,946.7,6.852982253134845,6.8477997569242355,941.8064222641981,0.005182496210609955,0.007434310753718334,127342.0,-4.901649406296813,-4.9061055791898065,0.007401255883466764,0.004456172892993493,0.007401218264065401,0.004471221962687487,-4.904468490597421,0.7413382318358731,0.0028190843006079547,0.15070761099702312,6281.7,-1.8924136703315348,-1.8974921893531078,0.14994417971883944,0.005078519021572969,0.14994689581915505,0.005073230584149903,-1.8964761562308377,15.009660539357983,0.0040624858993028035,0.11133717511466541,8503.0,-2.195192068250947,-2.2003494749518526,0.1107644421994587,0.005157406700905476,0.11076813716801044,0.0051371988480032665,-2.199310400753514,11.08795944889674,0.004118332502566879,0.007434310753718334,127342.0,-4.901649406296813,-4.9061055791898065,0.007401255883466764,0.004456172892993493,0.007401218264065401,0.004471221962687487,-4.904468490597421,0.7413382318358731,0.0028190843006079547,0.00755631116006577,125286.0,-4.885372149663271,-4.89087162795726,0.007514869449200821,0.00549947829398878,0.007514371484370312,0.005581261956863816,-4.888772537600099,0.7530660406722145,0.00340038793682762,0.006411350399566572,147660.0,-5.049685359478311,-5.054798464988498,0.006378652154537354,0.005113105510186955,0.006378601602163129,0.005134165675488769,-5.053002961433497,0.6390115335168117,0.0033176019551852676
2018-02,950.9,6.857408904545399,6.849056085805199,942.9903844399769,0.008352818740199552,0.0074514935899445195,127612.0,-4.899340784812726,-4.906237004596231,0.007400283234321033,0.00689621978350452,0.00740023361916141,0.006926804398496622,-4.904462325769382,0.7413428020726786,0.0051215409566554015,0.1509988249118684,6297.4,-1.8904832242380996,-1.8973299077610417,0.1499685148735657,0.006846683522942154,0.14997105437113215,0.006853126058531464,-1.8964971251482925,15.009345806324925,0.0060139009101929375,0.11151635979828779,8527.0,-2.193583974196651,-2.200364763272289,0.110762748810118,0.006780789075637728,0.11076645375865832,0.0067701548093558675,-2.199562323615169,11.085166490242297,0.0059783494185179364,0.0074514935899445195,127612.0,-4.899340784812726,-4.906237004596231,0.007400283234321033,0.00689621978350452,0.00740023361916141,0.006926804398496622,-4.904462325769382,0.7413428020726786,0.0051215409566554015,0.007568750746209257,125635.0,-4.883727252072058,-4.89126013056821,0.0075119504698511206,0.007532878496152584,0.007511387599162516,0.007636824260425109,-4.888941283357433,0.752938974694083,0.005214031285374787,0.006422656598268199,148054.0,-5.047923446518721,-5.054951949058531,0.006377673208171609,0.007028502539810688,0.006377610056490679,0.007063232367377999,-5.053035488216351,0.6389907488654502,0.005112041697630687
2018-03,951.8,6.85835492868701,6.850312414686163,944.1758349963831,0.008042514000846879,0.00744780744311246,127796.0,-4.899835592844203,-4.906368430002654,0.007399310712997718,0.006532837158451876,0.007399248974257418,0.006562621290887787,-4.904459599349267,0.7413448232873612,0.004624006505064671,0.15112734201333755,6298.0,-1.88963247297396,-1.8971676261689754,0.14999285397776008,0.007535153195015409,0.14999521292310922,0.007547768146498703,-1.896525609482384,15.008918281193395,0.006893136508423936,0.11147809791520262,8538.0,-2.1939271386308974,-2.2003800515927248,0.1107610554466662,0.006452912961827373,0.1107647703493062,0.0064400220724232715,-2.1998232870721104,11.082274044301995,0.0058961484412130005,0.00744780744311246,127796.0,-4.899835592844203,-4.906368430002654,0.007399310712997718,0.006532837158451876,0.007399248974257418,0.006562621290887787,-4.904459599349267,0.7413448232873612,0.004624006505064671,0.007562791510730773,125853.0,-4.884514909494598,-4.891648633179161,0.0075090326243122596,0.007133723684562554,0.007508403713954721,0.007243589829216224,-4.8891131922522595,0.7528095489121115,0.004598282757661387,0.006418937145940113,148280.0,-5.048502728577659,-5.055105433128564,0.006376694412047006,0.006602704550905614,0.006376618510818229,0.006636532364306866,-5.053072277348554,0.6389672413827263,0.004569548770895437
2018-04,952.3,6.8588801112,6.851568743567127,945.3627758044872,0.0073113676328731,0.00744618464160887,127891.0,-4.900053506416437,-4.906499855409079,0.007398338319480008,0.006446348992641404,0.007398264329353427,0.0064772371088869666,-4.904460335027898,0.7413442778960172,0.004406828611460689,0.15097659965755594,6307.6,-1.8906304233314317,-1.8970053445769093,0.1500171970320635,0.0063749212454775606,0.15001937147508632,0.006380697193019462,-1.8965613978361495,15.008381146327954,0.005930974504717801,0.11145833333333333,8544.0,-2.194104449999976,-2.200395339913161,0.11075936210910285,0.006290889913185271,0.11076308693995408,0.006276878088059638,-2.200092977572637,11.079285663255115,0.0059885275726614395,0.00744618464160887,127891.0,-4.900053506416437,-4.906499855409079,0.007398338319480008,0.006446348992641404,0.007398264329353427,0.0064772371088869666,-4.904460335027898,0.7413442778960172,0.004406828611460689,0.007559376389153489,125976.0,-4.884966580400245,-4.892037135790111,0.007506115912143836,0.007070555389866229,0.007505419828746925,0.007189012958329391,-4.889288232136681,0.7526777887476569,0.004321651736436394,0.006416251179086376,148420.0,-5.048921260324124,-5.055258917198597,0.0063757157661404875,0.006337656874473296,0.00637562696514578,0.006371799065830014,-5.053113246600498,0.6389410639090697,0.00419198627637396
2018-05,952.3,6.8588801112,6.852825072448091,946.5512087377125,0.006055038751909159,0.007432933444688141,128119.0,-4.901834687309992,-4.906631280815503,0.007397366053751114,0.004796593505511204,0.007397279684449436,0.004819847533094733,-4.904464520817035,0.7413411747916868,0.0026298335070427115,0.15043758491042936,6330.2,-1.894206999015711,-1.896843062984843,0.15004154403711714,0.002636063969131852,0.1500435300270634,0.002626270411625831,-1.8966042256248454,15.007738384315687,0.0023972266091343286,0.11106834616281781,8574.0,-2.197609535957922,-2.2004106282335973,0.11075766879742759,0.0028010922756753764,0.11076140353060196,0.002771205694689931,-2.2003710360700754,11.076205401997157,0.002761500112153481,0.007432933444688141,128119.0,-4.901834687309992,-4.906631280815503,0.007397366053751114,0.004796593505511204,0.007397279684449436,0.004819847533094733,-4.904464520817035,0.7413411747916868,0.0026298335070427115,0.007540402080875424,126293.0,-4.887479772008022,-4.892425638401061,0.007503200332905618,0.004945866393039289,0.0075024359435391305,0.00506050802992714,-4.889466335382223,0.752543746327683,0.0019865633742011113,0.006402361135388794,148742.0,-5.051088429248994,-5.05541240126863,0.0063747372704290005,0.004323972019636635,0.00637463541947333,0.004349380645482315,-5.053158278483711,0.6389122918375351,0.0020698492347168695
2018-06,951.2,6.857724345376572,6.854081401329055,947.7411356718364,0.0036429440475167496,0.0074149140175550745,128282.0,-4.9042618992039,-4.906762706221928,0.007396393915794242,0.0025008070180279063,0.007396295039545446,0.002517338466094105,-4.904472110725127,0.7413355481016582,0.00021021152122724374,0.14998423210343742,6342.0,-1.8972251097217205,-1.8966807813927768,0.15006589499356207,-0.0005443283289436884,0.1500676885790405,-0.0005561255483661963,-1.8966537825000345,15.006994666126033,-0.0005713272216860688,0.11072052147596323,8591.0,-2.2007460772614844,-2.200425916554033,0.11075597551164006,-0.0003201607074512225,0.11075972012124984,-0.00035390704530216337,-2.200657057309976,11.073037825013426,-8.90199515084511e-05,0.0074149140175550745,128282.0,-4.9042618992039,-4.906762706221928,0.007396393915794242,0.0025008070180279063,0.007396295039545446,0.002517338466094105,-4.904472110725127,0.7413355481016582,0.00021021152122724374,0.007520675532503677,126478.0,-4.890099313605035,-4.8928141410120105,0.007500285886157552,0.002714827406975928,0.007499452058331335,0.0028300033132106247,-4.889647401014332,0.7524074988538042,-0.0004519125907025412,0.006385606874328679,148960.0,-5.053708747134322,-5.055565885338663,0.006373758924889492,0.001857138204341524,0.006373643873800881,0.0018769483775164999,-5.053207223164145,0.638881021244856,-0.0005015239701764429
2018-07,950.9,6.857408904545399,6.855337730210019,948.9325584849953,0.002071174335379844,0.007411766539876535,128296.0,-4.904686468643246,-4.906894131628352,0.0073954219055926,0.002207662985106218,0.0073953103946414545,0.0022252135957680124,-4.904483038468702,0.7413274470211489,-0.0002034301745439393,0.14988493427067243,6344.2,-1.8978873841235542,-1.8965184998007107,0.15009024990203967,-0.0013688843228434333,0.1500918471310176,-0.0013785749479419906,-1.8967097396161616,15.006154941477284,-0.0011776445073925501,0.11056976744186046,8600.0,-2.2021085776962006,-2.2004412048744695,0.11075428225173979,-0.0016673728217311279,0.11075803671189773,-0.0016998249122723678,-2.2009506147300195,11.069787729665615,-0.001157962966181092,0.007411766539876535,128296.0,-4.904686468643246,-4.906894131628352,0.0073954219055926,0.002207662985106218,0.0073953103946414545,0.0022252135957680124,-4.904483038468702,0.7413274470211489,-0.0002034301745439393,0.0075120078366934205,126584.0,-4.891252493853421,-4.893202643622961,0.007497372571459732,0.0019501497695397774,0.007496468173123539,0.002072931307251403,-4.889831312730035,0.752269135023537,-0.0014211811233861837,0.006381022681519259,149020.0,-5.05442689956232,-5.055719369408696,0.006372780729498916,0.0012924698463763207,0.006372652328128431,0.0013134803155479668,-5.053259914836699,0.6388473584221672,-0.0011669847256214894
2018-08,954.4,6.861082870783706,6.856594059090983,950.125479057686,0.0044888116927230826,0.007426948367767791,128505.0,-4.902640222282548,-4.907025557034776,0.007394450023129408,0.0043853347522277986,0.007394325749737463,0.004411844857049487,-4.904497236142284,0.7413169219707548,0.001857013859735801,0.15031578284220307,6349.3,-1.8950169788061,-1.8963562182086444,0.15011460876319133,0.0013392394025444343,0.15011600568299466,0.001330818511320406,-1.8967717725360602,15.005224094741685,0.0017547937299602356,0.11084785133565621,8610.0,-2.1995967266380703,-2.2004564931949053,0.11075258901772647,0.0008597665568350621,0.1107563533025456,0.0008261199505248058,-2.201251282454768,11.066459902085729,0.0016545558166978225,0.007426948367767791,128505.0,-4.902640222282548,-4.907025557034776,0.007394450023129408,0.0043853347522277986,0.007394325749737463,0.004411844857049487,-4.904497236142284,0.7413169219707548,0.001857013859735801,0.007526279680464321,126809.0,-4.889354425600724,-4.893591146233911,0.007494460388372449,0.004236720633186586,0.007493484287915744,0.004376521160051473,-4.890017957713338,0.7521287408657311,0.0006635321126138294,0.006393483255960395,149277.0,-5.0524760486325055,-5.055872853478729,0.0063718026842342285,0.0033968048462238443,0.006371660782455981,0.0034249270715259903,-5.053316191566049,0.6388114071938993,0.0008401429335433974
2018-09,954.4,6.861082870783706,6.857850387971947,951.3198992727697,0.003232482811759141,0.0074252149220056796,128535.0,-4.902873648987622,-4.9071569824412,0.0073934782683878625,0.004283333453577676,0.007393341104833472,0.004311151983961574,-4.90451463741007,0.7413040222287169,0.0016409884224479754,0.15009593306702732,6358.6,-1.8964806355330612,-1.8961939366165783,0.1501389715776585,-0.00028669891648291923,0.15014016423497176,-0.00029459917117993377,-1.8968395659093267,15.004206874464469,0.0003589303762654428,0.11060377795804843,8629.0,-2.2018010317246013,-2.2004717815153416,0.1107508958095996,-0.0013292502092596692,0.11075466989319348,-0.0013623979493646448,-2.201558643543683,11.063059025595114,-0.00024238818091815162,0.0074252149220056796,128535.0,-4.902873648987622,-4.9071569824412,0.0073934782683878625,0.004283333453577676,0.007393341104833472,0.004311151983961574,-4.90451463741007,0.7413040222287169,0.0016409884224479754,0.007521830963714889,126884.0,-4.889945691439237,-4.893979648844861,0.007491549336456153,0.004033957405623845,0.007490500402707948,0.004182706003942597,-4.8902072341141505,0.7519863941165777,0.00026154267491307337,0.006390015934867901,149358.0,-5.053018516876256,-5.0560263375487615,0.006370824789072395,0.003007820672505268,0.006370669236783532,0.003036839202491197,-5.053375900421386,0.6387732656347052,0.0003573835451300411
2018-10,954.5,6.8611876431658025,6.859106716852911,952.5158210154743,0.0020809263128915845,0.007418432219856061,128666.0,-4.903787535252483,-4.907288407847624,0.007392506641351187,0.0035008725951417574,0.007392356459929482,0.003527394825712758,-4.90453516160745,0.7412888077147797,0.0007476263549675011,0.1498665410582509,6369.0,-1.8980101072055635,-1.896031655024512,0.15016333834608284,-0.0019784521810515265,0.15016432278694883,-0.001983039134538109,-1.896912790845482,15.003108232598505,-0.0010973163600815905,0.11042341508560852,8644.0,-2.2034330744609743,-2.200487069835778,0.11074920262735885,-0.002946004625196341,0.11075298648384137,-0.0029757337359108955,-2.201872268289591,11.05958992054628,-0.0015608061713834331,0.007418432219856061,128666.0,-4.903787535252483,-4.907288407847624,0.007392506641351187,0.0035008725951417574,0.007392356459929482,0.003527394825712758,-4.90453516160745,0.7412888077147797,0.0007476263549675011,0.007512908507020968,127048.0,-4.89113260362468,-4.8943681514558115,0.007488639415271467,0.0032355478311316688,0.0074875165175001535,0.0033912432061375015,-4.890399034962532,0.7518421763192049,-0.0007335686621479098,0.006383462518474924,149527.0,-5.054044614347186,-5.0561798216187945,0.0063698470439903674,0.0021352072716087633,0.006369677691111082,0.0021641326346980615,-5.053438881989315,0.6387330359597616,-0.0006057323578705365
2018-11,960.6,6.867558089230724,6.860363045733875,953.7132461733979,0.007195043496849074,0.007460623194258909,128756.0,-4.898116330151169,-4.907419833254049,0.007391535142002599,0.009303503102879418,0.0073913718150254906,0.00936921872779302,-4.904558715407864,0.7412713477517786,0.006442385256694827,0.15059258794757635,6378.8,-1.8931771816430931,-1.8958693734324459,0.15018770906910597,0.0026921917893527603,0.15018848133892593,0.0026906631257458923,-1.896991115684522,15.001933162580272,0.0038139340414289347,0.1110391862212461,8651.0,-2.19787211094965,-2.2005023581562138,0.11074750947100385,0.002630247206563574,0.11075130307448924,0.0025993657750756623,-2.2021917288555968,11.056057381973897,0.004319617905946593,0.007460623194258909,128756.0,-4.898116330151169,-4.907419833254049,0.007391535142002599,0.009303503102879418,0.0073913718150254906,0.00936921872779302,-4.904558715407864,0.7412713477517786,0.006442385256694827,0.0075552129868495565,127144.0,-4.885517492145931,-4.894756654066761,0.00748573062437919,0.00923916192082963,0.007484532632292358,0.009443522799572699,-4.890593251270466,0.7516961704863871,0.005075759124534507,0.0064203934044928055,149617.0,-5.0482758851993035,-5.0563333056888276,0.006368869448965119,0.00805742048952407,0.006368686145438633,0.008118983707684596,-5.053504974098851,0.6386908221410006,0.005229088899547207
2018-12,959.5,6.8664123154477545,6.861619374614839,954.9121766365114,0.004792940832915704,0.007443235150377398,128909.0,-4.900449692609218,-4.907551258660472,0.0073905637703253245,0.007101566051254338,0.007390387170121499,0.007150908205399225,-4.904585199716029,0.7412517159529398,0.004135507106810543,0.15038477814522827,6380.3,-1.8945580817291579,-1.8957070918403798,0.15021208374736977,0.0011490101112219264,0.15021263989090303,0.0011459638446555819,-1.89707421723339,15.000686530497692,0.002516135504232242,0.11078397413693569,8661.0,-2.20017315288329,-2.20051764647665,0.11074581634053414,0.00034449359336008456,0.11074961966513713,0.0003101994562368084,-2.2025166094480646,11.052466066907154,0.0023434565647746375,0.007443235150377398,128909.0,-4.900449692609218,-4.907551258660472,0.0073905637703253245,0.007101566051254338,0.007390387170121499,0.007150908205399225,-4.904585199716029,0.7412517159529398,0.004135507106810543,0.007537431852817798,127298.0,-4.887873758055236,-4.895145156677711,0.007482822963340273,0.007271398622474834,0.007481548747084562,0.007469456876159869,-4.890789779710186,0.7515484553264481,0.002916021654949752,0.006404822140191844,149809.0,-5.050704112919573,-5.056486789758861,0.006367892003973619,0.0057826768392876815,0.006367694599766183,0.005830609468460474,-5.053574019252868,0.6386467251571756,0.0028699063332950914
2019-01,956.0,6.862757913051401,6.862875703495803,956.1126142971617,-0.00011779044440185515,0.007405112316034082,129100.0,-4.9055846637833325,-4.907682684066897,0.007389592526302572,0.002098020283564317,0.007389402525217508,0.0021259893155044086,-4.904614465726897,0.7412300227896025,-0.0009701980564358337,0.1498315179061202,6380.5,-1.8982438301226299,-1.8955448102483134,0.1502364623815162,-0.0026990198743164218,0.1502367984428801,-0.002697611643488141,-1.8971617428705252,14.999373643308129,-0.0010820872521046798,0.11023985239852399,8672.0,-2.205096810628026,-2.200532934797086,0.11074412323594938,-0.004563875830940312,0.11074793625578501,-0.004587750114706796,-2.202846460942972,11.048820995651724,-0.0022503496850543314,0.007405112316034082,129100.0,-4.9055846637833325,-4.907682684066897,0.007389592526302572,0.002098020283564317,0.007389402525217508,0.0021259893155044086,-4.904614465726897,0.7412300227896025,-0.0009701980564358337,0.007494982438534872,127552.0,-4.893521490521065,-4.895533659288661,0.007479916431715857,0.002012168767596023,0.007478564861876767,0.0021952843842802817,-4.890988477789119,0.7513991389270821,-0.0025330127319467266,0.006370785019325603,150060.0,-5.056032580048319,-5.056640273828894,0.006366914708992843,0.0006076937805747917,0.006366703054093733,0.0006411427071732187,-5.053645819606333,0.638600871742735,-0.0023867604419853805
2019-02,958.6,6.865473886725531,6.864132032376767,957.3145610500744,0.0013418543487642154,0.007422549497859029,129147.0,-4.903232682724946,-4.907814109473321,0.007388621409917573,0.00458142674837525,0.007388417880313517,0.0046196111398159765,-4.904646332725647,0.7412064023897504,0.0014136500007007058,0.15004382669671926,6388.8,-1.8968278495834259,-1.8953825286562473,0.15026084497218714,-0.0014453209271785283,0.1502609569948572,-0.0014450213979761374,-1.8972533205597408,14.998000098224196,0.00042547097631495667,0.11037420840529649,8685.0,-2.2038787919496743,-2.200548223117522,0.11074243015724912,-0.003330568832152103,0.11074625284643289,-0.003359431417081817,-2.20318081613407,11.045127382520088,-0.0006979758156044902,0.007422549497859029,129147.0,-4.903232682724946,-4.907814109473321,0.007388621409917573,0.00458142674837525,0.007388417880313517,0.0046196111398159765,-4.904646332725647,0.7412064023897504,0.0014136500007007058,0.0075159555283749666,127542.0,-4.890727114375649,-4.895922161899612,0.007477011029067247,0.00519504752396216,0.007475580976668971,0.005400858051301007,-4.891189180514523,0.7512483462047942,0.00046206613887367354,0.006387813443328646,150067.0,-5.053363253293668,-5.056793757898927,0.006365937563999767,0.003430504605258733,0.006365711508421284,0.0034720289912798575,-5.0537201551698745,0.6385534027513952,0.00035690187620662783
2019-03,959.7,6.866620735623582,6.865388361257731,958.5180187923572,0.0012323743658511077,0.007419978351631359,129340.0,-4.903579139377002,-4.907945534879746,0.007387650421153552,0.004366395502743536,0.007387433235409527,0.004405470098306545,-4.904680627483552,0.7411809833314952,0.0011014881065500859,0.15,6398.0,-1.8971199848858813,-1.895220247064181,0.15028523152002485,-0.0018997378217002758,0.15028511554683427,-0.0018971642387660304,-1.89734858661429,14.996571365984632,0.00022860172840877269,0.11024698449167146,8705.0,-2.2050321165787072,-2.2005635114379585,0.11074073710443298,-0.00446860514074876,0.11074456943708078,-0.004493086640171708,-2.203519225178919,11.041390243888753,-0.0015128913997881632,0.007419978351631359,129340.0,-4.903579139377002,-4.907945534879746,0.007387650421153552,0.004366395502743536,0.007387433235409527,0.004405470098306545,-4.904680627483552,0.7411809833314952,0.0011014881065500859,0.007513740350437656,127726.0,-4.891021887865574,-4.896310664510562,0.007474106754955918,0.005288776644987614,0.007472597091461176,0.0055058848313250235,-4.891391742438512,0.7510961873057134,0.0003698545729378111,0.0063854419641371975,150295.0,-5.053734572764397,-5.05694724196896,0.006364960568971373,0.003212669204562424,0.006364719962748834,0.0032557601135076125,-5.0537968243704805,0.6385044472491757,6.225160608330782e-05
2019-04,962.1,6.869118395367219,6.866644690138695,959.7229894235027,0.0024737052285246364,0.007423668392503029,129599.0,-4.903081951453941,-4.90807696028617,0.007386679559993739,0.004995008832229253,0.007386448590505535,0.0050389306229431195,-4.904717165864094,0.7411539022734279,0.0016352144101530186,0.150112338513387,6409.2,-1.896371341766506,-1.895057965472115,0.15030962202567144,-0.0013133762943910998,0.15030927409881137,-0.001310202491530191,-1.8974471740644707,14.99509296512929,0.0010758322979647073,0.11031991744066048,8721.0,-2.2043707938597668,-2.2005787997583943,0.11073904407750063,-0.003791994101372431,0.11074288602772865,-0.0038193747900182188,-2.2038612436206964,11.037614530521092,-0.0005095502390703999,0.007423668392503029,129599.0,-4.903081951453941,-4.90807696028617,0.007386679559993739,0.004995008832229253,0.007386448590505535,0.0050389306229431195,-4.904717165864094,0.7411539022734279,0.0016352144101530186,0.007518050823617666,127972.0,-4.890448373605264,-4.896699167121511,0.0074712036089435215,0.006250793516247022,0.007469613206253381,0.006484621897655274,-4.891596014547874,0.7509427749726627,0.0011476409426096623,0.006388828017610614,150591.0,-5.053204436238779,-5.057100726038993,0.006363983723884645,0.0038962898002132818,0.006363728417076385,0.003944165886601582,-5.053875622881268,0.6384541360318516,0.0006711866424886637
2019-05,962.1,6.869118395367219,6.8679010190196585,960.9294748453913,0.0012173763475606947,0.007422236622847621,129624.0,-4.903274835573618,-4.9082083856925935,0.007385708826421371,0.00493355011897556,0.007385463945601544,0.004979061236630521,-4.904755755231616,0.7411253021649366,0.0014809196579976813,0.1499252010222527,6417.2,-1.8976187691097017,-1.8948956838800488,0.15033401648976932,-0.0027230852296529218,0.15033343265078847,-0.002715507930189067,-1.897548714176678,14.993570439007096,-7.005493302369992e-05,0.11016832703538303,8733.0,-2.205745837046514,-2.2005940880788306,0.11073735107645157,-0.005151748967683556,0.11074120261837653,-0.005173102417604028,-2.2042064386761226,11.033805058104802,-0.0015393983703915204,0.007422236622847621,129624.0,-4.903274835573618,-4.9082083856925935,0.007385708826421371,0.00493355011897556,0.007385463945601544,0.004979061236630521,-4.904755755231616,0.7411253021649366,0.0014809196579976813,0.0075131192603236086,128056.0,-4.891104551859314,-4.8970876697324615,0.00746830159059186,0.0059831178731473145,0.007466629321045586,0.006226362295364705,-4.8918018449755785,0.7507882240062997,0.0006972931162643192,0.0063876827470820225,150618.0,-5.053383713750887,-5.057254210109026,0.006363007028716571,0.003870496358138631,0.006362736871403934,0.003920620352886616,-5.053956345895019,0.6384026001699427,0.0005726321441317239
2019-06,964.6,6.871713507634872,6.8691573479006225,962.1374769622942,0.0025561597342491638,0.007430574278781343,129815.0,-4.902152131344133,-4.908339811099018,0.007384738220419667,0.006187679754884989,0.007384479300697553,0.006242143312587516,-4.904796190333066,0.7410953352940169,0.0026440589889329402,0.15009024709030933,6426.8,-1.8965185185343085,-1.8947334022879825,0.15035841491296095,-0.0017851162463260462,0.15035759120276554,-0.0017780553034777297,-1.897652829916132,14.992009453596769,0.0011343113818234052,0.11026520347508002,8748.0,-2.204866874161787,-2.2006093763992665,0.1107356581012855,-0.00425749776252049,0.11073951920902442,-0.004283165913418028,-2.2045543814936344,11.029966592706968,-0.00031249266815258636,0.007430574278781343,129815.0,-4.902152131344133,-4.908339811099018,0.007384738220419667,0.006187679754884989,0.007384479300697553,0.006242143312587516,-4.904796190333066,0.7410953352940169,0.0026440589889329402,0.007522186003711964,128234.0,-4.889898491280143,-4.897476172343412,0.007465400699462927,0.007577681063268393,0.00746364543583779,0.00784342830556807,-4.892009072999342,0.7506326557659799,0.0021105817191990894,0.006394940267041462,150838.0,-5.052248184567048,-5.057407694179059,0.006362030483444144,0.005159509612010282,0.006361745325731485,0.005217898487025725,-5.054038783425604,0.6383499740052809,0.00179059885855537
2019-07,966.2,6.873370852120306,6.870413676781586,963.3469976808766,0.002957175338719864,0.007438430092460718,129893.0,-4.901095461480545,-4.908471236505442,0.00738376774197187,0.00737577502489728,0.007383494655793562,0.00744030289560113,-4.904838254488544,0.7410641624002445,0.003742793007998735,0.1498472370849424,6447.9,-1.8981389232610333,-1.8945711206959164,0.1503828172958888,-0.0035678025651169065,0.15038174975474264,-0.003554371927923208,-1.8977591447886002,14.990415664746898,-0.00037977847243308993,0.11015847679854066,8771.0,-2.205835251831075,-2.2006246647197027,0.11073396515200193,-0.0052105871113723445,0.1107378357996723,-0.005231807150175067,-2.2049046550997415,11.026103763096422,-0.000930596731333555,0.007438430092460718,129893.0,-4.901095461480545,-4.908471236505442,0.00738376774197187,0.00737577502489728,0.007383494655793562,0.00744030289560113,-4.904838254488544,0.7410641624002445,0.003742793007998735,0.007526973863592101,128365.0,-4.8892621952896835,-4.897864674954362,0.0074625009351188785,0.00860247966467842,0.007460661550629995,0.008888261786450575,-4.8922175325165345,0.7504761955533471,0.0029553372268509293,0.006401346257047642,150937.0,-5.051246958073836,-5.057561178249091,0.006361054088044363,0.006314220175254626,0.006360753780059035,0.006381708582379777,-5.054122721068437,0.6382963946618533,0.0028757629946012386
2019-08,963.7,6.870780042857242,6.87167000566255,964.5580389102007,-0.0008899628053082864,0.00740561434247028,130131.0,-4.905516871507104,-4.908602661911867,0.0073827973910612155,0.003085790404762534,0.0073825100108895715,0.0031296038266969517,-4.904881710616461,0.7410319593209238,-0.0006351608906429718,0.14932750712780463,6453.6,-1.9016133507655228,-1.8944088391038503,0.1504072236391955,-0.007204511661672575,0.1504059083067197,-0.007169938940935234,-1.8978672735474484,14.988794857335975,-0.003746077218074406,0.10969834945930564,8785.0,-2.210020957763956,-2.200639953040139,0.11073227222860052,-0.009381004723816755,0.11073615239032017,-0.00937185290090729,-2.2052568449321637,11.02222116520571,-0.004764112831792122,0.00740561434247028,130131.0,-4.905516871507104,-4.908602661911867,0.0073827973910612155,0.003085790404762534,0.0073825100108895715,0.0031296038266969517,-4.904881710616461,0.7410319593209238,-0.0006351608906429718,0.007497043813791387,128544.0,-4.893246494301767,-4.898253177565312,0.00745960229712204,0.005006683263545142,0.007457677665422199,0.005278606844555657,-4.892427041139172,0.7503189807887942,-0.0008194531625953516,0.006374984289106894,151169.0,-5.055373652394504,-5.057714662319124,0.006360077842494216,0.002341009924619719,0.006359762234386585,0.0023934943098980256,-5.054207930602585,0.6382420080405783,-0.0011657217919189833
2019-09,963.5,6.870572487854421,6.872926334543514,965.7706025617285,-0.0023538466890933307,0.0073936798809030495,130314.0,-4.907129713845955,-4.90873408731829,0.0073818271676709514,0.0016043734723352188,0.00738152536598558,0.0016466129038149513,-4.904926292755652,0.7409989232673828,-0.002203421090302804,0.1492040386521308,6457.6,-1.9024405228648142,-1.894246557511784,0.1504316339435239,-0.008193965353030297,0.1504300668586968,-0.008150153969669156,-1.8979768338764316,14.9871527699958,-0.004463688988382675,0.10967558338076266,8785.0,-2.2102285127667765,-2.200655241360575,0.11073057933108091,-0.009573271406201567,0.11073446898096806,-0.009562384774585278,-2.2056105436091498,11.018323309535964,-0.004617969157626689,0.0073936798809030495,130314.0,-4.907129713845955,-4.90873408731829,0.0073818271676709514,0.0016043734723352188,0.00738152536598558,0.0016466129038149513,-4.904926292755652,0.7409989232673828,-0.002203421090302804,0.007485704518615203,128712.0,-4.89476014147645,-4.898641680176262,0.0074567047850349144,0.0038815386998116708,0.007454693780214404,0.004159894331690111,-4.892637393675743,0.750161165886912,-0.002122747800706648,0.0063654081194463715,151365.0,-5.056876929712318,-5.057868146389157,0.006359101746770712,0.0009912166768391018,0.006358770688714136,0.001043822942698063,-5.054294161617581,0.6381869741572597,-0.002582768094736565
2019-10,965.1,6.8722317229130905,6.874182663424478,966.984690549325,-0.0019509405113877776,0.00739783990127015,130457.0,-4.906567226618402,-4.908865512724715,0.007380857071784305,0.0022982861063125526,0.007380540721081589,0.0023438906229659184,-4.9049717398458865,0.7409652477876857,-0.0015954867725156419,0.14923226794080807,6467.1,-1.9022513415344073,-1.8940842759197178,0.15045604820951677,-0.008167065614689495,0.1504542254106739,-0.008121788979541316,-1.898087472364221,14.98549470580161,-0.004163869170186407,0.1096579934098398,8801.0,-2.2103889074607213,-2.200670529681011,0.11072888645944262,-0.009718377779710075,0.11073278557161594,-0.009706178312303198,-2.2059653805090793,11.014414295422625,-0.004423526951641943,0.00739783990127015,130457.0,-4.906567226618402,-4.908865512724715,0.007380857071784305,0.0022982861063125526,0.007380540721081589,0.0023438906229659184,-4.9049717398458865,0.7409652477876857,-0.0015954867725156419,0.007493594223153972,128790.0,-4.893706726973625,-4.899030182787212,0.007453808398420155,0.0053234558135866195,0.007451709895006609,0.005620767412782667,-4.892848391257679,0.7500029003922535,-0.0008583357159466232,0.006371979400501783,151460.0,-5.055845119754723,-5.05802163045919,0.006358125800850855,0.002176510704466672,0.006357779143041686,0.002233524811197321,-5.054381172697729,0.6381314472350655,-0.0014639470569939306
2019-11,962.2,6.869222329265353,6.875438992305442,968.200304789261,-0.006216663040088832,0.0073650531214598455,130644.0,-4.911009016403827,-4.908996938131139,0.0073798871033845265,-0.0020120782726875674,0.007379556076177598,-0.0019652882325225805,-4.905017807828639,0.7409311137996788,-0.0059912085751880895,0.14861838345458198,6474.3,-1.9063734433501742,-1.8939219943276515,0.1504804664378171,-0.01245144902252271,0.15047838396265098,-0.01236058269027304,-1.8981988700415326,14.983825449475383,-0.008174573308641575,0.10917962101441053,8813.0,-2.2147608538343073,-2.2006858180014475,0.11072719361368528,-0.01407503583285985,0.11073110216226381,-0.014011249933914319,-2.20632102064281,11.010497824118104,-0.008439833191497215,0.0073650531214598455,130644.0,-4.911009016403827,-4.908996938131139,0.0073798871033845265,-0.0020120782726875674,0.007379556076177598,-0.0019652882325225805,-4.905017807828639,0.7409311137996788,-0.0059912085751880895,0.007461344003474,128958.0,-4.8980197196699775,-4.899418685398162,0.007450913136840603,0.0013989657281845425,0.007448726009798813,0.001693980105938622,-4.893059851395634,0.7498443214426237,-0.004959868274343471,0.006344161880962899,151667.0,-5.060220277799407,-5.058175114529223,0.006357150004711656,-0.0020451632701838918,0.006356787597369237,-0.001986178744050325,-5.0544687423560966,0.6380755687289044,-0.005751535443310196
2019-12,964.0,6.871091294610546,6.876695321186406,969.4174472002164,-0.005604026575860566,0.007369241824269574,130814.0,-4.910440451306142,-4.9091283635375635,0.007378917262454864,-0.001312087768578607,0.007378571431273607,-0.001264419148195786,-4.905064264956236,0.7408966930679345,-0.00537618634990622,0.14879298635549792,6478.8,-1.905199292401696,-1.8937597127355854,0.15050488862906794,-0.011439579666110644,0.15050254251462808,-0.01135898524082405,-1.898310740067703,14.98214930228728,-0.006888552333992992,0.10927227386080254,8822.0,-2.2139125860543394,-2.2007011063218833,0.11072550079380858,-0.013211479732456066,0.1107294187529117,-0.013159509988585047,-2.2066771631533513,11.006577215969768,-0.007235422900988109,0.007369241824269574,130814.0,-4.910440451306142,-4.9091283635375635,0.007378917262454864,-0.001312087768578607,0.007378571431273607,-0.001264419148195786,-4.905064264956236,0.7408966930679345,-0.00537618634990622,0.007468931106083615,129068.0,-4.897003381631056,-4.899807188009112,0.0074480189998592655,0.002803806378055995,0.007445742124591018,0.0031143949259282875,-4.893271598223228,0.7496855610954622,-0.0037317834078285372,0.006350712149360317,151794.0,-5.059188322860261,-5.058328598599256,0.006356174358330127,-0.0008597242610051126,0.006355796051696787,-0.000799884435422144,-5.0545566604016425,0.6380194728379478,-0.004631662458618457
2020-01,960.2,6.86714159609684,6.87795165006737,970.6361197032833,-0.010810053970530475,0.007327980951218023,131032.0,-4.916055251065376,-4.909259788943988,0.007377947548978563,-0.0067954621213877076,0.007377586786369616,-0.0067238565384607745,-4.905110925709468,0.7408621230767061,-0.010944325355907836,0.14801683340784016,6487.1,-1.910429272443676,-1.8935974311435193,0.15052931478391243,-0.01683184130015669,0.15052670106660515,-0.016673903307390082,-1.89842285867748,14.98046961869969,-0.012006413766195934,0.10870598890524172,8833.0,-2.2191083906482922,-2.2007163946423196,0.11072380799981199,-0.018391996005972633,0.11072773534355958,-0.018258717493362452,-2.2070335723058814,11.002655070097829,-0.012074818342410865,0.007327980951218023,131032.0,-4.916055251065376,-4.909259788943988,0.007377947548978563,-0.0067954621213877076,0.007377586786369616,-0.0067238565384607745,-4.905110925709468,0.7408621230767061,-0.010944325355907836,0.007429013539651838,129250.0,-4.9023621962738355,-4.900195690620062,0.007445125987039325,-0.0021665056537738536,0.007442758239383222,-0.0018467212408774132,-4.893483494144663,0.7495267226119151,-0.008878702129172744,0.006315817168866876,152031.0,-5.064698130305557,-5.058482082669289,0.006355198861683284,-0.006216047636268485,0.006354804506024337,-0.006135096228452293,-5.054644761022453,0.6379632654022931,-0.01005336928310463
2020-02,964.9,6.872024469026338,6.879207978948335,971.8563242219691,-0.007183509921996567,0.007351282988968123,131256.0,-4.91288042466838,-4.9093912143504115,0.007376977962938882,-0.0034892103179684497,0.007376602141465625,-0.0034323597791965587,-4.905157646052042,0.7408275105530765,-0.007722778616337855,0.14828190312269487,6507.2,-1.9086400661266218,-1.893435149551453,0.15055374490299392,-0.01520491657516887,0.15055085961858225,-0.01507102982763256,-1.8985350552580198,14.978788955517686,-0.010105010868602049,0.10875788999098286,8872.0,-2.218631060003865,-2.2007316829627555,0.11072211523169524,-0.017899377041109332,0.11072605193420747,-0.017775057530219462,-2.2073900681944596,10.998733367878787,-0.011240991809405187,0.007351282988968123,131256.0,-4.91288042466838,-4.9093912143504115,0.007376977962938882,-0.0034892103179684497,0.007376602141465625,-0.0034323597791965587,-4.905157646052042,0.7408275105530765,-0.007722778616337855,0.007454649402021076,129436.0,-4.898917360439914,-4.900584193231012,0.007442234097944113,0.0016668327910975833,0.007439774354175427,0.0019993950269876467,-4.893695430358769,0.7493678875879944,-0.005221930081145132,0.006335813202182634,152293.0,-5.061537106883366,-5.058635566739322,0.006354223514748147,-0.002901540144043757,0.006353812960351888,-0.0028329065211035926,-5.054732914144751,0.6379070294272614,-0.0068041927386151
2020-03,969.0,6.876264611890766,6.880464307829298,973.0780626821966,-0.0041996959385315336,0.007454304880300326,129992.0,-4.898963577191846,-4.909522639756836,0.007376008504319061,0.010559062564990285,0.007375617496561634,0.010668582498397508,-4.905186617730486,0.7408060478475652,0.006223040538640312,0.1488159228430138,6511.4,-1.9050451539545437,-1.8932728679593869,0.1505781789869557,-0.011772285995156784,0.15057501817055935,-0.01168251778361401,-1.8986199690125918,14.977517104308127,-0.006425184941951878,0.10942970073404856,8855.0,-2.212472938326168,-2.2007469712831917,0.11072042248945782,-0.011725967042976126,0.11072436852485534,-0.011692708733002656,-2.2077162242185966,10.995146649679647,-0.0047567141075712804,0.007454304880300326,129992.0,-4.898963577191846,-4.909522639756836,0.007376008504319061,0.010559062564990285,0.007375617496561634,0.010668582498397508,-4.905186617730486,0.7408060478475652,0.006223040538640312,0.007566292906893213,128068.0,-4.884052039947664,-4.900972695841962,0.0074393433321371496,0.01692065589429781,0.007436790468967632,0.01741375375116071,-4.8938935198171585,0.7492194604104229,0.00984147986949413,0.006421683952417244,150895.0,-5.048074897790038,-5.058789050809355,0.006353248317501739,0.01071415301931733,0.006352821414679438,0.010839677875830974,-5.0548036402251,0.6378619143588673,0.006728742435062607
2020-04,963.7,6.870780042857242,6.881720636710263,974.3013370123151,-0.010940593853020708,0.008611922826018963,111903.0,-4.7546076607348775,-4.90965406516326,0.0073750391731023605,0.1550464044283828,0.007374632851657643,0.1677764845043379,-4.905215589408931,0.7407845857638548,0.15060792867405315,0.14895820452578212,6469.6,-1.9040895189243707,-1.8931105863673205,0.1506026170364413,-0.01097893255705018,0.15059917672253642,-0.010896289292322104,-1.8987048827671638,14.976245361091644,-0.005384636157206968,0.1121624767225326,8592.0,-2.187806773891404,-2.200762259603628,0.11071872977309939,0.012955485712224046,0.11072268511550322,0.01300358282972839,-2.208042380242734,10.991561101119496,0.020235606351330038,0.008611922826018963,111903.0,-4.7546076607348775,-4.90965406516326,0.0073750391731023605,0.1550464044283828,0.007374632851657643,0.1677764845043379,-4.905215589408931,0.7407845857638548,0.15060792867405315,0.008880636213680806,108517.0,-4.723882078859712,-4.901361198452912,0.007436453689182121,0.17747911959320017,0.007433806583759837,0.19462836618345253,-4.894091609275547,0.7490710626317991,0.17020953041583464,0.007388864183521691,130426.0,-4.907781252245668,-5.058942534879388,0.006352273269921088,0.15116128263372008,0.006351829869006989,0.1632654425419658,-5.054874366305451,0.6378168024811717,0.14709311405978287
2020-05,962.5,6.869534066161939,6.882976965591226,975.5261491430917,-0.013442899429287003,0.008455517389814725,113831.0,-4.772936105149043,-4.909785490569685,0.007374069969272038,0.13684938542064184,0.0073736482067536515,0.1467210195992495,-4.9052445610873745,0.7407631243019287,0.13230845593833163,0.14871755253399258,6472.0,-1.9057063925763884,-1.8929483047752544,0.15062705905209425,-0.012758087801133966,0.15062333527451352,-0.012652639360611848,-1.8987897965217357,14.974973725859067,-0.006916596054652668,0.11182758220053444,8607.0,-2.1907970384875353,-2.200777547924064,0.1107170370826196,0.009980509436528617,0.11072100170615111,0.009994314333609028,-2.208368536266871,10.98797672181692,0.017571497779335754,0.008455517389814725,113831.0,-4.772936105149043,-4.909785490569685,0.007374069969272038,0.13684938542064184,0.0073736482067536515,0.1467210195992495,-4.9052445610873745,0.7407631243019287,0.13230845593833163,0.008620921296586563,111647.0,-4.753563321063326,-4.901749701063863,0.0074335651686428805,0.14818638000053674,0.007430822698552041,0.16015704401969147,-4.894289698733936,0.748922694246299,0.14072637767061025,0.0072346662657847265,133040.0,-4.92887104770487,-5.059096018949421,0.006351298371983225,0.13022497124455068,0.006350838323334539,0.1391671299838931,-5.0549450923858,0.6377716937939503,0.1260740446809301
2020-06,962.5,6.869534066161939,6.884233294472191,976.7525010077271,-0.014699228310251833,0.008157954959612825,117983.0,-4.8087617591104905,-4.909916915976108,0.00737310089281136,0.10115515686561771,0.007372663561849661,0.10651393369239126,-4.905273532765818,0.7407416634617682,0.09651177365532781,0.1487888203558565,6468.9,-1.9052272914227903,-1.8927860231831883,0.1506515050345583,-0.01244126823960201,0.1506474938264906,-0.012337898383990601,-1.8988747102763077,14.973702198601229,-0.006352581146482628,0.11163303177916957,8622.0,-2.1925382891451406,-2.2007928362445,0.11071534441801796,0.008254547099359577,0.11071931829679899,0.008252520846644346,-2.208694692291008,10.984393511390621,0.016156403145867415,0.008157954959612825,117983.0,-4.8087617591104905,-4.909916915976108,0.00737310089281136,0.10115515686561771,0.007372663561849661,0.10651393369239126,-4.905273532765818,0.7407416634617682,0.09651177365532781,0.008278928943135585,116259.0,-4.794041673645778,-4.902138203674812,0.007430677770083457,0.10809653002903374,0.007427838813344245,0.1145811253015266,-4.894487788192325,0.7487743552481013,0.10044611454654717,0.0069913053584269745,137671.0,-4.963087993615309,-5.059249503019453,0.006350323623665187,0.09616150940414414,0.006349846777662089,0.10101953688417341,-5.055015818466151,0.637726588296976,0.09192782485084194
2020-07,961.4,6.86839055545986,6.885489623353154,977.9803945418458,-0.01709906789329363,0.008044043943539412,119517.0,-4.822823344190157,-4.910048341382533,0.007372131943703574,0.08722499719237575,0.00737167891694567,0.09120921219834209,-4.905302504444263,0.7407202032433544,0.08247916025410618,0.14867393489522926,6466.5,-1.9059997273954388,-1.892623741591122,0.15067595498447722,-0.013375985804316759,0.1506716523784677,-0.013258748090320426,-1.8989596240308797,14.97243077930896,-0.007040103364559069,0.11149252000463876,8623.0,-2.193797775492464,-2.200808124564936,0.11071365177929417,0.007010349072472,0.11071763488744686,0.0069987506324501,-2.209020848315145,10.980811469459422,0.015223072822680983,0.008044043943539412,119517.0,-4.822823344190157,-4.910048341382533,0.007372131943703574,0.08722499719237575,0.00737167891694567,0.09120921219834209,-4.905302504444263,0.7407202032433544,0.08247916025410618,0.008165379944114624,117741.0,-4.807852020376625,-4.902526706285762,0.007427791493068031,0.09467468590913697,0.00742485492813645,0.09973595755682142,-4.894685877650715,0.7486260456313852,0.08683385727408943,0.0069038813687120745,139255.0,-4.975671508327771,-5.059402987089486,0.006349349024944002,0.08373147876171494,0.00634885523198964,0.08742145102409234,-5.0550865445465005,0.6376814859900245,0.07941503621872936
2020-08,963.8,6.870883804206232,6.886745952234119,979.2098316835122,-0.015862148027886214,0.007962985913165613,121035.0,-4.832951234744484,-4.910179766788957,0.007371163121931951,0.07722853204447322,0.007370694272041679,0.08035764600501735,-4.905331476122707,0.740698743646671,0.07238024137822308,0.14880575583998518,6476.9,-1.9051134756109336,-1.892461459999056,0.1507004089024949,-0.012652015611877676,0.1506958109304448,-0.01254218732949377,-1.8990445377854517,14.971159467973091,-0.0060689378254819015,0.11143484795930164,8649.0,-2.1943151821002798,-2.2008234128853723,0.11071195916644773,0.00650823078509255,0.11071595147809475,0.006493160846376547,-2.209347004339282,10.977230595642272,0.015031822239002235,0.007962985913165613,121035.0,-4.832951234744484,-4.910179766788957,0.007371163121931951,0.07722853204447322,0.007370694272041679,0.08035764600501735,-4.905331476122707,0.740698743646671,0.07238024137822308,0.008111360786392977,118821.0,-4.814489633759652,-4.9029152088967125,0.00742490633716097,0.08842557513706062,0.007421871042928655,0.09289972022907188,-4.894883967109103,0.7484777653903318,0.08039433334945123,0.006844149665177778,140821.0,-4.984361055105703,-5.059556471159519,0.006348374575796718,0.07519541605381619,0.00634786368631719,0.07818157468162583,-5.05515727062685,0.6376363868728695,0.07079621552114723
2020-09,966.6,6.8737847594109835,6.8880022811150825,980.4408143732212,-0.014217521704098957,0.007929515418502203,121899.0,-4.837163352579283,-4.9103111921953815,0.007370194427479756,0.07314783961609805,0.007369709627137688,0.07596035932041706,-4.905360447801152,0.7406772846716985,0.06819709522186823,0.14895748254765684,6489.1,-1.9040943657864635,-1.8922991784069896,0.15072486678925537,-0.011795187379473937,0.15071996948242186,-0.011693785109016877,-1.8991294515400237,14.96988826458446,-0.0049649142464398555,0.11143647682729999,8674.0,-2.194300564984328,-2.2008387012058086,0.1107102665794783,0.006538136221480695,0.11071426806874263,0.006523176923401936,-2.2096731603634194,10.973650889558243,0.015372595379091525,0.007929515418502203,121899.0,-4.837163352579283,-4.9103111921953815,0.007370194427479756,0.07314783961609805,0.007369709627137688,0.07596035932041706,-4.905360447801152,0.7406772846716985,0.06819709522186823,0.008065687035321801,119841.0,-4.820136383764527,-4.903303711507663,0.007422022301926807,0.08316732774313618,0.00741888715772086,0.08718287040231025,-4.895082056567492,0.7483295145191214,0.07494567280296582,0.006818085631656909,141770.0,-4.988176545700694,-5.059709955229552,0.006347400276200376,0.07153340952885845,0.006346872140644741,0.07424341952543265,-5.055227996707201,0.6375912909452851,0.067051451006507
2020-10,966.2,6.873370852120306,6.8892586099960464,981.6733445539105,-0.01588775787574015,0.00788625252005844,122517.0,-4.842634222728386,-4.910442617601806,0.007369225860330257,0.06780839487341961,0.007368724982233697,0.07023298319214298,-4.9053894194795955,0.74065582631842,0.06275519675120922,0.14868732879874427,6498.2,-1.9059096423362236,-1.8921368968149235,0.15074932864540266,-0.013772745521300145,0.15074412803439896,-0.01364430749292827,-1.8992143652945956,14.9686171691339,-0.006695277041627978,0.11117247727534231,8691.0,-2.1966724343171538,-2.2008539895262444,0.11070857401838553,0.004181555209090693,0.1107125846593905,0.0041539326117864175,-2.2099993163875564,10.970072350826543,0.013326882070402668,0.00788625252005844,122517.0,-4.842634222728386,-4.910442617601806,0.007369225860330257,0.06780839487341961,0.007368724982233697,0.07023298319214298,-4.9053894194795955,0.74065582631842,0.06275519675120922,0.00800795657038664,120655.0,-4.827319660262315,-4.903692214118613,0.0074191393869302395,0.07637255385629782,0.007415903272513064,0.07983562839445515,-4.895280146025882,0.7481812930119373,0.0679604857635665,0.006782254667976976,142460.0,-4.993445685412039,-5.059863439299585,0.006346426126132028,0.06641775388754656,0.006345880594972291,0.06876493600437668,-5.05529872278755,0.6375461982070465,0.06185303737551173
2020-11,965.5,6.872646101868569,6.89051493887701,982.9074241709595,-0.01786883700844122,0.007866221280756069,122740.0,-4.845177474074519,-4.910574043008229,0.007368257420466731,0.0653965689337106,0.007367740337329706,0.06765723554354085,-4.905418391158039,0.7406343685868171,0.06024091708352053,0.14833991426859436,6508.7,-1.9082489206124498,-1.8919746152228574,0.15077379447158107,-0.016274305389592403,0.15076828658637603,-0.016106651954225434,-1.8992992790491676,14.967346181612243,-0.008949641563282151,0.11090052837123823,8706.0,-2.1991216202436736,-2.2008692778466807,0.11070688148316894,0.0017476576030071023,0.1107109012500384,0.0017128134543098919,-2.2103254724116934,10.96649497906649,0.011203852168019779,0.007866221280756069,122740.0,-4.845177474074519,-4.910574043008229,0.007368257420466731,0.0653965689337106,0.007367740337329706,0.06765723554354085,-4.905418391158039,0.7406343685868171,0.06024091708352053,0.007976042957455597,121050.0,-4.831312860497635,-4.904080716729562,0.007416257591736145,0.07276785623192694,0.007412919387305268,0.07596515498532005,-4.89547823548427,0.7480331008629642,0.06416537498663466,0.006764378244694639,142733.0,-4.996084929241004,-5.060016923369618,0.006345452125568723,0.06393199412861428,0.006344889049299841,0.06611450446735369,-5.0553694488679,0.637501108657928,0.05928451962689607
2020-12,968.4,6.875645225063903,6.891771267757974,984.1430551721932,-0.016126042694071252,0.007906532441766478,122481.0,-4.840065969832634,-4.910705468414654,0.007367289107872438,0.07063949858202001,0.007366755692425715,0.0732719764136805,-4.905447362836484,0.740612911476871,0.06538139300385026,0.14872834500552892,6511.2,-1.9056338249489284,-1.891812333630791,0.15079826426843487,-0.013821491318137369,0.15079244513835313,-0.013688352429926996,-1.8993841928037396,14.966075302010326,-0.00624963214518881,0.11108052305574673,8718.0,-2.1974999077344344,-2.2008845661671166,0.11070518897382822,0.0033846584326822082,0.11070921784068627,0.0033538780446879927,-2.210651628435831,10.962918773897526,0.013151720701396474,0.007906532441766478,122481.0,-4.840065969832634,-4.910705468414654,0.007367289107872438,0.07063949858202001,0.007366755692425715,0.0732719764136805,-4.905447362836484,0.740612911476871,0.06538139300385026,0.008011913626209977,120870.0,-4.8268256417896,-4.904469219340513,0.007413376915909549,0.077643577550913,0.007409935502097473,0.08123932036143991,-4.895676324942659,0.7478849380663853,0.06885068315305976,0.006793501136459297,142548.0,-4.991788839013637,-5.060170407439651,0.006344478274487516,0.06838156842601428,0.006343897503627392,0.07087183116921825,-5.0554401749482505,0.6374560222977029,0.06365133593461358
2021-01,976.8,6.884281922796495,6.893027596638938,985.380239507885,-0.008745673842443402,0.007953749694650273,122810.0,-4.834111801807935,-4.910836893821078,0.00736632092253066,0.07672509201314348,0.007365771047521724,0.07982581094838392,-4.905476334514928,0.7405914549885652,0.07136453270699317,0.14994473781161735,6514.4,-1.8974884673564265,-1.891650052038725,0.1508227380366085,-0.005838415317701573,0.15081660369033023,-0.005780967462329748,-1.8994691065583116,14.964804530318986,0.0019806392018850705,0.1119926622334327,8722.0,-2.1893219256062166,-2.200899854487553,0.11070349649036287,0.011577928881336241,0.11070753443133415,0.011608313821636468,-2.210977784459968,10.959343734939234,0.02165585885375121,0.007953749694650273,122810.0,-4.834111801807935,-4.910836893821078,0.00736632092253066,0.07672509201314348,0.007365771047521724,0.07982581094838392,-4.905476334514928,0.7405914549885652,0.07136453270699317,0.008064596027146183,121122.0,-4.820271658287988,-4.904857721951463,0.007410497359015665,0.08458606366347521,0.0074069516168896775,0.08878745862966271,-4.895874414401049,0.7477368046163881,0.075602756113061,0.006837319669893534,142863.0,-4.985359485271989,-5.060323891509684,0.0063435045728654675,0.07496440623769551,0.006342905957954942,0.0779475078482796,-5.0555109010286,0.6374109391261474,0.07015141575661143
2021-02,975.0,6.882437470997847,6.894283925519902,986.6189791307603,-0.011846454522054906,0.007901710821696882,123391.0,-4.840675983246364,-4.910968319227503,0.007365352864424672,0.07029233598113827,0.0073647864026177325,0.07290427579655336,-4.905505306193373,0.7405699991218799,0.06482932294700827,0.14966842686970405,6514.4,-1.8993329191550743,-1.8914877704466586,0.15084721577674648,-0.007845148708415683,0.1508407622423073,-0.0077720064203867945,-1.8995540203128836,14.96353386652906,0.00022110115780926698,0.11183757742601515,8718.0,-2.1907076618004906,-2.200915142807989,0.11070180403277256,0.010207481007498576,0.11070585102198204,0.010222823758505714,-2.211303940484105,10.955769861811302,0.020596278683614244,0.007901710821696882,123391.0,-4.840675983246364,-4.910968319227503,0.007365352864424672,0.07029233598113827,0.0073647864026177325,0.07290427579655336,-4.905505306193373,0.7405699991218799,0.06482932294700827,0.008016378077055892,121626.0,-4.826268570450492,-4.905246224562413,0.007407618920619868,0.07897765411192115,0.007403967731681883,0.0827138052957039,-4.896072503859438,0.7475887005071596,0.06980393340894597,0.006800111591574836,143380.0,-4.990816256409016,-5.060477375579717,0.006342531020679638,0.06966111917070084,0.006341914412282493,0.07224903231190655,-5.05558162710895,0.6373658591430351,0.06476537069993338
2021-03,976.7,6.884179542453431,6.895540254400866,987.8592759959994,-0.011360711947435043,0.007873374660421924,124051.0,-4.844268507899643,-4.911099744633926,0.007364384933537761,0.06683123673428337,0.007363801757713742,0.0691997041031684,-4.9055342778718165,0.7405485438767989,0.0612657699721737,0.1497615652360581,6521.7,-1.8987108146778116,-1.8913254888545925,0.1508716974894934,-0.007385325823219047,0.1508649207942844,-0.007313532877074894,-1.8996389340674553,14.962263310631393,0.0009281193896437667,0.11180173992673993,8736.0,-2.1910281555312547,-2.200930431128425,0.11070011160105693,0.009902275597170274,0.11070416761262991,0.009914462461346415,-2.211630096508242,10.952197154133552,0.020601940976987088,0.007873374660421924,124051.0,-4.844268507899643,-4.911099744633926,0.007364384933537761,0.06683123673428337,0.007363801757713742,0.0691997041031684,-4.9055342778718165,0.7405485438767989,0.0612657699721737,0.007980357551393927,122388.0,-4.830772062585087,-4.905634727173363,0.0074047416002877035,0.0748626645882764,0.007400983846474087,0.07828333596429356,-4.896270593317826,0.747440625732889,0.06549853073273937,0.0067717288812468805,144232.0,-4.994998850768605,-5.06063085964975,0.006341557617907094,0.06563200888114551,0.006340922866610043,0.06794058588937751,-5.0556523531893,0.6373207823481399,0.06065350242069556
2021-04,981.9,6.889489470175245,6.89679658328183,989.1011320612402,-0.007307113106585383,0.007890613071464733,124439.0,-4.842081444802754,-4.911231170040351,0.007363417129853194,0.06914972523759655,0.007362817112809751,0.07168396967741167,-4.90556324955026,0.7405270892533035,0.06348180474750631,0.15057506517405306,6521.0,-1.8932935472179577,-1.8911632072625264,0.15089618317549403,-0.0021303399554313263,0.15088907934626147,-0.002081092770722083,-1.8997238478220273,14.960992862616813,0.006430300604069572,0.11221714285714285,8750.0,-2.1873195091764157,-2.2009457194488613,0.1106984191952155,0.013626210272445594,0.11070248420327779,0.013682246290731512,-2.211956252532379,10.948625611525923,0.02463674335596311,0.007890613071464733,124439.0,-4.842081444802754,-4.911231170040351,0.007363417129853194,0.06914972523759655,0.007362817112809751,0.07168396967741167,-4.90556324955026,0.7405270892533035,0.06348180474750631,0.008002836324514645,122694.0,-4.8279592595726255,-4.906023229784313,0.007401865397584893,0.0780639702116872,0.007397999961266292,0.0817567405265065,-4.896468682776216,0.7472925802877646,0.0685094232035901,0.006791066970059548,144587.0,-4.9921472113088345,-5.060784343719782,0.00634058436452491,0.06863713241094782,0.006339931320937593,0.07115781327663309,-5.05572307926965,0.6372757087412376,0.06357586796081538
2021-05,988.9,6.896593214275945,6.898052912162794,990.3445492865815,-0.0014596978868492982,0.0079174706367443,124901.0,-4.838683488210797,-4.911362595446775,0.007362449453354262,0.07267910723597826,0.00736183246790576,0.07547552477740707,-4.905592221228705,0.7405056352513748,0.06690873301790834,0.1516857379513452,6519.4,-1.8859444118703586,-1.89100092567046,0.15092067283539323,0.005056513800101525,0.15091323789823857,0.005118835589675304,-1.8998087615765993,14.95972252247616,0.01386434970624073,0.11287524255222006,8761.0,-2.1814721183904187,-2.2009610077692976,0.1106967268152479,0.019488889378878937,0.11070080079392568,0.019642511550952573,-2.2122824085565163,10.945055233608484,0.030810290166097598,0.0079174706367443,124901.0,-4.838683488210797,-4.911362595446775,0.007362449453354262,0.07267910723597826,0.00736183246790576,0.07547552477740707,-4.905592221228705,0.7405056352513748,0.06690873301790834,0.00803095764033264,123136.0,-4.824451500309379,-4.906411732395263,0.007398990312077304,0.08196023208588432,0.007395016076058496,0.08599596778876735,-4.896666772234605,0.7471445641659777,0.07221527192522625,0.0068169441284941235,145065.0,-4.9883439825432285,-5.060937827789815,0.0063396112605101475,0.07259384524658685,0.006338939775265144,0.07540761865165153,-5.0557938053500004,0.6372306383221016,0.06744982280677192
2021-06,990.9,6.898613621064854,6.899309241043758,991.5895296345867,-0.0006956199789041051,0.007888012354622236,125621.0,-4.842411095427675,-4.911494020853199,0.00736148190402425,0.06908292542552452,0.0073608478230017685,0.07161736586553812,-4.905621192907149,0.7404841818709961,0.06321009747947404,0.15197619668409992,6520.1,-1.8840313711615408,-1.890838644078394,0.15094516646983588,0.006807272916853124,0.15093739645021564,0.006882325111702265,-1.8998936753311713,14.958452290200281,0.015862304169630415,0.11294882024393024,8773.0,-2.18082048106353,-2.2009762960897334,0.11069503446115381,0.02015581502620334,0.11069911738457355,0.02032268108824322,-2.2126085645806532,10.94148602000143,0.031788083517123145,0.007888012354622236,125621.0,-4.842411095427675,-4.911494020853199,0.00736148190402425,0.06908292542552452,0.0073608478230017685,0.07161736586553812,-4.905621192907149,0.7404841818709961,0.06321009747947404,0.00800475001817609,123789.0,-4.827720161231427,-4.906800235006213,0.007396116343330996,0.07908007377478654,0.007392032190850701,0.08288895550045967,-4.896864861692993,0.7469965773617211,0.06914470046156662,0.0067953641475792075,145820.0,-4.991514642295567,-5.061091311859848,0.006338638305839889,0.06957666956428099,0.006337948229592694,0.07217097732840096,-5.05586453143035,0.6371855710905074,0.06434988913478268
2021-07,997.4,6.905151893112022,6.900565569924722,992.8360750702858,0.00458632318729979,0.007886392928023025,126471.0,-4.84261641874426,-4.911625446259624,0.007360514481846447,0.06900902751536364,0.007359863178097777,0.07154069813310504,-4.905650164585593,0.7404627291121488,0.06303374584133259,0.15256363191385217,6537.6,-1.8801735115112808,-1.8906763624863279,0.15096966407946708,0.010502850975047107,0.15096155500219274,0.01061248283800569,-1.8999785890857432,14.957182165780015,0.019805077574462482,0.11323796548592188,8808.0,-2.178263785290494,-2.2009915844101697,0.11069334213293272,0.02272779911967593,0.11069743397522144,0.02295022946303446,-2.2129347206047902,10.937917970325074,0.034670935314296436,0.007886392928023025,126471.0,-4.84261641874426,-4.911625446259624,0.007360514481846447,0.06900902751536364,0.007359863178097777,0.07154069813310504,-4.905650164585593,0.7404627291121488,0.06303374584133259,0.007996921177328961,124723.0,-4.828698664211038,-4.9071887376171635,0.0073932434909121875,0.07849007340612513,0.007389048305642906,0.08226673402876959,-4.897062951151383,0.7468486198691865,0.06836428694034424,0.0067960371213256834,146762.0,-4.991415612955809,-5.061244795929881,0.006337665500491213,0.0698291829740727,0.006336956683920245,0.07244493852551269,-5.0559352575107,0.6371405070462294,0.06451964455489101
2021-08,999.6,6.907355198960797,6.901821898805686,994.0841875611795,0.00553330015511122,0.007873097886014934,126964.0,-4.844303661729327,-4.911756871666047,0.007359547186804149,0.06745320993672,0.007358878533193787,0.06987740733885622,-4.9056791362640375,0.7404412769748144,0.06137547453471015,0.1527599486521181,6543.6,-1.878887552759219,-1.8905140808942615,0.15099416566493198,0.011626528135042502,0.15098571355416984,0.011751013100399697,-1.9000635028403152,14.955912149206203,0.021175950081096184,0.113256288239293,8826.0,-2.1781019908686954,-2.2010068727306056,0.11069164983058434,0.022904881861910198,0.11069575056586932,0.023131309560975748,-2.2132608766289277,10.934351084199848,0.035158885760232295,0.007873097886014934,126964.0,-4.844303661729327,-4.911756871666047,0.007359547186804149,0.06745320993672,0.007358878533193787,0.06987740733885622,-4.9056791362640375,0.7404412769748144,0.06137547453471015,0.007985428749460769,125178.0,-4.8301368043971316,-4.907577240228114,0.007390371754387266,0.07744043583098215,0.00738606442043511,0.0811479964035232,-4.897261040609772,0.7467006916825687,0.0671242362126403,0.00678550579035258,147314.0,-4.992966443101148,-5.061398279999914,0.006336692844441204,0.06843183689876664,0.006335965138247794,0.07095061956560987,-5.05600598359105,0.637095446189041,0.06303954048990246
2021-09,1002.7,6.91045164052988,6.90307822768665,995.3338690772417,0.0073734128432301205,0.007874937170143252,127328.0,-4.844070072696775,-4.911888297072472,0.007358580018880634,0.06781822437569662,0.007357893888289796,0.07027055427862841,-4.905708107942481,0.7404198254589761,0.06163803524570621,0.15286925234784732,6559.2,-1.8781722827520881,-1.8903517993021954,0.15101867122687582,0.012179516550107294,0.15100987210614691,0.012312971435360328,-1.9001484165948872,14.954642240469687,0.02197613384279906,0.11328663427861259,8851.0,-2.1778340854389975,-2.201022161051042,0.11068995755410818,0.02318807561204439,0.1106940671565172,0.02342101242363425,-2.2135870326530647,10.930785361246329,0.03575294721406719,0.007874937170143252,127328.0,-4.844070072696775,-4.911888297072472,0.007358580018880634,0.06781822437569662,0.007357893888289796,0.07027055427862841,-4.905708107942481,0.7404198254589761,0.06163803524570621,0.007978896943558078,125669.0,-4.830955104699039,-4.907965742839063,0.007387501133322796,0.07701063814002396,0.007383080535227315,0.08070024503835631,-4.89745913006816,0.7465527927960638,0.06650402536912114,0.0067854991845490665,147771.0,-4.9929674166183675,-5.0615517640699474,0.006335720337666949,0.06858434745157993,0.006334973592575345,0.07111720126217129,-5.0560767096714,0.6370503885187184,0.06310929305303237
2021-10,1011.6,6.91928851479581,6.904334556567614,996.5851215909228,0.014953958228196562,0.007901149712571857,128032.0,-4.840746996861151,-4.912019722478896,0.007357612978059204,0.071272725617745,0.007356909243385805,0.07397678171378143,-4.905737079620925,0.7403983745646152,0.06499008275977403,0.15386253365172556,6574.7,-1.871695713832769,-1.890189517710129,0.15104318076594397,0.018493803877360104,0.151034030658124,0.01872758729457507,-1.9002333303494592,14.95337243956131,0.02853761651669018,0.11393174907084132,8879.0,-2.1721557022365166,-2.201037449371478,0.11068826530350388,0.02888174713496161,0.11069238374716509,0.029264572809953558,-2.2139131886772017,10.927220801085195,0.04175748644068511,0.007901149712571857,128032.0,-4.840746996861151,-4.912019722478896,0.007357612978059204,0.071272725617745,0.007356909243385805,0.07397678171378143,-4.905737079620925,0.7403983745646152,0.06499008275977403,0.007993994231301118,126545.0,-4.829064740321847,-4.908354245450013,0.007384631627285488,0.07928950512816613,0.007380096650019519,0.08318286472304873,-4.8976572195265495,0.7464049232038672,0.06859247920470235,0.006808819966077054,148572.0,-4.989536453412882,-5.0617052481399805,0.006334747980145536,0.0721687947270988,0.006333982046902895,0.07496672956411979,-5.05614743575175,0.6370053340350351,0.06661098233886875
2021-11,1022.5,6.930005887916956,6.905590885448578,997.8379470771526,0.024415002468378688,0.007951134543305495,128598.0,-4.83444065064823,-4.912151147885321,0.007356646064323157,0.07771049723709034,0.007355924598481813,0.08091572131483328,-4.90576605129937,0.740376924291713,0.07132540065113968,0.15507932174598843,6593.4,-1.8638185397639764,-1.890027236118063,0.15106769428278188,0.026208696354086625,0.1510581892101011,0.026619758630195656,-1.9003182441040312,14.95210274647192,0.036499704340054784,0.11474581977331388,8911.0,-2.165035859695763,-2.201052737691914,0.1106865730787711,0.03601687799615094,0.11069070033781296,0.036634689482723026,-2.2142393447013387,10.923657403337256,0.04920348500557559,0.007951134543305495,128598.0,-4.83444065064823,-4.912151147885321,0.007356646064323157,0.07771049723709034,0.007355924598481813,0.08091572131483328,-4.90576605129937,0.740376924291713,0.07132540065113968,0.008039533274625739,127184.0,-4.8233842478959374,-4.908742748060964,0.007381763235842243,0.08535850016502611,0.007377112764811724,0.08979400626403741,-4.897855308984939,0.7462570829001768,0.07447106108900137,0.006851839442471353,149230.0,-4.983238131008557,-5.0618587322100135,0.006333775771854061,0.07862060120145653,0.006332990501230445,0.08192795191151794,-5.0562181618321,0.6369602827377666,0.0729800308235431
2021-12,1026.1,6.933520486868163,6.906847214329542,999.0923475133441,0.026673272538621617,0.007947671311392875,129107.0,-4.834876310030331,-4.912282573291744,0.0073556792776557954,0.07740626326141342,0.007354939953577822,0.08058955770627571,-4.905795022977814,0.7403554746402529,0.07091871294748309,0.15518284383412478,6612.2,-1.8631512196491666,-1.889864954525997,0.1510922117780351,0.026713734876830264,0.15108234776207818,0.027140801905620297,-1.9004031578586031,14.950833161192362,0.03725193820943651,0.11480196912060862,8938.0,-2.1645466426252336,-2.2010680260123503,0.11068488087990935,0.036521383387116746,0.11068901692846084,0.03715772627022263,-2.2145655007254756,10.920095167623444,0.05001885810024209,0.007947671311392875,129107.0,-4.834876310030331,-4.912282573291744,0.0073556792776557954,0.07740626326141342,0.007354939953577822,0.08058955770627571,-4.905795022977814,0.7403554746402529,0.07091871294748309,0.008031842447203218,127754.0,-4.824341331862202,-4.909131250671914,0.007378895958560121,0.08478991880971165,0.0073741288796039285,0.08919203587808949,-4.898053398443328,0.746109271879192,0.07371206658112595,0.006849068190313451,149816.0,-4.983642666572181,-5.0620122162800465,0.006332803712769621,0.07836954970786536,0.006331998955557996,0.08165971573662224,-5.05628888791245,0.6369152346266871,0.07264622134026855
2022-01,1019.1,6.9266751638346475,6.908103543210506,1000.3483248793956,0.01857162062414197,0.007883560637121043,129269.0,-4.842975619666538,-4.9124139986981685,0.00735471261804041,0.06943837903163086,0.007353955308673832,0.07201639202546595,-4.9058239946562585,0.7403340256102154,0.06284837498972085,0.15402635874493684,6616.4,-1.870631530533418,-1.8897026729339306,0.1511167332523494,0.019071142400512553,0.15110650631405528,0.01932314168400544,-1.9004880716131751,14.94956368371348,0.029856541079757104,0.11406984553391539,8934.0,-2.170944338077416,-2.201083314332786,0.11068318870691833,0.03013897625537032,0.11068733351910873,0.030559160721156168,-2.214891656749613,10.916534093564817,0.043947318672197255,0.007883560637121043,129269.0,-4.842975619666538,-4.9124139986981685,0.00735471261804041,0.06943837903163086,0.007353955308673832,0.07201639202546595,-4.9058239946562585,0.7403340256102154,0.06284837498972085,0.007964394288706362,127957.0,-4.832774385127464,-4.909519753282864,0.0073760297950063525,0.07674536815540023,0.007371144994396134,0.0804826515773659,-4.8982514879017165,0.7459614901351128,0.06547710277425267,0.006793728250869965,150006.0,-4.991755408443766,-5.0621657003500795,0.006331831802869317,0.0704102919063132,0.006331007409885546,0.07308802707479128,-5.0563596139928,0.6368701897015706,0.0646042055490339
2022-02,1026.3,6.933715380651669,6.9093598720914695,1001.6058811576947,0.02435550856019919,0.0078951012369992,129992.0,-4.841512808430943,-4.912545424104593,0.007353746085460309,0.0710326156736496,0.007352970663769841,0.07372946228394316,-4.905852966334702,0.7403125772015842,0.06434015790375902,0.15453532494127567,6641.2,-1.8673325683819626,-1.8895403913418645,0.15114125870637046,0.02220782295990187,0.15113066486603235,0.022527923623318458,-1.900572985367747,14.948294314026118,0.033240416985784504,0.11433823529411764,8976.0,-2.168594247110809,-2.2010986026532224,0.11068149655979755,0.0325043555424136,0.1106856501097566,0.03299962714894942,-2.21521781277375,10.91297418078256,0.046623565662941235,0.0078951012369992,129992.0,-4.841512808430943,-4.912545424104593,0.007353746085460309,0.0710326156736496,0.007352970663769841,0.07372946228394316,-4.905852966334702,0.7403125772015842,0.06434015790375902,0.007968600777992593,128793.0,-4.832246362697738,-4.909908255893813,0.007373164744748341,0.0776618931960753,0.007368161109188338,0.08149111561302419,-4.898449577360106,0.7458137376621395,0.06620321466236767,0.006804574838388861,150825.0,-4.990160122657294,-5.0623191844201125,0.006330860042130252,0.07215906176281894,0.0063300158642130965,0.07496963425616282,-5.05643034007315,0.6368251479621931,0.06627021741585626
2022-03,1032.7,6.939932010677358,6.9106162009724335,1002.8650183331213,0.029315809704924867,0.007921908560908254,130360.0,-4.83812312227414,-4.912676849511017,0.007352779679898798,0.0745537272368777,0.0073519860188658494,0.07751953561662557,-4.905881938013146,0.7402911294143402,0.06775881573900655,0.15529323308270676,6650.0,-1.8624401229725416,-1.8893781097497981,0.15116578814074424,0.026937986777256562,0.15115482341800945,0.027378614662218134,-1.900657899122319,14.947025052121127,0.038217776149777505,0.11471895134414575,9002.0,-2.1652700431755196,-2.2011138909736587,0.11067980443854665,0.035843847798139095,0.11068396670040448,0.03645500576125023,-2.215543968797887,10.909415428897978,0.05027392562236743,0.007921908560908254,130360.0,-4.83812312227414,-4.912676849511017,0.007352779679898798,0.0745537272368777,0.0073519860188658494,0.07751953561662557,-4.905881938013146,0.7402911294143402,0.06775881573900655,0.007987964295106821,129282.0,-4.82981933325493,-4.910296758504764,0.00737030080735364,0.0804774252498337,0.007365177223980543,0.08455832795150177,-4.898647666818495,0.7456660144544749,0.0688283335635651,0.006824835607837954,151315.0,-4.987187024964874,-5.062472668490145,0.0063298884305295405,0.07528564352527045,0.006329024318540647,0.07833929281087544,-5.0565010661534995,0.6367801094083286,0.06931404118862527
2022-04,1040.3,6.94726441207685,6.911872529853397,1004.1257383930499,0.03539188222345224,0.007965360673185148,130603.0,-4.832653054387313,-4.912808274917442,0.007351813401339185,0.0801552205301288,0.007351001373961858,0.083574912854652,-4.905910909691591,0.7402696822484651,0.07325785530427797,0.1558385139689911,6675.5,-1.8589349747533002,-1.889215828157732,0.15119032155611667,0.030280853404431873,0.15117898196998653,0.030821294986161648,-1.900742812876891,14.945755897989352,0.0418078381235909,0.11511563571981852,9037.0,-2.1618181278251063,-2.2011291792940946,0.1106781123431653,0.03931105146898828,0.11068228329105237,0.04005476122233687,-2.2158701248220245,10.90585783753249,0.054051996996918206,0.007965360673185148,130603.0,-4.832653054387313,-4.912808274917442,0.007351813401339185,0.0801552205301288,0.007351001373961858,0.083574912854652,-4.905910909691591,0.7402696822484651,0.07325785530427797,0.008029856276147398,129554.0,-4.824588649546359,-4.910685261115714,0.007367437982389989,0.08609661156935466,0.007362193338772747,0.09068804725059672,-4.8988457562768835,0.745518320506323,0.07425710673052421,0.006861096271673822,151623.0,-4.981888043645574,-5.062626152560178,0.006328916968044283,0.08073810891460376,0.006328032772868197,0.08423842257757655,-5.05657179223385,0.6367350740397514,0.07468374858827609
2022-05,1043.1,6.949952327681926,6.913128858734361,1005.3880433273539,0.036823468947564386,0.007971662425201182,130851.0,-4.83186222258572,-4.912939700323865,0.007350847249764787,0.08107747773814555,0.007350016729057867,0.08457745323023212,-4.905939881370035,0.7402482357039419,0.07407765878431505,0.1563727400833508,6670.6,-1.8555127622045224,-1.889053546565666,0.15121485895313386,0.033540784361143494,0.15120314052196362,0.03418976314606543,-1.900827726631463,14.944486851621647,0.04531496442694061,0.1152724057906951,9049.0,-2.160457205669208,-2.201144467614531,0.110676420273653,0.040687261945322906,0.11068059988170025,0.04148699875048344,-2.2161962808461615,10.902301406307659,0.055739075176953534,0.007971662425201182,130851.0,-4.83186222258572,-4.912939700323865,0.007350847249764787,0.08107747773814555,0.007350016729057867,0.08457745323023212,-4.905939881370035,0.7402482357039419,0.07407765878431505,0.008036271465881862,129799.0,-4.823790051380278,-4.911073763726664,0.00736457626942529,0.08728371234638654,0.0073592094535649515,0.09200200328432394,-4.899043845735273,0.7453706558118871,0.07525379435499513,0.006865932966483241,151924.0,-4.981183347104806,-5.062779636630211,0.0063279456546516,0.08159628952540476,0.006327041227195748,0.08517278771175936,-5.0566425183142,0.6366900418562371,0.07545917120939372
2022-06,1049.9,6.956450200520895,6.914385187615325,1006.651935128408,0.042065012905569965,0.008000944963496976,131222.0,-4.828195623840848,-4.91307112573029,0.007349881225158902,0.08487550188944137,0.007349032084153877,0.0887073116402317,-4.9059688530484795,0.7402267897807515,0.07777322920763119,0.15728838951310864,6675.0,-1.8496742827475545,-1.8888912649735996,0.15123940033244204,0.03921698222604508,0.15122729907394072,0.0400793406764768,-1.900912640386035,14.943217913008858,0.0512383576384805,0.1158957942377746,9059.0,-2.1550638171483922,-2.2011597559349667,0.11067472823000944,0.046095938786574475,0.11067891647234812,0.04713524428773983,-2.2165224368702985,10.898746134845155,0.06145861972190625,0.008000944963496976,131222.0,-4.828195623840848,-4.91307112573029,0.007349881225158902,0.08487550188944137,0.007349032084153877,0.0887073116402317,-4.9059688530484795,0.7402267897807515,0.07777322920763119,0.008062757264852246,130216.0,-4.820499688550439,-4.9114622663376135,0.007361715668027619,0.09096257778717476,0.007356225568357157,0.09604540941950443,-4.899241935193662,0.7452230203653737,0.07874224664322327,0.006891006707885376,152358.0,-4.977538093180551,-5.062933120700244,0.006326974490328609,0.08539502751969241,0.006326049681523298,0.08930644791048141,-5.056713244394549,0.63664501285756,0.07917515121399799
2022-07,1061.8,6.967720860149571,6.915641516496289,1007.9174157910916,0.05207934365328182,0.008052113509168398,131866.0,-4.821820674288505,-4.913202551136714,0.007348915327504851,0.09138187684820931,0.0073480474392498855,0.09581675618446825,-4.905997824726923,0.7402053444788771,0.08417715043841856,0.15878570360400776,6687.0,-1.8401997619044075,-1.8887289833815335,0.15126394569468748,0.04852922147712602,0.1512514576259178,0.049812716494435486,-1.900997554140607,14.941949082141834,0.06079779223619952,0.11702854623608508,9073.0,-2.145337389020058,-2.201175044255403,0.11067303621223415,0.05583765523534501,0.11067723306299601,0.05738590491753607,-2.2168485928944355,10.895192022766773,0.07151120387437748,0.008052113509168398,131866.0,-4.821820674288505,-4.913202551136714,0.007348915327504851,0.09138187684820931,0.0073480474392498855,0.09581675618446825,-4.905997824726923,0.7402053444788771,0.08417715043841856,0.00811984766682471,130766.0,-4.813443885227788,-4.911850768948564,0.0073588561777652,0.09840688372077544,0.007353241683149361,0.10425415302642613,-4.899440024652051,0.7450754141609895,0.08599613942426299,0.006936604996341591,153072.0,-4.970942817768377,-5.063086604770277,0.006326003475052433,0.09214378700189929,0.0063250581358508485,0.0966863619836874,-5.0567839704749,0.6365999870434944,0.08584115270652237
2022-08,1064.1,6.9698846504476855,6.916897845377253,1009.1844873127918,0.0529868050704323,0.008054224664501917,132117.0,-4.821558522168905,-4.9133339765431385,0.007347949556785949,0.09177545437423351,0.007347062794345894,0.09625096313321785,-4.906026796405367,0.7401838997983001,0.08446827423646219,0.1589988793425476,6692.5,-1.8388581249468219,-1.8885667017894674,0.1512884950405166,0.04970857684264551,0.1512756161778949,0.05105425024724689,-1.901082467895179,14.940680359011433,0.0622243429483571,0.11703695556533215,9092.0,-2.145265534524748,-2.2011903325758393,0.11067134422032678,0.055924798051091074,0.11067554965364389,0.05747796990027258,-2.2171747489185725,10.89163906969444,0.07190921439382425,0.008054224664501917,132117.0,-4.821558522168905,-4.9133339765431385,0.007347949556785949,0.09177545437423351,0.007347062794345894,0.09625096313321785,-4.906026796405367,0.7401838997983001,0.08446827423646219,0.008119429862043706,131056.0,-4.813495341307697,-4.912239271559514,0.007355997798206443,0.09874393025181671,0.007350257797941566,0.10464559002509362,-4.89963811411044,0.7449278371929433,0.0861427728027424,0.006938485413596588,153362.0,-4.970671768397029,-5.06324008884031,0.006325032608800197,0.09256832044328078,0.006324066590178399,0.09715565366949377,-5.056854696555249,0.636554964413816,0.08618292815822048
2022-09,1068.1,6.97363664809565,6.918154174258217,1010.4531516934068,0.05548247383743288,0.008074111590708082,132287.0,-4.819092435652585,-4.913465401949562,0.007346983912985524,0.09437296629697745,0.007346078149441903,0.09910504985867713,-4.906055768083812,0.740162455739002,0.08696333243122734,0.15974216319693707,6686.4,-1.8341942435980012,-1.888404420197401,0.15131304837057596,0.05421017659939986,0.15129977472987197,0.05579908153953302,-1.901167381649751,14.939411743608499,0.06697313805174976,0.1174123337363966,9097.0,-2.1420633197264123,-2.201205620896275,0.11066965225428696,0.059142301169862854,0.11067386624429178,0.06088580548212642,-2.21750090494271,10.888087275250191,0.07543758521629762,0.008074111590708082,132287.0,-4.819092435652585,-4.913465401949562,0.007346983912985524,0.09437296629697745,0.007346078149441903,0.09910504985867713,-4.906055768083812,0.740162455739002,0.08696333243122734,0.008135735232509425,131285.0,-4.811489163475652,-4.912627774170464,0.007353140528919924,0.10113861069481267,0.00734727391273377,0.10731345110315675,-4.899836203568829,0.7447802894554428,0.0883470400931774,0.006954591032803323,153582.0,-4.968353257233067,-5.063393572910343,0.00632406189154903,0.09504031567727544,0.006323075044505949,0.09987482100913715,-5.0569254226356,0.6365099449682985,0.08857216540253265
2022-10,1072.8,6.978027331967469,6.919410503139181,1011.7234109353489,0.05861682882828756,0.008091046903635993,132591.0,-4.816997149159766,-4.9135968273559865,0.0073460183960868805,0.0965996781962204,0.007345093504537912,0.10155805350023388,-4.906084739762256,0.7401410123009657,0.08908759060248972,0.15984980555183048,6711.3,-1.8335206199185,-1.888242138605335,0.1513376056855121,0.05472151868683506,0.15132393328184907,0.056341862685405586,-1.901252295404323,14.93814323592389,0.06773167548582304,0.11760578820434114,9122.0,-2.140417025304177,-2.2012209092167114,0.11066796031411422,0.06080388391253422,0.11067218283493965,0.06264993778737075,-2.217827060966847,10.884536639056206,0.07741003566266969,0.008091046903635993,132591.0,-4.816997149159766,-4.9135968273559865,0.0073460183960868805,0.0965996781962204,0.007345093504537912,0.10155805350023388,-4.906084739762256,0.7401410123009657,0.08908759060248972,0.008149127204776445,131646.0,-4.8098444489025365,-4.9130162767814145,0.007350284369474379,0.10317182787887802,0.007344290027525974,0.10958679113079511,-4.900034293027218,0.744632770942699,0.09018984412468178,0.006968994211993062,153939.0,-4.966284367062324,-5.063547056980376,0.006323091323276064,0.0972626899180522,0.0063220834988335,0.10232555664266774,-5.05699614871595,0.636464928706718,0.09071178165362603
2022-11,1078.1,6.9829555115450725,6.920666832020145,1012.9952670435473,0.06228867952492756,0.00811461775265507,132859.0,-4.814088182925978,-4.913728252762411,0.007345053006073351,0.09964006983643259,0.007344108859633922,0.10491523311373617,-4.9061137114407,0.740119569484173,0.09202552851472134,0.1606323380415996,6711.6,-1.8286371400704704,-1.8880798570132686,0.15136216698597182,0.059442716942798235,0.15134809183382616,0.06134366211876093,-1.901337209158895,14.936874835948458,0.07270006908842452,0.11800569176882661,9136.0,-2.137022420350719,-2.2012361975371477,0.1106662683998082,0.06421377718642862,0.11067049942558753,0.06627956303902927,-2.218153216990984,10.880987160734772,0.08113079664026479,0.00811461775265507,132859.0,-4.814088182925978,-4.913728252762411,0.007345053006073351,0.09964006983643259,0.007344108859633922,0.10491523311373617,-4.9061137114407,0.740119569484173,0.09202552851472134,0.008175909845824832,131863.0,-4.806563272266413,-4.913404779392364,0.007347429319438725,0.1068415071259512,0.0073413061423181795,0.11368599637817424,-4.900232382485607,0.7444852816489242,0.093669110219194,0.006989665590435808,154242.0,-4.963322565020212,-5.063700541050409,0.0063221209039584355,0.10037797603019705,0.00632109195316105,0.10576869348347599,-5.057066874796299,0.6364199156288486,0.0937443097760875
2022-12,1081.3,6.985919299951491,6.921923160901109,1014.2687220254523,0.06399613905038226,0.00813405047579644,132935.0,-4.811696265984462,-4.913859678168835,0.007344087742928259,0.10216341218437286,0.00734312421472993,0.10770977555846772,-4.906142683119144,0.740098127288605,0.09444641713468194,0.16110672407884738,6711.7,-1.8256882511299057,-1.8879175754212025,0.15138673227260188,0.062229324291296795,0.15137225038580324,0.06430817846886626,-1.901422122913467,14.935606543673059,0.07573387178356117,0.11822654712442597,9146.0,-2.135152604266509,-2.2012514858575836,0.11066457651136856,0.06609888159107458,0.11066881601623542,0.06829142463295,-2.2184793730151213,10.877438839908299,0.08332676874861233,0.00813405047579644,132935.0,-4.811696265984462,-4.913859678168835,0.007344087742928259,0.10216341218437286,0.00734312421472993,0.10770977555846772,-4.906142683119144,0.740098127288605,0.09444641713468194,0.008193094251271054,131977.0,-4.8044636440107995,-4.913793282003314,0.0073445753783820235,0.1093296379925146,0.007338322257110384,0.11648057474342295,-4.900430471943996,0.7443378215683295,0.09596682793319644,0.007005870080729807,154342.0,-4.961006898379668,-5.063854025120442,0.0063211506335732835,0.10284712674077401,0.0063201004074886005,0.1085061358247802,-5.05713760087665,0.6363749057344646,0.09613070249698197
2023-01,1085.4,6.989703861629304,6.923179489782073,1015.5437778910374,0.06652437184723148,0.008142108066343103,133307.0,-4.8107061562870115,-4.91399110357526,0.007343122606634932,0.10328494728824822,0.007342139569825939,0.10895577357379614,-4.906171654797588,0.7400766857142449,0.09546549851057673,0.16163330950679058,6715.2,-1.8224250309500218,-1.8877552938291364,0.15141130154604926,0.06533026287911459,0.15139640893778034,0.06761653490220713,-1.9015070366680389,14.934338359088542,0.07908200571801705,0.11870078740157482,9144.0,-2.131149343845342,-2.20126677417802,0.11066288464879481,0.0701174303326777,0.1106671326068833,0.07259296057872058,-2.2188055290392583,10.873891676199332,0.08765618519391616,0.008142108066343103,133307.0,-4.8107061562870115,-4.91399110357526,0.007343122606634932,0.10328494728824822,0.007342139569825939,0.10895577357379614,-4.906171654797588,0.7400766857142449,0.09546549851057673,0.008204577752245035,132292.0,-4.803063018013544,-4.914181784614264,0.007341722545873523,0.11111876660072006,0.007335338371902589,0.11850024310698412,-4.900628561402385,0.7441903906951294,0.09756554338884094,0.007012715149635603,154776.0,-4.960030327729019,-5.064007509190474,0.006320180512097757,0.10397718146145518,0.006319108861816151,0.10976330729331746,-5.057208326956999,0.636329899023342,0.09717799922798065
2023-02,1087.9,6.992004511427037,6.924435818663037,1016.8204366528028,0.06756869276400046,0.008143451703694833,133592.0,-4.810541146625232,-4.914122528981683,0.007342157597176706,0.10358138235645153,0.007341154924921948,0.10928754221617451,-4.906200626476032,0.7400552447610744,0.09565947985080037,0.1622302748326101,6705.9,-1.8187385034688641,-1.88759301223707,0.151435874806961,0.06885450876820598,0.1514205674897574,0.07138863314314217,-1.9015919504226106,14.933070282185776,0.08285344695374652,0.11887019230769232,9152.0,-2.129723202192542,-2.2012820624984557,0.11066119281208665,0.07155886030591363,0.11066544919753117,0.07414006060298162,-2.2191316850633953,10.87034566923053,0.08940848287085323,0.008143451703694833,133592.0,-4.810541146625232,-4.914122528981683,0.007342157597176706,0.10358138235645153,0.007341154924921948,0.10928754221617451,-4.906200626476032,0.7400552447610744,0.09565947985080037,0.00820883134130146,132528.0,-4.8025447114110085,-4.914570287225215,0.007338870821482633,0.11202557581420614,0.007332354486694793,0.11953552657568761,-4.900826650860774,0.7440429890235394,0.09828193944976515,0.007015722337585287,155066.0,-4.959601600296119,-5.064160993260507,0.006319210539508992,0.10455939296438821,0.006318117316143701,0.11041343275774643,-5.05727905303735,0.6362848954952546,0.09767745274123119
2023-03,1093.3,6.996955924440439,6.925692147544001,1018.0987003257786,0.07126377689643792,0.008178118875574106,133686.0,-4.806293121125022,-4.914253954388108,0.007341192714536901,0.10796083326308548,0.007340170280017957,0.11415928562819382,-4.906229598154477,0.7400338044290745,0.09993647702945463,0.16295534489954092,6709.2,-1.8142790733801608,-1.887430730645004,0.1514604520559842,0.07315165726484318,0.1514447260417345,0.07600541239471331,-1.9016768641771826,14.931802312955602,0.08739779079702181,0.1194863387978142,9150.0,-2.1245532338291278,-2.201297350818892,0.11065950100124358,0.07674411698976424,0.11066376578817906,0.07972413505720004,-2.2194578410875323,10.866800818624672,0.09490460725840455,0.008178118875574106,133686.0,-4.806293121125022,-4.914253954388108,0.007341192714536901,0.10796083326308548,0.007340170280017957,0.11415928562819382,-4.906229598154477,0.7400338044290745,0.09993647702945463,0.008247959322238483,132554.0,-4.797789464112995,-4.914958789836165,0.007336020204778931,0.11716932572316985,0.007329370601486998,0.12532982307718482,-4.901024740319163,0.7438956165477743,0.1032352762061679,0.007047455747934044,155134.0,-4.955088614111145,-5.06431447733054,0.006318240715784142,0.10922586321939498,0.006317125770471252,0.11561111872691276,-5.0573497791177,0.6362398951499784,0.10226116500655458
2023-04,1095.7,6.999148707411348,6.926948476424965,1019.3785709275286,0.0722002309863834,0.008183033480459153,133899.0,-4.805692355980133,-4.914385379794532,0.007340227958698855,0.10869302381439905,0.007339185635113966,0.11497840323153,-4.906258569832921,0.7400123647182286,0.10056621385278763,0.1629972330487043,6722.2,-1.8140220534807776,-1.8872684490529377,0.1514850332937662,0.07324639557216006,0.1514688845937116,0.07611034098465472,-1.9017617779317546,14.930534451388889,0.087739724450977,0.11935729847494554,9180.0,-2.1256337762031885,-2.2013126391393283,0.11065780921626527,0.07567886293613979,0.11066208237882694,0.07857448467626403,-2.2197839971116693,10.863257124004669,0.0941502209084808,0.008183033480459153,133899.0,-4.805692355980133,-4.914385379794532,0.007340227958698855,0.10869302381439905,0.007339185635113966,0.11497840323153,-4.906258569832921,0.7400123647182286,0.10056621385278763,0.00825491776724703,132733.0,-4.796946163228768,-4.915347292447114,0.007333170695332168,0.11840112921834578,0.0073263867162792025,0.12673792510906304,-4.901222829777552,0.7437482732620517,0.10427666654878376,0.007051971037811746,155375.0,-4.954448121401665,-5.064467961400573,0.006317271040900363,0.11001983999890808,0.006316134224798802,0.11650113611009959,-5.057420505198049,0.6361948979872876,0.10297238379638429
2023-05,1098.2,7.001427754844772,6.928204805305929,1020.6600504781522,0.07322294953884345,0.008184589242727998,134179.0,-4.805502253568825,-4.9145168052009565,0.0073392633296459064,0.10901455163213125,0.007338200990209975,0.11534002048284105,-4.906287541511365,0.7399909256285176,0.10078528794254016,0.1632792637416554,6725.9,-1.8122932696672487,-1.8871061674608716,0.15150961852095424,0.07481289779362288,0.15149304314568868,0.07780040819849461,-1.9018466916863266,14.92926669747649,0.0895534220190779,0.11969482288828338,9175.0,-2.1228099180779987,-2.201327927459764,0.11065611745715136,0.07851800938176545,0.11066039896947481,0.08164098451606593,-2.2201101531358067,10.859714584993545,0.09730023505780805,0.008184589242727998,134179.0,-4.805502253568825,-4.9145168052009565,0.0073392633296459064,0.10901455163213125,0.007338200990209975,0.11534002048284105,-4.906287541511365,0.7399909256285176,0.10078528794254016,0.008261304566962304,132933.0,-4.796172766031227,-4.9157357950580645,0.007330322292712242,0.11956302902683724,0.0073234028310714076,0.12806911725674966,-4.9014209192359415,0.7436009591605903,0.10524815320471426,0.007055346760463847,155655.0,-4.9539695438627165,-5.064621445470606,0.006316301514834811,0.11065190160788951,0.0063151426791263525,0.11721098302087697,-5.0574912312784,0.6361499040069565,0.10352168741568324
2023-06,1101.7,7.00460972034602,6.929461134186893,1021.9431410002888,0.075148586159127,0.008199674007695801,134359.0,-4.803660880661235,-4.91464823060738,0.007338298827361399,0.11098734994614468,0.007337216345305984,0.1175456224541584,-4.906316513189809,0.7399694871599247,0.1026556325285739,0.16375338149172092,6727.8,-1.8093937543488707,-1.8869438858688055,0.15153420773819584,0.07755013151993473,0.15151720169766578,0.08075769389188533,-1.9019316054408986,14.927999051209262,0.09253785109202783,0.11998475277717273,9182.0,-2.120390604463148,-2.2013432157802004,0.11065442572390134,0.08095261131705245,0.1106587155601227,0.08427747574914726,-2.2204363091599437,10.85617320121446,0.10004570469679575,0.008199674007695801,134359.0,-4.803660880661235,-4.91464823060738,0.007338298827361399,0.11098734994614468,0.007337216345305984,0.1175456224541584,-4.906316513189809,0.7399694871599247,0.1026556325285739,0.00827798148593412,133088.0,-4.794156122196619,-4.916124297669015,0.007327474996489237,0.12196817547239558,0.007320418945863612,0.130807068168083,-4.90161900869433,0.74345367423761,0.10746288649771074,0.007067616114960226,155880.0,-4.952232039106626,-5.064774929540639,0.006315332137564645,0.11254289043401311,0.006314151133453903,0.11932957662579265,-5.057561957358749,0.6361049132087615,0.10532991825212346
2023-07,1102.0,7.004881989712859,6.9307174630678565,1023.2278445191204,0.07416452664500284,0.008191907703515385,134523.0,-4.804608477409174,-4.914779656013804,0.0073373344518286605,0.11017117860463,0.007336231700401993,0.11663699267656784,-4.906345484868253,0.7399480493124311,0.10173700745907865,0.16372496582872764,6730.8,-1.8095672965894318,-1.8867816042767391,0.1515588009461386,0.0772143076873073,0.15154136024964285,0.08039788978410935,-1.9020165191954705,14.926731512578073,0.09244922260603872,0.11987381703470032,9193.0,-2.1213156141508946,-2.2013585041006363,0.11065273401651494,0.08004288994974162,0.11065703215077058,0.08329145201880925,-2.2207624651840807,10.852632972290689,0.09944685103318607,0.008191907703515385,134523.0,-4.804608477409174,-4.914779656013804,0.0073373344518286605,0.11017117860463,0.007336231700401993,0.11663699267656784,-4.906345484868253,0.7399480493124311,0.10173700745907865,0.008272900620092187,133206.0,-4.7947700914061135,-4.916512800279965,0.0073246288062334,0.12174270887385141,0.007317435060655816,0.13057383516441332,-4.901817098152719,0.7433064184873303,0.10704700674660561,0.0070621559441948695,156043.0,-4.953004899562448,-5.064928413610672,0.006314362909067031,0.11192351404822443,0.006313159587781453,0.11864049150017221,-5.057632683439099,0.6360599255924767,0.10462778387665139
2023-08,1106.1,7.0085955939082085,6.9319737919488205,1024.5141630623746,0.07662180195938806,0.00821054506855111,134717.0,-4.80233596691145,-4.914911081420229,0.007336370203031041,0.112575114508779,0.007335247055498002,0.11932767995824288,-4.906374456546698,0.7399266120860184,0.10403848963524798,0.16435852477042406,6729.8,-1.8057051106069653,-1.886619322684673,0.15158339814543012,0.08091421207770777,0.15156551880161995,0.0844057808791493,-1.9021014329500425,14.925464081573775,0.09639632234307727,0.12031980854998367,9193.0,-2.1176020099555464,-2.2013737924210726,0.11065104233499166,0.08377178246552619,0.11065534874141846,0.0873383882341676,-2.221088621208218,10.849093897845622,0.10348661125267178,0.00821054506855111,134717.0,-4.80233596691145,-4.914911081420229,0.007336370203031041,0.112575114508779,0.007335247055498002,0.11932767995824288,-4.906374456546698,0.7399266120860184,0.10403848963524798,0.008294464358024506,133354.0,-4.792166931502542,-4.916901302890915,0.007321783721515143,0.12473437138837351,0.007314451175448021,0.13398314638643508,-4.902015187611108,0.7431591919039733,0.10984825610856674,0.007078541670666384,156261.0,-4.950687371212476,-5.065081897680705,0.006313393829319137,0.1143945264682289,0.006312168042109004,0.1214121080815399,-5.0577034095194495,0.6360149411578766,0.10701603830697337
2023-09,1105.9,7.008414762081315,6.933230120829784,1025.8020986603283,0.07518464125153024,0.008200903219108498,134851.0,-4.803510982106081,-4.915042506826653,0.007335406080951883,0.11153152472057215,0.007334262410594011,0.11816332168080908,-4.906403428225142,0.7399051754806697,0.10289244611906057,0.1645782487052801,6719.6,-1.8043691458547448,-1.8864570410926067,0.15160799933671826,0.08208789523786186,0.15158967735359705,0.08568242626037124,-1.9021863467046145,14.924196758187232,0.09781720084986967,0.12038972349227085,9186.0,-2.1170211028044243,-2.201389080741509,0.11064935067933115,0.0843679779370845,0.11065366533206634,0.08798676601436621,-2.221414777232355,10.84555597750279,0.1043936744279308,0.008200903219108498,134851.0,-4.803510982106081,-4.915042506826653,0.007335406080951883,0.11153152472057215,0.007334262410594011,0.11816332168080908,-4.906403428225142,0.7399051754806697,0.10289244611906057,0.008285819178985384,133469.0,-4.793209758038444,-4.917289805501865,0.007318939741905051,0.12408004746342094,0.007311467290240225,0.13326352291089097,-4.902213277069497,0.7430119944817628,0.10900351903105321,0.007070203366641734,156417.0,-4.951866034757263,-5.065235381750738,0.006312424898298133,0.11336934699347534,0.006311176496436554,0.12026709610066288,-5.057774135599799,0.6359699599047374,0.10590810084253643
2023-10,1109.5,7.011664742372648,6.934486449710748,1027.0916533458108,0.07717829266190002,0.008217301140571768,135020.0,-4.801513452223213,-4.915173932233078,0.007334442085574535,0.11366048000986506,0.00733327776569002,0.12054955548224291,-4.906432399903586,0.7398837394963659,0.1049189476803738,0.16526648196145025,6713.4,-1.8001960656690819,-1.8862947595005406,0.15163260452065078,0.08609869383145874,0.15161383590557412,0.09004881364771396,-1.9022712604591865,14.922929542409314,0.10207519479010463,0.12087373352217017,9179.0,-2.1130088028464424,-2.2014043690619447,0.11064765904953308,0.08839556621550226,0.11065198192271422,0.09237748318503151,-2.221740933256492,10.842019210885836,0.1087321304100497,0.008217301140571768,135020.0,-4.801513452223213,-4.915173932233078,0.007334442085574535,0.11366048000986506,0.00733327776569002,0.12054955548224291,-4.906432399903586,0.7398837394963659,0.1049189476803738,0.008305697581279055,133583.0,-4.790813544106655,-4.917678308112815,0.0073160968669738575,0.12686476400615998,0.0073084834050324305,0.13644611624348343,-4.902411366527886,0.7428648262149216,0.11159782242123129,0.00708601573676681,156576.0,-4.949632051716201,-5.065388865820771,0.006311456115981192,0.11575681410456973,0.0063101849507641045,0.12294897725759364,-5.057844861680149,0.6359249818328333,0.10821280996394744
2023-11,1110.3,7.01238552806022,6.935742778591712,1028.3828291542068,0.07664274946850735,0.008217140319715807,135120.0,-4.801533023421462,-4.915305357639501,0.007333478216882353,0.113772334218039,0.007332293120786029,0.12067809951860214,-4.90646137158203,0.7398623041330901,0.10492834816056806,0.1656274240706486,6703.6,-1.7980144464504983,-1.8861324779084745,0.15165721369787574,0.08811803145797614,0.15163799445755122,0.09225543811194038,-1.9023561742137585,14.92166243423087,0.10434172776326012,0.12105320540776275,9172.0,-2.111525115917575,-2.201419657382381,0.11064596744559693,0.08989454146480602,0.11065029851336211,0.0940160761802589,-2.222067089280629,10.838483597618522,0.11054197336305416,0.008217140319715807,135120.0,-4.801533023421462,-4.915305357639501,0.007333478216882353,0.113772334218039,0.007332293120786029,0.12067809951860214,-4.90646137158203,0.7398623041330901,0.10492834816056806,0.00830646307615193,133667.0,-4.790721383322853,-4.918066810723765,0.007313255096292481,0.12734542740091204,0.007305499519824635,0.13701507386469902,-4.902609455986275,0.7427176870976753,0.11188807266342238,0.0070853780718939646,156703.0,-4.949722044963427,-5.065542349890803,0.0063104874823454995,0.11582030492737605,0.006309193405091654,0.12302438948470225,-5.057915587760499,0.6358800069419389,0.10819354279707216
2023-12,1110.2,7.012295458256061,6.936999107472676,1029.6756281234595,0.07529635078338437,0.008208684850680607,135247.0,-4.802562557060636,-4.915436783045926,0.007332514474858676,0.11287422598528973,0.007331308475882038,0.1196752772966644,-4.906490343260474,0.7398408693908237,0.10392778619983822,0.1656050955414013,6703.9,-1.798149267326826,-1.8859701963164082,0.15168182686904125,0.08782092898958216,0.1516621530095283,0.09193422521831816,-1.9024410879683304,14.920395433642774,0.10429182064150444,0.1209895379250218,9176.0,-2.1120512005531458,-2.201434945702817,0.11064427586752242,0.08938374514967107,0.11064861510400999,0.09345731811727893,-2.222393245304766,10.834949137324738,0.11034204475162035,0.008208684850680607,135247.0,-4.802562557060636,-4.915436783045926,0.007332514474858676,0.11287422598528973,0.007331308475882038,0.1196752772966644,-4.906490343260474,0.7398408693908237,0.10392778619983822,0.008299567902157499,133766.0,-4.791551825515777,-4.918455313334715,0.007310414429432002,0.12690348781893857,0.00730251563461684,0.13653545126479882,-4.902807545444665,0.7425705771242506,0.11125571992888794,0.007077784223847199,156857.0,-4.950794382993012,-5.065695833960836,0.006309518997368226,0.11490145096782456,0.006308201859419205,0.12199710497197828,-5.057986313840849,0.6358350352318304,0.10719193084783729
2024-01,1109.7,7.011844987506518,6.93825543635364,1030.9700522940748,0.07358955115287813,0.008195655866647958,135401.0,-4.804151037450893,-4.91556820845235,0.007331550859486863,0.11141717100145687,0.007330323830978047,0.11804826848344757,-4.906519314938919,0.7398194352695482,0.10236827748802568,0.16568374218015142,6697.7,-1.7976744753551528,-1.885807914724342,0.15170644403479547,0.08813343936918927,0.1516863115615054,0.09227879875614475,-1.9025260017229024,14.919128540635887,0.10485152636774964,0.12108019639934534,9165.0,-2.1113021727672874,-2.201450234023253,0.11064258431530904,0.09014806125596575,0.11064693169465786,0.09429330343727191,-2.2227194013289036,10.831415829628495,0.11141722856161618,0.008195655866647958,135401.0,-4.804151037450893,-4.91556820845235,0.007331550859486863,0.11141717100145687,0.007330323830978047,0.11804826848344757,-4.906519314938919,0.7398194352695482,0.10236827748802568,0.0082880231828638,133892.0,-4.792943796308714,-4.9188438159456656,0.007307574865963666,0.1259000196369513,0.007299531749409044,0.1354184716759103,-4.903005634903053,0.7424234962888753,0.11006183859433882,0.007066712517193948,157032.0,-4.952359897711166,-5.065849318030869,0.006308550661026562,0.113489420319703,0.006307210313746755,0.12041808750087747,-5.0580570399211995,0.6357900667022816,0.10569714221003323
2024-02,1108.2,7.010492356433249,6.939511765234604,1032.266103709123,0.0709805911986452,0.008171300904727145,135621.0,-4.807127153321124,-4.915699633858774,0.007330587370750269,0.10857248053765023,0.007329339186074056,0.11487552933187196,-4.906548286617363,0.7397980017692467,0.09942113329623847,0.16571958368225864,6687.2,-1.797458173951697,-1.8856456331322757,0.15173106519578672,0.08818745918057869,0.1517104701134825,0.09234111237211945,-1.9026109154774744,14.917861755201075,0.10515274152577736,0.12110151895967654,9151.0,-2.111126085482129,-2.2014655223436894,0.11064089278895646,0.09033943686156043,0.11064524828530575,0.09450266357041047,-2.2230455573530405,10.827883674153933,0.11191947187091156,0.008171300904727145,135621.0,-4.807127153321124,-4.915699633858774,0.007330587370750269,0.10857248053765023,0.007329339186074056,0.11487552933187196,-4.906548286617363,0.7397980017692467,0.09942113329623847,0.008268483216068405,134027.0,-4.7953041947402175,-4.919232318556615,0.007304736405458891,0.1239281238163974,0.007296547864201249,0.13320482095865108,-4.903203724361442,0.7422764445857769,0.10789952962122484,0.007047914626235389,157238.0,-4.9550235036118355,-5.066002802100902,0.006307582473297695,0.11097929848906674,0.006306218768074305,0.11761340439313225,-5.058127766001549,0.6357451013530686,0.1031042623897136
2024-03,1108.1,7.01040211594228,6.940768094115568,1033.5637844142427,0.06963402182671175,0.008157991607156002,135830.0,-4.808757266874257,-4.915831059265198,0.0073296240086322614,0.10707379239094106,0.007328354541170065,0.11320918786408433,-4.9065772582958065,0.7397765688899008,0.09781999142154962,0.1657219771180737,6686.5,-1.7974437313705716,-1.8854833515402096,0.15175569035266337,0.08803962016963807,0.15173462866545956,0.09218296822311459,-1.9026958292320464,14.916595077329204,0.10525209786147482,0.12111706197398622,9149.0,-2.1109977467372554,-2.2014808106641253,0.11063920128846433,0.09048306392686989,0.11064356487595363,0.094659794356543,-2.2233717133771775,10.82435267052531,0.11237396663992216,0.008157991607156002,135830.0,-4.808757266874257,-4.915831059265198,0.0073296240086322614,0.10707379239094106,0.007328354541170065,0.11320918786408433,-4.9065772582958065,0.7397765688899008,0.09781999142154962,0.008258925244093314,134170.0,-4.796460815642238,-4.919620821167565,0.007301899047489245,0.12316000552532724,0.0072935639789934534,0.13235796215406403,-4.903401813819832,0.7421294220091859,0.10694099817759373,0.007037074670087511,157466.0,-4.956562724985739,-5.066156286170935,0.006306614434158819,0.10959356118519636,0.006305227222401856,0.116069956223857,-5.058198492081899,0.6357001391839662,0.10163576709615985
2024-04,1109.8,7.011935097891801,6.942024422996532,1034.8630964576446,0.0699106748952687,0.008166358840020897,135899.0,-4.807732143868632,-4.915962484671622,0.007328660773116185,0.1082303408029901,0.007327369896266074,0.11450069474210116,-4.906606229974251,0.7397551366314917,0.09887408610561899,0.16587451050727886,6690.6,-1.7965237373075704,-1.8853210699481435,0.15178031950607396,0.0887973326405731,0.15175878721743666,0.09301420727366189,-1.9027807429866184,14.91532850701114,0.10625700567904794,0.12136920384951881,9144.0,-2.108918107582846,-2.2014960989845616,0.11063750981383215,0.09257799140171574,0.1106418814666015,0.09695535036753211,-2.223697869401315,10.820822818366992,0.11477976181846916,0.008166358840020897,135899.0,-4.807732143868632,-4.915962484671622,0.007328660773116185,0.1082303408029901,0.007327369896266074,0.11450069474210116,-4.906606229974251,0.7397551366314917,0.09887408610561899,0.008267713602467351,134233.0,-4.7953972770384095,-4.920009323778515,0.007299062791626478,0.12461204674010595,0.007290580093785658,0.13402685329725444,-4.90359990327822,0.7419824285533336,0.10820262623981058,0.007045007300196787,157530.0,-4.955436097408214,-5.066309770240968,0.006305646543587127,0.11087367283275462,0.006304235676729406,0.11750379609089877,-5.058269218162249,0.6356551801947486,0.10283312075403561
2024-05,1112.9,7.01472449997938,6.943280751877496,1036.1640418901143,0.07144374810188392,0.008184111249200269,135983.0,-4.805560656925659,-4.916093910078047,0.007327697664185409,0.11053325315238816,0.0073263852513620826,0.117073559253347,-4.906635201652695,0.7397337049940028,0.10107454472703647,0.16620370370370371,6696.0,-1.7945411121899317,-1.8851587883560772,0.15180495265666713,0.09061767616614547,0.15178294576941373,0.09500907932171625,-1.9028656567411903,14.914062044237749,0.10832454455125862,0.12166830654859517,9147.0,-2.106456735676985,-2.201511387304998,0.11063581836505958,0.09505465162801263,0.1106401980572494,0.09967542254072449,-2.224024025425452,10.817294117303499,0.11756728974846675,0.008184111249200269,135983.0,-4.805560656925659,-4.916093910078047,0.007327697664185409,0.11053325315238816,0.0073263852513620826,0.117073559253347,-4.906635201652695,0.7397337049940028,0.10107454472703647,0.008288029312322198,134278.0,-4.792943056752852,-4.920397826389466,0.007296227637442503,0.12745476963661329,0.007287596208577863,0.13727888800518007,-4.903797992736609,0.7418354642124511,0.11085493598375695,0.007061189787320441,157608.0,-4.953141716559538,-5.066463254311001,0.0063046788015598204,0.11332153775146292,0.0063032441310569565,0.12024691420866625,-5.058339944242599,0.6356102243851924,0.10519822768306053
2024-06,1116.5,7.017954071280212,6.94453708075846,1037.466622765015,0.07341699052175255,0.008205637011722338,136065.0,-4.802933920436941,-4.916225335484471,0.007326734681823298,0.11329141504752993,0.007325400606458092,0.1201622208194631,-4.906664173331139,0.7397122739774155,0.10373025289419768,0.16639840233688039,6709.8,-1.793370351981985,-1.884996506764011,0.15182958980509154,0.09162615478202607,0.15180710432139083,0.09611735946559075,-1.9029505704957623,14.912795688999903,0.1095802185137773,0.12190195436182989,9159.0,-2.104538210122775,-2.2015266756254337,0.11063412694214628,0.09698846550265872,0.11063851464789727,0.1018039671788624,-2.224350181449589,10.813766566959448,0.11981197132681398,0.008205637011722338,136065.0,-4.802933920436941,-4.916225335484471,0.007326734681823298,0.11329141504752993,0.007325400606458092,0.1201622208194631,-4.906664173331139,0.7397122739774155,0.10373025289419768,0.008310012206377088,134356.0,-4.790294201237749,-4.920786329000416,0.007293393584509398,0.1304921277626665,0.007284612323370067,0.14076245069588572,-4.903996082194999,0.741688528980772,0.1137018809572492,0.007080123022289863,157695.0,-4.950463995397828,-5.066616738381034,0.0063037112080541,0.1161527429832061,0.006302252585384507,0.12342736606738174,-5.058410670322949,0.6355652717550714,0.10794667492512122
2024-07,1114.4,7.016071422465596,6.945793409639424,1038.7708411382914,0.07027801282617219,0.008187375102856472,136112.0,-4.805161932750069,-4.916356760890896,0.00732577182601322,0.11119482814082637,0.007324415961554101,0.11781951568999467,-4.906693145009584,0.7396908435817109,0.10153121225951445,0.16619441047513947,6705.4,-1.794597028443185,-1.884834225171945,0.15185423095199604,0.09023719672876007,0.15183126287336793,0.09459940811893833,-1.9030354842503343,14.91152944128847,0.10843845580714939,0.12173913043478261,9154.0,-2.1058747987479913,-2.20154196394587,0.11063243554509174,0.09566716519787866,0.11063683123854515,0.10034903451184074,-2.224676337473726,10.810240166959586,0.11880153872573462,0.008187375102856472,136112.0,-4.805161932750069,-4.916356760890896,0.00732577182601322,0.11119482814082637,0.007324415961554101,0.11781951568999467,-4.906693145009584,0.7396908435817109,0.10153121225951445,0.008294875993688035,134348.0,-4.792117304976727,-4.921174831611365,0.007290560632399412,0.12905752663463854,0.007281628438162272,0.13915123026814105,-4.904194171653388,0.7415416228525307,0.11207686667666117,0.007064431878692599,157748.0,-4.952682679569063,-5.066770222451067,0.006302743763047173,0.11408754288200473,0.006301261039712057,0.12111398562460057,-5.058481396403299,0.6355203223041618,0.10579871683423647
2024-08,1115.0,7.016609683894219,6.947049738520388,1040.0766990684729,0.06955994537383159,0.008190760234777307,136129.0,-4.804748560665977,-4.916488186297319,0.007324809096738549,0.11173962563134232,0.00732343131665011,0.11843204102362381,-4.9067221166880275,0.7396694138068726,0.10197355602205072,0.1661822788583352,6709.5,-1.7946700276467933,-1.8846719435798787,0.1518788760980296,0.09000191593308537,0.151855421425345,0.09434537995756412,-1.9031203980049063,14.91026330109432,0.108450370358113,0.12169831914429163,9162.0,-2.1062100905524686,-2.201557252266306,0.11063074417389566,0.09534716171383728,0.11063514782919304,0.09999689549092268,-2.225002493497863,10.806714916928781,0.11879240294539439,0.008190760234777307,136129.0,-4.804748560665977,-4.916488186297319,0.007324809096738549,0.11173962563134232,0.00732343131665011,0.11843204102362381,-4.9067221166880275,0.7396694138068726,0.10197355602205072,0.008301010266451263,134321.0,-4.791378052737173,-4.9215633342223155,0.007287728780684945,0.13018528148514275,0.007278644552954476,0.1404610028774929,-4.904392261111776,0.7413947458219634,0.11301420837460352,0.007067832172264939,157757.0,-4.952201469534252,-5.0669237065211,0.006301776466516249,0.11472223698684836,0.006300269494039608,0.12183013424290605,-5.058552122483649,0.6354753760322381,0.10635065294939672
2024-09,1117.9,7.01920720427628,6.948306067401352,1041.3841986166767,0.07090113687492838,0.00820308487063209,136278.0,-4.803244991723191,-4.9166196117037435,0.007323846493982644,0.11337461998055254,0.007322446671746119,0.1202655667379512,-4.906751088366472,0.7396479846528812,0.10350609664328125,0.1665946380936769,6710.3,-1.7921917340789841,-1.8845096619878126,0.15190352524384124,0.09231792790882842,0.1518795799773221,0.09688634982103565,-1.9032053117594783,14.908997268408323,0.11101357768049414,0.12201484392054138,9162.0,-2.1036125701704074,-2.201572540586742,0.11062905282855758,0.09795997041633475,0.11063346441984091,0.10287465515415367,-2.2253286495220004,10.803190816492023,0.12171607935159301,0.00820308487063209,136278.0,-4.803244991723191,-4.9166196117037435,0.007323846493982644,0.11337461998055254,0.007322446671746119,0.1202655667379512,-4.906751088366472,0.7396479846528812,0.10350609664328125,0.008313811234317247,134463.0,-4.789837142965945,-4.921951836833266,0.007284898028938579,0.13211469386732055,0.007275660667746681,0.14268815080570385,-4.904590350570166,0.7412478978833053,0.11475320760422036,0.007079259334312782,157912.0,-4.950585990546544,-5.067077190591133,0.0063008093184385395,0.11649120004458968,0.006299277948367158,0.12382076046474566,-5.058622848563999,0.6354304329390753,0.10803685801745555
2024-10,1118.4,7.019654371479546,6.949562396282316,1042.693341846611,0.0700919751972302,0.00820157812912499,136364.0,-4.803428688457633,-4.916751037110168,0.0073228840177288835,0.11332234865253454,0.007321462026842127,0.1202104305200462,-4.906780060044916,0.73962655611972,0.10335137158728269,0.16673375374569527,6707.7,-1.7913570277443216,-1.8843473803957462,0.1519281783900801,0.09299035265142463,0.15190373852929917,0.09762771713176556,-1.9032902255140502,14.907731343221348,0.11193319776972865,0.12204277608031429,9164.0,-2.10338367209384,-2.2015878289071784,0.11062736150907712,0.09820415681333827,0.11063178101048879,0.1031439154788952,-2.2256548055461374,10.799667865274435,0.12227113345229723,0.00820157812912499,136364.0,-4.803428688457633,-4.916751037110168,0.0073228840177288835,0.11332234865253454,0.007321462026842127,0.1202104305200462,-4.906780060044916,0.73962655611972,0.10335137158728269,0.008317777166273735,134459.0,-4.789360227359794,-4.922340339444216,0.007282068376733056,0.13298011208442162,0.007272676782538886,0.14370230040252183,-4.904788440028555,0.741101079030795,0.11542821266876047,0.007080945898888854,157945.0,-4.950347778662426,-5.0672306746611655,0.0062998423187912685,0.11688289599873958,0.0062982864026947085,0.12426546621622132,-5.058693574644349,0.6353854930244495,0.10834579598192295
2024-11,1120.3,7.021351785564677,6.95081872516328,1044.0041308245784,0.07053306040139784,0.008208709159785166,136477.0,-4.8025595956765645,-4.916882462516592,0.007321921667960645,0.11432286684002779,0.007320477381938137,0.12133522603847789,-4.90680903172336,0.7396051282073702,0.10424943604679537,0.16675845849272858,6718.1,-1.7912088698793287,-1.8841850988036801,0.1519528355373954,0.09297622892435142,0.15192789708127627,0.09761578812295718,-1.9033751392686222,14.906465525524274,0.11216626938929353,0.12213016461353973,9173.0,-2.102667879944978,-2.2016031172276143,0.11062567021545396,0.0989352372826362,0.11063009760113668,0.10395061797617808,-2.2259809615702744,10.796146062901247,0.1233130816252963,0.008208709159785166,136477.0,-4.8025595956765645,-4.916882462516592,0.007321921667960645,0.11432286684002779,0.007320477381938137,0.12133522603847789,-4.90680903172336,0.7396051282073702,0.10424943604679537,0.008324725989225339,134575.0,-4.7885251578644805,-4.922728842055166,0.007279239823641284,0.13420368419068573,0.00726969289733109,0.1451276012335516,-4.904986529486943,0.740954289258672,0.11646137162246273,0.007086962847690078,158079.0,-4.9494984014860774,-5.0673841587311985,0.006298875467551644,0.11788575724512107,0.006297294857022259,0.1253979698580006,-5.0587643007246985,0.6353405562881351,0.10926589923862107
2024-12,1124.3,7.024915898755714,6.9520750540442435,1045.316567619479,0.07284084471147079,0.008223075516547815,136725.0,-4.80081098945926,-4.917013887923016,0.007320959444661311,0.1162028984637562,0.007319492737034146,0.12344882520913603,-4.906838003401805,0.7395837009158136,0.10602701394254499,0.1672169671009578,6723.6,-1.7884631056035254,-1.884022817211614,0.1519774966864365,0.09555971160808863,0.15195205563325337,0.10045873617233139,-1.9034600530231942,14.905199815307965,0.11499694741966882,0.12248610959799541,9179.0,-2.099757646463377,-2.2016184055480505,0.11062397894768758,0.10186075908467362,0.11062841419178455,0.10718489904098644,-2.226307117594412,10.792625408997813,0.12654947113103487,0.008223075516547815,136725.0,-4.80081098945926,-4.917013887923016,0.007320959444661311,0.1162028984637562,0.007319492737034146,0.12344882520913603,-4.906838003401805,0.7395837009158136,0.10602701394254499,0.008341308879936492,134787.0,-4.786535134884935,-4.923117344666116,0.007276412369236346,0.13658220978118063,0.007266709012123295,0.14787985400549353,-4.9051846189453325,0.7408075285611749,0.11864948406039755,0.007101619545718689,158316.0,-4.947432415916063,-5.0675376428012315,0.006297908764696895,0.12010522688516811,0.006296303311349809,0.12790302413119214,-5.058835026805049,0.6352956227299071,0.11140261088898562
2025-01,1123.7,7.024382090913857,6.9533313829252075,1046.6306543028134,0.07105070798864954,0.00821964903554265,136709.0,-4.80122776723157,-4.91714531332944,0.007319997347814249,0.11591754609787053,0.007318508092130155,0.12313178206109013,-4.9068669750802485,0.7395622742450332,0.10563920784867875,0.16693903018778228,6731.2,-1.7901266219223997,-1.8838605356195477,0.15200216183785292,0.09373391369714801,0.15197621418523044,0.09845498575398764,-1.9035449667777662,14.903934212563305,0.1134183448553665,0.12231413954500926,9187.0,-2.1011626293576096,-2.2016336938684864,0.11062228770577769,0.10047106451087684,0.11062673078243243,0.10564723986612462,-2.226633273618549,10.789105903189625,0.12547064426093923,0.00821964903554265,136709.0,-4.80122776723157,-4.91714531332944,0.007319997347814249,0.11591754609787053,0.007318508092130155,0.12313178206109013,-4.9068669750802485,0.7395622742450332,0.10563920784867875,0.008341560822798435,134711.0,-4.786504931105076,-4.923505847277066,0.0072735860130914674,0.13700091617199028,0.007263725126915499,0.14838607973876244,-4.905382708403722,0.7406607969325457,0.11887777729864624,0.007099982308489398,158268.0,-4.947662986700029,-5.0676911268712646,0.006296942210204249,0.12002814017123598,0.00629531176567736,0.12782060249965368,-5.058905752885399,0.6352506923495417,0.1112427661853701
2025-02,1128.8,7.028910400538604,6.954587711806171,1047.9463929486872,0.07432268873243242,0.008254478976234002,136750.0,-4.796999319745623,-4.917276738735865,0.0073190353774028475,0.12027741899024136,0.0073175234472261635,0.12804270949934687,-4.906895946758693,0.7395408481950096,0.1098966270130699,0.1674653215636822,6740.5,-1.7869789845925146,-1.8836982540274816,0.15202683099229414,0.096719269434967,0.15200037273720754,0.10174283488904282,-1.9036298805323382,14.90266871728116,0.11665089593982358,0.12270899010762039,9199.0,-2.097939660938553,-2.2016489821889227,0.1106205964897238,0.10370932125036969,0.11062504737308032,0.10923333387408424,-2.226959429642686,10.78558754510228,0.1290197687041328,0.008254478976234002,136750.0,-4.796999319745623,-4.917276738735865,0.0073190353774028475,0.12027741899024136,0.0073175234472261635,0.12804270949934687,-4.906895946758693,0.7395408481950096,0.1098966270130699,0.008376932267664061,134751.0,-4.782273509355381,-4.923894349888016,0.007270760754780062,0.14162084053263513,0.0072607412417077044,0.1537296246758729,-4.905580797862111,0.7405140943670268,0.12330728850673012,0.007130313941001831,158310.0,-4.943400014529219,-5.067844610941298,0.006295975804050936,0.12444459641207839,0.00629432022000491,0.1328171576558698,-5.058976478965748,0.6352057651468136,0.11557646443652914
2025-03,1132.4,7.032094553237744,6.955844040687135,1049.2637856338126,0.076250512550609,0.008276688739785702,136818.0,-4.79431230122446,-4.917408164142289,0.007318073533410492,0.12309586291782892,0.007316538802322172,0.13123007523158234,-4.906924918437137,0.7395194227657266,0.1126126172126769,0.1679371199762717,6743.0,-1.7841656554968373,-1.8835359724354153,0.1520515041504099,0.09937031693857801,0.1520245312891846,0.10467119057790607,-1.90371479428691,14.901403329452412,0.11954913879007267,0.12307357895880884,9201.0,-2.0949728995446164,-2.201664270509359,0.11061890529952559,0.10669137096474257,0.1106233639637282,0.11254598078542331,-2.2272855856668228,10.782070334361503,0.13231268612220637,0.008276688739785702,136818.0,-4.79431230122446,-4.917408164142289,0.007318073533410492,0.12309586291782892,0.007316538802322172,0.13123007523158234,-4.906924918437137,0.7395194227657266,0.1126126172126769,0.008399471880609416,134818.0,-4.779586446465378,-4.924282852498966,0.007267936593875699,0.1446964060335887,0.007257757356499909,0.15730954729245794,-4.9057788873204995,0.7403674208588622,0.12619244085512182,0.00715002809751416,158377.0,-4.940638992561682,-5.067998095011331,0.006295009546214191,0.127359102449649,0.0062933286743324605,0.13612818708734778,-5.059047205046099,0.6351608411214975,0.11840821248441724
2025-04,1133.9,7.0334182969777945,6.957100369568099,1050.582834437513,0.07631792740969523,0.008280873438983424,136930.0,-4.793806828348485,-4.9175395895487135,0.007317111815820566,0.12373276120022858,0.007315554157418182,0.13195436200638064,-4.906953890115581,0.739497997957165,0.11314706176709599,0.16822443771882978,6740.4,-1.782456252348593,-1.8833736908433492,0.15207618131284995,0.1009174384947562,0.1520486898411617,0.10638531574698953,-1.903799708041482,14.900138049067932,0.12134345569288896,0.12318305268875612,9205.0,-2.094083796689384,-2.201679558829795,0.11061721413518266,0.10759576214041067,0.11062168055437609,0.11355253392851407,-2.2276117416909598,10.77855427059314,0.1335279450015756,0.008280873438983424,136930.0,-4.793806828348485,-4.9175395895487135,0.007317111815820566,0.12373276120022858,0.007315554157418182,0.13195436200638064,-4.906953890115581,0.739497997957165,0.11314706176709599,0.008404426425135454,134917.0,-4.778996756551828,-4.924671355109916,0.007265113529952125,0.14567459855808806,0.007254773471292114,0.15846848401161465,-4.905976976778889,0.7402207764022952,0.12698022022706112,0.0071546203110704485,158485.0,-4.939996933619319,-5.068151579081364,0.0062940434366712495,0.12815464546204502,0.006292337128660011,0.1370370284966066,-5.0591179311264485,0.6351159202733699,0.1191209975071299
2025-05,1137.4,7.036500234872699,6.958356698449063,1051.9035414417253,0.07814353642363603,0.008304614485981309,136960.0,-4.790943956502869,-4.917671014955137,0.0073161502246164665,0.12672705845226773,0.007314569512514191,0.13535245946781857,-4.906982861794026,0.7394765737693065,0.11603890529115635,0.16863111387863425,6744.9,-1.780041707862367,-1.883211409251283,0.15210086248026414,0.10316970138891612,0.1520728483931388,0.1088837728789626,-1.9038846217960539,14.898872876118595,0.12384291393368696,0.12348279231353818,9211.0,-2.0916534661155364,-2.201694847150231,0.11061552299669457,0.11004138103469474,0.11061999714502396,0.1162791131846709,-2.227937897715097,10.775039353423159,0.13628443159956083,0.008304614485981309,136960.0,-4.790943956502869,-4.917671014955137,0.0073161502246164665,0.12672705845226773,0.007314569512514191,0.13535245946781857,-4.906982861794026,0.7394765737693065,0.11603890529115635,0.008429118773946361,134937.0,-4.7760630469584235,-4.925059857720866,0.007262291562583228,0.14899681076244242,0.007251789586084318,0.16235015838314673,-4.906175066237278,0.7400741609915723,0.13011201927885452,0.007176115786949993,158498.0,-4.936997019050632,-5.068305063151397,0.006293077475399355,0.13130804410076458,0.006291345582987561,0.14063290472469683,-5.059188657206799,0.635071002602205,0.12219163815616696
2025-06,1141.7,7.040273658682281,6.959613027330027,1053.225908731004,0.08066063135225399,0.00833607137902584,136959.0,-4.7871632312647625,-4.9178024403615614,0.007315188759781572,0.13063920909679894,0.0073135848676101995,0.13980647383254483,-4.9070118334724695,0.7394551502021344,0.11984860220770699,0.16935400133501446,6741.5,-1.7757640723918477,-1.8830491276592167,0.1521255476533025,0.10728505526736898,0.15209700694511588,0.11346044696412573,-1.9039695355506259,14.897607810595288,0.12820546315877812,0.12404389395914821,9204.0,-2.0871197924729747,-2.201710135470667,0.11061383188406099,0.11459034299769222,0.11061831373567184,0.12136851277228367,-2.228264053739234,10.771525582477656,0.14114426126625945,0.00833607137902584,136959.0,-4.7871632312647625,-4.9178024403615614,0.007315188759781572,0.13063920909679894,0.0073135848676101995,0.13980647383254483,-4.9070118334724695,0.7394551502021344,0.11984860220770699,0.00846380808350384,134892.0,-4.7719560785675155,-4.925448360331816,0.007259470691343084,0.15349228176430074,0.007248805700876522,0.16761414676632883,-4.9063731556956665,0.7399275746209408,0.13441707712815099,0.007204154519870267,158478.0,-4.933097402721574,-5.06845854722143,0.00629211166237575,0.13536114449985526,0.006290354037315112,0.1452701194772797,-5.059259383287149,0.6350260881077789,0.12616198056557426
2025-07,1143.9,7.042198755531627,6.960869356210991,1054.549938392524,0.08132939932063632,0.00834683245041811,137046.0,-4.785873159345061,-4.917933865767986,0.007314227421299281,0.13206070642292467,0.007312600222706208,0.1414315286237756,-4.907040805150913,0.7394337272556298,0.12116764580585215,0.16953448045885022,6747.3,-1.774698948313608,-1.8828868460671506,0.15215023683261508,0.10818789775354265,0.15212116549709298,0.11447003383687597,-1.9040544493051978,14.89634285248888,0.12935550099158988,0.12428292046936115,9204.0,-2.085194695623629,-2.2017254237911033,0.11061214079728142,0.11653072816747434,0.11061663032631973,0.12354643332314305,-2.228590209763371,10.768012957382842,0.14339551413974228,0.00834683245041811,137046.0,-4.785873159345061,-4.917933865767986,0.007314227421299281,0.13206070642292467,0.007312600222706208,0.1414315286237756,-4.907040805150913,0.7394337272556298,0.12116764580585215,0.00847603310684144,134957.0,-4.770512732632622,-4.9258368629427665,0.007256650915805927,0.15532413031014425,0.007245821815668727,0.16978216170213317,-4.906571245154056,0.7397810172846478,0.13605851252143353,0.0072151228065749145,158542.0,-4.9315760658928545,-5.068612031291463,0.006291145997577684,0.13703596539860818,0.006289362491642662,0.14719461887630228,-5.059330109367498,0.6349811767898668,0.1277540434746438
2025-08,1143.9,7.042198755531627,6.962125685091955,1055.8756325160837,0.08007307043967238,0.008348964681667896,137011.0,-4.785617738026209,-4.91806529117441,0.007313266209152987,0.132447553148201,0.007311615577802218,0.14187686603970673,-4.907069776829358,0.7394123049297745,0.12145203880314881,0.16988445658953874,6733.4,-1.772636740130643,-1.8827245644750845,0.15217493001885213,0.11008782434444142,0.15214532404907005,0.11659334686320985,-1.9041393630597698,14.895078001790255,0.13150262292912673,0.12454001088731628,9185.0,-2.0831282421175983,-2.2017407121115395,0.11061044973635555,0.11861246999394126,0.1106149469169676,0.12588772456584404,-2.2289163657875086,10.764501477765046,0.14578812366991034,0.008348964681667896,137011.0,-4.785617738026209,-4.91806529117441,0.007313266209152987,0.132447553148201,0.007311615577802218,0.14187686603970673,-4.907069776829358,0.7394123049297745,0.12145203880314881,0.008477289401720803,134937.0,-4.7703645262994945,-4.926225365553717,0.007253832235546155,0.15586083925422223,0.007242837930460932,0.17043753886417717,-4.906769334612445,0.739634488976943,0.13640480831295054,0.00721830985915493,158472.0,-4.931134445010889,-5.068765515361495,0.006290180480982414,0.13763107035060607,0.0062883709459702125,0.14788232455985317,-5.059400835447849,0.6349362686482432,0.1282663904369601
2025-09,1146.8,7.044730734009215,6.963382013972919,1057.2029931941095,0.08134872003629567,0.008366161837228983,137076.0,-4.783560061512732,-4.918196716580834,0.0073123051233260974,0.13463665506810152,0.007310630932898227,0.14438301071673731,-4.907098748507802,0.7393908832245516,0.12353868699506965,0.1702013980617106,6737.9,-1.7707728486479828,-1.8825622828830182,0.15219962721266392,0.1117894342350354,0.15216948260104715,0.11849889447241489,-1.9042242768143418,14.89381325849029,0.13345142816635902,0.12480139296985526,9189.0,-2.08103166149167,-2.2017560004319754,0.11060875870128299,0.12072433894030521,0.11061326350761548,0.12826788589654947,-2.2292425218116456,10.760991143250733,0.14821086031997543,0.008366161837228983,137076.0,-4.783560061512732,-4.918196716580834,0.0073123051233260974,0.13463665506810152,0.007310630932898227,0.14438301071673731,-4.907098748507802,0.7393908832245516,0.12353868699506965,0.00849450020369616,135005.0,-4.768336359762535,-4.926613868164666,0.007251014650138339,0.15827750840213106,0.007239854045253137,0.17329716187657684,-4.906967424070833,0.7394879896920772,0.1386310643082984,0.00723314075232737,158548.0,-4.929081931560467,-5.068918999431528,0.006289215112567182,0.13983706787106076,0.006287379400297763,0.1504221857495696,-5.059471561528198,0.6348913636826847,0.1303896299677314
2025-10,1147.7,7.045515218686623,6.964638342853883,1058.5320225216572,0.08087687583273961,0.008380063670083824,136956.0,-4.781899766654978,-4.918328141987258,0.007311344163801996,0.13642837533228036,0.007309646287994236,0.14643901221974315,-4.907127720186246,0.7393694621399424,0.12522795353126792,0.17033749888687702,6737.8,-1.7699735224410067,-1.882400001290952,0.15222432841470085,0.11242647884994539,0.15219364115302425,0.1192156097744576,-1.9043091905689138,14.89254862257987,0.1343356681279071,0.12496733449477353,9184.0,-2.079702899872725,-2.2017712887524117,0.11060706769206329,0.12206838887968674,0.11061158009826337,0.1297852754996992,-2.2295686778357826,10.75748195346648,0.14986577796305767,0.008380063670083824,136956.0,-4.781899766654978,-4.918328141987258,0.007311344163801996,0.13642837533228036,0.007309646287994236,0.14643901221974315,-4.907127720186246,0.7393694621399424,0.12522795353126792,0.008500348101734584,135018.0,-4.767648163179178,-4.927002370775616,0.007248198159157197,0.15935420759643826,0.007236870160045341,0.17458900239289726,-4.907165513529223,0.7393415194243007,0.13951735035004464,0.007245214888136963,158408.0,-4.927414043451008,-5.069072483501561,0.0062882498923092535,0.14165844005055295,0.006286387854625313,0.15252432011591158,-5.059542287608549,0.6348464618929656,0.1321282441575411
2025-11,1154.1,7.051076098426359,6.965894671734847,1059.862722596417,0.08518142669151185,0.008425809654527931,136972.0,-4.77645570593351,-4.918459567393683,0.007310383330564092,0.1420038614601724,0.007308661643090244,0.15285261050412163,-4.9071566918646905,0.7393480416759283,0.1307009859311803,0.17135094205157897,6735.3,-1.7640415328559205,-1.8822377196988858,0.15224903362561348,0.11819618684296529,0.15221779970500132,0.12569582784442918,-1.9043941043234858,14.891284094049873,0.1403525714675653,0.12565051714752312,9185.0,-2.074250899222867,-2.201786577072848,0.11060537670869608,0.127535677849981,0.11060989668891125,0.13597897574132453,-2.2298948338599196,10.753973908038985,0.15564393463705262,0.008425809654527931,136972.0,-4.77645570593351,-4.918459567393683,0.007310383330564092,0.1420038614601724,0.007308661643090244,0.15285261050412163,-4.9071566918646905,0.7393480416759283,0.1307009859311803,0.008543193426604485,135090.0,-4.762620403537368,-4.927390873386567,0.00724538276217763,0.16477046984919852,0.007233886274837546,0.18099636931275132,-4.907363602987612,0.7391950781678667,0.14474319945024394,0.0072837316739140035,158449.0,-4.922111955533632,-5.069225967571594,0.00628728482018589,0.14711401203796193,0.006285396308952864,0.1588341157643663,-5.059613013688899,0.6348015632788622,0.1375010581552667
2025-12,1158.3,7.0547086919383,6.967151000615811,1061.1950955187158,0.08755769132248936,0.008456225908188295,136976.0,-4.772852315043966,-4.918590992800107,0.007309422623595789,0.1457386777561407,0.007307676998186253,0.15717018011156056,-4.907185663543134,0.7393266218324926,0.134333348499168,0.17200261352499183,6734.2,-1.7602456073713824,-1.8820754381068197,0.15227374284605236,0.1218298307354373,0.15224195825697842,0.12979769502608604,-1.9044790180780578,14.890019672891183,0.1442334107066754,0.1260940561724363,9186.0,-2.0707271729474384,-2.201801865393284,0.11060368575118101,0.13107469244584546,0.11060821327955912,0.14000626566254304,-2.2302209898840566,10.750467006595068,0.15949381693661824,0.008456225908188295,136976.0,-4.772852315043966,-4.918590992800107,0.007309422623595789,0.1457386777561407,0.007307676998186253,0.15717018011156056,-4.907185663543134,0.7393266218324926,0.134333348499168,0.008574728130112596,135083.0,-4.758935991375883,-4.927779375997517,0.007242568458774698,0.16884338462163395,0.00723090238962975,0.18584481826363788,-4.907561692446001,0.7390486659170289,0.1486257010701184,0.007311023025651384,158432.0,-4.918372066222849,-5.069379451641627,0.006286319896174358,0.15100738541877767,0.006284404763280414,0.16335966587789966,-5.059683739769248,0.6347566678401496,0.14131167354639906
2026-01,1158.7,7.055053966003016,6.968407329496775,1062.5291433915213,0.08664663650624149,0.008452050098110014,137091.0,-4.773346251878405,-4.918722418206531,0.007308462042880493,0.1453761663281261,0.007306692353282263,0.15675461473524901,-4.907214635221579,0.7393052026096162,0.13386838334317375,0.17267226990939438,6710.4,-1.756359874704584,-1.8819131565147535,0.15229845607666825,0.12555328181016945,0.1522661168089555,0.1340163755935405,-1.9045639318326297,14.888755359094683,0.14820405712804563,0.12667541270361868,9147.0,-2.066127269653348,-2.20181715371372,0.11060199481951759,0.1356898840603722,0.11060652987020701,0.1452796941759944,-2.230547145908194,10.746961248761673,0.1644198762548461,0.008452050098110014,137091.0,-4.773346251878405,-4.918722418206531,0.007308462042880493,0.1453761663281261,0.007306692353282263,0.15675461473524901,-4.907214635221579,0.7393052026096162,0.13386838334317375,0.008566274590982014,135263.0,-4.759922344386089,-4.928167878608467,0.007239755248523627,0.1682455342223781,0.007227918504421955,0.18516480031440155,-4.90775978190439,0.7389022826660427,0.1478374375183007,0.007306169289749798,158592.0,-4.919036179545743,-5.06953293571166,0.006285355120251925,0.15049675616591696,0.0062834132176079645,0.16277078026251268,-5.059754465849599,0.6347117755766025,0.14071828630385586
2026-02,1165.8,7.061162825611449,6.969663658377739,1063.8648683204444,0.09149916723371021,0.008512222903706299,136956.0,-4.766252159730151,-4.918853843612955,0.007307501588401619,0.15260168388280437,0.007305707708378272,0.16514692942675238,-4.907243606900023,0.7392837840072822,0.14099144716987233,0.17380025940337224,6707.7,-1.749848573612418,-1.8817508749226872,0.15232317331811202,0.13190230131026914,0.1522902753609326,0.14124331965032125,-1.9046488455872017,14.887491152651256,0.15480027197478363,0.1274237621597989,9149.0,-2.060237037068086,-2.201832442034156,0.11060030391370554,0.14159540496607015,0.11060484646085489,0.15206309883443064,-2.230873301932331,10.743456634165872,0.1706362648642452,0.008512222903706299,136956.0,-4.766252159730151,-4.918853843612955,0.007307501588401619,0.15260168388280437,0.007305707708378272,0.16514692942675238,-4.907243606900023,0.7392837840072822,0.14099144716987233,0.008628205602634793,135115.0,-4.752718721041098,-4.928556381219416,0.007236943130999811,0.1758376601783187,0.00722493461921416,0.19422611516632157,-4.907957871362779,0.7387559284091632,0.15523915032168123,0.007358176172082102,158436.0,-4.9119431796557524,-5.069686419781693,0.0062843904923958645,0.15774324012594043,0.006282421671935515,0.17123245721504782,-5.059825191929948,0.6346668864879976,0.14788201227419595
2026-03,1165.5,7.060905458475812,6.970919987258703,1065.2022724137432,0.08998547121710931,0.00849880046960339,137137.0,-4.7678302466675335,-4.918985269019379,0.007306541260142565,0.15115502235184586,0.0073047230634742805,0.1634664854167902,-4.907272578578467,0.7392623660254721,0.13944233191093325,0.17426734449760767,6688.0,-1.7471646962887257,-1.8815885933306211,0.15234789457103454,0.1344238970418954,0.1523144339129097,0.14412889192924558,-1.9047337593417737,14.886227053551787,0.15756906305304796,0.1276281208935611,9132.0,-2.0586345491738745,-2.2018477303545922,0.11059861303374434,0.1432131811807178,0.11060316305150276,0.15392830885072065,-2.231199457956468,10.739953162434848,0.17256490878259356,0.00849880046960339,137137.0,-4.7678302466675335,-4.918985269019379,0.007306541260142565,0.15115502235184586,0.0073047230634742805,0.1634664854167902,-4.907272578578467,0.7392623660254721,0.13944233191093325,0.008613108478609487,135317.0,-4.754469994501194,-4.928944883830367,0.0072341321057787945,0.174474889329173,0.007221950734006364,0.19262908261787332,-4.908155960821168,0.7386096031406478,0.15368596631997455,0.007346359911755436,158650.0,-4.91355033853553,-5.069839903851726,0.006283426012583452,0.15628956531619576,0.006281430126263065,0.1695361986181826,-5.059895918010298,0.6346220005741097,0.1463455794747679
2026-04,1169.6,7.064417088995514,6.972176316139667,1066.5413577823263,0.0922407728558472,0.008519875581844272,137279.0,-4.7653535413174595,-4.919116694425804,0.007305581058086748,0.15376315310834432,0.007303738418570289,0.16650886074751323,-4.9073015502569115,0.7392409486641673,0.14194800893945203,0.17496409765438006,6684.8,-1.7431744823667328,-1.8814263117385548,0.15237261983608688,0.138251829371822,0.15233859246488676,0.14852116475152782,-1.9048186730963457,14.884963061787163,0.1616441907296129,0.1281612973920666,9126.0,-2.0544656724918338,-2.2018630186750285,0.11059692217963367,0.14739734618319478,0.11060147964215065,0.15876657171974976,-2.2315256139806054,10.736450833195903,0.1770599414887717,0.008519875581844272,137279.0,-4.7653535413174595,-4.919116694425804,0.007305581058086748,0.15376315310834432,0.007303738418570289,0.16650886074751323,-4.9073015502569115,0.7392409486641673,0.14194800893945203,0.008633837023038821,135467.0,-4.7520662582096795,-4.929333386441317,0.007231322172436304,0.17726712823163737,0.007218966848798569,0.1959934439199876,-4.908354050279557,0.7384633068547556,0.15628779206987709,0.007365332057078804,158798.0,-4.910971144261909,-5.069993387921759,0.006282461680791967,0.15902224365984985,0.006280438580590615,0.17274167441761135,-5.059966644090649,0.6345771178347137,0.1489954998287395
2026-05,1165.3,7.060733843579218,6.9734326450206305,1067.8821265397555,0.08730119855858742,0.008484844071967904,137339.0,-4.769473757369,-4.919248119832228,0.007304620982217585,0.14977436246322817,0.007302753773666298,0.1618691160811445,-4.907330521935355,0.7392195319233511,0.13785676456635532,0.17479674796747965,6666.6,-1.7441314202388005,-1.8812640301464887,0.1523973491139202,0.13713260990768816,0.15236275101686386,0.14724069236668447,-1.9049035868509177,14.883699177348268,0.16077216661211713,0.12797056885569955,9106.0,-2.0559549723155097,-2.2018783069954644,0.11059523135137315,0.14592333467995466,0.11059979623279853,0.15705971633381444,-2.2318517700047424,10.732949646076479,0.17589679768923272,0.008484844071967904,137339.0,-4.769473757369,-4.919248119832228,0.007304620982217585,0.14977436246322817,0.007302753773666298,0.1618691160811445,-4.907330521935355,0.7392195319233511,0.13785676456635532,0.008598223245381028,135528.0,-4.7561996964415645,-4.929721889052267,0.007228513330548222,0.17352219261070267,0.007215982963590773,0.1915525977215491,-4.908552139737946,0.7383170395457447,0.15235244329638142,0.007335343476372426,158861.0,-4.915051041438905,-5.070146871991792,0.006281497496998691,0.15509583055288712,0.006279447034918165,0.16815118203605034,-5.060037370170998,0.6345322382695863,0.14498632873209338
2026-06,1167.8,7.062876915849437,6.9746889739015945,1069.22458080225,0.08818794194784285,0.008502675743565474,137345.0,-4.767374371662257,-4.919379545238652,0.0073036610325184995,0.15200517357639498,0.007301769128762308,0.16446789724872157,-4.9073594936138,0.7391981158030041,0.13998512195154333,0.1751664966700666,6666.8,-1.7420183478185838,-1.8811017485544226,0.1524220824051857,0.1390834007358388,0.15238690956884093,0.1494851963707221,-1.9049885006054896,14.882435400225988,0.16297015278690585,0.1282732864674868,9104.0,-2.053592240516675,-2.2018935953159007,0.11059354054896234,0.14830135479922557,0.11059811282344642,0.15981442352688424,-2.2321779260288794,10.72944960070412,0.17858568551220433,0.008502675743565474,137345.0,-4.767374371662257,-4.919379545238652,0.0073036610325184995,0.15200517357639498,0.007301769128762308,0.16446789724872157,-4.9073594936138,0.7391981158030041,0.13998512195154333,0.008614762684607327,135558.0,-4.754277956148079,-4.930110391663217,0.007225705579690601,0.17583243551513839,0.007212999078382978,0.19433852562457257,-4.908750229196335,0.7381708012078763,0.15447227304825617,0.00735015514756327,158881.0,-4.913033857468164,-5.070300356061825,0.0062805334611809125,0.15726649859366137,0.006278455489245716,0.170694792716657,-5.060108096251348,0.6344873618785023,0.14707423878318426
2026-07,1168.8,7.06373286043649,6.975945302782558,1070.5687226886891,0.08778755765393154,0.008512931819340553,137297.0,-4.7661688811172755,-4.919510970645076,0.007302701208972895,0.1533420895278006,0.0073007844838583165,0.16602973805927793,-4.907388465292244,0.7391767003031098,0.14121958417496838,0.17570127175971859,6652.2,-1.7389700455698713,-1.8809394669623563,0.15244681971053486,0.14196942139248492,0.15241106812081803,0.15281176049785397,-1.9050734143600616,14.881171730411214,0.16610336879019028,0.12858085808580857,9090.0,-2.0511973267350347,-2.2019088836363365,0.11059184977240089,0.15071155690130178,0.1105964294140943,0.1626131039400659,-2.2325040820530164,10.725950696706501,0.18130675531798168,0.008512931819340553,137297.0,-4.7661688811172755,-4.919510970645076,0.007302701208972895,0.1533420895278006,0.0073007844838583165,0.16602973805927793,-4.907388465292244,0.7391767003031098,0.14121958417496838,0.008620231878927338,135588.0,-4.7536432945607565,-4.930498894274167,0.007222898919439659,0.17685559971341025,0.007210015193175183,0.19559136117868803,-4.9089483186547245,0.738024591835412,0.15530502409396796,0.007357514258016593,158858.0,-4.9120331399697585,-5.070453840131857,0.0062795695733159265,0.15842070016209853,0.006277463943573266,0.1720520140221689,-5.060178822331698,0.6344424886612368,0.1481456823619398
