# Industry: Religious, grantmaking, civic, professional, and similar organizations
# Series ID: CES8081300001
# Parent series: Total private (CES0500000001)
# Generated: 2026-06-05
# Denominator options:
#   opt1: Level 4 parent (default) = Service-providing
#   opt2: Level 3 parent = Service-providing
#   opt3: Level 2 parent = Other services
#   opt4: Goods/Service-providing total = Service-providing
#   opt5: Total private / Total government = Total private
#   opt6: Total nonfarm = Total nonfarm
date,employment_level,log_level,trend_log_level,predicted_level,resid_log_level,share_opt1,denom_employment_opt1,log_share_opt1,trend_log_share_opt1,predicted_share_opt1,resid_log_share_opt1,trend_raw_share_opt1,resid_raw_pct_dev_opt1,hp_cf_log_share_opt1,predicted_share_hp_opt1,resid_log_share_hp_opt1,share_opt2,denom_employment_opt2,log_share_opt2,trend_log_share_opt2,predicted_share_opt2,resid_log_share_opt2,trend_raw_share_opt2,resid_raw_pct_dev_opt2,hp_cf_log_share_opt2,predicted_share_hp_opt2,resid_log_share_hp_opt2,share_opt3,denom_employment_opt3,log_share_opt3,trend_log_share_opt3,predicted_share_opt3,resid_log_share_opt3,trend_raw_share_opt3,resid_raw_pct_dev_opt3,hp_cf_log_share_opt3,predicted_share_hp_opt3,resid_log_share_hp_opt3,share_opt4,denom_employment_opt4,log_share_opt4,trend_log_share_opt4,predicted_share_opt4,resid_log_share_opt4,trend_raw_share_opt4,resid_raw_pct_dev_opt4,hp_cf_log_share_opt4,predicted_share_hp_opt4,resid_log_share_hp_opt4,share_opt5,denom_employment_opt5,log_share_opt5,trend_log_share_opt5,predicted_share_opt5,resid_log_share_opt5,trend_raw_share_opt5,resid_raw_pct_dev_opt5,hp_cf_log_share_opt5,predicted_share_hp_opt5,resid_log_share_hp_opt5,share_opt6,denom_employment_opt6,log_share_opt6,trend_log_share_opt6,predicted_share_opt6,resid_log_share_opt6,trend_raw_share_opt6,resid_raw_pct_dev_opt6,hp_cf_log_share_opt6,predicted_share_hp_opt6,resid_log_share_hp_opt6
2000-01,2677.8,7.892750840863279,,,,0.025171551578274522,106382.0,-3.6820408277827164,,,,,,,,,0.025171551578274522,106382.0,-3.6820408277827164,,,,,,,,,0.5203653322969297,5146.0,-0.6532241519784101,,,,,,,,,0.025171551578274522,106382.0,-3.6820408277827164,,,,,,,,,0.024246649764578052,110440.0,-3.7194768251808115,,,,,,,,,0.020439505079726132,131011.0,-3.89028572726042,,,,,,,,
2000-02,2681.0,7.893945138235959,,,,0.02517087276550999,106512.0,-3.6820677956045254,,,,,,,,,0.02517087276550999,106512.0,-3.6820677956045254,,,,,,,,,0.520279448864739,5153.0,-0.653389210092265,,,,,,,,,0.02517087276550999,106512.0,-3.6820677956045254,,,,,,,,,0.02425783335293745,110521.0,-3.7190156888965435,,,,,,,,,0.02044691885295912,131120.0,-3.889923075181752,,,,,,,,
2000-03,2683.8,7.8949889796668575,,,,0.025106175980841552,106898.0,-3.6846414080973613,,,,,,,,,0.025106175980841552,106898.0,-3.6846414080973613,,,,,,,,,0.520015500871924,5161.0,-0.6538966584818697,,,,,,,,,0.025106175980841552,106898.0,-3.6846414080973613,,,,,,,,,0.024206510268690643,110871.0,-3.721133662631336,,,,,,,,,0.020392997173338197,131604.0,-3.8925637128813517,,,,,,,,
2000-04,2684.7,7.895324268856922,,,,0.025045011427771817,107195.0,-3.6870806158831098,,,,,,,,,0.025045011427771817,107195.0,-3.6870806158831098,,,,,,,,,0.5203915487497577,5159.0,-0.6531737723877278,,,,,,,,,0.025045011427771817,107195.0,-3.6870806158831098,,,,,,,,,0.024168632181631587,111082.0,-3.7226996774431362,,,,,,,,,0.02035652543143975,131884.0,-3.8943537584723606,,,,,,,,
2000-05,2682.6,7.8945417524679895,,,,0.024963939735154803,107459.0,-3.690322905983323,,,,,,,,,0.024963939735154803,107459.0,-3.690322905983323,,,,,,,,,0.5204889406286379,5154.0,-0.6529866387443205,,,,,,,,,0.024963939735154803,107459.0,-3.690322905983323,,,,,,,,,0.02417671551397826,110958.0,-3.7223652778449416,,,,,,,,,0.02030657431588509,132105.0,-3.89681058743968,,,,,,,,
2000-06,2683.0,7.894690850425624,,,,0.02498300634119542,107393.0,-3.689559431598418,,,,,,,,,0.02498300634119542,107393.0,-3.689559431598418,,,,,,,,,0.5202637192165988,5157.0,-0.6534194436253349,,,,,,,,,0.02498300634119542,107393.0,-3.689559431598418,,,,,,,,,0.024132906382672518,111176.0,-3.7241789597407937,,,,,,,,,0.020316061273785997,132063.0,-3.8963435100117545,,,,,,,,
2000-07,2683.0,7.894690850425624,,,,0.024955585940043344,107511.0,-3.6906575964707207,,,,,,,,,0.024955585940043344,107511.0,-3.6906575964707207,,,,,,,,,0.5196591129188456,5163.0,-0.6545822344540251,,,,,,,,,0.024955585940043344,107511.0,-3.6906575964707207,,,,,,,,,0.02409281525848367,111361.0,-3.725841604987361,,,,,,,,,0.020290709985782134,132228.0,-3.897592133850153,,,,,,,,
2000-08,2679.3,7.89331084535795,,,,0.024911902260323013,107551.0,-3.6924095872956295,,,,,,,,,0.024911902260323013,107551.0,-3.6924095872956295,,,,,,,,,0.5184404024767802,5168.0,-0.6569302001044875,,,,,,,,,0.024911902260323013,107551.0,-3.6924095872956295,,,,,,,,,0.024051814680826237,111397.0,-3.7275448307727053,,,,,,,,,0.02026180861200599,132234.0,-3.8990175140567964,,,,,,,,
2000-09,2684.1,7.89510075522166,,,,0.024922931213786956,107696.0,-3.691966967028834,,,,,,,,,0.024922931213786956,107696.0,-3.691966967028834,,,,,,,,,0.5179660362794287,5182.0,-0.6578456059003954,,,,,,,,,0.024922931213786956,107696.0,-3.691966967028834,,,,,,,,,0.02405064425368721,111602.0,-3.727593494694059,,,,,,,,,0.02028230955817345,132337.0,-3.898006223204268,,,,,,,,
2000-10,2685.1,7.895473250197285,,,,0.024928050207029727,107714.0,-3.691761595214083,,,,,,,,,0.024928050207029727,107714.0,-3.691761595214083,,,,,,,,,0.5175597532767926,5188.0,-0.6586302952390496,,,,,,,,,0.024928050207029727,107714.0,-3.691761595214083,,,,,,,,,0.024058095673287996,111609.0,-3.7272837206417067,,,,,,,,,0.0202875664893617,132352.0,-3.8977470687907068,,,,,,,,
2000-11,2687.4,7.89632946244131,,,,0.024899010488085092,107932.0,-3.692927215735441,,,,,,,,,0.024899010488085092,107932.0,-3.692927215735441,,,,,,,,,0.5178034682080925,5190.0,-0.6581595137186248,,,,,,,,,0.024899010488085092,107932.0,-3.692927215735441,,,,,,,,,0.024038427135139005,111796.0,-3.728101598446459,,,,,,,,,0.020273695645613928,132556.0,-3.898431014188773,,,,,,,,
2000-12,2687.1,7.896217824149259,,,,0.024847885187993562,108142.0,-3.694982633159824,,,,,,,,,0.024847885187993562,108142.0,-3.694982633159824,,,,,,,,,0.517147806004619,5196.0,-0.6594265536412308,,,,,,,,,0.024847885187993562,108142.0,-3.694982633159824,,,,,,,,,0.024010829937808276,111912.0,-3.7292503030070074,,,,,,,,,0.02024699358027668,132716.0,-3.8997489616231555,,,,,,,,
2001-01,2686.3,7.895920061092011,,,,0.024834516677760522,108168.0,-3.6955207919465836,,,,,,,,,0.024834516677760522,108168.0,-3.6955207919465836,,,,,,,,,0.5162982894483952,5203.0,-0.6610706001982931,,,,,,,,,0.024834516677760522,108168.0,-3.6955207919465836,,,,,,,,,0.02401312260878893,111868.0,-3.7291548226951705,,,,,,,,,0.02024294853921916,132703.0,-3.8999487663578245,,,,,,,,
2001-02,2685.4,7.895584971638608,,,,0.024793647862616564,108310.0,-3.6971677931911753,,,,,,,,,0.024793647862616564,108310.0,-3.6971677931911753,,,,,,,,,0.5165224081554145,5199.0,-0.660636606745108,,,,,,,,,0.024793647862616564,108310.0,-3.6971677931911753,,,,,,,,,0.024002073613271127,111882.0,-3.7296150518135405,,,,,,,,,0.0202232129409284,132788.0,-3.900924178857238,,,,,,,,
2001-03,2686.2,7.895882834474975,,,,0.024793937659796383,108341.0,-3.6971561048955355,,,,,,,,,0.024793937659796383,108341.0,-3.6971561048955355,,,,,,,,,0.5164776004614496,5201.0,-0.6607233592980978,,,,,,,,,0.024793937659796383,108341.0,-3.6971561048955355,,,,,,,,,0.02402554424628374,111806.0,-3.7286376710510947,,,,,,,,,0.02023487582014448,132751.0,-3.9003476375575232,,,,,,,,
2001-04,2702.4,7.901895546053535,,,,0.024975277949779582,108203.0,-3.6898688253891443,,,,,,,,,0.024975277949779582,108203.0,-3.6898688253891443,,,,,,,,,0.5178003448936578,5219.0,-0.6581655455898776,,,,,,,,,0.024975277949779582,108203.0,-3.6898688253891443,,,,,,,,,0.02424416413973768,111466.0,-3.7195793445919088,,,,,,,,,0.020401938727747666,132458.0,-3.8921253469736645,,,,,,,,
2001-05,2721.7,7.909011964058885,,,,0.025133437990580845,108290.0,-3.68355612856354,,,,,,,,,0.025133437990580845,108290.0,-3.68355612856354,,,,,,,,,0.5195075396067952,5239.0,-0.6548739553493347,,,,,,,,,0.025133437990580845,108290.0,-3.68355612856354,,,,,,,,,0.02443638387846901,111379.0,-3.7116821147718895,,,,,,,,,0.020555404507280526,132408.0,-3.8846313795614913,,,,,,,,
2001-06,2738.7,7.915238634239144,,,,0.02527945208008344,108337.0,-3.677763383985698,,,,,,,,,0.02527945208008344,108337.0,-3.677763383985698,,,,,,,,,0.5219554030874786,5247.0,-0.650173129447567,,,,,,,,,0.02527945208008344,108337.0,-3.677763383985698,,,,,,,,,0.0246367946169139,111163.0,-3.7035142373783474,,,,,,,,,0.02070068027210884,132300.0,-3.877588715863902,,,,,,,,
2001-07,2755.8,7.921463060559803,,,,0.025437527691626053,108336.0,-3.6715297271656238,,,,,,,,,0.025437527691626053,108336.0,-3.6715297271656238,,,,,,,,,0.5230214461947239,5269.0,-0.6481328096494829,,,,,,,,,0.025437527691626053,108336.0,-3.6715297271656238,,,,,,,,,0.02482993503743682,110987.0,-3.695705295758806,,,,,,,,,0.020850104409405927,132172.0,-3.8703963231044964,,,,,,,,
2001-08,2771.9,7.927288284622999,,,,0.025582125091137303,108353.0,-3.6658614100061917,,,,,,,,,0.025582125091137303,108353.0,-3.6658614100061917,,,,,,,,,0.5249810606060606,5280.0,-0.644393092077308,,,,,,,,,0.025582125091137303,108353.0,-3.6658614100061917,,,,,,,,,0.025016470673176718,110803.0,-3.6882208441180526,,,,,,,,,0.02099590216707948,132021.0,-3.863427995200983,,,,,,,,
2001-09,2783.2,7.931356623837732,,,,0.02571608086631925,108228.0,-3.660638768115976,,,,,,,,,0.02571608086631925,108228.0,-3.660638768115976,,,,,,,,,0.5258265633856036,5293.0,-0.6427838480202552,,,,,,,,,0.02571608086631925,108228.0,-3.660638768115976,,,,,,,,,0.025182544493806604,110521.0,-3.6816042032947704,,,,,,,,,0.021122773464477888,131763.0,-3.857403509424897,,,,,,,,
2001-10,2794.4,7.9353726934926225,,,,0.02585659692985297,108073.0,-3.6551895102046177,,,,,,,,,0.02585659692985297,108073.0,-3.6551895102046177,,,,,,,,,0.5273447820343461,5299.0,-0.6399007090001398,,,,,,,,,0.02585659692985297,108073.0,-3.6551895102046177,,,,,,,,,0.02536282527206223,110177.0,-3.6744707489913098,,,,,,,,,0.021257949669841465,131452.0,-3.8510243514602718,,,,,,,,
2001-11,2806.9,7.939835950504632,,,,0.026005466252837357,107935.0,-3.649448522564346,,,,,,,,,0.026005466252837357,107935.0,-3.649448522564346,,,,,,,,,0.528208505833647,5314.0,-0.6382641758151273,,,,,,,,,0.026005466252837357,107935.0,-3.649448522564346,,,,,,,,,0.025559562184705606,109818.0,-3.6667437785433856,,,,,,,,,0.021403190386140428,131144.0,-3.8442152846016606,,,,,,,,
2001-12,2822.6,7.945413724979907,,,,0.026162073983445947,107889.0,-3.6434444748229233,,,,,,,,,0.026162073983445947,107889.0,-3.6434444748229233,,,,,,,,,0.5291713535808024,5334.0,-0.6364429797620531,,,,,,,,,0.026162073983445947,107889.0,-3.6434444748229233,,,,,,,,,0.025747071915933884,109628.0,-3.6594343703406595,,,,,,,,,0.021549361367505706,130983.0,-3.8374090977900317,,,,,,,,
2002-01,2833.9,7.949409133812964,,,,0.02626510714020909,107896.0,-3.639513945383729,,,,,,,,,0.02626510714020909,107896.0,-3.639513945383729,,,,,,,,,0.5302956586826347,5344.0,-0.6343205814035172,,,,,,,,,0.02626510714020909,107896.0,-3.639513945383729,,,,,,,,,0.02588462030288084,109482.0,-3.6541062973516256,,,,,,,,,0.021656133701159264,130859.0,-3.8324665528270203,,,,,,,,
2002-02,2849.3,7.954828629059541,,,,0.026417385983292695,107857.0,-3.6337329256121187,,,,,,,,,0.026417385983292695,107857.0,-3.6337329256121187,,,,,,,,,0.5320821661998133,5355.0,-0.6309573538223076,,,,,,,,,0.026417385983292695,107857.0,-3.6337329256121187,,,,,,,,,0.026057413555012943,109347.0,-3.6474529618267804,,,,,,,,,0.021794136319481097,130737.0,-3.8261143215382636,,,,,,,,
2002-03,2861.4,7.959066294532234,,,,0.026510399777643953,107935.0,-3.630218178536744,,,,,,,,,0.026510399777643953,107935.0,-3.630218178536744,,,,,,,,,0.5336441626258859,5362.0,-0.6280260242636709,,,,,,,,,0.026510399777643953,107935.0,-3.630218178536744,,,,,,,,,0.026181478804293126,109291.0,-3.6427030340646,,,,,,,,,0.021889199981640427,130722.0,-3.8217619153221554,,,,,,,,
2002-04,2861.0,7.95892649305011,,,,0.026508658630370528,107927.0,-3.6302838585894017,,,,,,,,,0.026508658630370528,107927.0,-3.6302838585894017,,,,,,,,,0.5331718225866567,5366.0,-0.6289115379354592,,,,,,,,,0.026508658630370528,107927.0,-3.6302838585894017,,,,,,,,,0.026206113233125407,109173.0,-3.6417625659235786,,,,,,,,,0.021903901512831506,130616.0,-3.82109050675589,,,,,,,,
2002-05,2865.3,7.9604283357088015,,,,0.026524170107196418,108026.0,-3.6296988821648934,,,,,,,,,0.026524170107196418,108026.0,-3.6296988821648934,,,,,,,,,0.533774217585693,5368.0,-0.6277823429427162,,,,,,,,,0.026524170107196418,108026.0,-3.6296988821648934,,,,,,,,,0.0262587290822779,109118.0,-3.639756808754772,,,,,,,,,0.02193413558699247,130632.0,-3.819711153073344,,,,,,,,
2002-06,2857.5,7.957702395668965,,,,0.0264345911542411,108097.0,-3.633081855491832,,,,,,,,,0.0264345911542411,108097.0,-3.633081855491832,,,,,,,,,0.532618825722274,5365.0,-0.629949259395833,,,,,,,,,0.0264345911542411,108097.0,-3.633081855491832,,,,,,,,,0.026185567010309278,109125.0,-3.6425468974729376,,,,,,,,,0.02186739519720832,130674.0,-3.822758555309698,,,,,,,,
2002-07,2857.7,7.957772384470786,,,,0.026444759075724345,108063.0,-3.6326972848961514,,,,,,,,,0.026444759075724345,108063.0,-3.6326972848961514,,,,,,,,,0.5331529850746268,5360.0,-0.6289468695940618,,,,,,,,,0.026444759075724345,108063.0,-3.6326972848961514,,,,,,,,,0.026207813646368303,109040.0,-3.6416976818996285,,,,,,,,,0.021883998039576056,130584.0,-3.821999592363085,,,,,,,,
2002-08,2865.0,7.9603236291488395,,,,0.026495149491829507,108133.0,-3.630793600787637,,,,,,,,,0.026495149491829507,108133.0,-3.630793600787637,,,,,,,,,0.533618923449432,5369.0,-0.6280733212737295,,,,,,,,,0.026495149491829507,108133.0,-3.630793600787637,,,,,,,,,0.02628633294186729,108992.0,-3.6387061348735203,,,,,,,,,0.021940404806212236,130581.0,-3.819425373703065,,,,,,,,
2002-09,2881.7,7.966135676762368,,,,0.026656244796773535,108106.0,-3.624731829487445,,,,,,,,,0.026656244796773535,108106.0,-3.624731829487445,,,,,,,,,0.5353334571800111,5383.0,-0.6248654417985893,,,,,,,,,0.026656244796773535,108106.0,-3.624731829487445,,,,,,,,,0.026448291053269207,108956.0,-3.6325637332275864,,,,,,,,,0.022081653921012703,130502.0,-3.8130081545355785,,,,,,,,
2002-10,2889.3,7.9687695372349285,,,,0.026680148484680595,108294.0,-3.623835492557375,,,,,,,,,0.026680148484680595,108294.0,-3.623835492557375,,,,,,,,,0.5359488035614914,5391.0,-0.6237166382167403,,,,,,,,,0.026680148484680595,108294.0,-3.623835492557375,,,,,,,,,0.026493242128041963,109058.0,-3.630865592547721,,,,,,,,,0.02212039780426744,130617.0,-3.811255118571654,,,,,,,,
2002-11,2895.3,7.9708440115812005,,,,0.02672568168811269,108334.0,-3.622130314889784,,,,,,,,,0.02672568168811269,108334.0,-3.622130314889784,,,,,,,,,0.5354725356019975,5407.0,-0.6246056778008047,,,,,,,,,0.02672568168811269,108334.0,-3.622130314889784,,,,,,,,,0.02655385885266199,109035.0,-3.6285801990056457,,,,,,,,,0.022166503338029032,130616.0,-3.8091729882248004,,,,,,,,
2002-12,2895.1,7.970774931724859,,,,0.02673790370992916,108277.0,-3.6216731056720186,,,,,,,,,0.02673790370992916,108277.0,-3.6216731056720186,,,,,,,,,0.5363282697295294,5398.0,-0.6230088618530913,,,,,,,,,0.02673790370992916,108277.0,-3.6216731056720186,,,,,,,,,0.02659055631584265,108877.0,-3.627199151951236,,,,,,,,,0.02219062583834745,130465.0,-3.8080853388144638,,,,,,,,
2003-01,2898.8,7.972052137235126,,,,0.026735038320713476,108427.0,-3.6217802772286833,,,,,,,,,0.026735038320713476,108427.0,-3.6217802772286833,,,,,,,,,0.5368148148148149,5400.0,-0.6221020953172394,,,,,,,,,0.026735038320713476,108427.0,-3.6217802772286833,,,,,,,,,0.02660743297199556,108947.0,-3.626564667191755,,,,,,,,,0.02220060808896173,130573.0,-3.807635599084368,,,,,,,,
2003-02,2900.2,7.972534979113795,,,,0.02674992390632638,108419.0,-3.6212236502674804,,,,,,,,,0.02674992390632638,108419.0,-3.6212236502674804,,,,,,,,,0.536577243293247,5405.0,-0.6225447509595139,,,,,,,,,0.02674992390632638,108419.0,-3.6212236502674804,,,,,,,,,0.02665208561162318,108817.0,-3.624887872084425,,,,,,,,,0.022233806855206567,130441.0,-3.8061413171200864,,,,,,,,
2003-03,2903.2,7.97356885589886,,,,0.02680949302798042,108290.0,-3.618999236723565,,,,,,,,,0.02680949302798042,108290.0,-3.618999236723565,,,,,,,,,0.5378288254909225,5398.0,-0.6202149376790895,,,,,,,,,0.02680949302798042,108290.0,-3.618999236723565,,,,,,,,,0.02672681242807825,108625.0,-3.622088006668833,,,,,,,,,0.02229201059622989,130235.0,-3.803526933937176,,,,,,,,
2003-04,2903.5,7.973672184812105,,,,0.026807312344197212,108310.0,-3.619080580017678,,,,,,,,,0.026807312344197212,108310.0,-3.619080580017678,,,,,,,,,0.5379840652214193,5397.0,-0.6199263378065383,,,,,,,,,0.026807312344197212,108310.0,-3.619080580017678,,,,,,,,,0.0267411446149312,108578.0,-3.621551902879242,,,,,,,,,0.022304932666528388,130173.0,-3.802947429167802,,,,,,,,
2003-05,2906.6,7.97473929219207,,,,0.026822808523204414,108363.0,-3.618502689116527,,,,,,,,,0.026822808523204414,108363.0,-3.618502689116527,,,,,,,,,0.5384586884031123,5398.0,-0.6190445013858799,,,,,,,,,0.026822808523204414,108363.0,-3.618502689116527,,,,,,,,,0.026756881156218354,108630.0,-3.6209635992357265,,,,,,,,,0.022324631135894068,130197.0,-3.8020646748244227,,,,,,,,
2003-06,2902.9,7.973465516307649,,,,0.026780014391409437,108398.0,-3.620099401325325,,,,,,,,,0.026780014391409437,108398.0,-3.620099401325325,,,,,,,,,0.5378728923476005,5397.0,-0.6201330063109939,,,,,,,,,0.026780014391409437,108398.0,-3.620099401325325,,,,,,,,,0.0267351261742494,108580.0,-3.621776991151793,,,,,,,,,0.022298096569523605,130186.0,-3.803253959785807,,,,,,,,
2003-07,2901.5,7.972983123630663,,,,0.026748098640239686,108475.0,-3.6212918870358886,,,,,,,,,0.026748098640239686,108475.0,-3.6212918870358886,,,,,,,,,0.5374143359881459,5399.0,-0.6209859065876241,,,,,,,,,0.026748098640239686,108475.0,-3.6212918870358886,,,,,,,,,0.02672937144752236,108551.0,-3.621992263977883,,,,,,,,,0.02228768512259571,130184.0,-3.8037209897097872,,,,,,,,
2003-08,2898.6,7.971983140788416,,,,0.0267282635757559,108447.0,-3.622033712566701,,,,,,,,,0.0267282635757559,108447.0,-3.622033712566701,,,,,,,,,0.5368771994813855,5399.0,-0.621985889429871,,,,,,,,,0.0267282635757559,108447.0,-3.622033712566701,,,,,,,,,0.026691345064780794,108597.0,-3.623415921002606,,,,,,,,,0.022270712161840296,130153.0,-3.804482819695187,,,,,,,,
2003-09,2903.6,7.973706625410686,,,,0.026748224369662746,108553.0,-3.6212871865474816,,,,,,,,,0.026748224369662746,108553.0,-3.6212871865474816,,,,,,,,,0.5374051452896539,5403.0,-0.6210030084333802,,,,,,,,,0.026748224369662746,108553.0,-3.6212871865474816,,,,,,,,,0.026700261154228123,108748.0,-3.623081932566534,,,,,,,,,0.022292172097165493,130252.0,-3.803519689173412,,,,,,,,
2003-10,2905.0,7.974188669286011,,,,0.02671338059900503,108747.0,-3.622590693077516,,,,,,,,,0.02671338059900503,108747.0,-3.622590693077516,,,,,,,,,0.5377637911884487,5402.0,-0.6203358650665493,,,,,,,,,0.02671338059900503,108747.0,-3.622590693077516,,,,,,,,,0.026680504403890484,108881.0,-3.6238221524203778,,,,,,,,,0.022270946572727483,130439.0,-3.804472294227845,,,,,,,,
2003-11,2906.5,7.974704887141406,,,,0.02671611883226708,108792.0,-3.6224881941473894,,,,,,,,,0.02671611883226708,108792.0,-3.6224881941473894,,,,,,,,,0.5378423390081422,5404.0,-0.6201898119386842,,,,,,,,,0.02671611883226708,108792.0,-3.6224881941473894,,,,,,,,,0.02667859929322135,108945.0,-3.623893559566973,,,,,,,,,0.022275444512568975,130480.0,-3.8042703501534905,,,,,,,,
2003-12,2911.4,7.976389344130561,,,,0.026737565204613917,108888.0,-3.621685765881349,,,,,,,,,0.026737565204613917,108888.0,-3.621685765881349,,,,,,,,,0.5388487877105312,5403.0,-0.6183202897135052,,,,,,,,,0.026737565204613917,108888.0,-3.621685765881349,,,,,,,,,0.026699558889612354,109043.0,-3.6231082347007075,,,,,,,,,0.022294373951864246,130589.0,-3.803420921500396,,,,,,,,
2004-01,2911.4,7.976389344130561,,,,0.02669980374534583,109042.0,-3.6230990639645264,,,,,,,,,0.02669980374534583,109042.0,-3.6230990639645264,,,,,,,,,0.5386493987049029,5405.0,-0.6186903859427481,,,,,,,,,0.02669980374534583,109042.0,-3.6230990639645264,,,,,,,,,0.026656778186745774,109218.0,-3.624711819743393,,,,,,,,,0.022265899843984215,130756.0,-3.8046989258450745,,,,,,,,
2004-02,2915.4,7.977762310639912,,,,0.026715416758302177,109128.0,-3.6225144735330437,,,,,,,,,0.026715416758302177,109128.0,-3.6225144735330437,,,,,,,,,0.5393894542090657,5405.0,-0.6173174194333964,,,,,,,,,0.026715416758302177,109128.0,-3.6225144735330437,,,,,,,,,0.026680455015511893,109271.0,-3.6238240035257228,,,,,,,,,0.02228541289242553,130821.0,-3.803822944937193,,,,,,,,
2004-03,2915.8,7.977899503670722,,,,0.026657036806787226,109382.0,-3.6247021179412813,,,,,,,,,0.026657036806787226,109382.0,-3.6247021179412813,,,,,,,,,0.5381690660760429,5418.0,-0.6195825189743188,,,,,,,,,0.026657036806787226,109382.0,-3.6247021179412813,,,,,,,,,0.02661567109683073,109552.0,-3.6262550976901227,,,,,,,,,0.022234253469574503,131140.0,-3.8061212301468887,,,,,,,,
2004-04,2917.4,7.978448087652113,,,,0.026616184654684794,109610.0,-3.626235802557656,,,,,,,,,0.026616184654684794,109610.0,-3.626235802557656,,,,,,,,,0.538365011994833,5419.0,-0.6192184879140014,,,,,,,,,0.026616184654684794,109610.0,-3.626235802557656,,,,,,,,,0.026570611486548025,109798.0,-3.6279495053033126,,,,,,,,,0.022200407877514993,131412.0,-3.8076446174116465,,,,,,,,
2004-05,2913.1,7.976973085240792,,,,0.02652709987615648,109816.0,-3.6295884316907028,,,,,,,,,0.02652709987615648,109816.0,-3.6295884316907028,,,,,,,,,0.5375715076582395,5419.0,-0.6206934903253217,,,,,,,,,0.02652709987615648,109816.0,-3.6295884316907028,,,,,,,,,0.026462759917516784,110083.0,-3.632016820462001,,,,,,,,,0.022119714192426553,131697.0,-3.8112860231878534,,,,,,,,
2004-06,2913.3,7.977041738268418,,,,0.02650695588088111,109907.0,-3.6303480943624167,,,,,,,,,0.02650695588088111,109907.0,-3.6303480943624167,,,,,,,,,0.537509225092251,5420.0,-0.6208093561652738,,,,,,,,,0.02650695588088111,109907.0,-3.6303480943624167,,,,,,,,,0.026438158503716207,110193.0,-3.6329469145438535,,,,,,,,,0.022104951666995463,131794.0,-3.8119536382254133,,,,,,,,
2004-07,2908.3,7.975323997018785,,,,0.026450633003492433,109952.0,-3.6324751888850875,,,,,,,,,0.026450633003492433,109952.0,-3.6324751888850875,,,,,,,,,0.5371813816032509,5414.0,-0.6214194731554611,,,,,,,,,0.026450633003492433,109952.0,-3.6324751888850875,,,,,,,,,0.026379616863797986,110248.0,-3.6351636555361955,,,,,,,,,0.022056972105510643,131854.0,-3.814126531807215,,,,,,,,
2004-08,2908.8,7.97549590398316,,,,0.026444597985381287,109996.0,-3.6327033764938568,,,,,,,,,0.026444597985381287,109996.0,-3.6327033764938568,,,,,,,,,0.5376709796672828,5410.0,-0.6205084678573675,,,,,,,,,0.026444597985381287,109996.0,-3.6327033764938568,,,,,,,,,0.026368605694705068,110313.0,-3.6355811546942247,,,,,,,,,0.02204655181561176,131939.0,-3.814599069562312,,,,,,,,
2004-09,2902.9,7.973465516307649,,,,0.026358609292569758,110131.0,-3.6359603289880877,,,,,,,,,0.026358609292569758,110131.0,-3.6359603289880877,,,,,,,,,0.5370767807585569,5405.0,-0.6216142137656597,,,,,,,,,0.026358609292569758,110131.0,-3.6359603289880877,,,,,,,,,0.026281528962282943,110454.0,-3.638888907366968,,,,,,,,,0.021976848942758292,132089.0,-3.8177657004857974,,,,,,,,
2004-10,2897.1,7.971465515640982,,,,0.02623590672402083,110425.0,-3.6406263208237455,,,,,,,,,0.02623590672402083,110425.0,-3.6406263208237455,,,,,,,,,0.5367982212340189,5397.0,-0.6221330069776609,,,,,,,,,0.02623590672402083,110425.0,-3.6406263208237455,,,,,,,,,0.02615348505502243,110773.0,-3.6437728256485107,,,,,,,,,0.021876628230976598,132429.0,-3.822336416092415,,,,,,,,
2004-11,2894.7,7.9706367576944475,,,,0.02619472069642647,110507.0,-3.6421973886553602,,,,,,,,,0.02619472069642647,110507.0,-3.6421973886553602,,,,,,,,,0.5360555555555555,5400.0,-0.623517474857918,,,,,,,,,0.02619472069642647,110507.0,-3.6421973886553602,,,,,,,,,0.0261228578390232,110811.0,-3.64494456865148,,,,,,,,,0.021846297819672005,132503.0,-3.823723807967085,,,,,,,,
2004-12,2889.9,7.968977178431688,,,,0.026123153689006202,110626.0,-3.644933243385709,,,,,,,,,0.026123153689006202,110626.0,-3.644933243385709,,,,,,,,,0.5351666666666667,5400.0,-0.6251770541206781,,,,,,,,,0.026123153689006202,110626.0,-3.644933243385709,,,,,,,,,0.026049920224992563,110937.0,-3.647740573167774,,,,,,,,,0.02178918796652341,132630.0,-3.826341397056711,,,,,,,,
2005-01,2886.0,7.9676267393338165,,,,0.02604176066124055,110822.0,-3.6480538502085578,,,,,,,,,0.02604176066124055,110822.0,-3.6480538502085578,,,,,,,,,0.5346424601704335,5398.0,-0.6261570542441338,,,,,,,,,0.02604176066124055,110822.0,-3.6480538502085578,,,,,,,,,0.02598922968859752,111046.0,-3.650073069529132,,,,,,,,,0.02173503739239801,132781.0,-3.8288296941656816,,,,,,,,
2005-02,2879.5,7.9653719469467275,,,,0.02594167515022658,110999.0,-3.651904524298154,,,,,,,,,0.02594167515022658,110999.0,-3.651904524298154,,,,,,,,,0.5339328759503059,5393.0,-0.6274851483905,,,,,,,,,0.02594167515022658,110999.0,-3.651904524298154,,,,,,,,,0.02587384311258873,111290.0,-3.6545227390207438,,,,,,,,,0.021644842671798187,133034.0,-3.8329880666848015,,,,,,,,
2005-03,2871.2,7.962485339833397,,,,0.025845943342725202,111089.0,-3.65560162099153,,,,,,,,,0.025845943342725202,111089.0,-3.65560162099153,,,,,,,,,0.5330857779428146,5386.0,-0.6290729335381469,,,,,,,,,0.025845943342725202,111089.0,-3.65560162099153,,,,,,,,,0.02577054948211176,111414.0,-3.658522931995253,,,,,,,,,0.021563002238010123,133154.0,-3.8367762922642465,,,,,,,,
2005-04,2876.9,7.964468604518541,,,,0.025828432912869778,111385.0,-3.6562793429804334,,,,,,,,,0.025828432912869778,111385.0,-3.6562793429804334,,,,,,,,,0.533549703264095,5392.0,-0.6282030480736022,,,,,,,,,0.025828432912869778,111385.0,-3.6562793429804334,,,,,,,,,0.02574038616394968,111766.0,-3.659694074442245,,,,,,,,,0.021546584781306173,133520.0,-3.837537953817176,,,,,,,,
2005-05,2871.7,7.962659467887608,,,,0.025750768927268,111519.0,-3.659290791065104,,,,,,,,,0.025750768927268,111519.0,-3.659290791065104,,,,,,,,,0.5333766716196137,5384.0,-0.6285274034369556,,,,,,,,,0.025750768927268,111519.0,-3.659290791065104,,,,,,,,,0.02566125746148622,111908.0,-3.6627729162608804,,,,,,,,,0.021480450897231634,133689.0,-3.8406120180705607,,,,,,,,
2005-06,2881.8,7.966170377898834,,,,0.025784689166457896,111764.0,-3.6579744063722006,,,,,,,,,0.025784689166457896,111764.0,-3.6579744063722006,,,,,,,,,0.5339633129516398,5397.0,-0.6274281447198091,,,,,,,,,0.025784689166457896,111764.0,-3.6579744063722006,,,,,,,,,0.025687926193341357,112185.0,-3.6617341953950437,,,,,,,,,0.021514318989458596,133948.0,-3.839036566018071,,,,,,,,
2005-07,2884.6,7.96714152114941,,,,0.02573330002854696,112096.0,-3.6599694048478035,,,,,,,,,0.02573330002854696,112096.0,-3.6599694048478035,,,,,,,,,0.5338885804182861,5403.0,-0.627568112694656,,,,,,,,,0.02573330002854696,112096.0,-3.6599694048478035,,,,,,,,,0.02565388685823039,112443.0,-3.663060184411608,,,,,,,,,0.021478778853313476,134300.0,-3.8406898613619194,,,,,,,,
2005-08,2887.8,7.968250245537119,,,,0.02572008763960883,112278.0,-3.6604829721687246,,,,,,,,,0.02572008763960883,112278.0,-3.6604829721687246,,,,,,,,,0.5348768290424153,5399.0,-0.6257187846811683,,,,,,,,,0.02572008763960883,112278.0,-3.6604829721687246,,,,,,,,,0.025637656584309165,112639.0,-3.663693047974433,,,,,,,,,0.0214703127091047,134502.0,-3.841084102264832,,,,,,,,
2005-09,2891.1,7.969392331525351,,,,0.025737788104585636,112329.0,-3.6597950127293215,,,,,,,,,0.025737788104585636,112329.0,-3.6597950127293215,,,,,,,,,0.535686492495831,5397.0,-0.6242061910932913,,,,,,,,,0.025737788104585636,112329.0,-3.6597950127293215,,,,,,,,,0.025651467965609943,112707.0,-3.6631544783749006,,,,,,,,,0.0214868600986979,134552.0,-3.8403136888819174,,,,,,,,
2005-10,2883.1,7.966621383127731,,,,0.025661542843410382,112351.0,-3.6627617952026967,,,,,,,,,0.025661542843410382,112351.0,-3.6627617952026967,,,,,,,,,0.5352952098031935,5386.0,-0.624936890243813,,,,,,,,,0.025661542843410382,112351.0,-3.6627617952026967,,,,,,,,,0.02555667836754955,112812.0,-3.66685661223882,,,,,,,,,0.02141323965211191,134641.0,-3.8437458729226845,,,,,,,,
2005-11,2884.3,7.967037515186307,,,,0.025605901883844394,112642.0,-3.6649324117297497,,,,,,,,,0.025605901883844394,112642.0,-3.6649324117297497,,,,,,,,,0.5347237671486837,5394.0,-0.6260049885133677,,,,,,,,,0.025605901883844394,112642.0,-3.6649324117297497,,,,,,,,,0.025493644929201507,113138.0,-3.6693260763405244,,,,,,,,,0.021365659977629133,134997.0,-3.8459703197651196,,,,,,,,
2005-12,2886.6,7.967834617933463,,,,0.02559360204280673,112786.0,-3.6654128789347404,,,,,,,,,0.02559360204280673,112786.0,-3.6654128789347404,,,,,,,,,0.5336661120354964,5409.0,-0.6279848939379639,,,,,,,,,0.02559360204280673,112786.0,-3.6654128789347404,,,,,,,,,0.025481991525423728,113280.0,-3.6697832909940837,,,,,,,,,0.02135706834173085,135159.0,-3.8463725242287428,,,,,,,,
2006-01,2890.3,7.969115581947358,,,,0.025586480409341195,112962.0,-3.665691176005409,,,,,,,,,0.025586480409341195,112962.0,-3.665691176005409,,,,,,,,,0.5328724188790561,5424.0,-0.6294732476728735,,,,,,,,,0.025586480409341195,112962.0,-3.665691176005409,,,,,,,,,0.02544726184187357,113580.0,-3.671147131484066,,,,,,,,,0.021342125277824954,135427.0,-3.8470724467916404,,,,,,,,
2006-02,2892.8,7.969980170197857,,,,0.025554770318021204,113200.0,-3.666931274553362,,,,,,,,,0.025554770318021204,113200.0,-3.666931274553362,,,,,,,,,0.5332350230414747,5425.0,-0.6287930082108028,,,,,,,,,0.025554770318021204,113200.0,-3.666931274553362,,,,,,,,,0.025407755478459446,113855.0,-3.6727008177649076,,,,,,,,,0.02131242954918848,135733.0,-3.8484648295537895,,,,,,,,
2006-03,2897.2,7.971500032321171,,,,0.025532514915705334,113471.0,-3.6678025443271194,,,,,,,,,0.025532514915705334,113471.0,-3.6678025443271194,,,,,,,,,0.5339476594176188,5426.0,-0.6274574608977063,,,,,,,,,0.025532514915705334,113471.0,-3.6678025443271194,,,,,,,,,0.02538397511718579,114135.0,-3.673637204957562,,,,,,,,,0.021296990546758994,136038.0,-3.8491895051335265,,,,,,,,
2006-04,2895.7,7.970982156979451,,,,0.025494132044408053,113583.0,-3.6693069692040505,,,,,,,,,0.025494132044408053,113583.0,-3.6693069692040505,,,,,,,,,0.5336712126796903,5426.0,-0.627975336239426,,,,,,,,,0.025494132044408053,113583.0,-3.6693069692040505,,,,,,,,,0.02533620320060197,114291.0,-3.6755209495458017,,,,,,,,,0.021259085236032597,136210.0,-3.850970934461936,,,,,,,,
2006-05,2901.6,7.973017587968693,,,,0.025529893097532005,113655.0,-3.667905235064891,,,,,,,,,0.025529893097532005,113655.0,-3.667905235064891,,,,,,,,,0.5338730450781969,5435.0,-0.6275972115866172,,,,,,,,,0.025529893097532005,113655.0,-3.667905235064891,,,,,,,,,0.025380719540249994,114323.0,-3.6737654664180996,,,,,,,,,0.021296303092132787,136249.0,-3.8492217850803225,,,,,,,,
2006-06,2899.0,7.972121128921655,,,,0.025487282733882524,113743.0,-3.669575667536434,,,,,,,,,0.025487282733882524,113743.0,-3.669575667536434,,,,,,,,,0.5335910178538561,5433.0,-0.6281256176298675,,,,,,,,,0.025487282733882524,113743.0,-3.669575667536434,,,,,,,,,0.025337586854870427,114415.0,-3.675466339291969,,,,,,,,,0.02126348680108848,136337.0,-3.850763911939039,,,,,,,,
2006-07,2897.1,7.971465515640982,,,,0.025426093977637745,113942.0,-3.6719793103374725,,,,,,,,,0.025426093977637745,113942.0,-3.6719793103374725,,,,,,,,,0.5337324981577007,5428.0,-0.627860505313778,,,,,,,,,0.025426093977637745,113942.0,-3.6719793103374725,,,,,,,,,0.025289814588498202,114556.0,-3.6773535497427887,,,,,,,,,0.02121966761640384,136529.0,-3.8528268096134237,,,,,,,,
2006-08,2899.3,7.972224607527546,,,,0.025404377617720766,114126.0,-3.67283377265335,,,,,,,,,0.025404377617720766,114126.0,-3.67283377265335,,,,,,,,,0.5337444771723122,5432.0,-0.627838061710986,,,,,,,,,0.025404377617720766,114126.0,-3.67283377265335,,,,,,,,,0.025281432844150298,114681.0,-3.6776850323480303,,,,,,,,,0.02121045854914699,136692.0,-3.853260891160366,,,,,,,,
2006-09,2904.8,7.974119820100126,,,,0.025415379769539694,114293.0,-3.67240078546268,,,,,,,,,0.025415379769539694,114293.0,-3.67240078546268,,,,,,,,,0.5332843767211309,5447.0,-0.6287004572835484,,,,,,,,,0.025415379769539694,114293.0,-3.67240078546268,,,,,,,,,0.02531548490552883,114744.0,-3.676339018873923,,,,,,,,,0.02122988320933156,136826.0,-3.8523455044911685,,,,,,,,
2006-10,2907.8,7.975152060497325,,,,0.025419165340839555,114394.0,-3.6722518485026407,,,,,,,,,0.025419165340839555,114394.0,-3.6722518485026407,,,,,,,,,0.5331499816648332,5454.0,-0.6289525029082086,,,,,,,,,0.025419165340839555,114394.0,-3.6722518485026407,,,,,,,,,0.025334785449793076,114775.0,-3.6755769086200973,,,,,,,,,0.02124916875543506,136843.0,-3.8514375017681077,,,,,,,,
2006-11,2909.8,7.975839629281288,,,,0.025377638234781095,114660.0,-3.673886877181085,,,,,,,,,0.025377638234781095,114660.0,-3.673886877181085,,,,,,,,,0.5332233828110684,5457.0,-0.6288148379049435,,,,,,,,,0.025377638234781095,114660.0,-3.673886877181085,,,,,,,,,0.025307670229698116,114977.0,-3.676647758061432,,,,,,,,,0.02123011819641033,137060.0,-3.8523344358585265,,,,,,,,
2006-12,2914.7,7.97752217753641,,,,0.025378098579899172,114851.0,-3.6738687375520707,,,,,,,,,0.025378098579899172,114851.0,-3.6738687375520707,,,,,,,,,0.5332418587632638,5466.0,-0.6287801889516031,,,,,,,,,0.025378098579899172,114851.0,-3.6738687375520707,,,,,,,,,0.02530978369413256,115161.0,-3.6765642507226843,,,,,,,,,0.0212365846017093,137249.0,-3.852029895834325,,,,,,,,
2007-01,2917.2,7.978379531110078,,,,0.02535857716580608,115038.0,-3.6746382564363684,,,,,,,,,0.02535857716580608,115038.0,-3.6746382564363684,,,,,,,,,0.5336992316136114,5466.0,-0.6279228353779353,,,,,,,,,0.02535857716580608,115038.0,-3.6746382564363684,,,,,,,,,0.025284068748537402,115377.0,-3.677580775322728,,,,,,,,,0.02122032122905028,137472.0,-3.852796007878349,,,,,,,,
2007-02,2920.0,7.979338895262328,,,,0.025340403190113773,115231.0,-3.6753551930036594,,,,,,,,,0.025340403190113773,115231.0,-3.6753551930036594,,,,,,,,,0.5334307636097917,5474.0,-0.628425994338297,,,,,,,,,0.025340403190113773,115231.0,-3.6753551930036594,,,,,,,,,0.025296935778703792,115429.0,-3.677072006049986,,,,,,,,,0.021227100901424833,137560.0,-3.852476569283875,,,,,,,,
2007-03,2923.3,7.980468394124558,,,,0.025331889081455807,115400.0,-3.675691238931578,,,,,,,,,0.025331889081455807,115400.0,-3.675691238931578,,,,,,,,,0.5329626253418415,5485.0,-0.6293039785847724,,,,,,,,,0.025331889081455807,115400.0,-3.675691238931578,,,,,,,,,0.025280408180914083,115635.0,-3.677725563436914,,,,,,,,,0.021216541833594612,137784.0,-3.8529741263910244,,,,,,,,
2007-04,2926.2,7.981459931944062,,,,0.025334626240238262,115502.0,-3.675583192867319,,,,,,,,,0.025334626240238262,115502.0,-3.675583192867319,,,,,,,,,0.5329083955563649,5491.0,-0.6294057353348107,,,,,,,,,0.025334626240238262,115502.0,-3.675583192867319,,,,,,,,,0.02529739262742928,115672.0,-3.6770539467639005,,,,,,,,,0.021227883087771224,137847.0,-3.8524397214854313,,,,,,,,
2007-05,2925.9,7.981357404646079,,,,0.02529392440955773,115676.0,-3.6771910540020634,,,,,,,,,0.02529392440955773,115676.0,-3.6771910540020634,,,,,,,,,0.5321753364859949,5498.0,-0.630782264079112,,,,,,,,,0.02529392440955773,115676.0,-3.6771910540020634,,,,,,,,,0.025267057573899604,115799.0,-3.678253803859082,,,,,,,,,0.021203403095831644,137992.0,-3.8535935867983855,,,,,,,,
2007-06,2933.7,7.984019703986339,,,,0.025344045613580404,115755.0,-3.6752114635734743,,,,,,,,,0.025344045613580404,115755.0,-3.6752114635734743,,,,,,,,,0.5333030358116706,5501.0,-0.628665468889119,,,,,,,,,0.025344045613580404,115755.0,-3.6752114635734743,,,,,,,,,0.02532042153232697,115863.0,-3.6761440336485736,,,,,,,,,0.021247917722894184,138070.0,-3.851496377923859,,,,,,,,
2007-07,2935.9,7.984769329208849,,,,0.025358669833729218,115775.0,-3.6746346021401037,,,,,,,,,0.025358669833729218,115775.0,-3.6746346021401037,,,,,,,,,0.5338,5500.0,-0.6277340420117132,,,,,,,,,0.025358669833729218,115775.0,-3.6746346021401037,,,,,,,,,0.02533722264893461,115873.0,-3.675480713531927,,,,,,,,,0.021267856625423777,138044.0,-3.850558424691347,,,,,,,,
2007-08,2933.0,7.983781068977451,,,,0.025316346436031558,115854.0,-3.676304987693143,,,,,,,,,0.025316346436031558,115854.0,-3.676304987693143,,,,,,,,,0.5336608442503639,5496.0,-0.6279947649247343,,,,,,,,,0.025316346436031558,115854.0,-3.676304987693143,,,,,,,,,0.025330995707635574,115787.0,-3.6757265063200832,,,,,,,,,0.021251621224087587,138013.0,-3.8513220936236268,,,,,,,,
2007-09,2929.8,7.98268944029567,,,,0.025254719420739594,116010.0,-3.6787422329737827,,,,,,,,,0.025254719420739594,116010.0,-3.6787422329737827,,,,,,,,,0.5333697433096669,5493.0,-0.6285403930469508,,,,,,,,,0.025254719420739594,116010.0,-3.6787422329737827,,,,,,,,,0.025296149197029875,115820.0,-3.677103100484111,,,,,,,,,0.021215215171724634,138099.0,-3.8530366579458803,,,,,,,,
2007-10,2933.0,7.983781068977451,,,,0.025257265877287407,116125.0,-3.6786414071386884,,,,,,,,,0.025257265877287407,116125.0,-3.6786414071386884,,,,,,,,,0.5338551146705497,5494.0,-0.6276307976777681,,,,,,,,,0.025257265877287407,116125.0,-3.6786414071386884,,,,,,,,,0.025311103056663044,115878.0,-3.6765121235232034,,,,,,,,,0.021226705265062422,138175.0,-3.8524952077240124,,,,,,,,
2007-11,2939.3,7.985926736745461,,,,0.025277343010956126,116282.0,-3.6778468176418366,,,,,,,,,0.025277343010956126,116282.0,-3.6778468176418366,,,,,,,,,0.5337388777919012,5507.0,-0.6278485525170207,,,,,,,,,0.025277343010956126,116282.0,-3.6778468176418366,,,,,,,,,0.025348408016833975,115956.0,-3.675039351041848,,,,,,,,,0.021254609877793044,138290.0,-3.851181471713243,,,,,,,,
2007-12,2951.9,7.990204309807828,,,,0.025354084533656285,116427.0,-3.6748154363362593,,,,,,,,,0.025354084533656285,116427.0,-3.6748154363362593,,,,,,,,,0.5352493200362648,5515.0,-0.6250226218797752,,,,,,,,,0.025354084533656285,116427.0,-3.6748154363362593,,,,,,,,,0.025443246364819556,116019.0,-3.6713049399714968,,,,,,,,,0.02132952780085986,138395.0,-3.847662884537647,,,,,,,,
2008-01,2957.5,7.992099595852542,,,,0.025396729983169032,116452.0,-3.6731348540655735,,,,,,,,,0.025396729983169032,116452.0,-3.6731348540655735,,,,,,,,,0.5357789855072463,5520.0,-0.6240335434185992,,,,,,,,,0.025396729983169032,116452.0,-3.6731348540655735,,,,,,,,,0.025495030300940493,116003.0,-3.669271735970508,,,,,,,,,0.021370609360435288,138391.0,-3.8457386952969594,,,,,,,,
2008-02,2967.2,7.995374026175381,,,,0.025482870859419953,116439.0,-3.66974878353325,,,,,,,,,0.025482870859419953,116439.0,-3.66974878353325,,,,,,,,,0.5363702096890817,5532.0,-0.6229306666092679,,,,,,,,,0.025482870859419953,116439.0,-3.66974878353325,,,,,,,,,0.02559873007108841,115912.0,-3.6652125353251774,,,,,,,,,0.021450310491653954,138329.0,-3.8420161585774926,,,,,,,,
2008-03,2969.8,7.996249889461962,,,,0.025503009901330198,116449.0,-3.6689587984370977,,,,,,,,,0.025503009901330198,116449.0,-3.6689587984370977,,,,,,,,,0.5361617620509117,5539.0,-0.6233193685711428,,,,,,,,,0.025503009901330198,116449.0,-3.6689587984370977,,,,,,,,,0.025642398286937904,115816.0,-3.6635081143719184,,,,,,,,,0.02147997598709668,138259.0,-3.840634127261247,,,,,,,,
2008-04,2970.1,7.996350901263592,,,,0.0255231204186682,116369.0,-3.6681705545215526,,,,,,,,,0.0255231204186682,116369.0,-3.6681705545215526,,,,,,,,,0.5361191335740072,5540.0,-0.623398878477737,,,,,,,,,0.0255231204186682,116369.0,-3.6681705545215526,,,,,,,,,0.02569512933644779,115590.0,-3.6614538250247204,,,,,,,,,0.021516227180527384,138040.0,-3.8389478759483473,,,,,,,,
2008-05,2969.8,7.996249889461962,,,,0.02554490873746323,116258.0,-3.6673172488241472,,,,,,,,,0.02554490873746323,116258.0,-3.6673172488241472,,,,,,,,,0.5368402024584238,5532.0,-0.6220548033226876,,,,,,,,,0.02554490873746323,116258.0,-3.6673172488241472,,,,,,,,,0.02574197351085223,115368.0,-3.6596324087799452,,,,,,,,,0.021543550645261915,137851.0,-3.8376787812255486,,,,,,,,
2008-06,2964.6,7.994497395079759,,,,0.025507420950742096,116225.0,-3.668785851479026,,,,,,,,,0.025507420950742096,116225.0,-3.668785851479026,,,,,,,,,0.536579185520362,5525.0,-0.6225411313061943,,,,,,,,,0.025507420950742096,116225.0,-3.668785851479026,,,,,,,,,0.025738173167915403,115183.0,-3.6597800518302823,,,,,,,,,0.02152941176470588,137700.0,-3.838335289636987,,,,,,,,
2008-07,2965.3,7.994733486751879,,,,0.025530357819333955,116148.0,-3.66788703218521,,,,,,,,,0.025530357819333955,116148.0,-3.66788703218521,,,,,,,,,0.5369974646867077,5522.0,-0.6217619057382207,,,,,,,,,0.025530357819333955,116148.0,-3.66788703218521,,,,,,,,,0.02580114679497777,114929.0,-3.6573363386246682,,,,,,,,,0.021566288719026598,137497.0,-3.836623890917046,,,,,,,,
2008-08,2966.9,7.995272915644633,,,,0.025583561124093507,115969.0,-3.6658052773492176,,,,,,,,,0.025583561124093507,115969.0,-3.6658052773492176,,,,,,,,,0.5382619738751815,5512.0,-0.6194098970488613,,,,,,,,,0.025583561124093507,115969.0,-3.6658052773492176,,,,,,,,,0.02587924357140365,114644.0,-3.654314038084025,,,,,,,,,0.021622901953924977,137211.0,-3.834002250342565,,,,,,,,
2008-09,2963.8,7.9942275077560785,,,,0.02562400034582631,115665.0,-3.6642258531790928,,,,,,,,,0.02562400034582631,115665.0,-3.6642258531790928,,,,,,,,,0.537699564586357,5512.0,-0.6204553049374164,,,,,,,,,0.02562400034582631,115665.0,-3.6642258531790928,,,,,,,,,0.025947488684415574,114223.0,-3.651680449220288,,,,,,,,,0.021671541386370285,136760.0,-3.8317553359971592,,,,,,,,
2008-10,2976.5,7.998503392593445,,,,0.02579177678610112,115405.0,-3.657699567080406,,,,,,,,,0.02579177678610112,115405.0,-3.657699567080406,,,,,,,,,0.5396120377084844,5516.0,-0.6169048463197476,,,,,,,,,0.02579177678610112,115405.0,-3.657699567080406,,,,,,,,,0.026168873415273162,113742.0,-3.6431846120761753,,,,,,,,,0.02183929973365813,136291.0,-3.824044192096669,,,,,,,,
2008-11,2962.9,7.993923797425905,,,,0.025780937298783564,114926.0,-3.6581199245376195,,,,,,,,,0.025780937298783564,114926.0,-3.6581199245376195,,,,,,,,,0.5410701241782323,5476.0,-0.6142063889824343,,,,,,,,,0.025780937298783564,114926.0,-3.6581199245376195,,,,,,,,,0.026224763455802304,112981.0,-3.64105114453827,,,,,,,,,0.02185980625788507,135541.0,-3.823105659132806,,,,,,,,
2008-12,2950.6,7.989763818483467,,,,0.025761782527459094,114534.0,-3.6588631826454905,,,,,,,,,0.025761782527459094,114534.0,-3.6588631826454905,,,,,,,,,0.5417921410209328,5446.0,-0.6128728547502384,,,,,,,,,0.025761782527459094,114534.0,-3.6588631826454905,,,,,,,,,0.026276371214077707,112291.0,-3.639085176555976,,,,,,,,,0.021881094870482842,134847.0,-3.822132262895897,,,,,,,,
2009-01,2943.2,7.987252703790564,,,,0.0257723292469352,114200.0,-3.658453872413482,,,,,,,,,0.0257723292469352,114200.0,-3.658453872413482,,,,,,,,,0.5420257826887661,5430.0,-0.6124417091374165,,,,,,,,,0.0257723292469352,114200.0,-3.658453872413482,,,,,,,,,0.02639641255605381,111500.0,-3.634527166091746,,,,,,,,,0.02195123770314516,134079.0,-3.8189317536636427,,,,,,,,
2009-02,2939.4,7.985960757872584,,,,0.02584019762116164,113753.0,-3.655823952219208,,,,,,,,,0.02584019762116164,113753.0,-3.655823952219208,,,,,,,,,0.5432267603030864,5411.0,-0.6102284397701511,,,,,,,,,0.02584019762116164,113753.0,-3.655823952219208,,,,,,,,,0.026542775098878476,110742.0,-3.6289976926627623,,,,,,,,,0.02204803552408527,133318.0,-3.814531772936418,,,,,,,,
2009-03,2931.7,7.983337738535556,,,,0.025880120056497175,113280.0,-3.654280170391991,,,,,,,,,0.025880120056497175,113280.0,-3.654280170391991,,,,,,,,,0.5446219580159762,5383.0,-0.6076633800254017,,,,,,,,,0.025880120056497175,113280.0,-3.654280170391991,,,,,,,,,0.026667818873142065,109934.0,-3.624297726166965,,,,,,,,,0.022127039715005962,132494.0,-3.8109549018286835,,,,,,,,
2009-04,2933.0,7.983781068977451,,,,0.02596931141038241,112941.0,-3.6508397684690763,,,,,,,,,0.02596931141038241,112941.0,-3.6508397684690763,,,,,,,,,0.5459791511541325,5372.0,-0.6051744886656771,,,,,,,,,0.02596931141038241,112941.0,-3.6508397684690763,,,,,,,,,0.026872509047597234,109145.0,-3.6166514834310117,,,,,,,,,0.022249700353507002,131822.0,-3.8054267377186846,,,,,,,,
2009-05,2941.5,7.986674934304511,,,,0.02607204268671004,112822.0,-3.646891700185635,,,,,,,,,0.02607204268671004,112822.0,-3.646891700185635,,,,,,,,,0.5479694485842027,5368.0,-0.601535744347007,,,,,,,,,0.02607204268671004,112822.0,-3.646891700185635,,,,,,,,,0.027023674999310972,108849.0,-3.6110419453614577,,,,,,,,,0.02237460636210123,131466.0,-3.7998286077312247,,,,,,,,
2009-06,2942.4,7.986980853850056,,,,0.026131670796365865,112599.0,-3.644607259803563,,,,,,,,,0.026131670796365865,112599.0,-3.644607259803563,,,,,,,,,0.5478309439582946,5371.0,-0.6017885360554026,,,,,,,,,0.026131670796365865,112599.0,-3.644607259803563,,,,,,,,,0.027135900841080123,108432.0,-3.606897673525838,,,,,,,,,0.02245969711773327,131008.0,-3.796032815170905,,,,,,,,
2009-07,2941.5,7.986674934304511,,,,0.026170394491005177,112398.0,-3.643126488384603,,,,,,,,,0.026170394491005177,112398.0,-3.643126488384603,,,,,,,,,0.5479694485842027,5368.0,-0.601535744347007,,,,,,,,,0.026170394491005177,112398.0,-3.643126488384603,,,,,,,,,0.02720059921768802,108141.0,-3.6045162758607843,,,,,,,,,0.022512283601965378,130662.0,-3.7936941808764946,,,,,,,,
2009-08,2937.6,7.985348200426171,,,,0.0261501210653753,112336.0,-3.6439014588308587,,,,,,,,,0.0261501210653753,112336.0,-3.6439014588308587,,,,,,,,,0.5481619705168874,5359.0,-0.6011844690686791,,,,,,,,,0.0261501210653753,112336.0,-3.6439014588308587,,,,,,,,,0.02721638022884143,107935.0,-3.603936272642806,,,,,,,,,0.02251517566987553,130472.0,-3.7935657229105826,,,,,,,,
2009-09,2940.8,7.986436932161368,,,,0.026207535735928423,112212.0,-3.6417082860620793,,,,,,,,,0.026207535735928423,112212.0,-3.6417082860620793,,,,,,,,,0.549374182701289,5353.0,-0.5989754982320133,,,,,,,,,0.026207535735928423,112212.0,-3.6417082860620793,,,,,,,,,0.02728141379470291,107795.0,-3.6015496220307397,,,,,,,,,0.022578812401148597,130246.0,-3.790743316809934,,,,,,,,
2009-10,2931.4,7.9832354035932,,,,0.026136576406287616,112157.0,-3.6444195508139297,,,,,,,,,0.026136576406287616,112157.0,-3.6444195508139297,,,,,,,,,0.5495688038995126,5334.0,-0.5986213011487593,,,,,,,,,0.026136576406287616,112157.0,-3.6444195508139297,,,,,,,,,0.027259454885295294,107537.0,-3.6023548497847364,,,,,,,,,0.022538654938836392,130061.0,-3.7925234465594184,,,,,,,,
2009-11,2921.4,7.979818232416711,,,,0.02603766521983262,112199.0,-3.6482111269583335,,,,,,,,,0.02603766521983262,112199.0,-3.6482111269583335,,,,,,,,,0.5487227648384674,5324.0,-0.600161947098292,,,,,,,,,0.02603766521983262,112199.0,-3.6482111269583335,,,,,,,,,0.0271697481492504,107524.0,-3.6056511250292274,,,,,,,,,0.022462458768078612,130057.0,-3.795909862463299,,,,,,,,
2009-12,2923.4,7.980502601455193,,,,0.02609572777748023,112026.0,-3.6459836647381985,,,,,,,,,0.02609572777748023,112026.0,-3.6459836647381985,,,,,,,,,0.5495112781954887,5320.0,-0.5987259808804977,,,,,,,,,0.02609572777748023,112026.0,-3.6459836647381985,,,,,,,,,0.027238506978737677,107326.0,-3.603123609087756,,,,,,,,,0.022520954024405276,129808.0,-3.793309113179654,,,,,,,,
2010-01,2930.0,7.982757702011113,7.97189543655122,2898.3457916458015,0.010862265459892662,0.026135279058773157,112109.0,-3.6444691892858447,-3.6487854879735537,0.026022714493971037,0.004316298687708997,0.025992069185368567,0.005509752701228019,-3.645338825624319,2.6112560750152602,0.0008696363384741446,0.026135279058773157,112109.0,-3.6444691892858447,-3.6487854879735537,0.026022714493971037,0.004316298687708997,0.025992069185368567,0.005509752701228019,-3.645338825624319,2.6112560750152602,0.0008696363384741446,0.5502347417840375,5325.0,-0.5974102885665129,-0.6002003349227707,0.5487017009695839,0.0027900463562577915,0.5484584479688318,0.003238702625119679,-0.5974904017606955,55.01906624870132,8.01131941825517e-05,0.026135279058773157,112109.0,-3.6444691892858447,-3.6487854879735537,0.026022714493971037,0.004316298687708997,0.025992069185368567,0.005509752701228019,-3.645338825624319,2.6112560750152602,0.0008696363384741446,0.027303817875147934,107311.0,-3.600728737662652,-3.6088721251065268,0.027082375178074956,0.008143387443874772,0.02703690599737086,0.009872130997645593,-3.6016016718709536,2.727999383842865,0.0008729342083015901,0.022572841712762515,129802.0,-3.7910077894427996,-3.7953607420658106,0.022474796749574533,0.004352952623011053,0.022447192986160824,0.005597525119472897,-3.791666657142453,2.2557974094903024,0.0006588676996535092
2010-02,2925.7,7.98128904727371,7.972196754695753,2899.2192474093827,0.009092292577956407,0.026100648568599286,112093.0,-3.6457951155906096,-3.649871924116409,0.02599445782872017,0.004076808525799169,0.02596551496905558,0.005204348910651338,-3.6465363981721732,2.608130778182769,0.0007412825815635848,0.026100648568599286,112093.0,-3.6457951155906096,-3.649871924116409,0.02599445782872017,0.004076808525799169,0.02596551496905558,0.005204348910651338,-3.6465363981721732,2.608130778182769,0.0007412825815635848,0.550253902576641,5317.0,-0.5973754662306286,-0.6008634256120973,0.5483379825829181,0.0034879593814686194,0.5481082562702403,0.003914639638894237,-0.5982580107308787,54.976849325035296,0.0008825445002500487,0.026100648568599286,112093.0,-3.6457951155906096,-3.649871924116409,0.02599445782872017,0.004076808525799169,0.02596551496905558,0.005204348910651338,-3.6465363981721732,2.608130778182769,0.0007412825815635848,0.02728434206845099,107230.0,-3.6014422919404816,-3.6102156384539077,0.027046014076826264,0.008773346513426095,0.02700318483835416,0.010412002575988278,-3.6032212337422336,2.723584795870045,0.0017789418017519765,0.022556396774243287,129706.0,-3.791736582562225,-3.796469236872274,0.022449897357074564,0.004732654310048989,0.022423823487307922,0.005912162437882299,-3.79290172505193,2.2530130662799683,0.0011651424897052287
2010-03,2931.3,7.983201289618408,7.9724980728402866,2900.092966400689,0.010703216778121138,0.02612357297542978,112209.0,-3.644917193139106,-3.6509583602592635,0.025966231845861474,0.0060411671201574535,0.025938960752742594,0.007117178843322232,-3.6477339640098676,2.6050092393597724,0.002816770870761598,0.02612357297542978,112209.0,-3.644917193139106,-3.6509583602592635,0.025966231845861474,0.0060411671201574535,0.025938960752742594,0.007117178843322232,-3.6477339640098676,2.6050092393597724,0.002816770870761598,0.550168918918919,5328.0,-0.5975299226018178,-0.6015265163014237,0.5479745052945842,0.0039965936996059215,0.5477580645716489,0.00440131237347527,-0.5990256190829046,54.93466482898241,0.0014956964810868278,0.02612357297542978,112209.0,-3.644917193139106,-3.6509583602592635,0.025966231845861474,0.0060411671201574535,0.025938960752742594,0.007117178843322232,-3.6477339640098676,2.6050092393597724,0.002816770870761598,0.027306517121883967,107348.0,-3.600629882867552,-3.6115591518012886,0.02700970179440071,0.01092926893373658,0.026969463679337464,0.012497595300893406,-3.6048407888779095,2.7191773701243207,0.004210906010357451,0.022571727780943435,129866.0,-3.791057138980598,-3.7975777316787376,0.022425025550129808,0.006520592698139538,0.022400453988455023,0.007645996486351755,-3.794136787877548,2.250232171239711,0.0030796488969500047
2010-04,2932.1,7.9834741688369375,7.97279939098482,2900.9669486990488,0.010674777852117678,0.026085138561451893,112405.0,-3.6463895306011724,-3.6520447964021185,0.025938036512078565,0.005655265800946108,0.025912406536429608,0.006665997030397197,-3.6489315107074685,2.6018914863479714,0.0025419801062960268,0.026085138561451893,112405.0,-3.6463895306011724,-3.6520447964021185,0.025938036512078565,0.005655265800946108,0.025912406536429608,0.006665997030397197,-3.6489315107074685,2.6018914863479714,0.0025419801062960268,0.5495970009372071,5335.0,-0.5985699948989167,-0.6021896069907503,0.5476112689447651,0.0036196120918335906,0.5474078728730575,0.0039990803432548875,-0.599793219388859,54.89251314334527,0.0012232244899422762,0.026085138561451893,112405.0,-3.6463895306011724,-3.6520447964021185,0.025938036512078565,0.005655265800946108,0.025912406536429608,0.006665997030397197,-3.6489315107074685,2.6018914863479714,0.0025419801062960268,0.027262415040306458,107551.0,-3.602246263816643,-3.612902665148669,0.026973438265253606,0.010656401332026277,0.026935742520320768,0.012127845361576458,-3.6064603168159737,2.714777150505922,0.004214052999330864,0.02253381494005533,130120.0,-3.7927382117503505,-3.7986862264852013,0.02240018129817877,0.005948014734850737,0.02237708448960212,0.007004060360322525,-3.795371831545151,2.2474547517162233,0.002633619794800257
2010-05,2922.3,7.980126256445019,7.973100709129353,2901.8411943838123,0.007025547315666181,0.025880529601912946,112915.0,-3.654264345806385,-3.6531312325449736,0.025909871794091273,-0.0011331132614111894,0.02588585232011662,-0.00020562267519154585,-3.6501290041006986,2.5987776032824734,-0.004135341705686191,0.025880529601912946,112915.0,-3.654264345806385,-3.6531312325449736,0.025909871794091273,-0.0011331132614111894,0.02588585232011662,-0.00020562267519154585,-3.6501290041006986,2.5987776032824734,-0.004135341705686191,0.5484797297297298,5328.0,-0.6006049557752052,-0.6028526976800769,0.5472482733737497,0.0022477419048716474,0.5470576811744661,0.0025994490237496864,-0.6005607926799595,54.85039528271538,-4.416309524568618e-05,0.025880529601912946,112915.0,-3.654264345806385,-3.6531312325449736,0.025909871794091273,-0.0011331132614111894,0.02588585232011662,-0.00020562267519154585,-3.6501290041006986,2.5987776032824734,-0.004135341705686191,0.027147316203110197,107646.0,-3.6064770882024195,-3.61424617849605,0.02693722342392823,0.007769090293630487,0.026902021361304068,0.009118082188387562,-3.60807976460286,2.7103842686391224,0.0016026764004406502,0.022368763491067194,130642.0,-3.8000897803289266,-3.799794721291665,0.022375364570693813,-0.00029505903726168015,0.022353714990749222,0.0006731990778355562,-3.7966068182178594,2.244680888245104,-0.003482962111067245
2010-06,2914.8,7.977556485796127,7.973402027273886,2902.715703534355,0.00415445852224039,0.025848904339189276,112763.0,-3.6554870642571515,-3.6542176686878283,0.025881737658655563,-0.0012693955693232617,0.025859298103803635,-0.00040193529509720245,-3.6513263904112354,2.5956677247907014,-0.0041606738459161186,0.025848904339189276,112763.0,-3.6554870642571515,-3.6542176686878283,0.025881737658655563,-0.0012693955693232617,0.025859298103803635,-0.00040193529509720245,-3.6513263904112354,2.5956677247907014,-0.0041606738459161186,0.5486166007905139,5313.0,-0.600355440654816,-0.6035157883694033,0.5468855184219327,0.003160347714587286,0.5467074894758747,0.0034920160257352183,-0.6013283105489633,54.808312775817825,0.0009728698941472436,0.025848904339189276,112763.0,-3.6554870642571515,-3.6542176686878283,0.025881737658655563,-0.0012693955693232617,0.025859298103803635,-0.00040193529509720245,-3.6513263904112354,2.5956677247907014,-0.0041606738459161186,0.027046487890878726,107770.0,-3.61019811979475,-3.6155896918434305,0.026901057205055787,0.005391572048680349,0.026868300202287372,0.006631892871890134,-3.6096990467691636,2.705998943226923,-0.0004990730255864939,0.02233392077235461,130510.0,-3.801648645365446,-3.8009032160981286,0.022350575337181107,-0.0007454292673174656,0.02233034549189632,0.00016010860466033513,-3.797841689737655,2.24191070650647,-0.0038069556277910976
2010-07,2928.2,7.982143178759382,7.97370334541842,2903.5904762300756,0.008439833340962544,0.02599332457479672,112652.0,-3.6499155210490435,-3.6553041048306834,0.025853634072563466,0.005388583781639866,0.02583274388749065,0.006216168441318012,-3.652523647769259,2.5925619021137347,0.0026081267202155978,0.02599332457479672,112652.0,-3.6499155210490435,-3.6553041048306834,0.025853634072563466,0.005388583781639866,0.02583274388749065,0.006216168441318012,-3.652523647769259,2.5925619021137347,0.0026081267202155978,0.5497934660157716,5326.0,-0.5982125876144959,-0.6041788790587299,0.5465230039298147,0.005966291444233995,0.5463572977772833,0.006289232801442463,-0.6020957449293923,54.7662671279618,0.0038831573148964127,0.02599332457479672,112652.0,-3.6499155210490435,-3.6553041048306834,0.025853634072563466,0.005388583781639866,0.02583274388749065,0.006216168441318012,-3.652523647769259,2.5925619021137347,0.0026081267202155978,0.027151679246332733,107846.0,-3.6063163838212127,-3.6169332051908114,0.026864939543355205,0.010616821369598739,0.026834579043270676,0.011816850286741386,-3.6113180654791486,2.701621424906875,0.005001681657935908,0.02245293869570218,130415.0,-3.796333773774634,-3.8020117109045923,0.02232581356718061,0.005677937129958455,0.02230697599304342,0.0065433657481980744,-3.7990764148212275,2.2391442713669094,0.002742641046593608
2010-08,2923.8,7.980639419077516,7.974004663562953,2904.4655125503973,0.00663475551456294,0.0259577225955947,112637.0,-3.651286118436948,-3.656390540973538,0.02582556100264312,0.0051044225365899365,0.025806189671177662,0.0058719604229787725,-3.653720786408916,2.5894601030971827,0.0024346679719680075,0.0259577225955947,112637.0,-3.651286118436948,-3.656390540973538,0.02582556100264312,0.0051044225365899365,0.025806189671177662,0.0058719604229787725,-3.653720786408916,2.5894601030971827,0.0024346679719680075,0.5491735537190083,5324.0,-0.5993407604374866,-0.6048419697480565,0.5461607297380018,0.0055012093105698545,0.5460071060786917,0.005799279176158266,-0.6028630602480565,54.724260250569756,0.00352229981056984,0.0259577225955947,112637.0,-3.651286118436948,-3.656390540973538,0.02582556100264312,0.0051044225365899365,0.025806189671177662,0.0058719604229787725,-3.653720786408916,2.5894601030971827,0.0024346679719680075,0.02707347562387148,107995.0,-3.6092007896608385,-3.6182767185381923,0.02682887037363309,0.009075928877353867,0.02680085788425398,0.010171978105882449,-3.6129367267479524,2.6972519522455136,0.0037359370871139497,0.02241920024537055,130415.0,-3.7978375334564998,-3.803120205711056,0.022301079230266037,0.005282672254556253,0.02228360649419052,0.00608491050204918,-3.8003109915599254,2.236381581662017,0.0024734581034255854
2010-09,2927.7,7.981972410815525,7.974305981707486,2905.340812574767,0.007666429108039274,0.02600804839698318,112569.0,-3.6493492351324033,-3.657476977116393,0.025797518415758627,0.0081277419839898,0.025779635454864676,0.008860208381084903,-3.654917796439918,2.5863623477708755,0.00556856130751493,0.02600804839698318,112569.0,-3.6493492351324033,-3.657476977116393,0.025797518415758627,0.0081277419839898,0.025779635454864676,0.008860208381084903,-3.654917796439918,2.5863623477708755,0.00556856130751493,0.5490810202550638,5332.0,-0.5995092704830741,-0.605505060437383,0.5457986956872061,0.005995789954308828,0.5456569143801003,0.006275199277651305,-0.6036301909691321,54.68229568755413,0.004120920486057944,0.02600804839698318,112569.0,-3.6493492351324033,-3.657476977116393,0.025797518415758627,0.0081277419839898,0.025779635454864676,0.008860208381084903,-3.654917796439918,2.5863623477708755,0.00556856130751493,0.027084759561122725,108094.0,-3.6087840871085493,-3.619620231885573,0.02679284963078358,0.010836144777023549,0.02676713672523728,0.011866149119564772,-3.6145548979974893,2.6928908661273363,0.005770810888940048,0.022461850070200472,130341.0,-3.795936961283244,-3.8042287005175193,0.022276372296044802,0.008291739234275397,0.02226023699533762,0.009057094715796576,-3.8015453968827426,2.2336226834833854,0.005608435599498751
2010-10,2936.7,7.985041780935494,7.974607299852019,2906.216376382655,0.010434481083474445,0.02602719086783891,112832.0,-3.648613484822048,-3.658563413259248,0.025769506278810115,0.009949928437200217,0.02575308123855169,0.01064376051735845,-3.656114649185959,2.5832687045796563,0.007501164363910906,0.02602719086783891,112832.0,-3.648613484822048,-3.658563413259248,0.025769506278810115,0.009949928437200217,0.02575308123855169,0.01064376051735845,-3.656114649185959,2.5832687045796563,0.007501164363910906,0.5481986186298301,5357.0,-0.601117614945466,-0.6061681511267095,0.5454369016182451,0.0050505361812435146,0.5453067226815089,0.005303246463018967,-0.604397044378556,54.640378456910774,0.0032794294330900087,0.02602719086783891,112832.0,-3.648613484822048,-3.658563413259248,0.025769506278810115,0.009949928437200217,0.02575308123855169,0.01064376051735845,-3.656114649185959,2.5832687045796563,0.007501164363910906,0.027110585932812053,108323.0,-3.607831002543484,-3.6209637452329537,0.02675687724978818,0.013132742689469623,0.026733415566220584,0.01410857380558764,-3.6161724178229977,2.6885385826647705,0.008341415279513598,0.02248277446026642,130620.0,-3.795005842521154,-3.805337195323983,0.02225169273415798,0.010331352802829041,0.022236867496484722,0.011058525388999652,-3.802779588633347,2.2308676652535637,0.0077737461121931695
2010-11,2925.3,7.981152318509183,7.974908617996553,2907.092204053557,0.006243700512630568,0.02590228093787632,112936.0,-3.6534242470548524,-3.659649849402103,0.025741524558733648,0.006225602347250447,0.025726527022238703,0.006831622297315611,-3.6573112730034345,2.580179352485604,0.0038870259485821457,0.02590228093787632,112936.0,-3.6534242470548524,-3.659649849402103,0.025741524558733648,0.006225602347250447,0.025726527022238703,0.006831622297315611,-3.6573112730034345,2.580179352485604,0.0038870259485821457,0.5470918271928185,5347.0,-0.6031386164395485,-0.6068312418160361,0.5450753473720417,0.003692625376487624,0.5449565309829175,0.003918287218339389,-0.605163495965039,54.59851529724838,0.002024879525490575,0.02590228093787632,112936.0,-3.6534242470548524,-3.659649849402103,0.025741524558733648,0.006225602347250447,0.025726527022238703,0.006831622297315611,-3.6573112730034345,2.580179352485604,0.0038870259485821457,0.026970736294739173,108462.0,-3.613002841693726,-3.622307258580334,0.02672095316571576,0.009304416886608102,0.026699694407203888,0.01015149774381516,-3.617789080291854,2.684195634728463,0.004786238598128101,0.02237340247344148,130749.0,-3.7998824152051824,-3.8064456901304466,0.0222270405142803,0.006563274925264206,0.02221349799763182,0.007198527482106097,-3.80401348138044,2.228116711361736,0.004131066175257381
2010-12,2917.1,7.9783452510764805,7.975209936141086,2907.9682956669903,0.0031353149353945398,0.025803626713843432,113050.0,-3.6572402266296358,-3.660736285544958,0.02571357322250116,0.00349605891532212,0.025699972805925717,0.004033230256719011,-3.658507538369386,2.577094618736224,0.0012673117397503653,0.025803626713843432,113050.0,-3.6572402266296358,-3.660736285544958,0.02571357322250116,0.00349605891532212,0.025699972805925717,0.004033230256719011,-3.658507538369386,2.577094618736224,0.0012673117397503653,0.5464780816785313,5338.0,-0.6042610788879892,-0.6074943325053626,0.5447140327896245,0.003233253617373366,0.5446063392843261,0.00343687221244038,-0.6059293959130525,54.55671430695214,0.001668317025063315,0.025803626713843432,113050.0,-3.6572402266296358,-3.660736285544958,0.02571357322250116,0.00349605891532212,0.025699972805925717,0.004033230256719011,-3.658507538369386,2.577094618736224,0.0012673117397503653,0.026869864780221804,108564.0,-3.6167498887372616,-3.623650771927715,0.02668507731372229,0.006900883190453566,0.02666597324818719,0.007646131275125181,-3.619404615108662,2.679862724151774,0.0026547263714005176,0.022296873805702055,130830.0,-3.8033087984284415,-3.8075541849369103,0.022202415606120074,0.00424538650846884,0.02219012849877892,0.004810486200159164,-3.8052469297101132,2.2253701387517073,0.001938131281671751
2011-01,2905.4,7.974326353438784,7.97551125428562,2908.8446513025015,-0.001184900846836534,0.025696268584113845,113067.0,-3.661409488901854,-3.6618227216878125,0.02568565223712049,0.0004132327859585061,0.02567341858961273,0.0008900253942168889,-3.65970328576837,2.574014906195016,-0.001706203133484241,0.025696268584113845,113067.0,-3.661409488901854,-3.6618227216878125,0.02568565223712049,0.0004132327859585061,0.02567341858961273,0.0008900253942168889,-3.65970328576837,2.574014906195016,-0.001706203133484241,0.5454101745823166,5327.0,-0.6062171534782159,-0.6081574231946891,0.5443529577121272,0.0019402697164732086,0.5442561475857347,0.0021203747568144054,-0.6066945787829969,54.51498441126077,0.00047742530478100953,0.025696268584113845,113067.0,-3.661409488901854,-3.6618227216878125,0.02568565223712049,0.0004132327859585061,0.02567341858961273,0.0008900253942168889,-3.65970328576837,2.574014906195016,-0.001706203133484241,0.026758397111780362,108579.0,-3.6209069441790223,-3.624994285275096,0.026649249629050856,0.004087341096073782,0.026632252089170493,0.004736551088038269,-3.6210187150471698,2.6755406469641385,0.00011177086814750936,0.022206256639941302,130837.0,-3.807381199182708,-3.808662679743374,0.022177817979419184,0.0012814805606660151,0.02216675899992602,0.0017818409996434345,-3.8064797563329464,2.222628333631433,-0.000901442849761569
2011-02,2902.5,7.973327713572046,7.975812572430153,2909.721271039651,-0.0024848588581072306,0.025633439605761674,113231.0,-3.6638575452787765,-3.6629091578306676,0.025657761569635257,-0.0009483874481088783,0.025646864373299744,-0.0005234467396351755,-3.660898345906301,2.5709406409180056,-0.002959199372475574,0.025633439605761674,113231.0,-3.6638575452787765,-3.6629091578306676,0.025657761569635257,-0.0009483874481088783,0.025646864373299744,-0.0005234467396351755,-3.660898345906301,2.5709406409180056,-0.002959199372475574,0.5438448566610455,5337.0,-0.6090912627618983,-0.6088205138840157,0.5439921219807892,-0.0002707488778825873,0.5439059558871433,-0.00011233417364975167,-0.6074588662624562,54.47333520924155,-0.0016323964994421347,0.025633439605761674,113231.0,-3.6638575452787765,-3.6629091578306676,0.025657761569635257,-0.0009483874481088783,0.025646864373299744,-0.0005234467396351755,-3.660898345906301,2.5709406409180056,-0.002959199372475574,0.026667095422722845,108842.0,-3.624324854753514,-3.6263377986224765,0.026613470047031487,0.002012943868962669,0.026598530930153796,0.002577754867330627,-3.6226310523971255,2.6712302486895667,-0.0016938023563883853,0.022146852133041347,131057.0,-3.8100599084801936,-3.8097711745498377,0.022153247603953024,-0.0002887339303558889,0.02214338950107312,0.0001563731680761501,-3.8077117690048015,2.219891713481076,-0.0023481394753921414
2011-03,2891.3,7.969461506954267,7.976113890574687,2910.598154958033,-0.006652383620419755,0.025498046616634185,113393.0,-3.6691534330211844,-3.6639955939735223,0.025629901187124916,-0.005157839047662094,0.025620310156986757,-0.004772133498908127,-3.6620925626542435,2.5678722130952734,-0.007060870366940808,0.025498046616634185,113393.0,-3.6691534330211844,-3.6639955939735223,0.025629901187124916,-0.005157839047662094,0.025620310156986757,-0.004772133498908127,-3.6620925626542435,2.5678722130952734,-0.007060870366940808,0.5422543135783946,5332.0,-0.6120201743443326,-0.6094836045733423,0.5436315254369546,-0.002536569770990371,0.5435557641885518,-0.002394327676940483,-0.608222076355177,54.43177647106718,-0.0037980979891556466,0.025498046616634185,113393.0,-3.6691534330211844,-3.6639955939735223,0.025629901187124916,-0.005157839047662094,0.025620310156986757,-0.004772133498908127,-3.6620925626542435,2.5678722130952734,-0.007060870366940808,0.026503561247032296,109091.0,-3.6304761683385776,-3.6276813119698574,0.02657773850308099,-0.0027948563687201222,0.0265648097711371,-0.0023056263015800555,-3.624241298585848,2.6669323716111677,-0.006234869752729466,0.02202341506516457,131283.0,-3.815649070468166,-3.810879669356301,0.02212870444953049,-0.004769401111865079,0.02212002000222022,-0.004367307852612952,-3.808942782437118,2.2171606782788853,-0.006706288031048224
2011-04,2898.9,7.9720866336733724,7.97641520871922,2911.475303137261,-0.004328575045847494,0.02550591257830647,113656.0,-3.6688449878785403,-3.6650820301163773,0.02560207105670462,-0.003762957762162955,0.02559375594067377,-0.003432218489967654,-3.66328580271659,2.564809952464997,-0.0055591851619500865,0.02550591257830647,113656.0,-3.6688449878785403,-3.6650820301163773,0.02560207105670462,-0.003762957762162955,0.02559375594067377,-0.003432218489967654,-3.66328580271659,2.564809952464997,-0.0055591851619500865,0.5427635274293203,5341.0,-0.6110815466663978,-0.6101466952626687,0.5432711679220733,-0.0009348514037290645,0.5432055724899604,-0.0008137712185348035,-0.6089840396605583,54.390317251957235,-0.0020975070058395495,0.02550591257830647,113656.0,-3.6688449878785403,-3.6650820301163773,0.02560207105670462,-0.003762957762162955,0.02559375594067377,-0.003432218489967654,-3.66328580271659,2.564809952464997,-0.0055591851619500865,0.026495023443283704,109413.0,-3.630798358218641,-3.629024825317238,0.02654205493270294,-0.0017735329014030299,0.0265310886121204,-0.00135935503303172,-3.625849138110119,2.662647817696115,-0.004949220108521946,0.022028617673655174,131597.0,-3.815412867587557,-3.8119881641627646,0.0221041884859939,-0.003424703424792508,0.02209665050336732,-0.0030788752214629895,-3.810172629459697,2.2144355858869873,-0.005240238127860231
2011-05,2895.4,7.970878549719943,7.976716526863753,2912.352715656975,-0.005837977143809958,0.02546234819237906,113713.0,-3.670554459454681,-3.666168466259232,0.025574271145525275,-0.004385993195449078,0.025567201724360784,-0.004101095345206223,-3.6644779872797573,2.5617540475954645,-0.006076472174923797,0.02546234819237906,113713.0,-3.670554459454681,-3.666168466259232,0.025574271145525275,-0.004385993195449078,0.025567201724360784,-0.004101095345206223,-3.6644779872797573,2.5617540475954645,-0.006076472174923797,0.5417025257249767,5345.0,-0.6130382737392023,-0.6108097859519953,0.5429110492776997,-0.0022284877872069675,0.542855380791369,-0.002123687278758605,-0.6097446160843102,54.34896498674744,-0.0032936576548920904,0.02546234819237906,113713.0,-3.670554459454681,-3.666168466259232,0.025574271145525275,-0.004385993195449078,0.025567201724360784,-0.004101095345206223,-3.6644779872797573,2.5617540475954645,-0.006076472174923797,0.02642415171482286,109574.0,-3.6334768493561325,-3.630368338664619,0.02650641927148746,-0.003108510691513633,0.026497367453103705,-0.0027631325417675876,-3.6274543035752815,2.6583772557694645,-0.00602254578085093,0.021984313189524915,131703.0,-3.817426116795271,-3.8130966589692283,0.022079699683219,-0.00432945782604266,0.02207328100451442,-0.004030565957607733,-3.811401194648388,2.211716677933386,-0.006024922146882883
2011-06,2896.0,7.971085753505607,7.9770178450082865,2913.230392596836,-0.005932091502679704,0.025424696018612,113905.0,-3.672034293122448,-3.667254902402087,0.02554650142077341,-0.004779390720361043,0.025540647508047798,-0.004539880572693428,-3.665669080425107,2.5587045763719622,-0.006365212697341249,0.025424696018612,113905.0,-3.672034293122448,-3.667254902402087,0.02554650142077341,-0.004779390720361043,0.025540647508047798,-0.004539880572693428,-3.665669080425107,2.5587045763719622,-0.006365212697341249,0.5410050439006164,5353.0,-0.6143266768877744,-0.6114728766413219,0.5425511693454935,-0.0028538002464525425,0.5425051890927776,-0.002765218144124661,-0.6105036817166107,54.307726208724524,-0.00382299517116369,0.025424696018612,113905.0,-3.672034293122448,-3.667254902402087,0.02554650142077341,-0.004779390720361043,0.025540647508047798,-0.004539880572693428,-3.665669080425107,2.5587045763719622,-0.006365212697341249,0.02638315705084406,109767.0,-3.635029462930738,-3.6317118520119998,0.02647083145511118,-0.0033176109187382785,0.02646364629408701,-0.003041502382116331,-3.629056565775105,2.6541212489096493,-0.0059728971556332056,0.02195086825689186,131931.0,-3.8189485841206436,-3.814205153775692,0.022055238011114912,-0.004743430344951616,0.022049911505661518,-0.004491775340877329,-3.8126284030129756,2.209004105512348,-0.006320181107668077
2011-07,2897.0,7.9714309977693505,7.97731916315282,2914.1083340365312,-0.005888165383469257,0.02543079610593678,113917.0,-3.6717943942600364,-3.668341338544942,0.025518761849671216,-0.0034530557150942442,0.02551409329173481,-0.0032647519488774677,-3.6668590931203617,2.555661496453657,-0.004935301139674664,0.02543079610593678,113917.0,-3.6717943942600364,-3.668341338544942,0.025518761849671216,-0.0034530557150942442,0.02551409329173481,-0.0032647519488774677,-3.6668590931203617,2.555661496453657,-0.004935301139674664,0.5406868234415827,5358.0,-0.6149150523352036,-0.6121359673306483,0.5421915279672196,-0.0027790850045552595,0.5421549973941862,-0.002708033605998449,-0.611261138061663,54.26660605225011,-0.0036539142735405594,0.02543079610593678,113917.0,-3.6717943942600364,-3.668341338544942,0.025518761849671216,-0.0034530557150942442,0.02551409329173481,-0.0032647519488774677,-3.6668590931203617,2.555661496453657,-0.004935301139674664,0.02635001773646344,109943.0,-3.6362863308844253,-3.6330553653593802,0.026435291419337092,-0.003230965525045093,0.02642992513507031,-0.0030233683295924235,-3.6306557419736203,2.649880233349808,-0.005630588910805034,0.021948299896963452,131992.0,-3.8190655959019297,-3.8153136485821557,0.02203080343962409,-0.0037519473197740183,0.02202654200680862,-0.003552174000847772,-3.8138542260518418,2.2062979163802234,-0.005211369850087966
2011-08,2907.9,7.975186450166672,7.977620481297353,2914.986540055772,-0.0024340311306811913,0.025503420452552186,114020.0,-3.668942700418901,-3.669427774687797,0.025491052399476483,0.00048507426889576877,0.025487539075421825,0.0006231035912633578,-3.6680480854475417,2.5526246403006043,-0.0008946149713593421,0.025503420452552186,114020.0,-3.668942700418901,-3.669427774687797,0.025491052399476483,0.00048507426889576877,0.025487539075421825,0.0006231035912633578,-3.6680480854475417,2.5526246403006043,-0.0008946149713593421,0.5408034219825182,5377.0,-0.614699426643006,-0.6127990580199749,0.5418321249847473,-0.0019003686230311123,0.5418048056955947,-0.0018482370450571043,-0.61201691612209,54.22560803663386,-0.0026825105209160593,0.025503420452552186,114020.0,-3.668942700418901,-3.669427774687797,0.025491052399476483,0.00048507426889576877,0.025487539075421825,0.0006231035912633578,-3.6680480854475417,2.5526246403006043,-0.0008946149713593421,0.026409525193446436,110108.0,-3.6340305311214762,-3.634398878706761,0.026399799100014398,0.00036834758528492273,0.026396203976053613,0.0005046641329528876,-3.6322516955220303,2.6456545205061666,-0.001778835599445916,0.022008703878902556,132125.0,-3.8163172730058665,-3.8164221433886194,0.022006395938722285,0.00010487038275286409,0.022003172507955717,0.0002513897005006357,-3.815078684030201,2.2035980505673165,-0.0012385889756654223
2011-09,2905.4,7.974326353438784,7.977921799441886,2915.865010734292,-0.003595446003102687,0.025442222144383343,114196.0,-3.6713451958821275,-3.670514210830652,0.025463373037482515,-0.0008309850514756079,0.02546098485910884,-0.0007369202263510874,-3.669236155569694,2.5495937440475456,-0.002109040312433308,0.025442222144383343,114196.0,-3.6713451958821275,-3.670514210830652,0.025463373037482515,-0.0008309850514756079,0.02546098485910884,-0.0007369202263510874,-3.669236155569694,2.5495937440475456,-0.002109040312433308,0.5398364920104051,5382.0,-0.616488977848068,-0.6134621487093015,0.5414729602400511,-0.003026829138766507,0.5414546139970033,-0.0029884720616809276,-0.6127709750942973,54.18473414297031,-0.003718002753770655,0.025442222144383343,114196.0,-3.6713451958821275,-3.670514210830652,0.025463373037482515,-0.0008309850514756079,0.02546098485910884,-0.0007369202263510874,-3.669236155569694,2.5495937440475456,-0.002109040312433308,0.02632632904739899,110361.0,-3.637185736105464,-3.635742392054142,0.026364354433078465,-0.0014433440513217377,0.026362482817036917,-0.0013714098891536226,-3.6338443332174397,2.6414443049517096,-0.003341402888024092,0.0219533941848516,132344.0,-3.8188335188480687,-3.8175306381950826,0.02198201547841853,-0.0013028806529860049,0.02197980300910282,-0.0012015041372427627,-3.8163018374244544,2.200904359866494,-0.0025316814236142626
2011-10,2907.7,7.975117669645289,7.9782231175864196,2916.74374615185,-0.00310544794113099,0.025420735598821503,114383.0,-3.672190075841663,-3.6716006469735065,0.025435723731018177,-0.000589428868156272,0.025434430642795852,-0.0005384450773317615,-3.670423408552761,2.546568527473372,-0.0017666672889018464,0.025420735598821503,114383.0,-3.672190075841663,-3.6716006469735065,0.025435723731018177,-0.000589428868156272,0.025434430642795852,-0.0005384450773317615,-3.670423408552761,2.546568527473372,-0.0017666672889018464,0.540163477614713,5383.0,-0.6158834489156688,-0.614125239398628,0.5411140335752099,-0.0017582095170408651,0.5411044222984118,-0.00173893364186914,-0.6135232948730747,54.14398522579689,-0.0023601540425941536,0.025420735598821503,114383.0,-3.672190075841663,-3.6716006469735065,0.025435723731018177,-0.000589428868156272,0.025434430642795852,-0.0005384450773317615,-3.670423408552761,2.546568527473372,-0.0017666672889018464,0.02630093618560897,110555.0,-3.638150744020968,-3.6370859054015225,0.026328957354550677,-0.0010648386194453963,0.02632876165802022,-0.0010568469862985378,-3.6354335755825367,2.637249743727284,-0.0027171684384312833,0.0219361312078942,132553.0,-3.8196201747844523,-3.8186391330015463,0.02195766202875505,-0.0009810417829059226,0.021956433510249916,-0.0009246630308259743,-3.817523756268017,2.198216675756635,-0.002096418516435161
2011-11,2912.3,7.976698425988199,7.978524435730953,2917.6227463882287,-0.0018260097427535982,0.02543071455391682,114519.0,-3.6717976010865305,-3.6726870831163616,0.025408104447447767,0.000889482029831079,0.025407876426482866,0.0008988601428393522,-3.671609965736142,2.543548670265068,-0.00018763535038868184,0.02543071455391682,114519.0,-3.6717976010865305,-3.6726870831163616,0.025408104447447767,0.000889482029831079,0.025407876426482866,0.0008988601428393522,-3.671609965736142,2.543548670265068,-0.00018763535038868184,0.5402151734372101,5391.0,-0.6157877494634697,-0.6147883300879545,0.5407553448324078,-0.000999419375515176,0.5407542305998204,-0.0009968616648867083,-0.6142738840415041,54.103360585065715,-0.0015138654219656322,0.02543071455391682,114519.0,-3.6717976010865305,-3.6726870831163616,0.025408104447447767,0.000889482029831079,0.025407876426482866,0.0008988601428393522,-3.671609965736142,2.543548670265068,-0.00018763535038868184,0.026303525140219837,110719.0,-3.638052313030603,-3.6384294187489035,0.02629360780053828,0.0003771057183006299,0.02629504049900352,0.00032267077955773694,-3.6370193689224384,2.6330709248952804,-0.0010329441081644575,0.02194814982289547,132690.0,-3.819072433542283,-3.81974762780801,0.021933335559807282,0.0006751942657268195,0.021933064011397017,0.0006878114015722681,-3.8187445301288823,2.195534787620886,-0.00032790341340094287
2011-12,2916.4,7.978105257932275,7.978825753875486,2918.5020115232355,-0.000720495943211219,0.025434534243827564,114663.0,-3.6716474124996976,-3.6737735192592167,0.025380515154171043,0.0021261067595190752,0.02538132221016988,0.002096503610689103,-3.672795962090928,2.5405338189686235,0.0011485495912304522,0.025434534243827564,114663.0,-3.6716474124996976,-3.6737735192592167,0.025380515154171043,0.0021261067595190752,0.02538132221016988,0.002096503610689103,-3.672795962090928,2.5405338189686235,0.0011485495912304522,0.5398741206960386,5402.0,-0.6164192764202855,-0.6154514207772811,0.540396893853933,-0.0009678556430043894,0.540404038901229,-0.0009805963076587826,-0.615022769393733,54.062858538404846,-0.0013965070265524737,0.025434534243827564,114663.0,-3.6716474124996976,-3.6737735192592167,0.025380515154171043,0.0021261067595190752,0.02538132221016988,0.002096503610689103,-3.672795962090928,2.5405338189686235,0.0011485495912304522,0.026289505471721927,110934.0,-3.6385854509261324,-3.639772932096284,0.026258305707234347,0.0011874811701515497,0.026261319339986825,0.0010732945809079682,-3.6386016805080668,2.6289078807501163,1.6229581934368298e-05,0.021946300644151467,132888.0,-3.8191566892386377,-3.8208561226144737,0.021909036041683823,0.0016994333758360014,0.02190969451254412,0.0016707732545695557,-3.8199642647511114,2.192858450368531,0.0008075755124736794
2012-01,2924.8,7.980981381259831,7.979127072020019,2919.3815416367006,0.0018543092398113359,0.025442114145043018,114959.0,-3.671349440777441,-3.6748599554020713,0.02535295581862318,0.0035105146246303676,0.025354767993856893,0.0034449595913197645,-3.673981534036014,2.5375236181047494,0.002632093258573054,0.025442114145043018,114959.0,-3.671349440777441,-3.6748599554020713,0.02535295581862318,0.0035105146246303676,0.025354767993856893,0.0034449595913197645,-3.673981534036014,2.5375236181047494,0.002632093258573054,0.5402290358330255,5414.0,-0.6157620889144156,-0.6161145114666076,0.5400386804821785,0.0003524225521919222,0.5400538472026376,0.0003243910422920615,-0.615769989404969,54.02247677754911,7.900490553325312e-06,0.025442114145043018,114959.0,-3.671349440777441,-3.6748599554020713,0.02535295581862318,0.0035105146246303676,0.025354767993856893,0.0034449595913197645,-3.673981534036014,2.5375236181047494,0.002632093258573054,0.026278526504941602,111300.0,-3.639003156003805,-3.641116445443665,0.026223051010917577,0.002113289439859667,0.02622759818097013,0.001941783750843996,-3.6401804855805917,2.6247606223705344,0.0011773295767865122,0.02195037749726071,133246.0,-3.818970941555962,-3.8219646174209374,0.02188476344452637,0.0029936758649755646,0.021886325013691216,0.0029265983909780766,-3.821183068408884,2.190187414533016,0.0022121268529220472
2012-02,2924.0,7.980707820869669,7.979428390164553,2920.2613368084794,0.001279430705116269,0.025383486843818633,115193.0,-3.6736564406391703,-3.6759463915449264,0.025325426408274662,0.002289950905756122,0.025328213777543906,0.002182272573983568,-3.675166809128029,2.534517736315125,0.00151036848885866,0.025383486843818633,115193.0,-3.6736564406391703,-3.6759463915449264,0.025325426408274662,0.002289950905756122,0.025328213777543906,0.002182272573983568,-3.675166809128029,2.534517736315125,0.00151036848885866,0.5400812707794607,5414.0,-0.6160356493045773,-0.6167776021559341,0.5396807045596417,0.0007419528513568086,0.5397036555040462,0.0006996715170694926,-0.6165155933259366,53.98221241954032,0.00047994402135931313,0.025383486843818633,115193.0,-3.6736564406391703,-3.6759463915449264,0.025325426408274662,0.002289950905756122,0.025328213777543906,0.002182272573983568,-3.675166809128029,2.534517736315125,0.00151036848885866,0.026209641275703195,111562.0,-3.641627948283666,-3.642459958791046,0.02618784364795225,0.000832010507379799,0.02619387702195343,0.0006018297228987321,-3.641755759255955,2.6206291610034973,0.0001278109722888665,0.021901145241144792,133509.0,-3.821216349410771,-3.823073112227401,0.021860517738509704,0.0018567628166299421,0.021862955514838318,0.001746777844402374,-3.822401043145087,2.1875214454656216,0.0011846937343160668
2012-03,2927.7,7.981972410815525,7.979729708309086,2921.1413971184497,0.0022427025064395423,0.025371336464634207,115394.0,-3.674135227821334,-3.677032827687781,0.025297926890631352,0.002897599866447109,0.02530165956123092,0.002753847163055323,-3.67635189461424,2.531515895201764,0.002216666792905997,0.025371336464634207,115394.0,-3.674135227821334,-3.677032827687781,0.025297926890631352,0.002897599866447109,0.02530165956123092,0.002753847163055323,-3.67635189461424,2.531515895201764,0.002216666792905997,0.5399668019181114,5422.0,-0.6162476192430857,-0.6174406928452607,0.5393229659289245,0.001193073602175021,0.5393534638054548,0.0011371728445557117,-0.6172596303464003,53.94206259338438,0.001012011103314614,0.025371336464634207,115394.0,-3.674135227821334,-3.677032827687781,0.025297926890631352,0.002897599866447109,0.02530165956123092,0.002753847163055323,-3.67635189461424,2.531515895201764,0.002216666792905997,0.02618576986717946,111805.0,-3.642539150606721,-3.6438034721384263,0.02615268355478809,0.0012643215317051926,0.026160155862936733,0.0009791227688752946,-3.6433274675657636,2.616513531505987,0.0007883169590425787,0.02188967311660735,133748.0,-3.8217403005598984,-3.8241816070338643,0.021836298893841664,0.0024413064739658985,0.021839586015985415,0.002293408885373287,-3.8236182739337288,2.184860346925493,0.0018779733738303328
2012-04,2924.0,7.980707820869669,7.980031026453619,2922.0217226465156,0.0006767944160497308,0.025324787805300536,115460.0,-3.6759716077452556,-3.678119263830636,0.025270457233234348,0.0021476560853805893,0.025275105344917934,0.001965667786725646,-3.677536886087836,2.5285178471322,0.0015652783425803563,0.025324787805300536,115460.0,-3.6759716077452556,-3.678119263830636,0.025270457233234348,0.0021476560853805893,0.025275105344917934,0.001965667786725646,-3.677536886087836,2.5285178471322,0.0015652783425803563,0.5398818316100443,5416.0,-0.6164049937224417,-0.6181037835345873,0.5389654644327329,0.0016987898121455514,0.5390032721068634,0.001629970630320697,-0.6180021459528523,53.90202463630808,0.00159715223041057,0.025324787805300536,115460.0,-3.6759716077452556,-3.678119263830636,0.025270457233234348,0.0021476560853805893,0.025275105344917934,0.001965667786725646,-3.677536886087836,2.5285178471322,0.0015652783425803563,0.026131874810088117,111894.0,-3.644599452689832,-3.645146985485807,0.026117570667960107,0.0005475327959749698,0.026126434703920037,0.0002082222939995693,-3.64489557555543,2.6124137710058566,0.0002961228655977699,0.021849430226041473,133825.0,-3.823580434391913,-3.825290101840328,0.021812106880763064,0.0017096674484151642,0.021816216517132517,0.0015224321267105795,-3.82483483660766,2.1822039435478975,0.0012544022157472412
2012-05,2925.3,7.981152318509183,7.980332344598152,2922.9023134726035,0.0008199739110308357,0.025313027300653313,115565.0,-3.6764361027016066,-3.679205699973491,0.025243017403660035,0.0027695972718841944,0.025248551128604947,0.0025536582958742013,-3.678721862038096,2.5255233888244777,0.0022857593364893347,0.025313027300653313,115565.0,-3.6764361027016066,-3.679205699973491,0.025243017403660035,0.0027695972718841944,0.025248551128604947,0.0025536582958742013,-3.678721862038096,2.5255233888244777,0.0022857593364893347,0.5401218611521419,5416.0,-0.6159604960829277,-0.6187668742239137,0.5386081999138775,0.0028063781409860544,0.5386530804082719,0.0027267657000248887,-0.6187431778230575,53.86209631409078,0.0027826817401298554,0.025313027300653313,115565.0,-3.6764361027016066,-3.679205699973491,0.025243017403660035,0.0027695972718841944,0.025248551128604947,0.0025536582958742013,-3.678721862038096,2.5255233888244777,0.0022857593364893347,0.02611385365244017,112021.0,-3.6452893141921203,-3.646490498833188,0.026082504924088555,0.0012011846410677762,0.02609271354490334,0.00081019199097285,-3.6464600421876736,2.608329932179244,0.001170727995553289,0.021841680852970165,133932.0,-3.8239351689345322,-3.8263985966467917,0.02178794166954771,0.0024634277122594916,0.021792847018279618,0.002240819414259464,-3.8260507925091978,2.179552092378162,0.0021156235746655483
2012-06,2923.2,7.980434185623742,7.980633662742686,2923.7831696766652,-0.0001994771189437472,0.02528238570514262,115622.0,-3.677647342908436,-3.680292136116346,0.025215607369519968,0.002644793207909668,0.02522199691229196,0.0023942907082518763,-3.679906888876533,2.5225323484092272,0.0022595459680969654,0.02528238570514262,115622.0,-3.677647342908436,-3.680292136116346,0.025215607369519968,0.002644793207909668,0.02522199691229196,0.0023942907082518763,-3.679906888876533,2.5225323484092272,0.0022595459680969654,0.5388387096774193,5425.0,-0.6183389927849181,-0.6194299649132403,0.5382511722152729,0.0010909721283222096,0.5383028887096805,0.0009953893597398743,-0.6194827513110753,53.82227606246405,0.0011437585261572236,0.02528238570514262,115622.0,-3.677647342908436,-3.680292136116346,0.025215607369519968,0.002644793207909668,0.02522199691229196,0.0023942907082518763,-3.679906888876533,2.5225323484092272,0.0022595459680969654,0.026080672358876903,112083.0,-3.6465607616242166,-3.6478340121805686,0.026047486259878783,0.001273250556351968,0.02605899238588664,0.0008319574551932075,-3.6480208241403145,2.6042620732407635,0.0014600625160978709,0.021812809205077117,134013.0,-3.8252579035290357,-3.8275070914532554,0.02176380323050234,0.0022491879242196866,0.021769477519426716,0.001990478899263117,-3.827266193301628,2.1769046722021304,0.0020082897725921534
2012-07,2921.5,7.979852461994492,7.980934980887219,2924.6642913386754,-0.0010825188927272578,0.025244102652726173,115730.0,-3.6791627088476315,-3.6813785722592005,0.025188227098460907,0.0022158634115689857,0.025195442695978974,0.0019312999312754342,-3.6810920153776285,2.5195445992533054,0.0019293065299970102,0.025244102652726173,115730.0,-3.6791627088476315,-3.6813785722592005,0.025188227098460907,0.0022158634115689857,0.025195442695978974,0.0019312999312754342,-3.6810920153776285,2.5195445992533054,0.0019293065299970102,0.5377323762194,5433.0,-0.6203942845570314,-0.6200930556025669,0.5378943811799376,-0.00030122895446449416,0.537952697011089,-0.00040955420971624515,-0.6202208702996552,53.78256347660363,-0.0001734142573761588,0.025244102652726173,115730.0,-3.6791627088476315,-3.6813785722592005,0.025188227098460907,0.0022158634115689857,0.025195442695978974,0.0019312999312754342,-3.6810920153776285,2.5195445992533054,0.0019293065299970102,0.02602811731584762,112244.0,-3.6485778900655808,-3.6491775255279495,0.026012514612121087,0.0005996354623687417,0.026025271226869946,0.00010935866730698211,-3.649577869057778,2.6002102754500536,0.0009999789921972813,0.021776724285724934,134157.0,-3.8269135728930093,-3.828615586259719,0.02173969153396658,0.0017020133667098314,0.021746108020573817,0.001407896305957425,-3.828481074323981,2.174261597863911,0.0015675014309719515
2012-08,2919.5,7.979167647723592,7.981236299031752,2925.5456785386336,-0.002068651308159808,0.025190036152166972,115899.0,-3.681306753439332,-3.6824650084020556,0.025160876558164704,0.0011582549627235927,0.025168888479665988,0.0008402306886960803,-3.682277272881095,2.516560059185376,0.0009705194417630736,0.025190036152166972,115899.0,-3.681306753439332,-3.6824650084020556,0.025160876558164704,0.0011582549627235927,0.025168888479665988,0.0008402306886960803,-3.682277272881095,2.516560059185376,0.0009705194417630736,0.5375621432517032,5431.0,-0.620710910311253,-0.6207561462918934,0.5375378266509948,4.5235980640323525e-05,0.5376025053124976,-7.507788820856572e-05,-0.6209575298462493,53.7429586272145,0.000246619534996273,0.025190036152166972,115899.0,-3.681306753439332,-3.6824650084020556,0.025160876558164704,0.0011582549627235927,0.025168888479665988,0.0008402306886960803,-3.682277272881095,2.516560059185376,0.0009705194417630736,0.025968885370431318,112423.0,-3.650856174119542,-3.65052103887533,0.025977589917690672,-0.0003351352442120259,0.02599155006785325,-0.0008720025301593452,-3.6511311133185753,2.5961746487312163,0.0002749391990333194,0.021732333871772157,134339.0,-3.828954087270243,-3.829724081066183,0.021715606550312926,0.0007699937959397829,0.021722738521720915,0.0004417191709805857,-3.8296954554192246,2.171622818249679,0.0007413681489816248
2012-09,2927.7,7.981972410815525,7.9815376171762855,2926.427331356563,0.00043479363923992764,0.025222485461985782,116075.0,-3.6800194020725976,-3.6835514445449107,0.02513355571634833,0.0035320424723130905,0.025142334263353,0.003187898060428215,-3.6834626778400215,2.5135786838294627,0.00344327576742387,0.025222485461985782,116075.0,-3.6800194020725976,-3.6835514445449107,0.02513355571634833,0.0035320424723130905,0.025142334263353,0.003187898060428215,-3.6834626778400215,2.5135786838294627,0.00344327576742387,0.5379823594266814,5442.0,-0.6199295085276665,-0.6214192369812199,0.5371815084716711,0.0014897284535534405,0.5372523136139062,0.0013588509426127504,-0.6216927263463828,53.703461512974094,0.001763217818716356,0.025222485461985782,116075.0,-3.6800194020725976,-3.6835514445449107,0.02513355571634833,0.0035320424723130905,0.025142334263353,0.003187898060428215,-3.6834626778400215,2.5135786838294627,0.00344327576742387,0.02600273554071337,112592.0,-3.6495535333908053,-3.651864552222711,0.02594271211354745,0.0023110188319055425,0.02595782890883655,0.001729984122883711,-3.6526804855853294,2.5921553222513625,0.0031269521945240797,0.02176453533754098,134517.0,-3.827473453273495,-3.8308325758726465,0.021691548249946693,0.0033591225991513873,0.021699369022868016,0.003003143298972762,-3.830909344335407,2.1689883087049466,0.0034358910619118888
2012-10,2921.6,7.979886690400649,7.981838935320819,2927.3092498725114,-0.0019522449201696546,0.025139179293907087,116217.0,-3.683327721782222,-3.6846378806877653,0.02510626454076382,0.0013101589055435348,0.025115780047040015,0.0009316551914074413,-3.6846482392189217,2.510600447808729,0.0013205174366999195,0.025139179293907087,116217.0,-3.683327721782222,-3.6846378806877653,0.02510626454076382,0.0013101589055435348,0.025115780047040015,0.0009316551914074413,-3.6846482392189217,2.510600447808729,0.0013205174366999195,0.5364671318398825,5446.0,-0.6227499828330556,-0.6220823276705465,0.5368254264852971,-0.0006676551625091065,0.5369021219153148,-0.0008101850554819779,-0.6224264542926526,53.664072234724834,-0.00032352854040296197,0.025139179293907087,116217.0,-3.683327721782222,-3.6846378806877653,0.02510626454076382,0.0013101589055435348,0.025115780047040015,0.0009316551914074413,-3.6846482392189217,2.510600447808729,0.0013205174366999195,0.025908518525087347,112766.0,-3.6531834637700618,-3.653208065570092,0.025907881136736,2.4601800030055188e-05,0.025924107749819854,-0.0006013408400763617,-3.654225912399221,2.588152429795941,0.0010424486291591428,0.02169467360714047,134669.0,-3.830688504457095,-3.8319410706791097,0.021667516603305986,0.0012525662220146394,0.021675999524015114,0.000861509666701543,-3.8321227431001454,2.1663580570651946,0.0014342386430503673
2012-11,2915.4,7.977762310639912,7.982140253465352,2928.191434166551,-0.004377942825439796,0.025053494547423238,116367.0,-3.6867419582897396,-3.6857243168306204,0.025079002999198186,-0.0010176414591192007,0.02508922583072703,-0.0014241684277093293,-3.685833939413824,2.5076253924788308,-0.0009080188759154062,0.025053494547423238,116367.0,-3.6867419582897396,-3.6857243168306204,0.025079002999198186,-0.0010176414591192007,0.02508922583072703,-0.0014241684277093293,-3.685833939413824,2.5076253924788308,-0.0009080188759154062,0.5351321585903084,5448.0,-0.625241537189436,-0.622745418359873,0.5364695805353076,-0.002496118829563021,0.5365519302167234,-0.002646102914663959,-0.6231586945725799,53.62479162262795,-0.0020828426168560954,0.025053494547423238,116367.0,-3.6867419582897396,-3.6857243168306204,0.025079002999198186,-0.0010176414591192007,0.02508922583072703,-0.0014241684277093293,-3.685833939413824,2.5076253924788308,-0.0009080188759154062,0.02581324927839068,112942.0,-3.6568673809479186,-3.6545515789174723,0.02587309692438544,-0.0023158020304463456,0.025890386590803158,-0.0029793804793892165,-3.6557672961737127,2.584166166604679,-0.0011000847742059783,0.021623586130168737,134825.0,-3.8339706095655153,-3.8330495654855734,0.021643511580861648,-0.0009210440799418684,0.021652630025162215,-0.0013413564522982457,-3.833335627229552,2.1637321085667147,-0.0006349823359634854
2012-12,2914.2,7.977350618579754,7.982441571609885,2929.073884318777,-0.0050909530301312955,0.025001286868790856,116562.0,-3.6888279806870816,-3.686810752973475,0.02505177105947346,-0.002017227713606573,0.025062671614414042,-0.0024492498871461995,-3.6870197506315803,2.5046535845083473,-0.0018082300555013475,0.025001286868790856,116562.0,-3.6888279806870816,-3.686810752973475,0.02505177105947346,-0.002017227713606573,0.025062671614414042,-0.0024492498871461995,-3.6870197506315803,2.5046535845083473,-0.0018082300555013475,0.5345194424064563,5452.0,-0.6263871742366691,-0.6234085090491995,0.5361139704652408,-0.002978665187469587,0.5362017385181319,-0.0031374312890608013,-0.6238894305700481,53.58562037069754,-0.002497743666621033,0.025001286868790856,116562.0,-3.6888279806870816,-3.686810752973475,0.02505177105947346,-0.002017227713606573,0.025062671614414042,-0.0024492498871461995,-3.6870197506315803,2.5046535845083473,-0.0018082300555013475,0.02574677303930663,113187.0,-3.659445978587335,-3.655895092264853,0.025838359413709256,-0.0035508863224817944,0.02585666543178646,-0.004250060502571064,-3.6573045312786836,2.5801967474032423,-0.0021414473086514008,0.021574840457823118,135074.0,-3.836227436810642,-3.834158060292037,0.021619533153117248,-0.0020693765186048374,0.021629260526309313,-0.002516039252474678,-3.8345479611730826,2.1611105321209365,-0.0016794756375593245
2013-01,2913.0,7.976938756959434,7.982742889754419,2929.956600409309,-0.0058041327949842625,0.024962295194351135,116696.0,-3.6903887848066144,-3.68789718911633,0.02502456868944658,-0.0024915956902842318,0.025036117398101056,-0.0029486282787410225,-3.6882056520853608,2.5016850727103908,-0.002183132721253589,0.024962295194351135,116696.0,-3.6903887848066144,-3.68789718911633,0.02502456868944658,-0.0024915956902842318,0.025036117398101056,-0.0029486282787410225,-3.6882056520853608,2.5016850727103908,-0.002183132721253589,0.5337119824111396,5458.0,-0.6278989443088492,-0.6240715997385261,0.5357585961187388,-0.003827344570323077,0.5358515468195405,-0.003992830516399444,-0.6246186617402574,53.546558310415215,-0.003280282568591808,0.024962295194351135,116696.0,-3.6903887848066144,-3.68789718911633,0.02502456868944658,-0.0024915956902842318,0.025036117398101056,-0.0029486282787410225,-3.6882056520853608,2.5016850727103908,-0.002183132721253589,0.02569054926447243,113388.0,-3.6616320876111916,-3.6572386056122337,0.025803668542005272,-0.004393481998957949,0.025822944272769762,-0.005127029935038905,-3.658837520572322,2.5762443636689945,-0.002794567038869822,0.021536778133479227,135257.0,-3.837993194417391,-3.835266555098501,0.02159558129060904,-0.0027266393188902782,0.021605891027456414,-0.0031987986003150495,-3.83575971427975,2.1584933857076756,-0.0022334801376411306
2013-02,2913.0,7.976938756959434,7.983044207898952,2930.839582518292,-0.006105450939517532,0.02491234071666809,116930.0,-3.6923919871749296,-3.6889836252591848,0.02499739585700942,-0.003408361915744784,0.02500956318178807,-0.0038874115638603195,-3.6893916369407287,2.4987198707911022,-0.003000350234200866,0.02491234071666809,116930.0,-3.6923919871749296,-3.6889836252591848,0.02499739585700942,-0.003408361915744784,0.02500956318178807,-0.0038874115638603195,-3.6893916369407287,2.4987198707911022,-0.003000350234200866,0.5339076246334311,5456.0,-0.6275324425638634,-0.6247346904278526,0.5354034573395473,-0.002797752136010856,0.5355013551209491,-0.002976146506964532,-0.6253464068111214,53.50760424257772,-0.0021860357527420105,0.02491234071666809,116930.0,-3.6923919871749296,-3.6889836252591848,0.02499739585700942,-0.003408361915744784,0.02500956318178807,-0.0038874115638603195,-3.6893916369407287,2.4987198707911022,-0.003000350234200866,0.025627941758676814,113665.0,-3.664072047774012,-3.6585821189596146,0.02576902424665546,-0.005489928814397249,0.025789223113753066,-0.00625382759165952,-3.6603661834363286,2.5723091631454165,-0.0037058643376832734,0.021490859191713514,135546.0,-3.8401275881258425,-3.8363750499049645,0.021571655963905905,-0.0037525382208780655,0.021582521528603515,-0.004247063382678449,-3.8369708688574833,2.15588069906564,-0.0031567192683592538
2013-03,2909.2,7.975633408280386,7.983345526043485,2931.7228307258943,-0.007712117763099435,0.024854335753951302,117050.0,-3.694723064638671,-3.69007006140204,0.024970252530088683,-0.0046530032366312035,0.024983008965475083,-0.00515042890556532,-3.6905777152084083,2.4957579503373095,-0.00414534943026279,0.024854335753951302,117050.0,-3.694723064638671,-3.69007006140204,0.024970252530088683,-0.0046530032366312035,0.024983008965475083,-0.00515042890556532,-3.6905777152084083,2.4957579503373095,-0.00414534943026279,0.5337002384883507,5451.0,-0.6279209487838954,-0.6253977811171791,0.5350485539715156,-0.0025231676667162306,0.5351511634223577,-0.0027112431648810384,-0.6260727098213765,53.46875561818899,-0.0018482389625188445,0.024854335753951302,117050.0,-3.694723064638671,-3.69007006140204,0.024970252530088683,-0.0046530032366312035,0.024983008965475083,-0.00515042890556532,-3.6905777152084083,2.4957579503373095,-0.00414534943026279,0.025559880160605872,113819.0,-3.6667313380359903,-3.6599256323069955,0.0257344264651259,-0.006805705728994749,0.02575550195473637,-0.00759533999664577,-3.661890460815424,2.5683912372374937,-0.004840877220566142,0.02144020517506946,135689.0,-3.842487373092608,-3.837483544711428,0.021547757143609344,-0.005003828381179964,0.021559152029750613,-0.005517232519953146,-3.838181424447858,2.153272464658096,-0.004305948644750313
2013-04,2911.4,7.976389344130561,7.983646844188018,2932.6063451123073,-0.007257500057457733,0.024832397946128522,117242.0,-3.6956061095729886,-3.691156497544895,0.024943138676645923,-0.004449612028093686,0.024956454749162096,-0.004970930538030034,-3.6917639200499757,2.492799225347124,-0.003842189523012962,0.024832397946128522,117242.0,-3.6956061095729886,-3.691156497544895,0.024943138676645923,-0.004449612028093686,0.024956454749162096,-0.004970930538030034,-3.6917639200499757,2.492799225347124,-0.003842189523012962,0.5337121906507791,5455.0,-0.6278985541366107,-0.6260608718065057,0.5346938858585966,-0.0018376823301049505,0.5348009717237663,-0.0020358621815472857,-0.6267976316773187,53.43000899446534,-0.001100922459291942,0.024832397946128522,117242.0,-3.6956061095729886,-3.691156497544895,0.024943138676645923,-0.004449612028093686,0.024956454749162096,-0.004970930538030034,-3.6917639200499757,2.492799225347124,-0.003842189523012962,0.025537700431563806,114004.0,-3.6675994703498107,-3.661269145654376,0.025699875134966618,-0.006330324695434708,0.02572178079571967,-0.007156594857013066,-3.6634103222489616,2.564490603412105,-0.004189148100849138,0.021427362316280646,135873.0,-3.843086560773395,-3.8385920395178914,0.02152388480035343,-0.004494521255503425,0.021535782530897715,-0.005034421872598151,-3.8393914049498505,2.150668622577136,-0.003695155823544294
2013-05,2920.8,7.979612830341427,7.983948162332552,2933.4901257577485,-0.004335331991124569,0.024873113737779746,117428.0,-3.693967828449688,-3.6922429336877496,0.02491605426467749,-0.0017248947619386001,0.02492990053284911,-0.0022778588704972375,-3.692950316612728,2.4898435305742868,-0.0010175118369599723,0.024873113737779746,117428.0,-3.693967828449688,-3.6922429336877496,0.02491605426467749,-0.0017248947619386001,0.02492990053284911,-0.0022778588704972375,-3.692950316612728,2.4898435305742868,-0.0010175118369599723,0.533869493694023,5471.0,-0.6276038637223988,-0.6267239624958323,0.5343394528448463,-0.0008799012265665596,0.5344507800251749,-0.0010876330484997352,-0.6275212475463473,53.39136017720979,-8.261617605154203e-05,0.024873113737779746,117428.0,-3.693967828449688,-3.6922429336877496,0.02491605426467749,-0.0017248947619386001,0.02492990053284911,-0.0022778588704972375,-3.692950316612728,2.4898435305742868,-0.0010175118369599723,0.025569017438195955,114232.0,-3.666373916768704,-3.662612659001757,0.025665370193811463,-0.003761257766947246,0.025688059636702974,-0.004634145209509429,-3.6649257746287422,2.5606071833365567,-0.0014481421399619165,0.021461321420173995,136096.0,-3.841502967711933,-3.839700534324355,0.021500038904804744,-0.0018024333875779064,0.021512413032044812,-0.002374982843380315,-3.8406008674873515,2.1480690418122133,-0.0009021002245814813
2013-06,2926.2,7.981459931944062,7.984249480477085,2934.374172742458,-0.0027895485330233782,0.024887308850295123,117578.0,-3.693397290171991,-3.6933293698306047,0.02488899926221445,-6.792034138625169e-05,0.024903346316536124,-0.0006439884036930247,-3.6941369996904885,2.486890627816677,0.0007397095184975555,0.024887308850295123,117578.0,-3.693397290171991,-3.6933293698306047,0.02488899926221445,-6.792034138625169e-05,0.024903346316536124,-0.0006439884036930247,-3.6941369996904885,2.486890627816677,0.0007397095184975555,0.5340755612338017,5479.0,-0.627217949594354,-0.6273870531851587,0.5339852547744245,0.00016910359080479775,0.5341005883265835,-4.685838834244901e-05,-0.628243641090634,53.35280453114869,0.0010256914962800678,0.024887308850295123,117578.0,-3.693397290171991,-3.6933293698306047,0.02488899926221445,-6.792034138625169e-05,0.024903346316536124,-0.0006439884036930247,-3.6941369996904885,2.486890627816677,0.0007397095184975555,0.025569954298796736,114439.0,-3.666337276978381,-3.663956172349138,0.025630911579378045,-0.002381104629243236,0.025654338477686278,-0.0032892751829456794,-3.666436857170243,2.5567408164616134,9.958019186173672e-05,0.02147212703351213,136279.0,-3.8409996019700476,-3.840809029130819,0.02147621942766239,-0.00019057283922885304,0.021489043533191914,-0.0007872151058586322,-3.8418098976962574,2.1454735307916293,0.0008102957262097199
2013-07,2926.5,7.9815624487312755,7.984550798621618,2935.2584861467017,-0.0029883498903426897,0.02486258251420901,117707.0,-3.694391315985673,-3.6944158059734593,0.024861973637322624,2.4489987786147083e-05,0.024876792100223137,-0.0005711984872036534,-3.69532407192825,2.483940260490076,0.0009327559425766907,0.02486258251420901,117707.0,-3.694391315985673,-3.6944158059734593,0.024861973637322624,2.4489987786147083e-05,0.024876792100223137,-0.0005711984872036534,-3.69532407192825,2.483940260490076,0.0009327559425766907,0.5336433260393874,5484.0,-0.6280275919509293,-0.6280501438744853,0.5336312914915939,2.2551923556046738e-05,0.533750396627992,-0.0002006004853223957,-0.6289648966098209,53.31433740039926,0.0009373046588916356,0.02486258251420901,117707.0,-3.694391315985673,-3.6944158059734593,0.024861973637322624,2.4489987786147083e-05,0.024876792100223137,-0.0005711984872036534,-3.69532407192825,2.483940260490076,0.0009327559425766907,0.02554199832425639,114576.0,-3.6674311885154456,-3.6652996856965183,0.025596499229467603,-0.0021315028189272667,0.025620617318669582,-0.003068583142838796,-3.6679436202628755,2.5528913146338863,0.0005124317474298756,0.02145669435666576,136391.0,-3.8417185910785965,-3.8419175239372825,0.021452426339657927,0.0001989328586859962,0.021465674034339015,-0.00041832730986637585,-3.843018588173113,2.142881883931573,0.0012999970945166694
2013-08,2929.7,7.982655307690495,7.9848521167661515,2936.1430660507676,-0.0021968090756567804,0.024847127869797894,117909.0,-3.695013111799395,-3.6955022421163144,0.02483497735810247,0.0004891303169194394,0.02485023788391015,-0.00012515027529256626,-3.69651163026337,2.480992187380658,0.0014985184639750848,0.024847127869797894,117909.0,-3.695013111799395,-3.6955022421163144,0.02483497735810247,0.0004891303169194394,0.02485023788391015,-0.00012515027529256626,-3.69651163026337,2.480992187380658,0.0014985184639750848,0.5333515383215001,5493.0,-0.6285745256521252,-0.6287132345638118,0.533277562840721,0.00013870891168654698,0.5334002049294005,-9.123844994945981e-05,-0.6296850904892635,53.27595456411787,0.0011105648371382282,0.024847127869797894,117909.0,-3.695013111799395,-3.6955022421163144,0.02483497735810247,0.0004891303169194394,0.02485023788391015,-0.00012515027529256626,-3.69651163026337,2.480992187380658,0.0014985184639750848,0.02551670077951487,114815.0,-3.6684221086624755,-3.6666431990438992,0.025562133081964845,-0.0017789096185762965,0.025586896159652883,-0.0027434113031928487,-3.669446113527685,2.549058492743441,0.0010240048652092604,0.021440071425435064,136646.0,-3.8424936113748673,-3.843026018743746,0.02142865961155534,0.0005324073688788289,0.021442304535486113,-0.00010414505807214995,-3.844227025262181,2.140293910002319,0.0017334138873135174
2013-09,2928.2,7.982143178759382,7.985153434910685,2937.0279125349703,-0.0030102561513025705,0.024808316318317758,118033.0,-3.6965763466075163,-3.696588678259169,0.024808010392689116,1.2331651652708331e-05,0.024823683667597164,-0.0006190599866314583,-3.697699764436017,2.478046186249633,0.0011234178285004504,0.024808316318317758,118033.0,-3.6965763466075163,-3.696588678259169,0.024808010392689116,1.2331651652708331e-05,0.024823683667597164,-0.0006190599866314583,-3.697699764436017,2.478046186249633,0.0011234178285004504,0.5322064703744093,5502.0,-0.6307237627251381,-0.6293763252531384,0.5329240686662747,-0.001347437471999724,0.5330500132308091,-0.0015824835108570173,-0.6304042918820272,53.237652198602845,-0.0003194708431109028,0.024808316318317758,118033.0,-3.6965763466075163,-3.696588678259169,0.024808010392689116,1.2331651652708331e-05,0.024823683667597164,-0.0006190599866314583,-3.697699764436017,2.478046186249633,0.0011234178285004504,0.025465708868905777,114986.0,-3.6704224820447613,-3.6679867123912797,0.02552781307483792,-0.0024357696534815787,0.025553175000636186,-0.003422906614470865,-3.6709443826317636,2.5452421768073124,0.0005219005870022997,0.02140168541378882,136821.0,-3.8442856024018695,-3.84413451355021,0.021404919214151004,-0.00015108885165959762,0.021418935036633214,-0.0008053445614775985,-3.8454352852768787,2.1377094401213905,0.0011496828750092725
2013-10,2930.2,7.982825959067212,7.985454753055218,2937.913025679646,-0.00262879398800564,0.024788298691301,118209.0,-3.697383564120237,-3.697675114402024,0.024781072709252262,0.00029155028178706743,0.024797129451284178,-0.0003561202517624918,-3.698888552623715,2.4751020645301347,0.001504988503477911,0.024788298691301,118209.0,-3.697383564120237,-3.697675114402024,0.024781072709252262,0.00029155028178706743,0.024797129451284178,-0.0003561202517624918,-3.698888552623715,2.4751020645301347,0.001504988503477911,0.5318932655654384,5509.0,-0.6313124384055039,-0.6300394159424649,0.5325708088128277,-0.001273022463038953,0.5326998215322177,-0.001514090927343374,-0.6311225613720046,53.19942694696995,-0.00018987703349926388,0.024788298691301,118209.0,-3.697383564120237,-3.697675114402024,0.024781072709252262,0.00029155028178706743,0.024797129451284178,-0.0003561202517624918,-3.698888552623715,2.4751020645301347,0.001504988503477911,0.02543333535860291,115211.0,-3.671694549729318,-3.6693302257386606,0.025493539146138215,-0.0023643239906574465,0.02551945384161949,-0.0033746209284515015,-3.6724384653409317,2.541442213916607,0.000743915611613577,0.02138192219846615,137041.0,-3.8452094710436864,-3.845243008356673,0.02138120511827366,3.3537312986720025e-05,0.02139556553778031,-0.0006376713571823732,-3.8466434311555178,2.1351283347614336,0.0014339601118313894
2013-11,2940.6,7.986368921143557,7.985756071199751,2938.7984055651573,0.0006128499438053936,0.024829437989732504,118432.0,-3.695725314042326,-3.698761550544879,0.024754164275996197,0.0030362365025533578,0.02477057523497119,0.002376317635054741,-3.7000780643356426,2.472159652000187,0.004352750293316721,0.024829437989732504,118432.0,-3.695725314042326,-3.698761550544879,0.024754164275996197,0.0030362365025533578,0.02477057523497119,0.002376317635054741,-3.7000780643356426,2.472159652000187,0.004352750293316721,0.5335873707131192,5511.0,-0.6281324527396784,-0.6307025066317915,0.5322177831250552,0.0025700538921130667,0.5323496298336263,0.002325052578471291,-0.6318399620081411,53.16127533086921,0.0037075092684626387,0.024829437989732504,118432.0,-3.695725314042326,-3.698761550544879,0.024754164275996197,0.0030362365025533578,0.02477057523497119,0.002376317635054741,-3.7000780643356426,2.472159652000187,0.004352750293316721,0.025465472747111903,115474.0,-3.6704317542346607,-3.6706737390860416,0.025459311234000335,0.0002419848513808276,0.02548573268260279,-0.0007949520519265953,-3.6739283953939985,2.5376584622465828,0.0034966411593377877,0.021414682814218194,137317.0,-3.843678479408186,-3.846351503163137,0.021357517294784332,0.0026730237549505986,0.021372196038927413,0.0019879461714367203,-3.8478515169653997,2.1325504739699785,0.004173037557213544
2013-12,2946.0,7.988203597022576,7.9860573893442846,2939.68405227189,0.002146207678291212,0.02485782270449061,118514.0,-3.694582779016274,-3.699847986687734,0.024727285061159728,0.00526520767145966,0.024744021018658205,0.004599158954261835,-3.701268357468411,2.469218807923773,0.006685578452136909,0.02485782270449061,118514.0,-3.694582779016274,-3.699847986687734,0.024727285061159728,0.00526520767145966,0.024744021018658205,0.004599158954261835,-3.701268357468411,2.469218807923773,0.006685578452136909,0.5332126696832579,5525.0,-0.628834929363378,-0.631365597321118,0.5318649914477358,0.0025306679577399294,0.5319994381350349,0.0022805128375248387,-0.6325565583044827,53.12319380402846,0.0037216289411046155,0.02485782270449061,118514.0,-3.694582779016274,-3.699847986687734,0.024727285061159728,0.00526520767145966,0.024744021018658205,0.004599158954261835,-3.701268357468411,2.469218807923773,0.006685578452136909,0.025495015231237886,115552.0,-3.6692723270546086,-3.672017252433422,0.025425129276641933,0.0027449253788134342,0.025452011523586095,0.0016895995670888357,-3.6754142007896844,2.533890795314029,0.006141873735075798,0.021445418280290014,137372.0,-3.8422442564103165,-3.8474599979696005,0.02133385571457636,0.0052157415592839484,0.02134882654007451,0.004524451966209399,-3.8490595857093197,2.129975761925251,0.006815329299003192
2014-01,2951.8,7.990170432747676,7.986358707488818,2940.5699658802537,0.0038117252588580897,0.024878842280040794,118647.0,-3.6937375443465137,-3.700934422830589,0.02470043503301613,0.007196878484075242,0.02471746680234522,0.006528803254234143,-3.702459456332596,2.4662794750717487,0.008721911986082187,0.024878842280040794,118647.0,-3.6937375443465137,-3.700934422830589,0.02470043503301613,0.007196878484075242,0.02471746680234522,0.006528803254234143,-3.702459456332596,2.4662794750717487,0.008721911986082187,0.5334899692752576,5533.0,-0.6283150101504341,-0.6320286880104445,0.5315124336257507,0.0037136778600104225,0.5316492464364435,0.0034622880614468086,-0.6332723861677508,53.08518034888613,0.004957376017316717,0.024878842280040794,118647.0,-3.6937375443465137,-3.700934422830589,0.02470043503301613,0.007196878484075242,0.02471746680234522,0.006528803254234143,-3.702459456332596,2.4662794750717487,0.008721911986082187,0.02550217284249268,115747.0,-3.668991620938364,-3.673360765780803,0.025390993212363586,0.004369144842438999,0.0254182903645694,0.003300083393500184,-3.676895882546454,2.5301391556033797,0.007904261608090213,0.021458116762745255,137561.0,-3.841652301327207,-3.848568492776064,0.02131022034857532,0.006916191448857134,0.021325457041221612,0.006220721144086854,-3.850267648190708,2.1274041717545553,0.00861534686350085
2014-02,2952.8,7.990509151715789,7.986660025633352,2941.4561464706867,0.0038491260824367046,0.02486652181968235,118746.0,-3.6942328854032467,-3.7020208589734436,0.024673614159873167,0.007787973570196893,0.024690912586032232,0.007112302270652393,-3.7036513336525174,2.463341723568291,0.009418448249270739,0.02486652181968235,118746.0,-3.6942328854032467,-3.7020208589734436,0.024673614159873167,0.007787973570196893,0.024690912586032232,0.007112302270652393,-3.7036513336525174,2.463341723568291,0.009418448249270739,0.5334778681120145,5535.0,-0.6283376934269485,-0.6326917786997711,0.5311601095040839,0.004354085272822661,0.531299054737852,0.004100917091293391,-0.6339874527883944,53.0472344768979,0.005649759361445961,0.02486652181968235,118746.0,-3.6942328854032467,-3.7020208589734436,0.024673614159873167,0.007787973570196893,0.024690912586032232,0.007112302270652393,-3.7036513336525174,2.463341723568291,0.009418448249270739,0.025479993441887356,115887.0,-3.6698617056609644,-3.674704279128184,0.025356902979548738,0.004842573467219502,0.025384569205552703,0.0037591434214207598,-3.6783733942917713,2.5264036056227464,0.00851168863080698,0.021441849657255724,137712.0,-3.8424106751734666,-3.849676987582528,0.021286611167739,0.007266312409061282,0.02130208754236871,0.006560958620089949,-3.8514756626255764,2.124835788440672,0.009064987452109818
2014-03,2957.4,7.992065782939387,7.986961343777885,2942.342594123641,0.00510443916150205,0.02485794976969371,118972.0,-3.6945776673506283,-3.7031072951162987,0.024646822410072964,0.008529627765670345,0.024664358369719246,0.007849034508521327,-3.7048438948537914,2.460405788792193,0.010266227503163083,0.02485794976969371,118972.0,-3.6945776673506283,-3.7031072951162987,0.024646822410072964,0.008529627765670345,0.024664358369719246,0.007849034508521327,-3.7048438948537914,2.460405788792193,0.010266227503163083,0.5325769854132901,5553.0,-0.6300278183022201,-0.6333548693890976,0.5308080189278225,0.003327051086877475,0.5309488630392606,0.003066439138243618,-0.6347017271055041,53.009357728522,0.004673908803283999,0.02485794976969371,118972.0,-3.6945776673506283,-3.7031072951162987,0.024646822410072964,0.008529627765670345,0.024664358369719246,0.007849034508521327,-3.7048438948537914,2.460405788792193,0.010266227503163083,0.025461464288174116,116152.0,-3.6705891742241366,-3.6760477924755643,0.02532285851666356,0.005458618251427794,0.025350848046536003,0.004363413856414481,-3.6798466286634275,2.5226843613262275,0.009257454439290935,0.021432764430916403,137985.0,-3.8428344796399805,-3.8507854823889915,0.021263028143057364,0.00795100274901106,0.02127871804351581,0.007239458086035132,-3.8526835207534953,2.1222708376232955,0.009849041113514811
2014-04,2959.4,7.992741824068434,7.9872626619224185,2943.229308919603,0.005479162146015071,0.024823224486029912,119219.0,-3.6959755928159184,-3.7041937312591533,0.02462005975199208,0.008218138443234935,0.02463780415340626,0.007525846518997432,-3.7060369726888207,2.4574720835977235,0.010061379872902343,0.024823224486029912,119219.0,-3.6959755928159184,-3.7041937312591533,0.02462005975199208,0.008218138443234935,0.02463780415340626,0.007525846518997432,-3.7060369726888207,2.4574720835977235,0.010061379872902343,0.5317879604672058,5565.0,-0.6315104396412113,-0.6340179600784241,0.5304561617421558,0.002507520437212807,0.5305986713406692,0.0022414099219879454,-0.6354151344643484,52.97155394898147,0.003904694823137045,0.024823224486029912,119219.0,-3.6959755928159184,-3.7041937312591533,0.02462005975199208,0.008218138443234935,0.02463780415340626,0.007525846518997432,-3.7060369726888207,2.4574720835977235,0.010061379872902343,0.025414573403752846,116445.0,-3.6724325134394564,-3.6773913058229453,0.025288859762256814,0.0049587923834888414,0.025317126887519307,0.0038490353453802936,-3.6813154126226038,2.5189818027971698,0.00888289918314733,0.02139871870887504,138298.0,-3.84442423216387,-3.851893977195455,0.021239471245552522,0.007469745031584818,0.021255348544662912,0.006745133532431591,-3.8538910443681433,2.1197096921032377,0.009466812204273367
2014-05,2957.3,7.9920319688828805,7.987563980066952,2944.11629093908,0.004467988815928692,0.0247688364769339,119396.0,-3.698169009659072,-3.7052801674020084,0.02459332615404135,0.00711115774293658,0.024611249937093273,0.006403028706116994,-3.70723032069529,2.454541213307733,0.0090613110362181,0.0247688364769339,119396.0,-3.698169009659072,-3.7052801674020084,0.02459332615404135,0.00711115774293658,0.024611249937093273,0.006403028706116994,-3.70723032069529,2.454541213307733,0.0090613110362181,0.5311242816091954,5568.0,-0.6327592331313749,-0.6346810507677507,0.530104537792376,0.0019218176363757777,0.5302484796420778,0.0016516821843767413,-0.6361275641460846,52.93382888148508,0.00336833101470968,0.0247688364769339,119396.0,-3.698169009659072,-3.7052801674020084,0.02459332615404135,0.00711115774293658,0.024611249937093273,0.006403028706116994,-3.70723032069529,2.454541213307733,0.0090613110362181,0.025345171878883452,116681.0,-3.6751670255111426,-3.6787348191703257,0.0252549066549598,0.0035677936591831383,0.025283405728502607,0.0024429521498843796,-3.682779501699506,2.5152964875280013,0.00761247618836336,0.021350342567123665,138513.0,-3.8466874941376954,-3.8530024720019185,0.021215940446278662,0.006314977864223081,0.02123197904581001,0.005574775721955768,-3.8550979792675104,2.1171528837602955,0.008410485129815015
2014-06,2953.7,7.990813900723481,7.987865298211485,2945.003540262603,0.0029486025119958015,0.02468059861126198,119677.0,-3.701737825325725,-3.7063666035448635,0.024566621584665965,0.004628778219138319,0.024584695720780286,0.0039009183424886375,-3.7084236147767804,2.451613970683122,0.006685789451055246,0.02468059861126198,119677.0,-3.701737825325725,-3.7063666035448635,0.024566621584665965,0.004628778219138319,0.024584695720780286,0.0039009183424886375,-3.7084236147767804,2.451613970683122,0.006685789451055246,0.5310499820208557,5562.0,-0.6328991340704299,-0.6353441414570773,0.529753146923878,0.0024450073866474353,0.5298982879434864,0.002173424794103501,-0.6368388753030523,52.896189846540395,0.003939741232622418,0.02468059861126198,119677.0,-3.701737825325725,-3.7063666035448635,0.024566621584665965,0.004628778219138319,0.024584695720780286,0.0039009183424886375,-3.7084236147767804,2.451613970683122,0.006685789451055246,0.025255228551396273,116954.0,-3.6787220733546526,-3.6800783325177067,0.025220999133486174,0.001356259163054041,0.02524968456948591,0.00021956638290294246,-3.684238582883452,2.5116291418791428,0.005516509528799229,0.021272749533666067,138849.0,-3.8503283899689658,-3.854110966808382,0.02119243571632207,0.003782576839416407,0.02120860954695711,0.0030242428937618786,-3.8563039982031975,2.114601096353996,0.005975608234231711
2014-07,2952.1,7.99027206048536,7.988166616356018,2945.8910569707277,0.0021054441293415493,0.024635322785232658,119832.0,-3.7035739803631946,-3.707453039687718,0.024539946012345364,0.0038790593245234817,0.0245581415044673,0.003142798112443409,-3.7096164609193485,2.448691315900418,0.006042480556153862,0.024635322785232658,119832.0,-3.7035739803631946,-3.707453039687718,0.024539946012345364,0.0038790593245234817,0.0245581415044673,0.003142798112443409,-3.7096164609193485,2.448691315900418,0.006042480556153862,0.5303808839381962,5566.0,-0.634159881600476,-0.6360072321464038,0.5294019889821588,0.0018473505459277728,0.529548096244895,0.0015726384424882616,-0.637548901097382,52.85864551762587,0.003389019496906065,0.024635322785232658,119832.0,-3.7035739803631946,-3.707453039687718,0.024539946012345364,0.0038790593245234817,0.0245581415044673,0.003142798112443409,-3.7096164609193485,2.448691315900418,0.006042480556153862,0.02519480076128052,117171.0,-3.681117624748256,-3.6814218458650876,0.025187137136631912,0.0003042211168313713,0.025215963410469215,-0.0008392560238213102,-3.685692284425517,2.5079806352848455,0.004574659677260673,0.02122713414634146,139072.0,-3.8524750031307415,-3.855219461614846,0.02116895702680105,0.0027444584841043174,0.02118524004810421,0.001977513501953511,-3.857508709031085,2.112055147390614,0.005033705900343577
2014-08,2952.0,7.990238185720363,7.988467934500552,2946.7788411440342,0.0017702512198116693,0.02460451082698495,119978.0,-3.7048254859028766,-3.708539475830573,0.024513299405593183,0.0037139899276965593,0.024531587288154313,0.002972638418136455,-3.710808413521169,2.4457743307147752,0.005982927618292333,0.02460451082698495,119978.0,-3.7048254859028766,-3.708539475830573,0.024513299405593183,0.0037139899276965593,0.024531587288154313,0.002972638418136455,-3.710808413521169,2.4457743307147752,0.005982927618292333,0.5290322580645161,5580.0,-0.6367058696549934,-0.6366703228357303,0.5290510638128182,-3.5546819263099216e-05,0.5291979045463036,-0.0003130142435643627,-0.6382574442919668,52.821206149340505,0.0015515746369734185,0.02460451082698495,119978.0,-3.7048254859028766,-3.708539475830573,0.024513299405593183,0.0037139899276965593,0.024531587288154313,0.002972638418136455,-3.710808413521169,2.4457743307147752,0.005982927618292333,0.025141805917522613,117414.0,-3.6832232439718977,-3.682765359212468,0.02515332060327516,-0.0004578847594296498,0.02518224225145252,-0.0016057479523124481,-3.6871401920111166,2.504351938741049,0.003916948039218937,0.021196389720612628,139269.0,-3.853924408003732,-3.8563279564213095,0.02114550434886591,0.0024035484175777277,0.02116187054925131,0.0016311966033900047,-3.8587116734989655,2.1095159476838226,0.004787265495233672
2014-09,2949.7,7.989458749247333,7.988769252645085,2947.6668928631266,0.0006894966022477078,0.024536667332135487,120216.0,-3.70758665445823,-3.709625911973428,0.024486681732957292,0.0020392575151979564,0.024505033071841327,0.001290929100214568,-3.7119989803563382,2.442864205603286,0.00441232589810836,0.024536667332135487,120216.0,-3.70758665445823,-3.709625911973428,0.024486681732957292,0.0020392575151979564,0.024505033071841327,0.001290929100214568,-3.7119989803563382,2.442864205603286,0.00441232589810836,0.52918909221385,5574.0,-0.6364094587945607,-0.6373334135250568,0.5287003712615581,0.0009239547304961127,0.528847712847712,0.0006455154439446126,-0.6389642814998576,52.783883347594895,0.002554822705296944,0.024536667332135487,120216.0,-3.70758665445823,-3.709625911973428,0.024486681732957292,0.0020392575151979564,0.024505033071841327,0.001290929100214568,-3.7119989803563382,2.442864205603286,0.00441232589810836,0.025068413985348356,117666.0,-3.6861466322615617,-3.684108872559849,0.025119549472376088,-0.002037759701712716,0.025148521092435823,-0.003185360554325455,-3.6885818560273647,2.500744105933188,0.002435223765802963,0.021135257912197357,139563.0,-3.8568126419530357,-3.8574364512277732,0.021122077653698917,0.0006238092747374857,0.02113850105039841,-0.00015342328168503874,-3.859912414514307,2.10698448548232,0.0030997725612711413
2014-10,2952.4,7.990373677895898,7.989070570789618,2948.5552122086337,0.0013031071062794553,0.024520169093159037,120407.0,-3.7082592718058067,-3.710712348116283,0.024460092963019667,0.002453076310476199,0.02447847885552834,0.0017031384130015627,-3.7131876230343863,2.4399622379947807,0.004928351228579597,0.024520169093159037,120407.0,-3.7082592718058067,-3.710712348116283,0.024460092963019667,0.002453076310476199,0.02447847885552834,0.0017031384130015627,-3.7131876230343863,2.4399622379947807,0.004928351228579597,0.5290091381472855,5581.0,-0.6367495728925363,-0.6379965042143834,0.5283499111741826,0.0012469313218470557,0.5284975211491206,0.0009680594093467157,-0.6396691773620786,52.74668931713038,0.002919604469542314,0.024520169093159037,120407.0,-3.7082592718058067,-3.710712348116283,0.024460092963019667,0.002453076310476199,0.02447847885552834,0.0017031384130015627,-3.7131876230343863,2.4399622379947807,0.004928351228579597,0.02504559683070215,117881.0,-3.687057242123009,-3.6854523859072295,0.02508582368297687,-0.0016048562157795487,0.025114799933419123,-0.0027554709932165818,-3.6900167966380097,2.497158260012009,0.0029595545150007396,0.021119043190889714,139798.0,-3.8575801246319705,-3.858544946034237,0.021098676912514262,0.0009648214022663915,0.02111513155154551,0.00018525289954532837,-3.8611104180458002,2.104461822009498,0.0035302934138297104
2014-11,2952.9,7.990543017303275,7.989371888934151,2949.4437992612084,0.0011711283691235863,0.024473304712493163,120658.0,-3.7101723590526934,-3.7117987842591376,0.02443353306439645,0.001626425206444182,0.024451924639215354,0.0008743717966282307,-3.714373769119119,2.4370698021041646,0.004201410066425826,0.024473304712493163,120658.0,-3.7101723590526934,-3.7117987842591376,0.02443353306439645,0.001626425206444182,0.024451924639215354,0.0008743717966282307,-3.714373769119119,2.4370698021041646,0.004201410066425826,0.5281523877660526,5591.0,-0.63837042372337,-0.6386595949037099,0.5279996833965984,0.00028917118033988665,0.5281473294505292,9.577470605776712e-06,-0.640371876806516,52.709637267603284,0.002001453083145921,0.024473304712493163,120658.0,-3.7101723590526934,-3.7117987842591376,0.02443353306439645,0.001626425206444182,0.024451924639215354,0.0008743717966282307,-3.714373769119119,2.4370698021041646,0.004201410066425826,0.024991325101348206,118157.0,-3.689226510277032,-3.6867958992546104,0.02505214317420148,-0.0024306110224214805,0.025081078774402427,-0.003578541172871057,-3.6914445152164936,2.4935955646391395,0.002218004939461782,0.021078742799220496,140089.0,-3.8594901965931507,-3.8596534408407,0.021075302096558047,0.00016324424754943223,0.02109176205269261,-0.0006172672268722232,-3.862305146144138,2.101949063669249,0.002814949550987045
2014-12,2952.0,7.990238185720363,7.989673207078685,2950.332654101527,0.0005649786416785929,0.024414854023653957,120910.0,-3.7125635604479292,-3.7128852204019926,0.024407002005737807,0.0003216599540634135,0.024425370422902368,-0.000430552293223363,-3.7155568081469412,2.434188358181126,0.0029932476990119916,0.024414854023653957,120910.0,-3.7125635604479292,-3.7128852204019926,0.024407002005737807,0.0003216599540634135,0.024425370422902368,-0.000430552293223363,-3.7155568081469412,2.434188358181126,0.0029932476990119916,0.5278026104058645,5593.0,-0.6390329091012248,-0.6393226855930365,0.5276496877748139,0.0002897764918117218,0.5277971377519378,1.0368858667947262e-05,-0.6410721022332435,52.672741558519284,0.002039193132018724,0.024414854023653957,120910.0,-3.7125635604479292,-3.7128852204019926,0.024407002005737807,0.0003216599540634135,0.024425370422902368,-0.000430552293223363,-3.7155568081469412,2.434188358181126,0.0029932476990119916,0.024928853120751243,118417.0,-3.6917293864859833,-3.6881394126019913,0.02501850788525565,-0.0035899738839919593,0.025047357615385728,-0.004731217418387134,-3.692864490300189,2.490057233833866,0.0011351038142057845,0.021031033598358555,140364.0,-3.8617561417183444,-3.860761935647164,0.021051953177108184,-0.0009942060711805034,0.02106839255383971,-0.0017732228686020517,-3.863496033620094,2.099447368768452,0.0017398919017495018
2015-01,2947.4,7.988678704779162,7.989974525223218,2951.2217768102923,-0.0012958204440556287,0.02433956810768405,121095.0,-3.715651935718063,-3.7139716565448477,0.02438049975572799,-0.0016802791732151157,0.02439881620658938,-0.0024283185874128016,-3.7167360972359695,2.4313194383850782,0.00108416151790669,0.02433956810768405,121095.0,-3.715651935718063,-3.7139716565448477,0.02438049975572799,-0.0016802791732151157,0.02439881620658938,-0.0024283185874128016,-3.7167360972359695,2.4313194383850782,0.00108416151790669,0.5264154313270227,5599.0,-0.6416645845697306,-0.639985776282363,0.5272999241549399,-0.0016788082873676613,0.5274469460533464,-0.0019556748485170883,-0.6417695605990242,52.636017322572194,0.00010497602929360195,0.02433956810768405,121095.0,-3.715651935718063,-3.7139716565448477,0.02438049975572799,-0.0016802791732151157,0.02439881620658938,-0.0024283185874128016,-3.7167360972359695,2.4313194383850782,0.00108416151790669,0.024849925806016457,118608.0,-3.6949005121173384,-3.6894829259493718,0.02498491775542674,-0.005417586167966615,0.02501363645636903,-0.006544856068334296,-3.6942761833122333,2.4865445174592193,-0.000624328805105101,0.020967787832223552,140568.0,-3.864767931658565,-3.8618704304536275,0.02102863012547445,-0.0028975012049374804,0.02104502305498681,-0.003669999436990688,-3.8646824935641524,2.0969579356591113,-8.543809441263761e-05
2015-02,2950.1,7.989594347064416,7.990275843367751,2952.1111674682293,-0.0006814963033354715,0.024317484915427477,121316.0,-3.716559643538442,-3.7150580926877024,0.024354026283085244,-0.0015015508507394415,0.024372261990276395,-0.0022475170696413657,-3.7179109704082727,2.428464623754563,0.00135132686983086,0.024317484915427477,121316.0,-3.716559643538442,-3.7150580926877024,0.024354026283085244,-0.0015015508507394415,0.024372261990276395,-0.0022475170696413657,-3.7179109704082727,2.428464623754563,0.00135132686983086,0.5262397431323582,5606.0,-0.6419983846603179,-0.6406488669716895,0.526950392383189,-0.0013495176886283433,0.527096754354755,-0.001625908745057434,-0.6424639431261062,52.599480478589314,0.0004655584657883294,0.024317484915427477,121316.0,-3.716559643538442,-3.7150580926877024,0.024354026283085244,-0.0015015508507394415,0.024372261990276395,-0.0022475170696413657,-3.7179109704082727,2.428464623754563,0.00135132686983086,0.02482225344765206,118849.0,-3.6960147117213413,-3.6908264392967527,0.024951372724083595,-0.005188272424588636,0.024979915297352336,-0.006311544607878882,-3.695679046917246,2.483058680302158,-0.0003356648040955257,0.02094839767942227,140827.0,-3.8656931186214396,-3.8629789252600912,0.02100533291299839,-0.0027141933613483715,0.02102165355613391,-0.003484781847252291,-3.8658639256417056,2.0944819851603054,0.00017080702026595063
2015-03,2946.4,7.988339365130855,7.9905771615122845,2953.000826156088,-0.002237796381429291,0.024261587740750806,121443.0,-3.7188609307507856,-3.7161445288305575,0.024327581556561752,-0.002716401920228151,0.02434570777396341,-0.003455230547972208,-3.7190807533204753,2.4256255082329696,0.00021982256968966496,0.024261587740750806,121443.0,-3.7188609307507856,-3.7161445288305575,0.024327581556561752,-0.002716401920228151,0.02434570777396341,-0.003455230547972208,-3.7190807533204753,2.4256255082329696,0.00021982256968966496,0.525485999643303,5607.0,-0.643431730992817,-0.6413119576610161,0.5266010923058758,-0.0021197733318009115,0.5267465626561636,-0.0023931110371258986,-0.643154940226737,52.563146944712905,-0.00027679076608000397,0.024261587740750806,121443.0,-3.7188609307507856,-3.7161445288305575,0.024327581556561752,-0.002716401920228151,0.02434570777396341,-0.003455230547972208,-3.7190807533204753,2.4256255082329696,0.00021982256968966496,0.024769446756281895,118953.0,-3.6981443709631705,-3.6921699526441336,0.024917872730676485,-0.005974418319036889,0.02494619413833564,-0.007085144173640928,-3.697072538597197,2.4796009683962335,-0.001071832365973524,0.020907871674602445,140923.0,-3.867629555772143,-3.864087420066555,0.020982061511053304,-0.0035421357055880343,0.02099828405728101,-0.004305703381853914,-3.867039730177389,2.0920207310027084,-0.0005898255947540676
2015-04,2945.9,7.9881696521151575,7.990878479656818,2953.890752954643,-0.0027088275416602414,0.024212412364694378,121669.0,-3.7208898696796564,-3.717230964973412,0.024301165544943677,-0.0036589047062443036,0.024319153557650422,-0.004389182078356707,-3.720244761202297,2.4228037036430394,-0.0006451084773595461,0.024212412364694378,121669.0,-3.7208898696796564,-3.717230964973412,0.024301165544943677,-0.0036589047062443036,0.024319153557650422,-0.004389182078356707,-3.720244761202297,2.4228037036430394,-0.0006451084773595461,0.5247417171357321,5614.0,-0.6448491048066707,-0.6419750483503426,0.526252023769417,-0.0028740564563281,0.5263963709575721,-0.003143360997778044,-0.6438422387208923,52.527032784995164,-0.0010068660857783795,0.024212412364694378,121669.0,-3.7208898696796564,-3.717230964973412,0.024301165544943677,-0.0036589047062443036,0.024319153557650422,-0.004389182078356707,-3.720244761202297,2.4228037036430394,-0.0006451084773595461,0.024715792299754177,119191.0,-3.7003128752920027,-3.693513465991514,0.02488441771473699,-0.0067994093004886125,0.024912472979318943,-0.007894867752713306,-3.6984561184240636,2.4761726147650496,-0.001856756867939069,0.02086390549307346,141196.0,-3.869734622912961,-3.865195914873018,0.020958815891044213,-0.004538708039942829,0.020974914558428107,-0.005292468059663299,-3.8682093061778833,2.0895753840514955,-0.0015253167350777197
2015-05,2944.3,7.987626376831006,7.991179797801351,2954.7809479446937,-0.003553420970344945,0.02413716777885262,121982.0,-3.7240023950155394,-3.718317401116267,0.024274778217051023,-0.005684993899272239,0.024292599341337436,-0.006398309225819527,-3.7214023075872955,2.4200008185220643,-0.0026000874282439135,0.02413716777885262,121982.0,-3.7240023950155394,-3.718317401116267,0.024274778217051023,-0.005684993899272239,0.024292599341337436,-0.006398309225819527,-3.7214023075872955,2.4200008185220643,-0.0026000874282439135,0.5237104233368908,5622.0,-0.6468163746354711,-0.6426381390396692,0.5259031866203308,-0.0041782355958019934,0.5260461792589807,-0.004440210791722091,-0.644525527564279,52.49115390873085,-0.0022908470711920925,0.02413716777885262,121982.0,-3.7240023950155394,-3.718317401116267,0.024274778217051023,-0.005684993899272239,0.024292599341337436,-0.006398309225819527,-3.7214023075872955,2.4200008185220643,-0.0026000874282439135,0.024633134213476567,119526.0,-3.7036628230788327,-3.694856979338895,0.02485100761587783,-0.008805843739937647,0.024878751820302244,-0.009872585594315907,-3.699829254740136,2.472774825570599,-0.0038335683386967467,0.02080218739843717,141538.0,-3.8726971344177437,-3.866304409679482,0.020935596024407786,-0.006392724738261801,0.020951545059575208,-0.007128718226428864,-3.869372057200994,2.087147140130954,-0.0033250772167496834
2015-06,2932.5,7.983610580527631,7.991481115945884,2955.671411207062,-0.007870535418253333,0.024008547288446425,122144.0,-3.7293453750173255,-3.719403837259122,0.024248419541737697,-0.009941537758203722,0.02426604512502445,-0.010611446375020497,-3.7225527109867187,2.4172184420883402,-0.006792664030606854,0.024008547288446425,122144.0,-3.7293453750173255,-3.719403837259122,0.024248419541737697,-0.009941537758203722,0.02426604512502445,-0.010611446375020497,-3.7225527109867187,2.4172184420883402,-0.006792664030606854,0.5222617987533392,5615.0,-0.6495862866449131,-0.6433012297289957,0.5255545807052371,-0.0062850569159174086,0.5256959875603893,-0.006532651738483244,-0.6452045034816327,52.45552577604349,-0.004381783163280417,0.024008547288446425,122144.0,-3.7293453750173255,-3.719403837259122,0.024248419541737697,-0.009941537758203722,0.02426604512502445,-0.010611446375020497,-3.7225527109867187,2.4172184420883402,-0.006792664030606854,0.02449997493608702,119694.0,-3.7090831844488354,-3.6962004926862755,0.02481764237379285,-0.012882691762559961,0.024845030661285548,-0.013888319555837992,-3.7011914302145312,2.4694087654522567,-0.007891754234304216,0.020693816200805876,141709.0,-3.877920357601367,-3.8674129044859455,0.020912401882612373,-0.010507453115421672,0.02092817556072231,-0.011198269970377905,-3.870527398573946,2.0847371651285087,-0.00739295902742132
2015-07,2940.5,7.986334913900011,7.9917824340904176,2956.562142822597,-0.005447520190406507,0.024025851996502954,122389.0,-3.7286248618408204,-3.720490273401977,0.02422208948789139,-0.008134588438843515,0.024239490908711463,-0.008813671583000482,-3.7236953099742167,2.414458108021612,-0.00492955186660371,0.024025851996502954,122389.0,-3.7286248618408204,-3.720490273401977,0.02422208948789139,-0.008134588438843515,0.024239490908711463,-0.008813671583000482,-3.7236953099742167,2.414458108021612,-0.00492955186660371,0.5224769012082445,5628.0,-0.6491745043342689,-0.6439643204183222,0.5252062058708579,-0.005210183915946742,0.5253457958617979,-0.005460964332734568,-0.6458788808739777,52.420162880665345,-0.0032956234602912193,0.024025851996502954,122389.0,-3.7286248618408204,-3.720490273401977,0.02422208948789139,-0.008134588438843515,0.024239490908711463,-0.008813671583000482,-3.7236953099742167,2.414458108021612,-0.00492955186660371,0.024516220475066908,119941.0,-3.7084203202898176,-3.6975440060336564,0.02478432192825682,-0.010876314256161201,0.024811309502268848,-0.011893327402769946,-3.702542157096369,2.4660755203092055,-0.005878163193448582,0.020709059024867773,141991.0,-3.877184040393082,-3.8685213992924092,0.020889233437157918,-0.008662641100672719,0.020904806061869407,-0.009363733699432816,-3.8716747712804227,2.0823465663212355,-0.005509269112659254
2015-08,2933.3,7.983883348097258,7.992083752234951,2957.453142872169,-0.00820040413769263,0.023940811113015516,122523.0,-3.732170698347918,-3.721576709544832,0.02419578802443359,-0.010593988803086152,0.024212936692398476,-0.011238850654096503,-3.724829495535972,2.4117212168606397,-0.007341202811946168,0.023940811113015516,122523.0,-3.732170698347918,-3.721576709544832,0.02419578802443359,-0.010593988803086152,0.024212936692398476,-0.011238850654096503,-3.724829495535972,2.4117212168606397,-0.007341202811946168,0.5218466465041808,5621.0,-0.650381514904817,-0.6446274111076488,0.5248580619640162,-0.005754103797168231,0.5249956041632065,-0.0059980648105517325,-0.6465484079523939,52.38507790864178,-0.0038331069524231154,0.023940811113015516,122523.0,-3.732170698347918,-3.721576709544832,0.02419578802443359,-0.010593988803086152,0.024212936692398476,-0.011238850654096503,-3.724829495535972,2.4117212168606397,-0.007341202811946168,0.024430933244492567,120065.0,-3.711905193685157,-3.6988875193810373,0.024751046219125404,-0.013017674304119708,0.024777588343252152,-0.013990671487364187,-3.703881008527935,2.4627760208311598,-0.008024185157222252,0.02063887423043096,142125.0,-3.880578882955579,-3.869629894098873,0.020866090659575943,-0.010948988856706254,0.020881436563016508,-0.01161617074828818,-3.872813673348546,2.0799763275014524,-0.007765209607033086
2015-09,2934.4,7.984258282062146,7.992385070379484,2958.344411436675,-0.008126788317338374,0.023922844261827312,122661.0,-3.732921449701587,-3.7226631456876866,0.024169515120319555,-0.010258304013900155,0.02418638247608549,-0.010896140194539373,-3.7259546966948305,2.4090090714932884,-0.00696675300675631,0.023922844261827312,122661.0,-3.732921449701587,-3.7226631456876866,0.024169515120319555,-0.010258304013900155,0.02418638247608549,-0.010896140194539373,-3.7259546966948305,2.4090090714932884,-0.00696675300675631,0.5220423412204235,5621.0,-0.6500065809399291,-0.6452905017969753,0.524510148831637,-0.0047160791429538,0.524645412464615,-0.004961582017773068,-0.6472128583571543,52.35028218371891,-0.0027937225827748824,0.023922844261827312,122661.0,-3.732921449701587,-3.7226631456876866,0.024169515120319555,-0.010258304013900155,0.02418638247608549,-0.010896140194539373,-3.7259546966948305,2.4090090714932884,-0.00696675300675631,0.024405539152493036,120235.0,-3.712945158000425,-3.700231032728418,0.024717815186335007,-0.012714125272007326,0.024743867184235456,-0.013673207555768483,-3.7052076030077097,2.459511081860828,-0.007737554992715445,0.020624846248462485,142275.0,-3.881258801409179,-3.8707383889053366,0.02084297352142951,-0.01052041250384228,0.020858067064163606,-0.011181324471902713,-3.8739436453162286,2.077627339952913,-0.0073151560929503034
2015-10,2928.3,7.982177328849029,7.992686388524017,2959.235948597035,-0.010509059674988386,0.02382126122608356,122928.0,-3.737176768258387,-3.7237495818305417,0.024143270744538203,-0.013427186427845239,0.024159828259772503,-0.014013635777894806,-3.7270703991187197,2.4063228330330833,-0.010106369139667226,0.02382126122608356,122928.0,-3.737176768258387,-3.7237495818305417,0.024143270744538203,-0.013427186427845239,0.024159828259772503,-0.014013635777894806,-3.7270703991187197,2.4063228330330833,-0.010106369139667226,0.5201243339253997,5630.0,-0.6536873922847068,-0.6459535924863018,0.5241624663207468,-0.00773379979840505,0.5242952207660236,-0.007955225749588282,-0.6478720353049741,52.31578545546467,-0.005815356979732789,0.02382126122608356,122928.0,-3.737176768258387,-3.7237495818305417,0.024143270744538203,-0.013427186427845239,0.024159828259772503,-0.014013635777894806,-3.7270703991187197,2.4063228330330833,-0.010106369139667226,0.024296607286576007,120523.0,-3.71741855621949,-3.7015745460757987,0.024684628769902652,-0.01584401014369119,0.02471014602521876,-0.016735584574073415,-3.7065216209491827,2.4562813625912585,-0.010896935270307218,0.020538087656667533,142579.0,-3.8854741821915986,-3.8718468837118003,0.020819881994313182,-0.013627298479798267,0.020834697565310707,-0.014236343374478497,-3.8750642876381227,2.075300366922393,-0.010409894553475851
2015-11,2932.8,7.98371287708544,7.992987706668551,2960.127754434195,-0.009274829583110211,0.023819501973588033,123126.0,-3.7372506231833786,-3.7248360179733964,0.024117054866112177,-0.012414605209982277,0.024133274043459517,-0.013001637047109276,-3.7281761422313777,2.4036635286583277,-0.009074480952000918,0.023819501973588033,123126.0,-3.7372506231833786,-3.7248360179733964,0.024117054866112177,-0.012414605209982277,0.024133274043459517,-0.013001637047109276,-3.7281761422313777,2.4036635286583277,-0.009074480952000918,0.5201844625753814,5638.0,-0.6535717945886171,-0.6466166831756284,0.5238150142784731,-0.006955111412988768,0.5239450290674321,-0.007177406566379907,-0.64852576356907,52.28159632427234,-0.005046031019547148,0.023819501973588033,123126.0,-3.7372506231833786,-3.7248360179733964,0.024117054866112177,-0.012414605209982277,0.024133274043459517,-0.013001637047109276,-3.7281761422313777,2.4036635286583277,-0.009074480952000918,0.024292825962709253,120727.0,-3.717574200096009,-3.7029180594231796,0.02465148690992593,-0.014656140672829387,0.024676424866202064,-0.015545157192450716,-3.7078228024691997,2.453087373104978,-0.009751397626809322,0.020536664612626744,142808.0,-3.8855434726419475,-3.8729553785182635,0.020796816049853006,-0.012588094123684002,0.02081132806645781,-0.013197785982421134,-3.8761752572129855,2.0729960516051538,-0.009368215428962046
2015-12,2936.4,7.984939620236626,7.993289024813084,2961.019829029124,-0.008349404576457609,0.023801958368458595,123368.0,-3.7379874173008663,-3.7259224541162514,0.02409086745409771,-0.012064963184614808,0.02410671982714653,-0.01264217864865813,-3.7292715434377857,2.4010319942853324,-0.008715873863080592,0.023801958368458595,123368.0,-3.7379874173008663,-3.7259224541162514,0.02409086745409771,-0.012064963184614808,0.02410671982714653,-0.01264217864865813,-3.7292715434377857,2.4010319942853324,-0.008715873863080592,0.519441004776225,5653.0,-0.6550020364386645,-0.6472797738649549,0.523467792552045,-0.00772226257370956,0.5235948373688407,-0.00793329554869079,-0.6491739127942402,52.24772102743371,-0.00582812364442431,0.023801958368458595,123368.0,-3.7379874173008663,-3.7259224541162514,0.02409086745409771,-0.012064963184614808,0.02410671982714653,-0.01264217864865813,-3.7292715434377857,2.4010319942853324,-0.008715873863080592,0.024271780459580096,120980.0,-3.718440901424279,-3.70426157277056,0.024618389546582846,-0.014179328653718848,0.024642703707185364,-0.01505205159355602,-3.7091109717658957,2.449929415697406,-0.009329929658383307,0.020523214772465177,143077.0,-3.886198605625485,-3.8740638733247272,0.020773775659706433,-0.0121347323007579,0.020787958567604906,-0.012735439811405793,-3.8772762912628336,2.070714868427764,-0.008922314362651562
2016-01,2939.1,7.985858691018707,7.993590342957617,2961.9121724628158,-0.0077316519389105665,0.023799729539326114,123493.0,-3.7380810622631384,-3.727008890259106,0.024064708477584674,-0.011072172004032321,0.024080165610833544,-0.011645936163381852,-3.730356290162067,2.3984288948017065,-0.007724772101071586,0.023799729539326114,123493.0,-3.7380810622631384,-3.727008890259106,0.024064708477584674,-0.011072172004032321,0.024080165610833544,-0.011645936163381852,-3.730356290162067,2.3984288948017065,-0.007724772101071586,0.5204710465734018,5647.0,-0.6530210186541304,-0.6479428645542815,0.5231208009887929,-0.005078154099848908,0.5232446456702493,-0.00530076919047046,-0.6498163915607071,52.21416375714841,-0.0032046270934232846,0.023799729539326114,123493.0,-3.7380810622631384,-3.727008890259106,0.024064708477584674,-0.011072172004032321,0.024080165610833544,-0.011645936163381852,-3.730356290162067,2.3984288948017065,-0.007724772101071586,0.02427082645174077,121096.0,-3.7184802074236947,-3.705605086117941,0.024585336620131706,-0.012875121305753634,0.024608982548168668,-0.013741165274346712,-3.710386028279671,2.446807607901259,-0.008094179144023883,0.020523008169820542,143210.0,-3.886208672454042,-3.875172368131191,0.020750760795562342,-0.011036304322851187,0.020764589068752008,-0.01163427304684846,-3.8783671992952953,2.0684571406554455,-0.007841473158746837
2016-02,2940.5,7.986334913900011,7.99389166110215,2962.8047848162882,-0.007556747202139391,0.02376757005795391,123719.0,-3.73943323009879,-3.728095326401961,0.024038577905696478,-0.011337903696828633,0.024053611394520558,-0.011891824968611882,-3.7314301370804572,2.395854731699968,-0.008003093018332574,0.02376757005795391,123719.0,-3.73943323009879,-3.728095326401961,0.024038577905696478,-0.011337903696828633,0.024053611394520558,-0.011891824968611882,-3.7314301370804572,2.395854731699968,-0.008003093018332574,0.5189728203318037,5666.0,-0.6559037664904512,-0.648605955243608,0.5227740394361483,-0.0072978112468432554,0.5228944539716579,-0.007499857017161568,-0.6504531534187833,52.18092635249535,-0.005450613071667942,0.02376757005795391,123719.0,-3.73943323009879,-3.728095326401961,0.024038577905696478,-0.011337903696828633,0.024053611394520558,-0.011891824968611882,-3.7314301370804572,2.395854731699968,-0.008003093018332574,0.02424794669657288,121268.0,-3.71942333748982,-3.7069485994653215,0.02455232807091106,-0.0124747380244985,0.02457526138915197,-0.013318869223648359,-3.711647943441123,2.443721891649235,-0.007775394048696871,0.02050472086244648,143406.0,-3.8871001333765203,-3.8762808629376546,0.020727771429140965,-0.010819270438865658,0.020741219569899105,-0.011402353012830883,-3.8794478596630184,2.066223048366122,-0.007652273713501856
2016-03,2944.0,7.987524479848767,7.994192979246684,2963.6976661705844,-0.006668499397917138,0.023745765446039683,123980.0,-3.7403510614071434,-3.7291817625448163,0.02401247570759007,-0.011169298862327093,0.02402705717820757,-0.01170729024705608,-3.7324928984739163,2.3933098623207725,-0.007858162933227053,0.023745765446039683,123980.0,-3.7403510614071434,-3.7291817625448163,0.02401247570759007,-0.011169298862327093,0.02402705717820757,-0.01170729024705608,-3.7324928984739163,2.3933098623207725,-0.007858162933227053,0.5189494094835184,5673.0,-0.6559488774778003,-0.6492690459329346,0.5224275077416439,-0.006679831544865733,0.5225442622730665,-0.006879518251545759,-0.6510841766458417,52.14800936274231,-0.004864700831958557,0.023745765446039683,123980.0,-3.7403510614071434,-3.7291817625448163,0.02401247570759007,-0.011169298862327093,0.02402705717820757,-0.01170729024705608,-3.7324928984739163,2.3933098623207725,-0.007858162933227053,0.024233643936650093,121484.0,-3.7200133659996486,-3.7082921128127024,0.024519363839339513,-0.011721253186946168,0.024541540230135273,-0.012545923792798638,-3.712896751135937,2.440672057671384,-0.007116614863711401,0.020492545001461766,143662.0,-3.8876941174428294,-3.8773893577441183,0.020704807532193874,-0.010304759698711141,0.020717850071046207,-0.010874925188270924,-3.880518211223844,2.064012646465881,-0.0071759062189853395
2016-04,2946.9,7.9885090493489335,7.994494297391217,2964.590816606771,-0.005985248042283509,0.023736800135321267,124149.0,-3.7407286867824867,-3.730268198687671,0.0239864018524559,-0.010460488094815812,0.024000502961894585,-0.010987387514003218,-3.7335444503756645,2.3907944955347227,-0.0071842364068221976,0.023736800135321267,124149.0,-3.7407286867824867,-3.730268198687671,0.0239864018524559,-0.010460488094815812,0.024000502961894585,-0.010987387514003218,-3.7335444503756645,2.3907944955347227,-0.0071842364068221976,0.5190031701303276,5678.0,-0.6558452876839829,-0.6499321366222611,0.5220812057529133,-0.005913151061721744,0.5221940705744751,-0.0061105642977468625,-0.6517094815764553,52.115411148340385,-0.004135806107527618,0.023736800135321267,124149.0,-3.7407286867824867,-3.730268198687671,0.0239864018524559,-0.010460488094815812,0.024000502961894585,-0.010987387514003218,-3.7335444503756645,2.3907944955347227,-0.0071842364068221976,0.024220432316922825,121670.0,-3.720558691432561,-3.7096356261600834,0.024486443865915707,-0.010923065272477661,0.024507819071118576,-0.011726329191585418,-3.714132545245121,2.43765775243401,-0.006426146187440196,0.020485353205333186,143854.0,-3.8880451259872952,-3.878497852550582,0.020681869076503934,-0.009547273436713244,0.020694480572193308,-0.010105465857457743,-3.8815782518809354,2.061825868385484,-0.006466874106359821
2016-05,2943.5,7.987354628468316,7.99479561553575,2965.4842362059394,-0.007440987067433902,0.023691856955433393,124241.0,-3.7426238782594003,-3.731354634830526,0.02396035630951784,-0.011269243428874365,0.0239739487455816,-0.011766596864865453,-3.7345847294528958,2.388308695230256,-0.008039148806504581,0.023691856955433393,124241.0,-3.7426238782594003,-3.731354634830526,0.02396035630951784,-0.011269243428874365,0.0239739487455816,-0.011766596864865453,-3.7345847294528958,2.388308695230256,-0.008039148806504581,0.5191358024691358,5670.0,-0.6555897682534817,-0.6505952273115876,0.5217351333176914,-0.00499454094189411,0.5218438788758837,-0.005189437907332348,-0.6523291260814688,52.083128123228306,-0.0032606421720129397,0.023691856955433393,124241.0,-3.7426238782594003,-3.731354634830526,0.02396035630951784,-0.011269243428874365,0.0239739487455816,-0.011766596864865453,-3.7345847294528958,2.388308695230256,-0.008039148806504581,0.024186325502666372,121701.0,-3.721967867400413,-3.710979139507464,0.024453568091218163,-0.010988727892949246,0.02447409791210188,-0.011758243775481979,-3.715355474561834,2.4346784913885866,-0.006612392838579062,0.020455177206393328,143900.0,-3.8895192644071432,-3.8796063473570452,0.020658956033885265,-0.009912917050098002,0.020671111073340406,-0.010446166448477396,-3.8826280349071025,2.0596625343003163,-0.00689122950004073
2016-06,2946.6,7.9884072422732535,7.9950969336802835,2966.377925049206,-0.006689691407030018,0.023673554648584373,124468.0,-3.7433966914638095,-3.7324410709733806,0.023934339048033222,-0.010955620490428863,0.023947394529268612,-0.011435059473779097,-3.735613727806727,2.3858523934963785,-0.007782963657082309,0.023673554648584373,124468.0,-3.7433966914638095,-3.7324410709733806,0.023934339048033222,-0.010955620490428863,0.023947394529268612,-0.011435059473779097,-3.735613727806727,2.3858523934963785,-0.007782963657082309,0.518585005279831,5682.0,-0.6566513201408795,-0.6512583180009142,0.5213892902838136,-0.005393002139965297,0.5214936871772922,-0.005577597522234858,-0.6529431999438114,52.051155053496714,-0.00370812019706801,0.023673554648584373,124468.0,-3.7433966914638095,-3.7324410709733806,0.023934339048033222,-0.010955620490428863,0.023947394529268612,-0.011435059473779097,-3.735613727806727,2.3858523934963785,-0.007782963657082309,0.02415899382619889,121967.0,-3.723098553049355,-3.7123226528548448,0.024420736455905156,-0.010775900194510246,0.024440376753085184,-0.011513035569338094,-3.7165657374636996,2.431733672694347,-0.006532815585655438,0.02044163250015609,144147.0,-3.8901816489222023,-3.880714842163509,0.020636068376183214,-0.00946680675869338,0.020647741574487503,-0.009982160692386903,-3.883667663473876,2.057522362976131,-0.006513985448326487
2016-07,2950.6,7.989763818483467,7.995398251824817,2967.271883217711,-0.005634433341350054,0.023644333325319934,124791.0,-3.744631798448943,-3.7335275071162357,0.023908350037292712,-0.011104291332707295,0.023920840312955625,-0.011559250595637893,-3.7366314995687446,2.3834253755865875,-0.008000298880198375,0.023644333325319934,124791.0,-3.744631798448943,-3.7335275071162357,0.023908350037292712,-0.011104291332707295,0.023920840312955625,-0.011559250595637893,-3.7366314995687446,2.3834253755865875,-0.008000298880198375,0.5185588752196837,5690.0,-0.65670170863691,-0.6519214086902407,0.5210436764992168,-0.004780299946669286,0.5211434954787008,-0.0049595174485348665,-0.6535518181056884,52.019485413521096,-0.0031498905312216108,0.023644333325319934,124791.0,-3.744631798448943,-3.7335275071162357,0.023908350037292712,-0.011104291332707295,0.023920840312955625,-0.011559250595637893,-3.7366314995687446,2.3834253755865875,-0.008000298880198375,0.02413953906946683,122231.0,-3.723904157551929,-3.7136661662022252,0.02438794890071467,-0.010237991349703712,0.024406655594068485,-0.010944413238927008,-3.7177635833498894,2.4288225743898435,-0.006140574202039506,0.02041655134237476,144520.0,-3.89140936677811,-3.8818233369699726,0.02061320607527432,-0.009586029808137386,0.020624372075634605,-0.010076463540209456,-3.884697293925853,2.0554049655510815,-0.006712072852256945
2016-08,2959.2,7.9926742405182445,7.99569956996935,2968.166110792619,-0.003025329451105563,0.023681367488536238,124959.0,-3.7430667219624287,-3.7346139432590904,0.023882389246620374,-0.008452778703338382,0.02389428609664264,-0.008910858740254159,-3.7376381589242667,2.3810272853665535,-0.005428563038162082,0.023681367488536238,124959.0,-3.7430667219624287,-3.7346139432590904,0.023882389246620374,-0.008452778703338382,0.02389428609664264,-0.008910858740254159,-3.7376381589242667,2.3810272853665535,-0.005428563038162082,0.5189757979656261,5702.0,-0.6558980289543731,-0.6525844993795673,0.520698291811938,-0.003313529574805796,0.5207933037801094,-0.003489879384567985,-0.6541551241213432,51.9881112101143,-0.0017429048330298569,0.023681367488536238,124959.0,-3.7430667219624287,-3.7346139432590904,0.023882389246620374,-0.008452778703338382,0.02389428609664264,-0.008910858740254159,-3.7376381589242667,2.3810272853665535,-0.005428563038162082,0.024181014406301837,122377.0,-3.722187482388373,-3.715009679549606,0.024355205366464218,-0.007177802838767011,0.02437293443505179,-0.00787430948297893,-3.7189493120271027,2.4259443565414673,-0.003238170361270498,0.02045610081500888,144661.0,-3.889474112622091,-3.8829318317764363,0.020590369103066285,-0.00654228084565478,0.020601002576781706,-0.00703372378275103,-3.885717132869865,2.0533098520422604,-0.0037569797522261084
2016-09,2965.9,7.994935806687827,7.996000888113883,2969.060607855119,-0.0010650814260566577,0.02368229836230507,125237.0,-3.7430274144573095,-3.7357003794019454,0.02385645664537353,-0.0073270350553640284,0.023867731880329653,-0.007769214056632123,-3.738633881789312,2.3786576220159943,-0.0043935326679975795,0.02368229836230507,125237.0,-3.7430274144573095,-3.7357003794019454,0.02385645664537353,-0.0073270350553640284,0.023867731880329653,-0.007769214056632123,-3.738633881789312,2.3786576220159943,-0.0043935326679975795,0.5190584529226462,5714.0,-0.6557387761028914,-0.6532475900688938,0.5203531360701155,-0.002491186033997672,0.520443112081518,-0.0026605389267883666,-0.6547532858497302,51.957023210410036,-0.000985490253161192,0.02368229836230507,125237.0,-3.7430274144573095,-3.7357003794019454,0.02385645664537353,-0.0073270350553640284,0.023867731880329653,-0.007769214056632123,-3.738633881789312,2.3786576220159943,-0.0043935326679975795,0.024183001206744725,122644.0,-3.722105322112026,-3.716353192896987,0.024322505794050802,-0.00575212921503887,0.02433921327603509,-0.006418123195632382,-3.7201232706830116,2.4230980692040713,-0.0019820514290143088,0.020459138976456712,144967.0,-3.889325602606317,-3.8840403265829,0.02056755743149794,-0.005285276023417218,0.020577633077928804,-0.005758393155488131,-3.886727438703428,2.0512364286928477,-0.002598163902889361
2016-10,2968.2,7.995710987461718,7.996302206258417,2969.9553744864256,-0.000591218796698989,0.02368761272405152,125306.0,-3.7428030373518064,-3.7367868155448005,0.02383055220294281,-0.006016221807005895,0.023841177664016666,-0.0064411641962183915,-3.739618885966959,2.3763157878686694,-0.0031841513848474,0.02368761272405152,125306.0,-3.7428030373518064,-3.7367868155448005,0.02383055220294281,-0.006016221807005895,0.023841177664016666,-0.0064411641962183915,-3.739618885966959,2.3763157878686694,-0.0031841513848474,0.5189160839160839,5720.0,-0.6560130969121257,-0.6539106807582203,0.5200082091219878,-0.0021024161539053843,0.5200929203829265,-0.002262742715236674,-0.6553464845981435,51.92621150890524,-0.00066661231398224,0.02368761272405152,125306.0,-3.7428030373518064,-3.7367868155448005,0.02383055220294281,-0.006016221807005895,0.023841177664016666,-0.0064411641962183915,-3.739618885966959,2.3763157878686694,-0.0031841513848474,0.024176916184735685,122770.0,-3.7223569777131678,-3.7176967062443675,0.024289850124450778,-0.0046602714688002145,0.024305492117018393,-0.005289995021029876,-3.7212858314911714,2.4202827071863497,-0.001071146221996333,0.020461172577809945,145065.0,-3.8892262093574557,-3.8851488213893637,0.020544771032539183,-0.004077387968091983,0.020554263579075905,-0.004529036076034636,-3.8877284988130993,2.0491840451796057,-0.0014977105443563232
2016-11,2975.0,7.99799931797973,7.99660352440295,2970.8504107677763,0.0013957935767798801,0.02372370456611537,125402.0,-3.7412805380373615,-3.737873251687655,0.023804675888752083,-0.003407286349706329,0.02381462344770368,-0.0038177753172526016,-3.7405934231610036,2.3740011078026964,-0.0006871148763578638,0.02372370456611537,125402.0,-3.7412805380373615,-3.737873251687655,0.023804675888752083,-0.003407286349706329,0.02381462344770368,-0.0038177753172526016,-3.7405934231610036,2.3740011078026964,-0.0006871148763578638,0.5192878338278932,5729.0,-0.6552969564288476,-0.6545737714475468,0.5196635108158943,-0.0007231849813007507,0.5197427286843351,-0.0008752308235141862,-0.6559349092779688,51.89566583231991,0.0006379528491212705,0.02372370456611537,125402.0,-3.7412805380373615,-3.737873251687655,0.023804675888752083,-0.003407286349706329,0.02381462344770368,-0.0038177753172526016,-3.7405934231610036,2.3740011078026964,-0.0006871148763578638,0.024205490374757947,122906.0,-3.721175796561737,-3.7190402195917485,0.02425723829871971,-0.002135576969988673,0.024271770958001697,-0.002730768321703347,-3.7224373819187453,2.4174972337144345,0.0012615853570081548,0.020491379844747665,145183.0,-3.8877509766489102,-3.886257316195827,0.020522009878190996,-0.0014936604530833009,0.020530894080223003,-0.0019246232200574901,-3.888720620633,2.047152013153725,0.0009696439840896076
2016-12,2959.6,7.992809403051396,7.996904842547483,2971.745716780434,-0.004095439496087039,0.023560130235075902,125619.0,-3.7481993924094494,-3.7389596878305102,0.023778827672258387,-0.00923970457893919,0.023788069231390693,-0.009582072176501135,-3.741557769644311,2.371712851696216,-0.006641622765138244,0.023560130235075902,125619.0,-3.7481993924094494,-3.7389596878305102,0.023778827672258387,-0.00923970457893919,0.023788069231390693,-0.009582072176501135,-3.741557769644311,2.371712851696216,-0.006641622765138244,0.5182279810891263,5711.0,-0.657340015613467,-0.6552368621368734,0.519319041000275,-0.002103153476593622,0.5193925369857437,-0.0022421498456174837,-0.6565187539442057,51.86537566785881,-0.0008212616692613306,0.023560130235075902,125619.0,-3.7481993924094494,-3.7389596878305102,0.023778827672258387,-0.00923970457893919,0.023788069231390693,-0.009582072176501135,-3.741557769644311,2.371712851696216,-0.006641622765138244,0.024041460878606705,123104.0,-3.727975402500626,-3.7203837329391294,0.02422467025799234,-0.0075916695614965946,0.024238049798985,-0.008110756517487138,-3.723578317697914,2.414740597495928,-0.004397084802711948,0.020353763204225352,145408.0,-3.894489460149318,-3.8873658110022906,0.020499273940485344,-0.007123649147027233,0.020507524581370104,-0.007497802893501588,-3.8897041231536575,2.045139623745858,-0.004785336995660305
2017-01,2968.3,7.995744677346333,7.997206160692016,2972.6412926056864,-0.001461483345683412,0.023594076641204387,125807.0,-3.746759588233254,-3.740046123973365,0.023753007522951966,-0.006713464259889168,0.023761515015077707,-0.007046620291975206,-3.7425122069915595,2.369450280286693,-0.004247381241694548,0.023594076641204387,125807.0,-3.746759588233254,-3.740046123973365,0.023753007522951966,-0.006713464259889168,0.023761515015077707,-0.007046620291975206,-3.7425122069915595,2.369450280286693,-0.004247381241694548,0.5181183452609531,5729.0,-0.6575515970622444,-0.6558999528262,0.51897479952367,-0.0016516442360444694,0.5190423452871522,-0.001780201624374,-0.6570982077293778,51.835330785259835,-0.0004533893328666494,0.023594076641204387,125807.0,-3.746759588233254,-3.740046123973365,0.023753007522951966,-0.006713464259889168,0.023761515015077707,-0.007046620291975206,-3.7425122069915595,2.369450280286693,-0.004247381241694548,0.02407146100947191,123312.0,-3.726728330671441,-3.72172724628651,0.024192145943482443,-0.005001084384931076,0.024204328639968305,-0.005489416065727613,-3.7247090248264034,2.4120117761285056,-0.002019305845037511,0.020382756063394403,145628.0,-3.893066026601943,-3.8884743058087543,0.020476563191485206,-0.004591720793188703,0.020484155082517205,-0.0049501196761268665,-3.89067931788378,2.0431461865151377,-0.002386708718162822
2017-02,2971.4,7.996788501203253,7.99750747883655,2973.537138324844,-0.0007189776332969799,0.02359021586389222,125959.0,-3.746923234951931,-3.74113256011622,0.023727215410356148,-0.005790674835711052,0.02373496079876472,-0.0060983852511791075,-3.743457068024514,2.3672125363923118,-0.0034661669274171913,0.02359021586389222,125959.0,-3.746923234951931,-3.74113256011622,0.023727215410356148,-0.005790674835711052,0.02373496079876472,-0.0060983852511791075,-3.743457068024514,2.3672125363923118,-0.0034661669274171913,0.5175753353074377,5741.0,-0.6586001889643843,-0.6565630435155265,0.5186307862347201,-0.0020371454488578022,0.5186921535885608,-0.0021531428100394516,-0.6576734661029043,51.805520652267475,-0.0009267228614799894,0.02359021586389222,125959.0,-3.746923234951931,-3.74113256011622,0.023727215410356148,-0.005790674835711052,0.02373496079876472,-0.0060983852511791075,-3.743457068024514,2.3672125363923118,-0.0034661669274171913,0.024056023316062176,123520.0,-3.7273698640553508,-3.723070759633891,0.02415966529648268,-0.004299104421459976,0.024170607480951605,-0.004740640671928953,-3.7258299232300627,2.4093096706548054,-0.0015399408252880775,0.02037354469783196,145846.0,-3.893518048279438,-3.889582800615218,0.020453877603284498,-0.003935247664220043,0.020460785583664303,-0.004263809201050233,-3.891646553255971,2.04117093867177,-0.0018714950234670624
2017-03,2973.5,7.997494989146649,7.997808796981084,2974.4332540192468,-0.0003138078344351314,0.023590406753036565,126047.0,-3.7469151431068575,-3.7422189962590746,0.0237014513040274,-0.004696146847782856,0.023708406582451734,-0.004977130327371265,-3.7443927183379446,2.3649986890956454,-0.0025224247689128454,0.023590406753036565,126047.0,-3.7469151431068575,-3.7422189962590746,0.0237014513040274,-0.004696146847782856,0.023708406582451734,-0.004977130327371265,-3.7443927183379446,2.3649986890956454,-0.0025224247689128454,0.5173103688239388,5748.0,-0.6591122580522671,-0.657226134204853,0.5182870009821664,-0.0018861238474141562,0.5183419618899694,-0.0019901785729815238,-0.658244728032579,51.77593458207422,-0.0008675300196880897,0.023590406753036565,126047.0,-3.7469151431068575,-3.7422189962590746,0.0237014513040274,-0.004696146847782856,0.023708406582451734,-0.004977130327371265,-3.7443927183379446,2.3649986890956454,-0.0025224247689128454,0.02404946579209162,123641.0,-3.7276424950641083,-3.7244142729812717,0.024127228258364577,-0.0032282220828365737,0.02413688632193491,-0.0036218644226634683,-3.7269414484158045,2.4066331500612135,-0.000701046648303727,0.02037062410084264,145970.0,-3.8936614109779755,-3.8906912954216817,0.020431217148008062,-0.002970115556293784,0.020437416084811404,-0.003268122726062341,-3.892606196118796,2.039213083119972,-0.0010552148591793653
2017-04,2975.2,7.99806654261086,7.998110115125617,2975.3296397702493,-4.357251475717305e-05,0.023570981516839243,126223.0,-3.747738920269,-3.7433054324019297,0.0236757151735552,-0.004433487867070429,0.02368185236613875,-0.004681679776791268,-3.745319550271737,2.362807748261018,-0.002419369997263221,0.023570981516839243,126223.0,-3.747738920269,-3.7433054324019297,0.0236757151735552,-0.004433487867070429,0.02368185236613875,-0.004681679776791268,-3.745319550271737,2.362807748261018,-0.002419369997263221,0.5171562662958457,5753.0,-0.6594101942524332,-0.6578892248941796,0.5179434436148501,-0.0015209693582536321,0.517991770191378,-0.0016129675095487399,-0.658812199636835,51.74656154438573,-0.0005979946155981741,0.023570981516839243,126223.0,-3.747738920269,-3.7433054324019297,0.0236757151735552,-0.004433487867070429,0.02368185236613875,-0.004681679776791268,-3.745319550271737,2.362807748261018,-0.002419369997263221,0.02402454780361757,123840.0,-3.728679146212694,-3.725757786328652,0.02409483477057837,-0.002921359884041852,0.02410316516291821,-0.003261702717018704,-3.7280440477728005,2.4039810602623684,-0.0006350984398935111,0.020353685650761073,146175.0,-3.894493270433011,-3.8917997902281454,0.020408581797811617,-0.002693480204865484,0.020414046585958502,-0.0029568334207166536,-3.8935586277613696,2.037271796671728,-0.0009346426716412282
2017-05,2981.2,8.00008118300754,7.99841143327015,2976.22629565924,0.0016697497373892034,0.023585816231269482,126398.0,-3.7471097547773637,-3.744391868544785,0.023650006988562088,-0.0027178862325789588,0.023655298149825765,-0.002937266658665835,-3.746237975628929,2.3606386819260754,-0.0008717791484347259,0.023585816231269482,126398.0,-3.7471097547773637,-3.744391868544785,0.023650006988562088,-0.0027178862325789588,0.023655298149825765,-0.002937266658665835,-3.746237975628929,2.3606386819260754,-0.0008717791484347259,0.5171205550737207,5765.0,-0.6594792496956208,-0.658552315583506,0.5176001139817128,-0.0009269341121147523,0.5176415784927866,-0.001006533170273846,-0.6593760937280098,51.71739018964251,-0.00010315596761101276,0.023585816231269482,126398.0,-3.7471097547773637,-3.744391868544785,0.023650006988562088,-0.0027178862325789588,0.023655298149825765,-0.002937266658665835,-3.746237975628929,2.3606386819260754,-0.0008717791484347259,0.02403553892915595,124033.0,-3.728221755205844,-3.727101299676033,0.02406248477465287,-0.001120455529810993,0.024069444003901513,-0.0014086355605085366,-3.729138174099532,2.4013522396885203,0.0009164188936878759,0.020366170241836314,146380.0,-3.8938800761476795,-3.8929082850346086,0.020385971524881738,-0.0009717911130708856,0.020390677087105603,-0.0012018652036222203,-3.894504237614895,2.035346242941259,0.0006241614672153339
2017-06,2981.9,8.000315960221812,7.998712751414684,2977.1232217676284,0.0016032088071282757,0.023562273811969594,126554.0,-3.7481084133119897,-3.7454783046876394,0.023624326718703577,-0.0026301086243503136,0.023628743933512778,-0.002813104316091442,-3.7471484248805385,2.3584904182956974,-0.0009599884314512863,0.023562273811969594,126554.0,-3.7481084133119897,-3.7454783046876394,0.023624326718703577,-0.0026301086243503136,0.023628743933512778,-0.002813104316091442,-3.7471484248805385,2.3584904182956974,-0.0009599884314512863,0.5168833420003467,5769.0,-0.6599380740350778,-0.6592154062728326,0.5172570119317961,-0.000722667762245166,0.5172913867941952,-0.0007888103383612383,-0.6599366277325968,51.68840895705472,-1.4463024810007497e-06,0.023562273811969594,126554.0,-3.7481084133119897,-3.7454783046876394,0.023624326718703577,-0.0026301086243503136,0.023628743933512778,-0.002813104316091442,-3.7471484248805385,2.3584904182956974,-0.0009599884314512863,0.024004411421395394,124223.0,-3.7295176563002292,-3.7284448130234136,0.02403017821219544,-0.0010728432768156715,0.024035722844884817,-0.0013027036337326877,-3.730224285094932,2.3987455204666195,0.000706628794702624,0.02034274097269124,146583.0,-3.895031139687968,-3.8940167798410723,0.02036338630143579,-0.001014359846895907,0.020367307588252705,-0.0012061788459281886,-3.895443422322325,2.0334355742514156,0.00041228263435666435
2017-07,2981.7,8.00024888664207,7.999014069559217,2978.0204181768486,0.0012348170828522242,0.023527230261808196,126734.0,-3.7495967941017194,-3.7465647408304945,0.023598674333668104,-0.0030320532712249104,0.02360218971719979,-0.0031759534301586292,-3.7480513352242735,2.3563618739883614,-0.0015454588774459488,0.023527230261808196,126734.0,-3.7495967941017194,-3.7465647408304945,0.023598674333668104,-0.0030320532712249104,0.02360218971719979,-0.0031759534301586292,-3.7480513352242735,2.3563618739883614,-0.0015454588774459488,0.5163116883116883,5775.0,-0.6610446487479248,-0.6598784969621592,0.5169141373142416,-0.0011661517857656234,0.5169411950956038,-0.0012177531794483282,-0.6604940198730461,51.65960627209055,-0.000550628874878667,0.023527230261808196,126734.0,-3.7495967941017194,-3.7465647408304945,0.023598674333668104,-0.0030320532712249104,0.02360218971719979,-0.0031759534301586292,-3.7480513352242735,2.3563618739883614,-0.0015454588774459488,0.023969034871943278,124398.0,-3.7309924953454896,-3.7297883263707945,0.0239979150248918,-0.0012041689746951079,0.02400200168586812,-0.0013735026918297911,-3.7313028313868,2.3961597570638093,0.00031033604131058823,0.020315182732401273,146772.0,-3.896386754633294,-3.895125274647536,0.020340826099721942,-0.001261479985758207,0.020343938089399802,-0.0014134607012745856,-3.8963765737105525,2.031538956076,-1.0180922741742648e-05
2017-08,2982.7,8.000584209561179,7.99931538770375,2978.91788496836,0.0012688218574288257,0.02352305617552189,126799.0,-3.749774224957654,-3.747651176973349,0.023573049803177065,-0.002123047984304627,0.023575635500886805,-0.002230240001926493,-3.7489471512651615,2.354251952415399,-0.0008270736924922417,0.02352305617552189,126799.0,-3.749774224957654,-3.747651176973349,0.023573049803177065,-0.002123047984304627,0.023575635500886805,-0.002230240001926493,-3.7489471512651615,2.354251952415399,-0.0008270736924922417,0.5163060411978535,5777.0,-0.661055586220086,-0.6605415876514857,0.5165714899782913,-0.000513998568600238,0.5165910033970122,-0.0005516205223956343,-0.6610484883829678,51.63097058670426,-7.09783711816403e-06,0.02352305617552189,126799.0,-3.749774224957654,-3.747651176973349,0.023573049803177065,-0.002123047984304627,0.023575635500886805,-0.002230240001926493,-3.7489471512651615,2.354251952415399,-0.0008270736924922417,0.02393647328844626,124609.0,-3.732351904305414,-3.7311318397181754,0.02396569515450598,-0.0012200645872386673,0.023968280526851425,-0.001327055496097523,-3.732374258150555,2.3935938222209567,2.235384514071015e-05,0.020301662821010216,146919.0,-3.8970524839239946,-3.8962337694539997,0.0203182908920191,-0.00081871446999493,0.0203205685905469,-0.000930376010515716,-3.897304080425277,2.029655563617609,0.0002515965012825916
2017-09,2985.3,8.001455523289227,7.999616705848283,2979.8156222236453,0.0018388174409436076,0.023530941852491192,126867.0,-3.749439049313772,-3.7487376131162042,0.023547453096984684,-0.0007014361975676842,0.02354908128457382,-0.0007702819427826036,-3.749836329533066,2.352159533146873,0.0003972802192939717,0.023530941852491192,126867.0,-3.749439049313772,-3.7487376131162042,0.023547453096984684,-0.0007014361975676842,0.02354908128457382,-0.0007702819427826036,-3.749836329533066,2.352159533146873,0.0003972802192939717,0.5164878892733564,5780.0,-0.660703438377197,-0.6612046783408122,0.5162290697732866,0.0005012399636151743,0.5162408116984208,0.00047860914777873495,-0.6616002557446512,51.602490160289925,0.0008968173674541724,0.023530941852491192,126867.0,-3.749439049313772,-3.7487376131162042,0.023547453096984684,-0.0007014361975676842,0.02354908128457382,-0.0007702819427826036,-3.749836329533066,2.352159533146873,0.0003972802192939717,0.023944656105875275,124675.0,-3.732010107125097,-3.732475353065556,0.02393351854288022,0.00046524594045882495,0.023934559367834726,0.0004218476674410294,-3.733439008167044,2.3910465994776544,0.0014289010419470394,0.020307058119286025,147008.0,-3.896786762759544,-3.8973422642604634,0.020295780650636887,0.0005555015009193198,0.020297199091694,0.00048573340328803634,-3.898226331190755,2.0277845751133103,0.001439568431210958
2017-10,2988.7,8.002593789230673,7.999918023992817,2980.7136300242128,0.002675765237856176,0.023537704272494585,126975.0,-3.749151706438773,-3.749824049259059,0.023521884184878078,0.0006723428202857207,0.023522527068260832,0.0006452199710392433,-3.750719332939591,2.3500834849801056,0.0015676265008179868,0.023537704272494585,126975.0,-3.749151706438773,-3.749824049259059,0.023521884184878078,0.0006723428202857207,0.023522527068260832,0.0006452199710392433,-3.750719332939591,2.3500834849801056,0.0015676265008179868,0.5159157604004833,5793.0,-0.6618117818659517,-0.6618677690301388,0.515886876548669,5.5987164187087934e-05,0.5158906199998294,4.873203675195881e-05,-0.662149544495153,51.574153276225296,0.0003377626292012659,0.023537704272494585,126975.0,-3.749151706438773,-3.749824049259059,0.023521884184878078,0.0006723428202857207,0.023522527068260832,0.0006452199710392433,-3.750719332939591,2.3500834849801056,0.0015676265008179868,0.02395021957239478,124788.0,-3.7317777872175606,-3.733818866412937,0.023901385131934797,0.0020410791953762164,0.02390083820881803,0.0020660933790401883,-3.7344975240446336,2.388516977746628,0.0027197368270730493,0.020310705475402483,147149.0,-3.8966071686212427,-3.898450759066927,0.020273295347915596,0.0018435904456843843,0.020273829592841103,0.0018188908214164718,-3.8991437127899107,2.0259251758767762,0.002536544168667998
2017-11,2988.7,8.002593789230673,8.000219342137349,2981.611908451592,0.002374447093323795,0.023506972573756692,127141.0,-3.750458196574084,-3.750910485401914,0.02349634303667712,0.0004522888278297721,0.023495972851947846,0.0004681534949907197,-3.751596621330908,2.3480226881088644,0.0011384247568240191,0.023506972573756692,127141.0,-3.750458196574084,-3.750910485401914,0.02349634303667712,0.0004522888278297721,0.023495972851947846,0.0004681534949907197,-3.751596621330908,2.3480226881088644,0.0011384247568240191,0.5150267103222471,5803.0,-0.6635365149599357,-0.6625308597194653,0.51554491015398,-0.00100565524047036,0.515540428301238,-0.0009964649730452174,-0.6626965702516427,51.54594860105925,-0.0008399447082929612,0.023506972573756692,127141.0,-3.750458196574084,-3.750910485401914,0.02349634303667712,0.0004522888278297721,0.023495972851947846,0.0004681534949907197,-3.751596621330908,2.3480226881088644,0.0011384247568240191,0.023910939012584703,124993.0,-3.733419225485707,-3.7351623797603173,0.02386929486366802,0.001743154274610248,0.02386711704980133,0.0018360811107572825,-3.7355502373662173,2.386003877124663,0.0021310118805102363,0.020279971772114106,147372.0,-3.8981214921677116,-3.8995592538733908,0.020250834956226167,0.001437761705679108,0.0202504600939882,0.001457333709403805,-3.9000566008978876,2.02407657678651,0.001935108730175994
2017-12,2988.5,8.002526868264308,8.000520660281882,2982.5104575873456,0.0020062079824256784,0.023487664751605273,127237.0,-3.751279899829463,-3.7519969215447686,0.023470829622234502,0.0007170217153054104,0.02346941863563486,0.0007774421792753454,-3.7524686424573055,2.345976055202831,0.0011887426278422986,0.023487664751605273,127237.0,-3.751279899829463,-3.7519969215447686,0.023470829622234502,0.0007170217153054104,0.02346941863563486,0.0007774421792753454,-3.7524686424573055,2.345976055202831,0.0011887426278422986,0.5148148148148148,5805.0,-0.663948025867683,-0.6631939504087918,0.5152031704388604,-0.000754075458891168,0.5151902366026466,-0.0007287051678375267,-0.6632415460250971,51.51786496099876,-0.000706479842585872,0.023487664751605273,127237.0,-3.751279899829463,-3.7519969215447686,0.023470829622234502,0.0007170217153054104,0.02346941863563486,0.0007774421792753454,-3.7524686424573055,2.345976055202831,0.0011887426278422986,0.023881443834456086,125139.0,-3.734653530206093,-3.736505893107698,0.02383724768015601,0.0018523629016051757,0.023833395890784634,0.002015992345011588,-3.736597558729066,2.383506272417992,0.0019440285229728183,0.020257858096703565,147523.0,-3.8992125065449303,-3.900667748679854,0.02022839944797016,0.001455242134923651,0.020227090595135302,0.0015211036616241446,-3.9009653516177303,2.022238031256652,0.0017528450727999356
2018-01,2988.9,8.00266070571892,8.000821978426416,2983.4092775130525,0.0018387272925046716,0.023471439116709333,127342.0,-3.751970953712738,-3.7530833576876237,0.023445343911435605,0.0011124039748855452,0.023442864419321873,0.001218908102540091,-3.7533358352849304,2.343942523453492,0.001364881572192278,0.023471439116709333,127342.0,-3.751970953712738,-3.7530833576876237,0.023445343911435605,0.0011124039748855452,0.023442864419321873,0.001218908102540091,-3.7533358352849304,2.343942523453492,0.001364881572192278,0.5145291788603891,5809.0,-0.6645030122736122,-0.6638570410981184,0.5148616572530511,-0.0006459711754938091,0.5148400449040552,-0.0006038109248554656,-0.6637846913075476,51.48989087336785,-0.0007183209660646117,0.023471439116709333,127342.0,-3.751970953712738,-3.7530833576876237,0.023445343911435605,0.0011124039748855452,0.023442864419321873,0.001218908102540091,-3.7533358352849304,2.343942523453492,0.001364881572192278,0.023856616062449116,125286.0,-3.7356936970791965,-3.737849406455079,0.023805243523552715,0.0021557093758826085,0.023799674731767938,0.0023925255837707986,-3.737639882287459,2.3810231819953063,0.0019461852082622855,0.020241771637545713,147660.0,-3.9000069068942365,-3.9017762434863177,0.02020598879557968,0.0017693365920812276,0.0202037210962824,0.0018833432258335194,-3.9018703061210886,2.0204088256421677,0.0018633992268521915
2018-02,2995.3,8.004799672478084,8.001123296570949,2984.308368310319,0.00367637590713521,0.023471930539447704,127612.0,-3.7519500168800404,-3.7541697938304788,0.023419885874198545,0.0022197769504384013,0.023416310203008887,0.0023752818422976864,-3.7541986296075334,2.341921055332758,0.0022486127274929935,0.023471930539447704,127612.0,-3.7519500168800404,-3.7541697938304788,0.023419885874198545,0.0022197769504384013,0.023416310203008887,0.0023752818422976864,-3.7541986296075334,2.341921055332758,0.0022486127274929935,0.515187478500172,5814.0,-0.6632244086407368,-0.664520131787445,0.5145203704463923,0.0012957231467081165,0.5144898532054637,0.0013559554000177594,-0.664326231042259,51.46201460026,0.0011018224015221234,0.023471930539447704,127612.0,-3.7519500168800404,-3.7541697938304788,0.023419885874198545,0.0022197769504384013,0.023416310203008887,0.0023752818422976864,-3.7541986296075334,2.341921055332758,0.0022486127274929935,0.023841286265769892,125635.0,-3.7363364841393722,-3.7391929198024596,0.023773282336089725,0.0028564356630873533,0.02376595357275124,0.0031697736338685218,-3.7386775871954545,2.3785536640903278,0.002341103056082261,0.02023113188431248,148054.0,-3.900532678586034,-3.9028847382927814,0.020183602971517407,0.0023520597067472337,0.0201803515974295,0.0025163231987220505,-3.9027717920545744,2.0185882762290976,0.0022391134685402214
2018-03,3000.3,8.00646756265058,8.001424614715482,2985.2077300607757,0.005042947935097075,0.023477260634135654,127796.0,-3.7517229588806322,-3.7552562299733334,0.023394455480474103,0.0035332710927011846,0.0233897559866959,0.0037411526434703263,-3.75505744468737,2.3399106416250235,0.003334485806737675,0.023477260634135654,127796.0,-3.7517229588806322,-3.7552562299733334,0.023394455480474103,0.0035332710927011846,0.0233897559866959,0.0037411526434703263,-3.75505744468737,2.3399106416250235,0.003334485806737675,0.5158700137551582,5816.0,-0.6619004565627753,-0.6651832224767715,0.5141793098688239,0.003282765913996233,0.5141396615068723,0.003365529597958771,-0.6648663957150959,51.4342241443669,0.0029659391523205736,0.023477260634135654,127796.0,-3.7517229588806322,-3.7552562299733334,0.023394455480474103,0.0035332710927011846,0.0233897559866959,0.0037411526434703263,-3.75505744468737,2.3399106416250235,0.003334485806737675,0.023839717765965055,125853.0,-3.736402275531028,-3.7405364331498405,0.023741364060076174,0.004134157618812306,0.023732232413734546,0.004529087291775577,-3.73971103759025,2.3760968166007994,0.0033087620592215927,0.02023401672511465,148280.0,-3.9003900946140884,-3.903993233099245,0.020161241948276516,0.0036031384851566983,0.020156982098576602,0.0038217341346692526,-3.9036701226867168,2.016775730801311,0.0032800280726283937
2018-04,3001.4,8.00683412546189,8.001725932860015,2986.107362846078,0.0051081926018738955,0.02346842232838902,127891.0,-3.7520994921545485,-3.7563426661161885,0.023369052700245654,0.004243173961639979,0.023363201770382914,0.004503687424362029,-3.755912682436289,2.337910317213606,0.0038131902817406527,0.02346842232838902,127891.0,-3.7520994921545485,-3.7563426661161885,0.023369052700245654,0.004243173961639979,0.023363201770382914,0.004503687424362029,-3.755912682436289,2.337910317213606,0.0038131902817406527,0.5153502747252747,5824.0,-0.6629084644146327,-0.665846313166098,0.5138384753703853,0.0029378487514652996,0.5137894698082809,0.0030378297118005375,-0.6654054073102071,51.40650797150784,0.00249694289557445,0.02346842232838902,127891.0,-3.7520994921545485,-3.7563426661161885,0.023369052700245654,0.004243173961639979,0.023363201770382914,0.004503687424362029,-3.755912682436289,2.337910317213606,0.0038131902817406527,0.0238251730488347,125976.0,-3.737012566138356,-3.741879946497221,0.023709488637898686,0.0048673803588648035,0.023698511254717846,0.005344715233605095,-3.740740579544975,2.373651784087366,0.0037280134066186577,0.02022234200242555,148420.0,-3.900967246062235,-3.9051017279057088,0.020138905698380654,0.0041344818434736474,0.0201336125997237,0.004407028408953686,-3.904565594008936,2.014970574324584,0.003598347946700997
2018-05,3004.1,8.00773330127803,8.002027251004549,2987.007266747906,0.005706050273481367,0.02344773218648288,128119.0,-3.752981497231963,-3.757429102259043,0.023343677503529208,0.004447605027080304,0.023336647554069927,0.0047600938461951235,-3.7567647190370823,2.3359191804351327,0.0037832218051194744,0.02344773218648288,128119.0,-3.752981497231963,-3.757429102259043,0.023343677503529208,0.004447605027080304,0.023336647554069927,0.0047600938461951235,-3.7567647190370823,2.3359191804351327,0.0037832218051194744,0.5148414738646101,5835.0,-0.6638962434426265,-0.6665094038554246,0.513497866801215,0.0026131604127980212,0.5134392781096895,0.002730986534733053,-0.6659434649264084,51.378855748283236,0.0020472214837818914,0.02344773218648288,128119.0,-3.752981497231963,-3.757429102259043,0.023343677503529208,0.004447605027080304,0.023336647554069927,0.0047600938461951235,-3.7567647190370823,2.3359191804351327,0.0037832218051194744,0.02378674985945381,126293.0,-3.7386265819299926,-3.743223459844602,0.0236776560120212,0.004596877914609276,0.02366479009570115,0.005153638095222928,-3.741766533602188,2.3712177752132098,0.0031399516721952736,0.020196716462061826,148742.0,-3.902235239170964,-3.9062102227121724,0.020116594194383917,0.003974983541208399,0.0201102431008708,0.004299965980385423,-3.905458476703794,2.0131722449361917,0.0032232375328300478
2018-06,3007.6,8.008897697503873,8.002328569149082,2987.907441847965,0.006569128354790621,0.02344522224474205,128282.0,-3.7530885470766,-3.7585155384018982,0.023318329860373296,0.005426991325298225,0.02331009333775694,0.005797012694334982,-3.757613901249776,2.333936401406309,0.0045253541731757885,0.02344522224474205,128282.0,-3.7530885470766,-3.7585155384018982,0.023318329860373296,0.005426991325298225,0.02331009333775694,0.005797012694334982,-3.757613901249776,2.333936401406309,0.0045253541731757885,0.5146475017111567,5844.0,-0.6642730753667183,-0.667172494544751,0.5131574840115514,0.002899419178032714,0.5130890864110981,0.0030373191348879876,-0.6664807483959806,51.35125815293393,0.0022076730292622804,0.02344522224474205,128282.0,-3.7530885470766,-3.7585155384018982,0.023318329860373296,0.005426991325298225,0.02331009333775694,0.005797012694334982,-3.757613901249776,2.333936401406309,0.0045253541731757885,0.02377962965891301,126478.0,-3.738925961477735,-3.744566973191983,0.02364586612498493,0.005641011714248023,0.02363106893668445,0.006286669580060241,-3.742789191538911,2.3687940700575774,0.0038632300611762815,0.0201906552094522,148960.0,-3.902535395007022,-3.9073187175186357,0.020094307408870804,0.004783322511613619,0.0200868736020179,0.005166638148401338,-3.9063490136888204,2.011380238637221,0.003813618681798303
2018-07,3001.2,8.006767487671574,8.002629887293615,2988.807888227983,0.004137600377958961,0.023392779198104383,128296.0,-3.755327885517071,-3.7596019745447533,0.023293009740858996,0.004274089027682226,0.023283539121443955,0.004691729899421467,-3.7584605466428713,2.3319612211608938,0.00313266112580024,0.023392779198104383,128296.0,-3.755327885517071,-3.7596019745447533,0.023293009740858996,0.004274089027682226,0.023283539121443955,0.004691729899421467,-3.7584605466428713,2.3319612211608938,0.00313266112580024,0.5148739063304169,5829.0,-0.6638332503739761,-0.6678355852340776,0.5128173268517314,0.004002334860101486,0.5127388947125067,0.0041639353673516245,-0.6670174217547425,51.323706694472506,0.003184171380766432,0.023392779198104383,128296.0,-3.755327885517071,-3.7596019745447533,0.023293009740858996,0.004274089027682226,0.023283539121443955,0.004691729899421467,-3.7584605466428713,2.3319612211608938,0.00313266112580024,0.023709157555457244,126584.0,-3.7418939107272453,-3.7459104865393633,0.02361411891940824,0.004016575812118006,0.023597347777667754,0.0047382349424584655,-3.7438088209041456,2.366380008996474,0.001914910176900264,0.020139578580056366,149020.0,-3.905068316436145,-3.9084272123250994,0.02007204531445617,0.0033588958889545495,0.020063504103165,0.003791684468485487,-3.9072374230108857,2.0095941032101585,0.0021691065747408977
2018-08,2994.9,8.004666121010489,8.002931205438149,2989.708605969715,0.0017349155723405119,0.023305707949107038,128505.0,-3.759056972055765,-3.760688410687608,0.02326771711509988,0.0016314386318430074,0.023256984905130968,0.0020949854065270743,-3.759304937867013,2.329992964676904,0.0002479658112481964,0.023305707949107038,128505.0,-3.759056972055765,-3.760688410687608,0.02326771711509988,0.0016314386318430074,0.023256984905130968,0.0020949854065270743,-3.759304937867013,2.329992964676904,0.0002479658112481964,0.5137931034482759,5829.0,-0.6659346170350605,-0.6684986759234042,0.5124773951721919,0.0025640588883436566,0.5123887030139151,0.002740888755157824,-0.6675536320039992,51.29619377392729,0.0016190149689386812,0.023305707949107038,128505.0,-3.759056972055765,-3.760688410687608,0.02326771711509988,0.0016314386318430074,0.023256984905130968,0.0020949854065270743,-3.759304937867013,2.329992964676904,0.0002479658112481964,0.023617408858992658,126809.0,-3.745771175373941,-3.7472539998867442,0.023582414337986506,0.001482824512803127,0.023563626618651058,0.0022824262670598366,-3.7448256594380176,2.363975005574842,-0.0009455159359235132,0.020062702224723165,149277.0,-3.9088927984057222,-3.909535707131563,0.020049807883785235,0.0006429087258408295,0.0200401346043121,0.0011261211991164953,-3.90812389329079,2.007813447128947,-0.0007689051149322168
2018-09,2993.8,8.004298762481135,8.003232523582682,2990.6095951549387,0.0010662388984528093,0.023291710429066016,128535.0,-3.7596577572901935,-3.761774846830463,0.023242451953241938,0.0021170895402695677,0.02323043068881798,0.00263790805555452,-3.760147333401077,2.328031015493697,0.0004895761108834051,0.023291710429066016,128535.0,-3.7596577572901935,-3.761774846830463,0.023242451953241938,0.0021170895402695677,0.02323043068881798,0.00263790805555452,-3.760147333401077,2.328031015493697,0.0004895761108834051,0.5128126070572114,5838.0,-0.6678447889329245,-0.6691617666127307,0.5121376888234686,0.0013169776798062083,0.5120385113153237,0.0015117920327890897,-0.6680895015758316,51.268713068227626,0.0002447126429070412,0.023291710429066016,128535.0,-3.7596577572901935,-3.761774846830463,0.023242451953241938,0.0021170895402695677,0.02323043068881798,0.00263790805555452,-3.760147333401077,2.328031015493697,0.0004895761108834051,0.02359477948362284,126884.0,-3.746729799741808,-3.748597513234125,0.02355075232349206,0.001867713492317069,0.023529905459634362,0.0027570881701912903,-3.7458399301051113,2.3615785106216607,-0.000889869636696794,0.020044456942380055,149358.0,-3.9098026251788274,-3.9106442019380268,0.020027595089533515,0.0008415767591993806,0.0200167651054592,0.001383432176725845,-3.909008596412399,2.006037913830398,-0.0007940287664283119
2018-10,2993.4,8.004165144095047,8.003533841727217,2991.510855865463,0.0006313023678305996,0.02326488738283618,128666.0,-3.7608100343232382,-3.7628612829733177,0.023217214225463616,0.0020512486500794402,0.023203876472504995,0.0026293412828446755,-3.7609879898106207,2.326074763681925,0.00017795548738241962,0.02326488738283618,128666.0,-3.7608100343232382,-3.7628612829733177,0.023217214225463616,0.0020512486500794402,0.023203876472504995,0.0026293412828446755,-3.7609879898106207,2.326074763681925,0.00017795548738241962,0.5124807395993837,5841.0,-0.6684921499452627,-0.6698248573020572,0.511798207656196,0.0013327073567944714,0.5116883196167323,0.0015486380131656723,-0.6686251404099212,51.241258907948094,0.00013299046465842235,0.02326488738283618,128666.0,-3.7608100343232382,-3.7628612829733177,0.023217214225463616,0.0020512486500794402,0.023203876472504995,0.0026293412828446755,-3.7609879898106207,2.326074763681925,0.00017795548738241962,0.023561173729614006,127048.0,-3.748155102695436,-3.7499410265815056,0.023519132818774085,0.0017859238860697957,0.023496184300617666,0.002765956725774892,-3.746851863165658,2.35918995998219,-0.0013032395297778443,0.020019126980411566,149527.0,-3.9110671134179413,-3.9117526967444904,0.020005406904406796,0.0006855833265491107,0.019993395606606297,0.0012869936808916434,-3.9098917101924875,2.004267136119498,-0.0011754032254538416
2018-11,2993.5,8.004198550365407,8.00383515987175,2992.4123881831047,0.00036339049365707865,0.02324940196961695,128756.0,-3.7614758690164867,-3.7639477191161728,0.023192003901975705,0.0024718500996860904,0.02317732225619201,0.0031099241158319387,-3.7618271598836093,2.3241236101420397,0.00035129086712260005,0.02324940196961695,128756.0,-3.7614758690164867,-3.7639477191161728,0.023192003901975705,0.0024718500996860904,0.02317732225619201,0.0031099241158319387,-3.7618271598836093,2.3241236101420397,0.00035129086712260005,0.5126734029799623,5839.0,-0.6681162779181309,-0.6704879479913838,0.511458951521108,0.002371670073252896,0.5113381279181409,0.0026113348270308673,-0.6691606565577345,51.213825732478426,0.0010443786396036048,0.02324940196961695,128756.0,-3.7614758690164867,-3.7639477191161728,0.023192003901975705,0.0024718500996860904,0.02317732225619201,0.0031099241158319387,-3.7618271598836093,2.3241236101420397,0.00035129086712260005,0.023544170389479646,127144.0,-3.748877031011249,-3.7512845399288866,0.023487555766758452,0.002407508917637635,0.023462463141600966,0.0034824667548994767,-3.7478616957461672,2.356808775598129,-0.001015335265081685,0.020007753129657725,149617.0,-3.911635424064621,-3.912861191550954,0.019983243301141106,0.0012257674863329626,0.0199700261077534,0.001889182402704986,-3.910773418574595,2.0025007358250067,-0.0008620054900263519
2018-12,2998.2,8.005767387578214,8.004136478016283,2993.3141921897227,0.0016309095619302383,0.023258267459991155,128909.0,-3.7610946204787585,-3.7650341552590274,0.02316682095302138,0.003939534780268872,0.023150768039879022,0.0046434494063849995,-3.762665095034892,2.3221769609699607,0.001570474556133572,0.023258267459991155,128909.0,-3.7610946204787585,-3.7650341552590274,0.02316682095302138,0.003939534780268872,0.023150768039879022,0.0046434494063849995,-3.762665095034892,2.3221769609699607,0.001570474556133572,0.5128634964078002,5846.0,-0.667745558092977,-0.6711510386807104,0.5111199202690373,0.0034054805877333783,0.5109879362195495,0.0036704588412137936,-0.6696961570445769,51.18640804561315,0.00195059895159988,0.023258267459991155,128909.0,-3.7610946204787585,-3.7650341552590274,0.02316682095302138,0.003939534780268872,0.023150768039879022,0.0046434494063849995,-3.762665095034892,2.3221769609699607,0.001570474556133572,0.023552608839101947,127298.0,-3.748518685924777,-3.752628053276267,0.02345602111044771,0.004109367351489812,0.02342874198258427,0.005286961485586925,-3.748869675029007,2.3544343580615927,0.0003509891042297042,0.020013483836084613,149809.0,-3.911349040789114,-3.9139696863574174,0.019961104252502682,0.002620645568303548,0.0199466566089005,0.0033502971698171425,-3.9116539145717284,2.000738317957657,0.00030487378261456755
2019-01,3004.0,8.007700012884026,8.004437796160817,2994.216267967193,0.0032622167232094768,0.023268783888458558,129100.0,-3.7606425639507086,-3.7661205914018825,0.02314166534887609,0.0054780274511738725,0.023124213823566036,0.006251891026244955,-3.7635020439687406,2.3202342305347567,0.0028594800180319346,0.023268783888458558,129100.0,-3.7606425639507086,-3.7661205914018825,0.02314166534887609,0.0054780274511738725,0.023124213823566036,0.006251891026244955,-3.7635020439687406,2.3202342305347567,0.0028594800180319346,0.5131533993850359,5854.0,-0.6671804543678057,-0.6718141293700368,0.5107811137509155,0.004633675002231108,0.5106377445209581,0.004926496114065727,-0.6702317408372763,51.159000775157494,0.0030512864694706154,0.023268783888458558,129100.0,-3.7606425639507086,-3.7661205914018825,0.02314166534887609,0.0054780274511738725,0.023124213823566036,0.006251891026244955,-3.7635020439687406,2.3202342305347567,0.0028594800180319346,0.023551179126944304,127552.0,-3.748579390688441,-3.753971566623648,0.023424528792920885,0.005392175935206911,0.02339502082356757,0.006674852078756151,-3.7498760560309217,2.352066091942281,0.0012966653424806296,0.020018659202985473,150060.0,-3.9110904802156945,-3.915078181163881,0.019938989731287916,0.003987700948186568,0.019923287110047597,0.004786965745716652,-3.9125333978481724,1.9989794756160564,0.001442917632477947
2019-02,3002.2,8.007100632226075,8.00473911430535,2995.118615597418,0.0023615179207254755,0.023246378158222798,129147.0,-3.7616059372244015,-3.767207027544737,0.023116537059847595,0.005601090320335622,0.02309765960725305,0.006438684849396948,-3.7643382432715677,2.3182948632505784,0.002732306047166233,0.023246378158222798,129147.0,-3.7616059372244015,-3.767207027544737,0.023116537059847595,0.005601090320335622,0.02309765960725305,0.006438684849396948,-3.7643382432715677,2.3182948632505784,0.002732306047166233,0.5126707650273223,5856.0,-0.6681214234150719,-0.6724772200593634,0.5104425318177731,0.004355796644291532,0.5102875528223667,0.00467033183892933,-0.6707674918517433,51.131599629344336,0.002646068436671478,0.023246378158222798,129147.0,-3.7616059372244015,-3.767207027544737,0.023116537059847595,0.005601090320335622,0.02309765960725305,0.006438684849396948,-3.7643382432715677,2.3182948632505784,0.002732306047166233,0.023538912671904156,127542.0,-3.749100368875105,-3.755315079971029,0.023393078757333464,0.006214711095923864,0.023361299664550875,0.007602873551714097,-3.7508810910604082,2.3497033706359316,0.0017807221853032296,0.020005730773587797,150067.0,-3.9117365077931234,-3.9161866759703448,0.019916899710323354,0.004450168177221325,0.0198999176111947,0.005317266355594031,-3.913412065715791,1.9972238080201106,0.0016755579226677142
2019-03,3008.8,8.009296607156127,8.005040432449883,2996.0212351623236,0.004256174706243954,0.023262718416576466,129340.0,-3.760903267844457,-3.768293463687592,0.023091436056275862,0.00739019584313505,0.023071105390940063,0.008305324881037067,-3.7651739074659,2.3163583564888306,0.004270639621442918,0.023262718416576466,129340.0,-3.760903267844457,-3.768293463687592,0.023091436056275862,0.00739019584313505,0.023071105390940063,0.008305324881037067,-3.7651739074659,2.3163583564888306,0.004270639621442918,0.512136170212766,5875.0,-0.6691647318562329,-0.67314031074869,0.5101041743207391,0.003975578892457032,0.5099373611237752,0.00431191996629784,-0.6713034704600115,51.10420152879027,0.002138738603778556,0.023262718416576466,129340.0,-3.760903267844457,-3.768293463687592,0.023091436056275862,0.00739019584313505,0.023071105390940063,0.008305324881037067,-3.7651739074659,2.3163583564888306,0.004270639621442918,0.023556676009583014,127726.0,-3.7483460163330293,-3.7566585933184093,0.02336167094691725,0.008312576985380016,0.02332757850553418,0.00982088663829743,-3.75188502242083,2.3473456134456803,0.003539006087800889,0.020019295385741376,150295.0,-3.911058701231853,-3.9172951707768084,0.019894834162465642,0.00623646954495527,0.019876548112341796,0.00718169335001103,-3.9142901043528258,1.9954709380062774,0.003231403120972587
2019-04,3013.1,8.010724728091656,8.005341750594416,2996.9241267438615,0.005382977497239594,0.023249407788640344,129599.0,-3.761475618729504,-3.7693798998304473,0.023066362308533095,0.007904281100943322,0.023044551174627077,0.008889590101404188,-3.7660092299916545,2.314424258086379,0.004533611262150572,0.023249407788640344,129599.0,-3.761475618729504,-3.7693798998304473,0.023066362308533095,0.007904281100943322,0.023044551174627077,0.008889590101404188,-3.7660092299916545,2.314424258086379,0.004533611262150572,0.5114751315566117,5891.0,-0.6704563134300318,-0.6738034014380165,0.5097660411110414,0.0033470880079847776,0.5095871694251838,0.00370488553225854,-0.6718397166169197,51.07680444356595,0.0013834031868878993,0.023249407788640344,129599.0,-3.761475618729504,-3.7693798998304473,0.023066362308533095,0.007904281100943322,0.023044551174627077,0.008889590101404188,-3.7660092299916545,2.314424258086379,0.004533611262150572,0.023544994217485075,127972.0,-3.7488420408808274,-3.7580021066657903,0.02333030530498023,0.009160065784962867,0.023293857346517483,0.010781248774374336,-3.752888078675411,2.3449922742095826,0.004046037794583679,0.020008499843948178,150591.0,-3.911598103514342,-3.918403665583272,0.019872793060601503,0.006805562068930016,0.019853178613488898,0.00782349433726193,-3.9151676870088297,1.993720515503079,0.0035695834944875493
2019-05,3009.9,8.009662134599678,8.00564306873895,2997.827290424008,0.004019065860727977,0.02322023699314942,129624.0,-3.76273109634116,-3.770466335973302,0.023041315787023658,0.007735239632141955,0.02301799695831409,0.008786170021726387,-3.766844371336282,2.3124921935852103,0.00411327499512204,0.02322023699314942,129624.0,-3.76273109634116,-3.770466335973302,0.023041315787023658,0.007735239632141955,0.02301799695831409,0.008786170021726387,-3.766844371336282,2.3124921935852103,0.00411327499512204,0.5113659531090724,5886.0,-0.6706697941937413,-0.674466492127343,0.5094281320400065,0.0037966979336017115,0.5092369777265924,0.004180716396488915,-0.6723762537746939,51.04940719056098,0.0017064595809526129,0.02322023699314942,129624.0,-3.76273109634116,-3.770466335973302,0.023041315787023658,0.007735239632141955,0.02301799695831409,0.008786170021726387,-3.766844371336282,2.3124921935852103,0.00411327499512204,0.02350456050477916,128056.0,-3.7505608126268566,-3.759345620013171,0.02329898177490654,0.008784807386314597,0.023260136187500786,0.01050829261308105,-3.753890461080228,2.342642872910463,0.003329648453371359,0.01998366729076206,150618.0,-3.9128399745184295,-3.919512160389736,0.019850776377647688,0.0066721858713063575,0.019829809114636,0.007758933796922013,-3.91604496199969,1.991972241326793,0.003204987481260524
2019-06,3016.1,8.011719885076856,8.005944386883483,2998.7307262847626,0.005775498193372641,0.02323383276200747,129815.0,-3.7621457539021486,-3.771552772116157,0.023016296462184036,0.009407018214008467,0.022991442742001104,0.010542618952901334,-3.7676794570056655,2.3105618705984967,0.005533703103516974,0.02323383276200747,129815.0,-3.7621457539021486,-3.771552772116157,0.023016296462184036,0.009407018214008467,0.022991442742001104,0.010542618952901334,-3.7676794570056655,2.3105618705984967,0.005533703103516974,0.5117237869019342,5894.0,-0.669970278220784,-0.6751295828166696,0.5090904469590594,0.005159304595885539,0.508886786028001,0.0055749155840276315,-0.672913094711153,51.02200913385633,0.0029428164903689824,0.02323383276200747,129815.0,-3.7621457539021486,-3.771552772116157,0.023016296462184036,0.009407018214008467,0.022991442742001104,0.010542618952901334,-3.7676794570056655,2.3105618705984967,0.005533703103516974,0.023520283232216103,128234.0,-3.7498921138381585,-3.7606891333605517,0.023267700300156336,0.010797019522393203,0.023226415028484087,0.0126523272477318,-3.7548923396719314,2.3402970045019806,0.005000225833772909,0.01999562444476856,150838.0,-3.9122418071250635,-3.920620655196199,0.019828784086550973,0.008378848071135536,0.019806439615783097,0.009551682819092178,-3.916922050098212,1.9902258721531028,0.004680242973148285
2019-07,3014.4,8.011156084382044,8.006245705028016,2999.6344344081517,0.004910379354027938,0.02320679328370274,129893.0,-3.763310229218807,-3.7726392082590117,0.022991304304482846,0.009328979040204466,0.022964888525688117,0.010533678739351774,-3.768514580767454,2.308633070982574,0.005204351548646624,0.02320679328370274,129893.0,-3.763310229218807,-3.7726392082590117,0.022991304304482846,0.009328979040204466,0.022964888525688117,0.010533678739351774,-3.768514580767454,2.308633070982574,0.005204351548646624,0.5110018647228344,5899.0,-0.6713820396210314,-0.675792673505996,0.5087529857197235,0.004410633884964654,0.5085365943294096,0.004847773829680208,-0.6734502390369894,50.99461031037736,0.0020681994159580386,0.02320679328370274,129893.0,-3.763310229218807,-3.7726392082590117,0.022991304304482846,0.009328979040204466,0.022964888525688117,0.010533678739351774,-3.768514580767454,2.308633070982574,0.005204351548646624,0.023483036653293345,128365.0,-3.7514769630279456,-3.7620326467079326,0.02323646082426564,0.010555683679986938,0.02319269386946739,0.012518717552176362,-3.75589385879544,2.337954325611953,0.004416895767494378,0.019971246281561182,150937.0,-3.9134617258120987,-3.9217291500026628,0.01980681616028807,0.008267424190564032,0.019783070116930198,0.009511979865549,-3.917799047347358,1.988481214679769,0.004337321535259342
2019-08,3011.5,8.010193572483775,8.00654702317255,3000.5384148762246,0.0036465493112256553,0.023142064534968608,130131.0,-3.76610334188057,-3.7737256444018668,0.022966339284420736,0.00762230252129692,0.02293833430937513,0.008881648634365334,-3.769349793690971,2.306705675810752,0.003246451810400952,0.023142064534968608,130131.0,-3.76610334188057,-3.7737256444018668,0.022966339284420736,0.00762230252129692,0.02293833430937513,0.008881648634365334,-3.769349793690971,2.306705675810752,0.003246451810400952,0.5103372309778004,5901.0,-0.672683534573393,-0.6764557641953226,0.5084157481736208,0.0037722296219295792,0.5081864026308182,0.004232361070362453,-0.6739876636559783,50.96721191430655,0.0013041290825852592,0.023142064534968608,130131.0,-3.76610334188057,-3.7737256444018668,0.022966339284420736,0.00762230252129692,0.02293833430937513,0.008881648634365334,-3.769349793690971,2.306705675810752,0.003246451810400952,0.02342777570326114,128544.0,-3.753832964675233,-3.763376160055313,0.023205263290846333,0.009543195380079972,0.02315897271045069,0.011606861676085949,-3.7568951242136825,2.3356145843427694,0.0030621595384494604,0.019921412458903612,151169.0,-3.9159601227679706,-3.9228376448091264,0.01978487257186566,0.006877522041155881,0.019759700618077296,0.008183921606503164,-3.918676013677106,1.9867381480242536,0.0027158909091355987
2019-09,3004.0,8.007700012884026,8.006848341317083,3001.4426677710567,0.0008516715669433239,0.023052012830547752,130314.0,-3.7700021888163504,-3.774812080544722,0.022941401372530413,0.004809891728371429,0.022911780093062144,0.006120551826004622,-3.770185106688506,2.3047796591036422,0.00018291787215574118,0.023052012830547752,130314.0,-3.7700021888163504,-3.774812080544722,0.022941401372530413,0.004809891728371429,0.022911780093062144,0.006120551826004622,-3.770185106688506,2.3047796591036422,0.00018291787215574118,0.5088937828222937,5903.0,-0.6755159623566641,-0.6771188548846492,0.5080787341724714,0.001602892527985067,0.5078362109322268,0.002082505869610157,-0.6745253295135658,50.93981595020105,-0.0009906328430983047,0.023052012830547752,130314.0,-3.7700021888163504,-3.774812080544722,0.022941401372530413,0.004809891728371429,0.022911780093062144,0.006120551826004622,-3.770185106688506,2.3047796591036422,0.00018291787215574118,0.02333892721735347,128712.0,-3.7576326164468457,-3.764719673402694,0.023174107643585965,0.007087056955848325,0.023125251551433995,0.009239928285503376,-3.7578962076086015,2.3332776093140715,0.0002635911617558939,0.01984606745284577,151365.0,-3.9197494046827135,-3.92394613961559,0.019762953294320325,0.0041967349328766446,0.019736331119224397,0.0055601181880497955,-3.9195529755504457,1.9849966181553873,-0.00019642913226780578
2019-10,3004.3,8.007799874741872,8.007149659461616,3002.3471931747467,0.0006502152802561056,0.02302904405282967,130457.0,-3.7709990747896205,-3.7758985166875765,0.022916490539376583,0.004899441897955992,0.022885225876749158,0.0062843240811805805,-3.771020505622568,2.3028550526521996,2.1430832947366696e-05,0.02302904405282967,130457.0,-3.7709990747896205,-3.7758985166875765,0.022916490539376583,0.004899441897955992,0.022885225876749158,0.0062843240811805805,-3.771020505622568,2.3028550526521996,2.1430832947366696e-05,0.5093760596812479,5898.0,-0.6745687146333498,-0.6777819455739758,0.5077419435680941,0.0032132309406259774,0.5074860192336352,0.0037243202294850184,-0.675063187492474,50.91242493064766,0.0004944728591241843,0.02302904405282967,130457.0,-3.7709990747896205,-3.7758985166875765,0.022916490539376583,0.004899441897955992,0.022885225876749158,0.0062843240811805805,-3.771020505622568,2.3028550526521996,2.1430832947366696e-05,0.023327121670937187,128790.0,-3.758138575144844,-3.766063186750075,0.023142993826247717,0.007924611605230947,0.0230915303924173,0.010202497388274034,-3.7588971570343657,2.3309432848961196,0.0007585818895217145,0.01983560015845768,151460.0,-3.920276967925942,-3.925054634422054,0.01974105830071851,0.0047776664961118875,0.0197129616203715,0.006221213252880564,-3.92042993847442,1.9832566127886624,0.00015297054847795977
2019-11,3006.8,8.008631669303314,8.00745097760615,3003.25199116942,0.0011806916971650594,0.023015216925385017,130644.0,-3.7715996763658666,-3.7769849528304316,0.022891606755555884,0.005385276464564992,0.02285867166043617,0.0068483972854728,-3.7718559749442595,2.3009318913863903,0.0002562985783929328,0.023015216925385017,130644.0,-3.7715996763658666,-3.7769849528304316,0.022891606755555884,0.005385276464564992,0.02285867166043617,0.0068483972854728,-3.7718559749442595,2.3009318913863903,0.0002562985783929328,0.5086787345626798,5911.0,-0.6759386315210557,-0.6784450362633022,0.5074053762124057,0.002506404742246504,0.5071358275350438,0.003042394056707252,-0.6756011961191962,50.88504097389064,-0.00033743540185948717,0.023015216925385017,130644.0,-3.7715996763658666,-3.7769849528304316,0.022891606755555884,0.005385276464564992,0.02285867166043617,0.0068483972854728,-3.7718559749442595,2.3009318913863903,0.0002562985783929328,0.023316118426154255,128958.0,-3.758610379632017,-3.7674067000974554,0.023111921782670273,0.008796320465438434,0.023057809233400603,0.01120267715544612,-3.759898018511261,2.328611500648602,0.0012876388792442128,0.01982501137360138,151667.0,-3.9208109377614466,-3.9261631292285175,0.019719187564156505,0.005352191467070888,0.019689592121518596,0.006877707331214055,-3.921306909471727,1.9815181166757838,0.0004959717102805961
2019-12,3009.0,8.009363076630045,8.007752295750683,3004.157061837224,0.0016107808793623946,0.023002125154799945,130814.0,-3.7721686692866427,-3.778071388973286,0.022866749991696914,0.005902719686643465,0.022832117444123185,0.007445989671909251,-3.772691498939323,2.2990102104971704,0.0005228296526804677,0.023002125154799945,130814.0,-3.7721686692866427,-3.778071388973286,0.022866749991696914,0.005902719686643465,0.022832117444123185,0.007445989671909251,-3.772691498939323,2.2990102104971704,0.0005228296526804677,0.5085347304377218,5917.0,-0.6762217660466489,-0.6791081269526288,0.5070690319574208,0.0028863609059799344,0.5067856358364524,0.00345134999413013,-0.6761393101048495,50.857666387666455,-8.245594179934201e-05,0.023002125154799945,130814.0,-3.7721686692866427,-3.778071388973286,0.022866749991696914,0.005902719686643465,0.022832117444123185,0.007445989671909251,-3.772691498939323,2.2990102104971704,0.0005228296526804677,0.023313292218055597,129068.0,-3.7587315996115565,-3.7687502134448363,0.023080891456767692,0.010018613833279844,0.023024088074383907,0.012560938037474436,-3.7608988322063204,2.3262821601806283,0.0021672325947639237,0.019822917901893354,151794.0,-3.920916540840761,-3.927271624034981,0.019697341057760404,0.006355083194220068,0.019666222622665694,0.007967736470503792,-3.922183894384739,1.9797811169552013,0.0012673535439780004
2020-01,3007.4,8.00883119708822,8.008053613895216,3005.062405260334,0.0007775831930043609,0.022951645399597046,131032.0,-3.7743656500739955,-3.7791578251161413,0.02284192021846014,0.0047921750421457965,0.0228055632278102,0.006405549835695695,-3.7735270599158883,2.2970900495980278,-0.0008385901581071664,0.022951645399597046,131032.0,-3.7743656500739955,-3.7791578251161413,0.02284192021846014,0.0047921750421457965,0.0228055632278102,0.006405549835695695,-3.7735270599158883,2.2970900495980278,-0.0008385901581071664,0.5068936457104332,5933.0,-0.6794540691704235,-0.6797712176419554,0.5067329106552527,0.00031714847153185843,0.506435444137861,0.0009047581046626288,-0.6766774867642186,50.83030334240321,-0.0027765824062049305,0.022951645399597046,131032.0,-3.7743656500739955,-3.7791578251161413,0.02284192021846014,0.0047921750421457965,0.0228055632278102,0.006405549835695695,-3.7735270599158883,2.2970900495980278,-0.0008385901581071664,0.02326808510638298,129250.0,-3.760672595282456,-3.7700937267922168,0.02304990279252938,0.009421131509760983,0.022990366915367207,0.01207976332166061,-3.761899628351089,2.323955190568407,0.0012270330686332542,0.019781491932566383,152031.0,-3.9230085293141777,-3.9283801188414444,0.019675518754686087,0.005371589527266796,0.019642853123812795,0.007057977162468226,-3.923060895228883,1.9780456083768918,5.236591470536567e-05
2020-02,3006.6,8.008565151193734,8.00835493203975,3005.9680215209473,0.00021021915398478086,0.02290638142256354,131256.0,-3.7763397425009844,-3.780244261258996,0.022817117406537916,0.003904518758011566,0.022779009011497212,0.005591657257874517,-3.7743626361479032,2.2951714574264224,-0.001977106353081126,0.02290638142256354,131256.0,-3.7763397425009844,-3.780244261258996,0.022817117406537916,0.003904518758011566,0.022779009011497212,0.005591657257874517,-3.7743626361479032,2.2951714574264224,-0.001977106353081126,0.5066734074823054,5934.0,-0.6798886496570331,-0.6804343083312818,0.5063970121581125,0.0005456586742487168,0.5060852524392696,0.0011621659398311653,-0.6772156840483223,50.802953971532894,-0.0026729656087107756,0.02290638142256354,131256.0,-3.7763397425009844,-3.780244261258996,0.022817117406537916,0.003904518758011566,0.022779009011497212,0.005591657257874517,-3.7743626361479032,2.2951714574264224,-0.001977106353081126,0.023228468123242373,129436.0,-3.7623766782725188,-3.7714372401395977,0.023018955734019894,0.009060561867078931,0.02295664575635051,0.011840683076126993,-3.762900420454637,2.3216305579956744,0.0005237421821182586,0.019742207455365642,152293.0,-3.9249964247159697,-3.929488613647908,0.01965372062811914,0.004492188931938479,0.019619483624959896,0.00625520185707725,-3.9239379042406233,1.9763116050321334,-0.0010585204753463806
2020-03,2993.7,8.004265359558376,8.008656250184282,3006.8739107012875,-0.004390890625906252,0.023029878761769953,129992.0,-3.770962829524236,-3.781330697401851,0.022792341526654377,0.010367867877615122,0.022752454795184226,0.012193144391806304,-3.7752028030870854,2.293243940079696,0.004239973562849553,0.023029878761769953,129992.0,-3.770962829524236,-3.781330697401851,0.022792341526654377,0.010367867877615122,0.022752454795184226,0.012193144391806304,-3.7752028030870854,2.293243940079696,0.004239973562849553,0.5120061570035915,5847.0,-0.6694186286172941,-0.6810973990206084,0.5060613363183091,0.011678770403314331,0.5057350607406782,0.012399963438819035,-0.6777527445902416,50.77567703488066,0.008334115972947531,0.023029878761769953,129992.0,-3.770962829524236,-3.781330697401851,0.022792341526654377,0.010367867877615122,0.022752454795184226,0.012193144391806304,-3.7752028030870854,2.293243940079696,0.004239973562849553,0.023375862822875345,128068.0,-3.756051292280054,-3.7727807534869786,0.022988050225378927,0.016729461206924423,0.02292292459733381,0.01975918140891215,-3.7639097051737695,2.3192885538233377,0.00785841289371536,0.019839623579310114,150895.0,-3.920074150122427,-3.930597108454372,0.01963194665127489,0.010522958331944832,0.019596114126106994,0.012426415341126427,-3.9248198255817086,1.9745694219981402,0.0047456754592816175
2020-04,2717.9,7.907614802275609,8.008957568328816,3007.780072883603,-0.10134276605320647,0.024287999428076103,111903.0,-3.717772901316509,-3.7824171335447057,0.022767592549565497,0.0646442322281966,0.02272590057887124,0.06873649929883004,-3.776042970026267,2.291318041489212,0.05827006870975815,0.024287999428076103,111903.0,-3.717772901316509,-3.7824171335447057,0.022767592549565497,0.0646442322281966,0.02272590057887124,0.06873649929883004,-3.776042970026267,2.291318041489212,0.05827006870975815,0.6025049878075814,4511.0,-0.5066593351327864,-0.681760489709935,0.5057258829882495,0.1751011545771486,0.5053848690420868,0.19217061038961736,-0.678289805132161,50.74841474366172,0.1716304699993746,0.024287999428076103,111903.0,-3.717772901316509,-3.7824171335447057,0.022767592549565497,0.0646442322281966,0.02272590057887124,0.06873649929883004,-3.776042970026267,2.291318041489212,0.05827006870975815,0.025045845351419595,108517.0,-3.6870473194413447,-3.774124266834359,0.02295718621082117,0.08707694739301441,0.022889203438317116,0.09422092467806048,-3.764918989892902,2.316948912207578,0.0778716704515574,0.02083863646818886,130426.0,-3.8709464928273003,-3.9317056032608355,0.019610196797398324,0.06075911043353521,0.019572744627254095,0.06467625593868279,-3.925701746922794,1.9728287747552218,0.054755254095493644
2020-05,2714.5,7.906363053345506,8.009258886473349,3008.686508150167,-0.10289583312784334,0.023846755277560593,113831.0,-3.736107117965477,-3.7835035696875607,0.022742870446058952,0.04739645172208373,0.022699346362558253,0.05054810375046524,-3.7768831369654494,2.289393760295514,0.04077601899997241,0.023846755277560593,113831.0,-3.736107117965477,-3.7835035696875607,0.022742870446058952,0.04739645172208373,0.022699346362558253,0.05054810375046524,-3.7768831369654494,2.289393760295514,0.04077601899997241,0.5726793248945148,4740.0,-0.5574293613436164,-0.6824235803992615,0.5053906520204383,0.12499421905564512,0.5050346773434953,0.1339405996967047,-0.6788268656740802,50.721167090012685,0.12139750433046381,0.023846755277560593,113831.0,-3.736107117965477,-3.7835035696875607,0.022742870446058952,0.04739645172208373,0.022699346362558253,0.05054810375046524,-3.7768831369654494,2.289393760295514,0.04077601899997241,0.024313237256710883,111647.0,-3.7167343338797596,-3.77546778018174,0.022926363634636175,0.05873344630198041,0.02285548227930042,0.06378141399933232,-3.765928274612035,2.3146116307651043,0.049193940732275454,0.02040363800360794,133040.0,-3.8920420605213035,-3.932814098067299,0.019588471039764077,0.040772037545995676,0.019549375128401193,0.04369770745079613,-3.9265836682638793,1.9710896619495284,0.03454160774257575
2020-06,2732.3,7.9128990243252915,8.009560204617882,3009.593216583276,-0.09666118029259074,0.023158421128467662,117983.0,-3.7653968009471384,-3.784590005830416,0.02271817518695418,0.01919320488327747,0.022672792146245267,0.02141901972593253,-3.7777233039046316,2.2874710951402903,0.012326502957493268,0.023158421128467662,117983.0,-3.7653968009471384,-3.784590005830416,0.02271817518695418,0.01919320488327747,0.022672792146245267,0.02141901972593253,-3.7777233039046316,2.2874710951402903,0.012326502957493268,0.5365868028279654,5092.0,-0.6225269353520058,-0.683086671088588,0.5050556432674784,0.06055973573658224,0.5046844856449039,0.06321239921273913,-0.6793639262159996,50.69393406607442,0.05683699086399385,0.023158421128467662,117983.0,-3.7653968009471384,-3.784590005830416,0.02271817518695418,0.01919320488327747,0.022672792146245267,0.02141901972593253,-3.7777233039046316,2.2874710951402903,0.012326502957493268,0.02350183641696557,116259.0,-3.7506767154824265,-3.776811293529121,0.022895582441188334,0.02613457804669439,0.022821761120283723,0.029799422274970913,-3.7669375593311676,2.312276707115034,0.016260843848741047,0.019846590785277948,137671.0,-3.919723035451957,-3.9339225928737624,0.01956676935167639,0.014199557421805231,0.019526005629548294,0.016418368498497118,-3.9274655896049646,1.9693520822284032,0.007742554153007397
2020-07,2737.7,7.914873430816781,8.009861522762415,3010.5001982652534,-0.09498809194563407,0.02290636478492599,119517.0,-3.776340468833236,-3.7856764419732705,0.0226935067431023,0.009335973140034426,0.02264623792993228,0.01148653722523565,-3.778563470843814,2.2855500446663695,0.0022230020105777903,0.02290636478492599,119517.0,-3.776340468833236,-3.7856764419732705,0.0226935067431023,0.009335973140034426,0.02264623792993228,0.01148653722523565,-3.778563470843814,2.2855500446663695,0.0022230020105777903,0.5228609625668449,5236.0,-0.6484396962130089,-0.6837497617779146,0.5047208565820698,0.03531006556490568,0.5043342939463125,0.03673489755290096,-0.6799009867579189,50.666715663991994,0.03146129054490998,0.02290636478492599,119517.0,-3.776340468833236,-3.7856764419732705,0.0226935067431023,0.009335973140034426,0.02264623792993228,0.01148653722523565,-3.778563470843814,2.2855500446663695,0.0022230020105777903,0.023251883371128153,117741.0,-3.7613691450197035,-3.7781548068765014,0.02286484257491672,0.016785661856797862,0.022788039961267027,0.02035468652194413,-3.7679468440503,2.309944138878882,0.006577699030596573,0.019659617248931813,139255.0,-3.92918863297085,-3.935031087680226,0.01954509170646907,0.005842454709376277,0.019502636130695396,0.008049225611574812,-3.92834751094605,1.9676160342403826,-0.0008411220247999118
2020-08,2748.6,7.918846970120751,8.010162840906949,3011.407453278446,-0.09131587078619763,0.022709133721650763,121035.0,-3.784988068829965,-3.7867628781161256,0.022668865085386052,0.0017748092861604725,0.022619683713619294,0.0039545207246912744,-3.7794036377829956,2.2836306075177206,-0.005584431046969485,0.022709133721650763,121035.0,-3.784988068829965,-3.7867628781161256,0.022668865085386052,0.0017748092861604725,0.022619683713619294,0.0039545207246912744,-3.7794036377829956,2.2836306075177206,-0.005584431046969485,0.5196823596142938,5289.0,-0.6545375009452286,-0.684412852467241,0.5043862918170103,0.029875351522012483,0.503984102247721,0.031148318561160914,-0.6804380472998381,50.639511875914664,0.025900546354609588,0.022709133721650763,121035.0,-3.784988068829965,-3.7867628781161256,0.022668865085386052,0.0017748092861604725,0.022619683713619294,0.0039545207246912744,-3.7794036377829956,2.2836306075177206,-0.005584431046969485,0.023132274597924607,118821.0,-3.766526467845133,-3.7794983202238823,0.022834143980334995,0.012971852378749205,0.022754318802250328,0.016610288313131157,-3.7689561287694326,2.307613923680565,0.002429660924299526,0.019518395693824075,140821.0,-3.9363978891911837,-3.93613958248669,0.01952343807750548,-0.0002583067044938936,0.019479266631842494,0.0020087543705376554,-3.9292294322871353,1.9658815166351942,-0.007168456904048437
2020-09,2777.7,7.929378526122111,8.010464159051482,3012.314981705226,-0.08108563292937099,0.022786897349445032,121899.0,-3.7815695858681564,-3.78784931425898,0.02264425018471983,0.006279728390823802,0.022593129497306307,0.008576406033605363,-3.780243804722178,2.281712782339447,-0.0013257811459785884,0.022786897349445032,121899.0,-3.7815695858681564,-3.78784931425898,0.02264425018471983,0.006279728390823802,0.022593129497306307,0.008576406033605363,-3.780243804722178,2.281712782339447,-0.0013257811459785884,0.5207536557930258,5334.0,-0.6524781786198486,-0.6850759431565676,0.5040519488251956,0.03259776453671903,0.5036339105491296,0.03399243951867714,-0.6809751078417575,50.61232269399597,0.02849692922190894,0.022786897349445032,121899.0,-3.7815695858681564,-3.78784931425898,0.02264425018471983,0.006279728390823802,0.022593129497306307,0.008576406033605363,-3.780243804722178,2.281712782339447,-0.0013257811459785884,0.023178211129746912,119841.0,-3.7645426170533995,-3.780841833571263,0.022803486602031332,0.016299216517863258,0.02272059764323363,0.020140908865993713,-3.769965413488565,2.3052860591463955,0.005422796435165633,0.01959300275093461,141770.0,-3.932582778989566,-3.9372480772931535,0.019501808438178482,0.004665298303587306,0.019455897132989595,0.007046995417782047,-3.930111353628221,1.9641485280637545,-0.0024714253613451476
2020-10,2772.5,7.9275047192245225,8.010765477196015,3013.2227836279903,-0.0832607579714928,0.022629512639062335,122517.0,-3.7885003556241705,-3.7889357504018353,0.02261966201204958,0.00043539477766474377,0.02256657528099332,0.0027889636458051023,-3.78108397166136,2.279796567777796,-0.007416383962810524,0.022629512639062335,122517.0,-3.7885003556241705,-3.7889357504018353,0.02261966201204958,0.00043539477766474377,0.02256657528099332,0.0027889636458051023,-3.78108397166136,2.279796567777796,-0.007416383962810524,0.517837131116922,5354.0,-0.6580945048557756,-0.6857390338458942,0.5037178274596185,0.0276445289901186,0.5032837188505382,0.02891691449829258,-0.6815121683836768,50.585148110393604,0.0234176635279012,0.022629512639062335,122517.0,-3.7885003556241705,-3.7889357504018353,0.02261966201204958,0.00043539477766474377,0.02256657528099332,0.0027889636458051023,-3.78108397166136,2.279796567777796,-0.007416383962810524,0.022978741038498198,120655.0,-3.7731857931580994,-3.7821853469186437,0.022772870384668277,0.008999553760544288,0.022686876484216932,0.012864906920276739,-3.7709746982076977,2.3029605429050815,-0.0022110949504017263,0.01946160325705461,142460.0,-3.939311818307823,-3.938356572099617,0.019480202761910426,-0.0009552462082056401,0.019432527634136693,0.0014962347392648019,-3.9309932749693064,1.962417067178172,-0.008318543338516449
2020-11,2751.9,7.92004686118372,8.011066795340549,3014.1308591291604,-0.09101993415682852,0.02242056379338439,122740.0,-3.7977767147593684,-3.7900221865446904,0.02259510053835281,-0.007754528214678036,0.022540021064680334,-0.005299785255441956,-3.7819241386005418,2.277881962480149,-0.015852576158826626,0.02242056379338439,122740.0,-3.7977767147593684,-3.7900221865446904,0.02259510053835281,-0.007754528214678036,0.022540021064680334,-0.005299785255441956,-3.7819241386005418,2.277881962480149,-0.015852576158826626,0.5149513473053893,5344.0,-0.663682854032762,-0.6864021245352208,0.5033839275733694,0.02271927050245881,0.5029335271519468,0.02389544443675874,-0.682049228925596,50.55798811726952,0.018366374892834103,0.02242056379338439,122740.0,-3.7977767147593684,-3.7900221865446904,0.02259510053835281,-0.007754528214678036,0.022540021064680334,-0.005299785255441956,-3.7819241386005418,2.277881962480149,-0.015852576158826626,0.02273358116480793,121050.0,-3.783912101182485,-3.7835288602660246,0.0227422952729827,-0.00038324091646035896,0.022653155325200236,0.003550315108563514,-3.7719839829268302,2.300637372587722,-0.011928118255654763,0.019280054367245135,142733.0,-3.9486841699258535,-3.939465066906081,0.019458621022153108,-0.009219103019772579,0.019409158135283794,-0.0066516933469650055,-3.9318751963103917,1.9606871326317419,-0.016808973615461742
2020-12,2737.1,7.914654244726915,8.011368113485082,3015.039208291183,-0.09671386875816701,0.02234713955633935,122481.0,-3.801056950169622,-3.791108622687545,0.022570565734638556,-0.00994832748207708,0.022513466848367348,-0.007387902234171378,-3.782764305539724,2.2759689650950214,-0.018292644629898103,0.02234713955633935,122481.0,-3.801056950169622,-3.791108622687545,0.022570565734638556,-0.00994832748207708,0.022513466848367348,-0.007387902234171378,-3.782764305539724,2.2759689650950214,-0.018292644629898103,0.5151703369094673,5313.0,-0.6632576817240285,-0.6870652152245472,0.5030502490196362,0.023807533500518674,0.5025833354533553,0.02504460567670418,-0.6825862894675154,50.530842706789805,0.01932860774348688,0.02234713955633935,122481.0,-3.801056950169622,-3.791108622687545,0.022570565734638556,-0.00994832748207708,0.022513466848367348,-0.007387902234171378,-3.782764305539724,2.2759689650950214,-0.018292644629898103,0.022644990485645736,120870.0,-3.787816622126588,-3.784872373613405,0.02271176121178567,-0.0029442485131827567,0.02261943416618354,0.001129839025787963,-3.772993267645963,2.298316545827806,-0.014823354480624662,0.01920125150826388,142548.0,-3.952779819350625,-3.9405735617125446,0.01943706319238772,-0.012206257638080587,0.019385788636430895,-0.009519196336445187,-3.932757117651477,1.9589587230789451,-0.020022701699148104
2021-01,2732.7,7.913045410418873,8.011669431629615,3015.9478311965295,-0.09862402121074165,0.022251445322042176,122810.0,-3.805348314185556,-3.7921950588304,0.0225460575719473,-0.013153255355156102,0.02248691263205436,-0.010471304525661505,-3.783604472478906,2.274057574272067,-0.021743841706650002,0.022251445322042176,122810.0,-3.805348314185556,-3.7921950588304,0.0225460575719473,-0.013153255355156102,0.02248691263205436,-0.010471304525661505,-3.783604472478906,2.274057574272067,-0.021743841706650002,0.5142453895370719,5314.0,-0.6650547159008849,-0.6877283059138738,0.502716791651704,0.022673590012988853,0.5022331437547639,0.02391766838106855,-0.6831233500094347,50.503711871124835,0.018068634108549753,0.022251445322042176,122810.0,-3.805348314185556,-3.7921950588304,0.0225460575719473,-0.013153255355156102,0.02248691263205436,-0.010471304525661505,-3.783604472478906,2.274057574272067,-0.021743841706650002,0.022561549512062216,121122.0,-3.791508170665609,-3.786215886960786,0.022681268145962313,-0.005292283704823042,0.022585713007166844,-0.0010698575288263243,-3.7740025523650957,2.2959980602612107,-0.017505618300513337,0.01912811574725436,142863.0,-3.95659599764961,-3.941682056519008,0.019415529246124868,-0.014913941130602293,0.019362419137577993,-0.012100935769379347,-3.9336390389925624,1.9572318371754513,-0.02295695865704772
2021-02,2723.4,7.909636378690475,8.011970749774148,3016.8567279276963,-0.10233437108367305,0.022071301796727477,123391.0,-3.813477075553736,-3.7932814949732547,0.02252157602135101,-0.02019558058048121,0.022460358415741375,-0.017321923889746436,-3.784444639418088,2.272147788662073,-0.029032436135647988,0.022071301796727477,123391.0,-3.813477075553736,-3.7932814949732547,0.02252157602135101,-0.02019558058048121,0.022460358415741375,-0.017321923889746436,-3.784444639418088,2.272147788662073,-0.029032436135647988,0.5115326821938392,5324.0,-0.6703438008245274,-0.6883913966032004,0.5023835553229552,0.018047595778672987,0.5018829520561725,0.01922705303723217,-0.683660410551354,50.47659560244914,0.013316609726826578,0.022071301796727477,123391.0,-3.813477075553736,-3.7932814949732547,0.02252157602135101,-0.02019558058048121,0.022460358415741375,-0.017321923889746436,-3.784444639418088,2.272147788662073,-0.029032436135647988,0.022391593902619505,121626.0,-3.7990696627578644,-3.787559400308167,0.02265081602047179,-0.01151026244969744,0.022551991848150148,-0.007112362695528369,-3.7750118370842283,2.2936819135261977,-0.024057825673636124,0.01899428093178965,143380.0,-3.9636173487163884,-3.9427905513254715,0.01939401915690445,-0.020826797390916862,0.01933904963872509,-0.017827593050129223,-3.9345209603336477,1.9555064735781138,-0.029096388382740646
2021-03,2713.1,7.905847171544692,8.012272067918682,3017.7658985672047,-0.10642489637398977,0.021870843443422463,124051.0,-3.822600878808382,-3.79436793111611,0.02249712105395302,-0.028232947692272248,0.02243380419942839,-0.025094306386977825,-3.78528480635727,2.270239606916957,-0.037316072451111904,0.021870843443422463,124051.0,-3.822600878808382,-3.79436793111611,0.02249712105395302,-0.028232947692272248,0.02243380419942839,-0.025094306386977825,-3.78528480635727,2.270239606916957,-0.037316072451111904,0.5085473289597001,5335.0,-0.6761969921911619,-0.6890544872925268,0.5020505398868693,0.012857495101364913,0.5015327603575811,0.013986262028262714,-0.6841974710932733,50.449493892941454,0.008000478902111419,0.021870843443422463,124051.0,-3.822600878808382,-3.79436793111611,0.02249712105395302,-0.028232947692272248,0.02243380419942839,-0.025094306386977825,-3.78528480635727,2.270239606916957,-0.037316072451111904,0.022168023008791712,122388.0,-3.8091044334938267,-3.7889029136555474,0.022620404780347166,-0.020201519838279225,0.022518270689133448,-0.015553933300515542,-3.776021121803361,2.29136810326341,-0.033083311690465855,0.018810666148982195,144232.0,-3.9733312216773444,-3.943899046131935,0.019372532898295724,-0.029432175545409223,0.019315680139872192,-0.026145286483985994,-3.935402881674733,1.95378263094497,-0.03792834000261136
2021-04,2721.4,7.908901732756758,8.012573386063215,3018.6753431976,-0.10367165330645722,0.02186934964118966,124439.0,-3.8226691822212406,-3.7954543672589645,0.022472692640888088,-0.02721481496227618,0.022407249983115402,-0.024005638457689705,-3.7861249732964524,2.2683330276897715,-0.03654420892478827,0.02186934964118966,124439.0,-3.8226691822212406,-3.7954543672589645,0.022472692640888088,-0.02721481496227618,0.022407249983115402,-0.024005638457689705,-3.7861249732964524,2.2683330276897715,-0.03654420892478827,0.507913400522583,5358.0,-0.677444317347796,-0.6897175779818534,0.501717745197023,0.012273260634057426,0.5011825686589897,0.013429900169119989,-0.6847345316351926,50.42240673478475,0.007290214287396624,0.02186934964118966,124439.0,-3.8226691822212406,-3.7954543672589645,0.022472692640888088,-0.02721481496227618,0.022407249983115402,-0.024005638457689705,-3.7861249732964524,2.2683330276897715,-0.03654420892478827,0.02218038371884526,122694.0,-3.808546996991111,-3.7902464270029284,0.02259003437069526,-0.018300569988182858,0.022484549530116752,-0.013527769852096905,-3.7770304065224933,2.2890566271158725,-0.03151659046861788,0.018821885785029083,144587.0,-3.9727349487273207,-3.945007540938399,0.01935107044389722,-0.0277274077889218,0.019292310641019293,-0.0243840597813096,-3.9362848030158184,1.95206030793524,-0.03645014571150229
2021-05,2726.2,7.910663977136743,8.012874704207748,3019.5850619014536,-0.10221072707100554,0.021826886894420378,124901.0,-3.8246127253499993,-3.7965408034018195,0.022448290753322275,-0.028071921948179757,0.022380695766802416,-0.024744935463691418,-3.7869651402356346,2.2664280496347,-0.03764758511436472,0.021826886894420378,124901.0,-3.8246127253499993,-3.7965408034018195,0.022448290753322275,-0.028071921948179757,0.022380695766802416,-0.024744935463691418,-3.7869651402356346,2.2664280496347,-0.03764758511436472,0.5076722532588454,5370.0,-0.6779192103661679,-0.69038066867118,0.5013851711070899,0.012461458305012107,0.5008323769603983,0.013657017024256618,-0.685271592177112,50.39533412016615,0.007352381810944109,0.021826886894420378,124901.0,-3.8246127253499993,-3.7965408034018195,0.022448290753322275,-0.028071921948179757,0.022380695766802416,-0.024744935463691418,-3.7869651402356346,2.2664280496347,-0.03764758511436472,0.022139747920997918,123136.0,-3.810380737448581,-3.791589940350309,0.02255970473669665,-0.01879079709827236,0.022450828371100053,-0.013856078936605046,-3.778039691241626,2.2867474827289858,-0.032341046206955326,0.01879295488229414,145065.0,-3.9742732196824306,-3.9461160357448626,0.019329631767336708,-0.028157183937568053,0.01926894114216639,-0.024702253038214175,-3.9371667243569037,1.950339503209327,-0.0371064953255269
2021-06,2754.1,7.920845989450003,8.013176022352281,3020.495054761361,-0.0923300329022787,0.021923882153461603,125621.0,-3.8201787270425256,-3.797627239544674,0.022423915362452983,-0.022551487497851408,0.02235414155048943,-0.019247413104906543,-3.7878053071748163,2.2645246714070555,-0.03237341986770925,0.021923882153461603,125621.0,-3.8201787270425256,-3.797627239544674,0.022423915362452983,-0.022551487497851408,0.02235414155048943,-0.019247413104906543,-3.7878053071748163,2.2645246714070555,-0.03237341986770925,0.5064545788892976,5438.0,-0.6803206357424132,-0.6910437593605065,0.501052817470841,0.010723123618093355,0.5004821852618069,0.011933279152316833,-0.6858086527190312,50.36827604127701,0.005488016976618049,0.021923882153461603,125621.0,-3.8201787270425256,-3.797627239544674,0.022423915362452983,-0.022551487497851408,0.02235414155048943,-0.019247413104906543,-3.7878053071748163,2.2645246714070555,-0.03237341986770925,0.02224834193668258,123789.0,-3.805487792846278,-3.7929334536976897,0.022529415823605462,-0.012554339148588056,0.022417107212083356,-0.007528414518614064,-3.779048975960759,2.2844406677505265,-0.026438816885518968,0.018886983952818542,145820.0,-3.9692822739104185,-3.9472245305513263,0.019308216842271186,-0.022057743359092274,0.019245571643313492,-0.0186322182131459,-3.938048645697989,1.948620215428814,-0.031233628212429476
2021-07,2771.3,7.927071803167398,8.013477340496815,3021.4053218599433,-0.08640553732941658,0.02191253330803109,126471.0,-3.8206965086888847,-3.7987136756875293,0.022399566439508863,-0.021982833001355395,0.022327587334176443,-0.018589291352139756,-3.7886454741139985,2.2626228916632787,-0.03205103457488612,0.02191253330803109,126471.0,-3.8206965086888847,-3.7987136756875293,0.022399566439508863,-0.021982833001355395,0.022327587334176443,-0.018589291352139756,-3.7886454741139985,2.2626228916632787,-0.03205103457488612,0.5044230069166363,5494.0,-0.684340063487821,-0.691706850049833,0.5007206841421438,0.007366786562012062,0.5001319935632154,0.008579761760189406,-0.6863457132609505,50.34123249031283,0.0020056497731295586,0.02191253330803109,126471.0,-3.8206965086888847,-3.7987136756875293,0.022399566439508863,-0.021982833001355395,0.022327587334176443,-0.018589291352139756,-3.7886454741139985,2.2626228916632787,-0.03205103457488612,0.022219638719402197,124723.0,-3.806778754155663,-3.7942769670450707,0.022499167576749357,-0.012501787110592133,0.02238338605306666,-0.007315574742634998,-3.7800582606798914,2.282136179830646,-0.026720493475771434,0.018882953353047793,146762.0,-3.9694957029004327,-3.9483330253577895,0.01928682564238684,-0.021162677542643227,0.01922220214446059,-0.017648799490466324,-3.9389305670390744,1.9469024432564639,-0.03056513586135834
2021-08,2776.2,7.928838365141009,8.013778658641348,3022.3158632798454,-0.08494029350033916,0.021866040767461643,126964.0,-3.822820495549116,-3.7998001118303844,0.022375243955749823,-0.02302038371873172,0.022301033117863456,-0.01950547977319394,-3.7894856410531808,2.260722709060942,-0.03333485449593532,0.021866040767461643,126964.0,-3.822820495549116,-3.7998001118303844,0.022375243955749823,-0.02302038371873172,0.022301033117863456,-0.01950547977319394,-3.7894856410531808,2.260722709060942,-0.03333485449593532,0.5018438177874186,5532.0,-0.68946632764364,-0.6923699407391596,0.5003887709749629,0.002903613095519564,0.499781801864624,0.004125832343437606,-0.6868827738028699,50.31420345947334,-0.0025835538407701364,0.021866040767461643,126964.0,-3.822820495549116,-3.7998001118303844,0.022375243955749823,-0.02302038371873172,0.022301033117863456,-0.01950547977319394,-3.7894856410531808,2.260722709060942,-0.03333485449593532,0.022178018501653643,125178.0,-3.8086536382169203,-3.795620480392451,0.022468959941529403,-0.013033157824469122,0.022349664894049964,-0.007680043222572783,-3.781067545399024,2.2798340166218627,-0.027586092817896368,0.0188454593589204,147314.0,-3.9714832769209365,-3.949441520164253,0.019265458141398982,-0.022041756756683295,0.01919883264560769,-0.018405977759701826,-3.93981248838016,1.9451861853562185,-0.03167078854077632
2021-09,2780.5,7.930386046627619,8.014079976785881,3023.226679103738,-0.08369393015826265,0.021837302085951246,127328.0,-3.8241356665990365,-3.800886547973239,0.022350947882466988,-0.023249118625797482,0.02227447890155047,-0.019626803281525645,-3.7903258079923625,2.258824122258744,-0.03380985860667396,0.021837302085951246,127328.0,-3.8241356665990365,-3.800886547973239,0.022350947882466988,-0.023249118625797482,0.02227447890155047,-0.019626803281525645,-3.7903258079923625,2.258824122258744,-0.03380985860667396,0.5019859180357465,5539.0,-0.6891832114054852,-0.693033031428486,0.5000570778233596,0.0038498200230008273,0.49943161016603255,0.005114429719145809,-0.6874198343447891,50.28718894096246,-0.0017633770606960697,0.021837302085951246,127328.0,-3.8241356665990365,-3.800886547973239,0.022350947882466988,-0.023249118625797482,0.02227447890155047,-0.019626803281525645,-3.7903258079923625,2.258824122258744,-0.03380985860667396,0.02212558387510046,125669.0,-3.8110206986013004,-3.796963993739832,0.02243879286341994,-0.014056704861468372,0.022315943735033268,-0.008530217775821202,-3.7820768301181564,2.277534175779066,-0.02894386848314401,0.0188162765359915,147771.0,-3.9730330105206284,-3.950550014970717,0.019244114313052074,-0.02248299554991151,0.019175463146754793,-0.018731574200546983,-3.9406944097212455,1.943471440393199,-0.03233860079938289
2021-10,2788.1,7.933115639242912,8.014381294930415,3024.1377694143166,-0.08126565568750266,0.021776587103224193,128032.0,-3.8269198724140496,-3.801972984116094,0.02232667819098262,-0.02494688829795555,0.022247924685237484,-0.021185687594764493,-3.7911659749315447,2.2569271299165075,-0.035753897482504904,0.021776587103224193,128032.0,-3.8269198724140496,-3.801972984116094,0.02232667819098262,-0.02494688829795555,0.022247924685237484,-0.021185687594764493,-3.7911659749315447,2.2569271299165075,-0.035753897482504904,0.49983865184653997,5578.0,-0.6934699289445224,-0.6936961221178126,0.499725604541492,0.00022619317329020117,0.49908141846744114,0.0015172542015771957,-0.6879568948867085,50.26018892698827,-0.0055130340578138926,0.021776587103224193,128032.0,-3.8269198724140496,-3.801972984116094,0.02232667819098262,-0.02494688829795555,0.022247924685237484,-0.021185687594764493,-3.7911659749315447,2.2569271299165075,-0.035753897482504904,0.022032478564937372,126545.0,-3.8152376158747456,-3.7983075070872125,0.022408666287968552,-0.016930108787533094,0.02228222257601657,-0.011208218131166492,-3.783086114837289,2.2752366549595093,-0.032151501037456676,0.018765985515440325,148572.0,-3.97570932896578,-3.9516585097771806,0.01922279413111965,-0.024050819188599526,0.01915209364790189,-0.020160100486134775,-3.941576331062331,1.9417582070337014,-0.03413299790344926
2021-11,2792.8,7.934799955790826,8.014682613074948,3025.0491342943014,-0.0798826572841218,0.02171728953793994,128598.0,-3.829646582774361,-3.8030594202589487,0.022302434852650172,-0.026587162515412377,0.022221370468924497,-0.02268451136663645,-3.792006141870727,2.2550317306951833,-0.037640440903634165,0.02171728953793994,128598.0,-3.829646582774361,-3.8030594202589487,0.022302434852650172,-0.026587162515412377,0.022221370468924497,-0.02268451136663645,-3.792006141870727,2.2550317306951833,-0.037640440903634165,0.49889246159342626,5598.0,-0.6953647142845725,-0.6943592128071392,0.4993943509836149,-0.0010055014774332793,0.49873122676884973,0.000323290012580778,-0.6884939554286278,50.23320340976305,-0.006870758855944681,0.02171728953793994,128598.0,-3.829646582774361,-3.8030594202589487,0.022302434852650172,-0.026587162515412377,0.022221370468924497,-0.02268451136663645,-3.792006141870727,2.2550317306951833,-0.037640440903634165,0.021958736948043782,127184.0,-3.8185901800220674,-3.7996510204345935,0.022378580160795903,-0.01893915958747394,0.022248501416999873,-0.013023999393266294,-3.7840953995564215,2.2729414518228106,-0.03449478046564591,0.018714735642967235,149230.0,-3.9784440631346873,-3.9527670045836443,0.01920149756940431,-0.025677058551043075,0.01912872414904899,-0.021642243510649344,-3.942458252403416,1.9400464839451979,-0.03598581073127116
2021-12,2799.7,7.937267547565947,8.014983931219481,3025.9607738264376,-0.0777163836535344,0.02168511389777471,129107.0,-3.831129249332548,-3.804145856401804,0.022278217838854142,-0.026983392930744365,0.02219481625261151,-0.022964927892873473,-3.792846308809909,2.253137923256846,-0.03828294052263903,0.02168511389777471,129107.0,-3.831129249332548,-3.804145856401804,0.022278217838854142,-0.026983392930744365,0.02219481625261151,-0.022964927892873473,-3.792846308809909,2.253137923256846,-0.03828294052263903,0.4984333273989674,5617.0,-0.6962854449664863,-0.6950223034964658,0.4990633170040795,-0.0012631414700204902,0.4983810350702583,0.00010492439525050846,-0.6890310159705471,50.20623238150327,-0.007254428995939199,0.02168511389777471,129107.0,-3.831129249332548,-3.804145856401804,0.022278217838854142,-0.026983392930744365,0.02219481625261151,-0.022964927892873473,-3.792846308809909,2.253137923256846,-0.03828294052263903,0.021914773705715672,127754.0,-3.820594271164419,-3.8009945337819744,0.02234853442759568,-0.019599737382444804,0.022214780257983173,-0.013504817458623737,-3.7851046842755545,2.270648564030946,-0.03548958688886472,0.018687590110535588,149816.0,-3.979895605874398,-3.953875499390108,0.01918022460173767,-0.026020106484290206,0.01910535465019609,-0.021866358793617768,-3.9433401737445015,1.938336269796335,-0.03655543212989665
2022-01,2803.8,7.938730918934436,8.015285249364014,3026.8726880934955,-0.0765543304295786,0.02168965490566184,129269.0,-3.8309198645667504,-3.8052322925446584,0.022254027121010163,-0.02568757202209193,0.022168262036298524,-0.021589745278768745,-3.793686475749091,2.2512457062646947,-0.037233388817659474,0.02168965490566184,129269.0,-3.8309198645667504,-3.8052322925446584,0.022254027121010163,-0.02568757202209193,0.022168262036298524,-0.021589745278768745,-3.793686475749091,2.2512457062646947,-0.037233388817659474,0.5004104943780118,5603.0,-0.6923265286308491,-0.6956853941857922,0.49873250245733397,0.0033588655549431357,0.49803084337166686,0.00477811974502358,-0.6895680765124664,50.17927583442956,-0.0027584521183826594,0.02168965490566184,129269.0,-3.8309198645667504,-3.8052322925446584,0.022254027121010163,-0.02568757202209193,0.022168262036298524,-0.021589745278768745,-3.793686475749091,2.2512457062646947,-0.037233388817659474,0.021912048578819447,127957.0,-3.820718630027676,-3.802338047129355,0.0223185290341345,-0.01838058289832123,0.022181059098966477,-0.01212793847880619,-3.786113968994687,2.2683579892482544,-0.03460466103298909,0.018691252349906005,150006.0,-3.9796996533439786,-3.9549839941965717,0.01915897520198034,-0.02471565914740692,0.01908198515134319,-0.02047652790515254,-3.944222095085587,1.9366275632569339,-0.03547755825839172
2022-02,2814.2,7.942433308354155,8.015586567508548,3027.7848771782697,-0.07315325915439264,0.021649024555357253,129992.0,-3.832794880728457,-3.8063187286875135,0.02222986267056485,-0.026476152040943557,0.022141707819985538,-0.02225136690601525,-3.794526642688273,2.2493550783830485,-0.03826823804018398,0.021649024555357253,129992.0,-3.832794880728457,-3.8063187286875135,0.02222986267056485,-0.026476152040943557,0.022141707819985538,-0.02225136690601525,-3.794526642688273,2.2493550783830485,-0.03826823804018398,0.4982648725212464,5648.0,-0.6966234708189227,-0.6963484848751188,0.4984019071979225,-0.00027498594380392927,0.49768065167307546,0.0011738870020503007,-0.6901051370543857,50.15233376076672,-0.006518333764537032,0.021649024555357253,129992.0,-3.832794880728457,-3.8063187286875135,0.02222986267056485,-0.026476152040943557,0.022141707819985538,-0.02225136690601525,-3.794526642688273,2.2493550783830485,-0.03826823804018398,0.02185056641277088,128793.0,-3.8235284349952514,-3.803681560476736,0.02228856392625175,-0.019846874518515634,0.02214733793994978,-0.013399873519046299,-3.7871232537138195,2.2660697251414286,-0.036405181281431886,0.018658710425990384,150825.0,-3.9814421949548073,-3.956092489003035,0.0191377493440219,-0.02534970595177244,0.019058615652490292,-0.020982910500514478,-3.945104016426672,1.9349203629979872,-0.036338178528135145
2022-03,2816.2,7.9431437374832115,8.01588788565308,3028.697341163581,-0.0727441481698694,0.021603252531451365,130360.0,-3.8349113954682865,-3.8074051648303686,0.022205724458995862,-0.027506230637917906,0.022115153603672555,-0.023147072880207377,-3.7953668096274553,2.2474660382773513,-0.0395445858408312,0.021603252531451365,130360.0,-3.8349113954682865,-3.8074051648303686,0.022205724458995862,-0.027506230637917906,0.022115153603672555,-0.023147072880207377,-3.7953668096274553,2.2474660382773513,-0.0395445858408312,0.4983542735798973,5651.0,-0.6964440621466321,-0.6970115755644454,0.49807153108048585,0.0005675134178132479,0.497330459974484,0.0020586183389327147,-0.690642197596305,50.125406152743764,-0.005801864550327163,0.021603252531451365,130360.0,-3.8349113954682865,-3.8074051648303686,0.022205724458995862,-0.027506230637917906,0.022115153603672555,-0.023147072880207377,-3.7953668096274553,2.2474660382773513,-0.0395445858408312,0.02178338825203818,129282.0,-3.826607606449077,-3.8050250738241163,0.022258639049859585,-0.02158253262496057,0.022113616780933085,-0.014933266329352182,-3.788132538432952,2.263783769379514,-0.03847506801612477,0.01861150579916069,151315.0,-3.983975298159021,-3.9572009838094986,0.01911654700178083,-0.026774314349522488,0.01903524615363739,-0.02226082873090291,-3.9459859377677575,1.9332146676916604,-0.03798936039126355
2022-04,2820.6,7.9447049072581395,8.016189203797614,3029.610080132273,-0.07148429653947463,0.021596747394776537,130603.0,-3.835212559206023,-3.8084916009732233,0.022181612457811823,-0.026720958232799852,0.02208859938735957,-0.022267233153067122,-3.796206976566637,2.245578584614166,-0.03900558263938603,0.021596747394776537,130603.0,-3.835212559206023,-3.8084916009732233,0.022181612457811823,-0.026720958232799852,0.02208859938735957,-0.022267233153067122,-3.796206976566637,2.245578584614166,-0.03900558263938603,0.49860350008838605,5657.0,-0.6959440880850158,-0.6976746662537718,0.4977413739597614,0.0017305781687559918,0.4969802682758926,0.003266189658041608,-0.6911792581382243,50.098493002593834,-0.0047648299467915045,0.021596747394776537,130603.0,-3.835212559206023,-3.8084916009732233,0.022181612457811823,-0.026720958232799852,0.02208859938735957,-0.022267233153067122,-3.796206976566637,2.245578584614166,-0.03900558263938603,0.02177161646880837,129554.0,-3.8271481543650694,-3.806368587171497,0.02222875435094273,-0.020779567193572213,0.02207989562191639,-0.013961984168168854,-3.7891418231520846,2.2615001196339093,-0.0380063312129848,0.01860271858491126,151623.0,-3.9844475484642836,-3.9583094786159623,0.019095368149204525,-0.026138069848321344,0.019011876654784488,-0.021521182642969684,-3.946867859108843,1.9315104760112878,-0.03757968935544076
2022-05,2818.3,7.943889145273516,8.016490521942147,3030.5230941672176,-0.07260137666863109,0.021538238148734058,130851.0,-3.837925404994129,-3.8095780371160783,0.022157526638552267,-0.02834736787805081,0.022062045171046582,-0.023742450813216066,-3.7970471435058193,2.2436927160611764,-0.040878261488309864,0.021538238148734058,130851.0,-3.837925404994129,-3.8095780371160783,0.022157526638552267,-0.02834736787805081,0.022062045171046582,-0.023742450813216066,-3.7970471435058193,2.2436927160611764,-0.040878261488309864,0.4974933804060018,5665.0,-0.6981730281885907,-0.6983377569430984,0.49741143569058244,0.00016472875450768143,0.4966300765773012,0.0017383236928587744,-0.6917163186801436,50.07159430255428,-0.006456709508447123,0.021538238148734058,130851.0,-3.837925404994129,-3.8095780371160783,0.022157526638552267,-0.02834736787805081,0.022062045171046582,-0.023742450813216066,-3.7970471435058193,2.2436927160611764,-0.040878261488309864,0.021712802101711108,129799.0,-3.829853233788687,-3.807712100518878,0.022198909775558467,-0.022141133269808932,0.02204617446289969,-0.015121551439665653,-3.790151107871217,2.259218773578362,-0.03970212591746991,0.018550722729785946,151924.0,-3.9872465295132153,-3.959417973422426,0.019074212760269244,-0.02782855609078938,0.01898850715593159,-0.023055231385522006,-3.947749780449928,1.929807786631375,-0.03949674906328715
2022-06,2815.3,7.942824106831463,8.01679184008668,3031.4363833513085,-0.073967733255218,0.021454481718004605,131222.0,-3.8418217175302822,-3.810664473258933,0.02213346697278767,-0.03115724427134925,0.022035490954733596,-0.026366974891665864,-3.7978873104450015,2.241808431287183,-0.043934407085280736,0.021454481718004605,131222.0,-3.8418217175302822,-3.810664473258933,0.02213346697278767,-0.03115724427134925,0.022035490954733596,-0.026366974891665864,-3.7978873104450015,2.241808431287183,-0.043934407085280736,0.4961755375396546,5674.0,-0.7008255085373344,-0.699000847632425,0.4970817161278787,-0.0018246609049094031,0.4962798848787098,-0.0002102590538818228,-0.6922533792220629,50.044710044866584,-0.008572129315271515,0.021454481718004605,131222.0,-3.8418217175302822,-3.810664473258933,0.02213346697278767,-0.03115724427134925,0.022035490954733596,-0.026366974891665864,-3.7978873104450015,2.241808431287183,-0.043934407085280736,0.021620231000798674,130216.0,-3.8341257822398718,-3.8090556138662586,0.0221691052698365,-0.0250701683736132,0.022012453303882993,-0.017818200346398066,-3.79116039259035,2.256939728888964,-0.04296538964952168,0.018478189527297552,152358.0,-3.991164186869985,-3.9605264682288897,0.019053080808980074,-0.030637718641095546,0.01896513765707869,-0.025675960733107888,-3.9486317017910135,1.9281065982275944,-0.04253248507897167
2022-07,2817.9,7.943747205668579,8.017093158231214,3032.349947767466,-0.07334595256263476,0.021369420472297635,131866.0,-3.8457943287694962,-3.811750909401788,0.02210943343211934,-0.03404341936770816,0.02200893673842061,-0.029057117739203723,-3.7987274773841837,2.2399257289621075,-0.047066851385312525,0.021369420472297635,131866.0,-3.8457943287694962,-3.811750909401788,0.02210943343211934,-0.03404341936770816,0.02200893673842061,-0.029057117739203723,-3.7987274773841837,2.2399257289621075,-0.047066851385312525,0.493762046609427,5707.0,-0.7057015648681287,-0.6996639383217516,0.496752215126676,-0.006037626546377184,0.49592969318011837,-0.004370874743940923,-0.6927904397639822,50.01784022177641,-0.012911125104146493,0.021369420472297635,131866.0,-3.8457943287694962,-3.811750909401788,0.02210943343211934,-0.03404341936770816,0.02200893673842061,-0.029057117739203723,-3.7987274773841837,2.2399257289621075,-0.047066851385312525,0.02154917945031583,130766.0,-3.83741753970878,-3.8103991272136395,0.022139340779978825,-0.027018412495140698,0.021978732144866293,-0.019544016084239658,-3.7921696773094826,2.254662983244156,-0.04524786239929757,0.018408984007525872,153072.0,-3.994916472249369,-3.961634963035353,0.019031972269370902,-0.03328150921401596,0.018941768158225788,-0.028127477131460143,-3.949513623132099,1.9264069094767875,-0.045402849117269994
2022-08,2820.4,7.944633997844885,8.017394476375747,3033.263787498635,-0.07276047853086176,0.021347744801955844,132117.0,-3.846809174771705,-3.8128373455446427,0.022085425988179464,-0.03397182922706232,0.021982382522107623,-0.02887028826441017,-3.7995676443233655,2.2380446077569878,-0.047241530448339564,0.021347744801955844,132117.0,-3.846809174771705,-3.8128373455446427,0.022085425988179464,-0.03397182922706232,0.021982382522107623,-0.02887028826441017,-3.7995676443233655,2.2380446077569878,-0.047241530448339564,0.4931631404091625,5719.0,-0.7069152460704305,-0.700327029011078,0.4964229325420964,-0.00658821705935253,0.4955795014815269,-0.004875829337453937,-0.6933275003059015,49.9909848255336,-0.013587745764529036,0.021347744801955844,132117.0,-3.846809174771705,-3.8128373455446427,0.022085425988179464,-0.03397182922706232,0.021982382522107623,-0.02887028826441017,-3.7995676443233655,2.2380446077569878,-0.047241530448339564,0.02152057135880845,131056.0,-3.8387459939104978,-3.8117426405610204,0.02210961625225971,-0.027003353349477344,0.021945010985849597,-0.01934105329520366,-3.793178962028615,2.2523885343247163,-0.0455670318818826,0.018390474824271984,153362.0,-3.995922420999829,-3.9627434578418166,0.019010887115504374,-0.03317896315801239,0.01891839865937289,-0.02790531294990717,-3.950395544473184,1.9247087190569607,-0.04552687652664478
2022-09,2824.5,7.946086636765317,8.01769579452028,3034.177902627785,-0.07160915775496335,0.021351304360972732,132287.0,-3.8466424469829175,-3.813923781687498,0.022061444612630987,-0.03271866529541967,0.021955828305794636,-0.027533643295177185,-3.8004078112625477,2.236165066343974,-0.04623463572036979,0.021351304360972732,132287.0,-3.8466424469829175,-3.813923781687498,0.022061444612630987,-0.03271866529541967,0.021955828305794636,-0.027533643295177185,-3.8004078112625477,2.236165066343974,-0.04623463572036979,0.4929319371727749,5730.0,-0.7073841729434684,-0.7009901197004046,0.4960938682293577,-0.0063940532430638575,0.4952293097829355,-0.004639007758178878,-0.6938645608478209,49.96414384839213,-0.01351961209564756,0.021351304360972732,132287.0,-3.8466424469829175,-3.813923781687498,0.022061444612630987,-0.03271866529541967,0.021955828305794636,-0.027533643295177185,-3.8004078112625477,2.236165066343974,-0.04623463572036979,0.02151426286323647,131285.0,-3.839039174805984,-3.813086153908401,0.022079931633025546,-0.025953020897583112,0.0219112898268329,-0.018119744055880488,-3.7941882467477477,2.2501163798137656,-0.04485092805823632,0.01839082705004493,153582.0,-3.9959032685634006,-3.9638519526482803,0.01898982532147188,-0.03205131591512034,0.018895029160519987,-0.026684378531077264,-3.95127746581427,1.9230120256472865,-0.04462580274913064
2022-10,2824.7,7.94615744325122,8.017997112664814,3035.0922932379112,-0.07183966941359365,0.021303859236298087,132591.0,-3.8488670378760146,-3.815010217830353,0.022037489277167654,-0.033856820045661706,0.02192927408948165,-0.028519633191303066,-3.80124797820173,2.2342871033963365,-0.0476190596742847,0.021303859236298087,132591.0,-3.8488670378760146,-3.815010217830353,0.022037489277167654,-0.033856820045661706,0.02192927408948165,-0.028519633191303066,-3.80124797820173,2.2342871033963365,-0.0476190596742847,0.4914231036882394,5748.0,-0.7104498039476951,-0.701653210389731,0.495765022043774,-0.008796593557964028,0.49487911808434404,-0.0069835526895593025,-0.6944016213897402,49.937317282610174,-0.016048182557954926,0.021303859236298087,132591.0,-3.8488670378760146,-3.815010217830353,0.022037489277167654,-0.033856820045661706,0.02192927408948165,-0.028519633191303066,-3.80124797820173,2.2342871033963365,-0.0476190596742847,0.021456785622047003,131646.0,-3.8417143376187846,-3.814429667255782,0.022050286868694733,-0.02728467036300275,0.021877568667816205,-0.019233537883403384,-3.79519753146688,2.2478465173967597,-0.046516806151904344,0.01834947609117897,153939.0,-3.9981542557785716,-3.964960447454744,0.01896878686139351,-0.03319380832382768,0.018871659661667088,-0.027670251575636396,-3.9521593871553553,1.921316827928102,-0.045994868623216334
2022-11,2828.3,7.947431103426937,8.018298430809347,3036.0069594120337,-0.07086732738240986,0.021287981995950597,132859.0,-3.8496125910441137,-3.8160966539732075,0.022013559953513947,-0.033515937070906165,0.021902719873168663,-0.028066736952205386,-3.8020881451409116,2.232410717588458,-0.04752444590320204,0.021287981995950597,132859.0,-3.8496125910441137,-3.8160966539732075,0.022013559953513947,-0.033515937070906165,0.021902719873168663,-0.028066736952205386,-3.8020881451409116,2.232410717588458,-0.04752444590320204,0.4908538701839639,5762.0,-0.7116088122175366,-0.7023163010790576,0.495436393840755,-0.009292511138478954,0.49452892638575263,-0.007431428184894515,-0.6949386819316594,49.91050512045001,-0.01667013028587716,0.021287981995950597,132859.0,-3.8496125910441137,-3.8160966539732075,0.022013559953513947,-0.033515937070906165,0.021902719873168663,-0.028066736952205386,-3.8020881451409116,2.232410717588458,-0.04752444590320204,0.021448776381547515,131863.0,-3.8420876803845476,-3.8157731806031627,0.02202068190575764,-0.026314499781384892,0.02184384750879951,-0.018086151127581565,-3.7962068161860127,2.245578944761491,-0.045880864198534876,0.018336769492096835,154242.0,-3.9988469731383463,-3.9660689422612077,0.01894777170941803,-0.0327780308771386,0.01884829016281419,-0.02713883680157547,-3.9530413084964406,1.9196231245809074,-0.04580566464190561
2022-12,2829.9,7.9479966543239176,8.01859974895388,3036.9219012331973,-0.07060309462996273,0.021287847444239668,132935.0,-3.8496189116120365,-3.8171830901160626,0.021989656613425026,-0.032435821495973904,0.021876165656855677,-0.026893113804504334,-3.802928312080094,2.2305359075958338,-0.046690599531942656,0.021287847444239668,132935.0,-3.8496189116120365,-3.8171830901160626,0.021989656613425026,-0.032435821495973904,0.021876165656855677,-0.026893113804504334,-3.802928312080094,2.2305359075958338,-0.046690599531942656,0.4903656212094958,5771.0,-0.7126040003870492,-0.7029793917683842,0.4951079834758065,-0.009624608618664987,0.4941787346871612,-0.0077160614369198325,-0.6954757424735788,49.88370735417811,-0.01712825791347039,0.021287847444239668,132935.0,-3.8496189116120365,-3.8171830901160626,0.021989656613425026,-0.032435821495973904,0.021876165656855677,-0.026893113804504334,-3.802928312080094,2.2305359075958338,-0.046690599531942656,0.021442372534608303,131977.0,-3.8423862896383736,-3.817116693950543,0.02199111669077648,-0.025269595687830382,0.02181012634978281,-0.016861608652632514,-3.7972161009051457,2.2433136595980816,-0.04517018873322787,0.018335255471614985,154342.0,-3.9989295440072423,-3.9671774370676713,0.018926779839722848,-0.03175210693957098,0.018824920663961287,-0.02601154082331538,-3.953923229837526,1.9179309142883656,-0.045006314169716344
2023-01,2831.3,7.948491249119558,8.018901067098414,3037.837118784472,-0.07040981797885593,0.021238944691576587,133307.0,-3.8519187687967587,-3.8182695262589172,0.02196577922868675,-0.033649242537841406,0.02184961144054269,-0.027948631975806718,-3.803768479019276,2.2286626720950715,-0.04815028977748259,0.021238944691576587,133307.0,-3.8519187687967587,-3.8182695262589172,0.02196577922868675,-0.033649242537841406,0.02184961144054269,-0.027948631975806718,-3.803768479019276,2.2286626720950715,-0.04815028977748259,0.48942091616248923,5785.0,-0.7145323905082194,-0.7036424824577108,0.49477979080453,-0.010889908050508601,0.4938285429885698,-0.008925419335638948,-0.6960128030154981,49.85692397606508,-0.018519587492721312,0.021238944691576587,133307.0,-3.8519187687967587,-3.8182695262589172,0.02196577922868675,-0.033649242537841406,0.02184961144054269,-0.027948631975806718,-3.803768479019276,2.2286626720950715,-0.04815028977748259,0.021401898829861217,132292.0,-3.844275630523291,-3.818460207297924,0.021961591170385174,-0.025815423225366896,0.021776405190766113,-0.017197804579044983,-3.7982253856242782,2.2410506595989887,-0.04605024489901277,0.018292887786220086,154776.0,-4.0012429402387655,-3.968285931874135,0.018905811226513972,-0.03295700836463045,0.01880155116510839,-0.02705433048695851,-3.9548051511786113,1.9162401957342992,-0.046437789060154167
2023-02,2828.5,7.947501814783211,8.019202385242947,3038.7526121489527,-0.07170057045973621,0.02117267501047967,133592.0,-3.855043843269058,-3.8193559624017723,0.02194192777111559,-0.03568788086728558,0.021823057224229704,-0.029802525240502354,-3.8046086459584583,2.2267910097638914,-0.050435197310599644,0.02117267501047967,133592.0,-3.855043843269058,-3.8193559624017723,0.02194192777111559,-0.03568788086728558,0.021823057224229704,-0.029802525240502354,-3.8046086459584583,2.2267910097638914,-0.050435197310599644,0.48893690579083837,5785.0,-0.7155218248445666,-0.7043055731470372,0.4944518156826227,-0.011216251697529378,0.4934783512899784,-0.009202927519046097,-0.6965498635574174,49.830154978385686,-0.018971961287149175,0.02117267501047967,133592.0,-3.855043843269058,-3.8193559624017723,0.02194192777111559,-0.03568788086728558,0.021823057224229704,-0.029802525240502354,-3.8046086459584583,2.2267910097638914,-0.050435197310599644,0.02134265966437281,132528.0,-3.847047408054835,-3.8198037206453046,0.021932105291289347,-0.027243687409530537,0.021742684031749414,-0.018398113443237933,-3.799234670343411,2.238789942458993,-0.04781273771142436,0.018240620123044383,155066.0,-4.004104296939945,-3.9693944266805983,0.018884865844026,-0.03470987025934713,0.018778181666255486,-0.028626922071858803,-3.9556870725196966,1.914550967603693,-0.04841722442024876
2023-03,2828.8,7.947607872443324,8.01950370338748,3039.6683814097596,-0.07189583094415575,0.02116003171611089,133686.0,-3.855641173122137,-3.820442398544627,0.021918102212558643,-0.03519877457750997,0.021796503007916718,-0.029200614959870214,-3.80544881289764,2.224920919281124,-0.05019236022449691,0.02116003171611089,133686.0,-3.855641173122137,-3.820442398544627,0.021918102212558643,-0.03519877457750997,0.021796503007916718,-0.029200614959870214,-3.80544881289764,2.224920919281124,-0.05019236022449691,0.48865088961824155,5789.0,-0.7161069716356802,-0.7049686638363638,0.4941240579658774,-0.01113830779931635,0.49312815959138695,-0.009079323267313174,-0.6970869240993367,49.803400353418844,-0.019020047536343454,0.02116003171611089,133686.0,-3.855641173122137,-3.820442398544627,0.021918102212558643,-0.03519877457750997,0.021796503007916718,-0.029200614959870214,-3.80544881289764,2.224920919281124,-0.05019236022449691,0.021340736605458908,132554.0,-3.8471375161101102,-3.8211472339926855,0.02190265900026613,-0.025990282117424712,0.021708962872732718,-0.01696194652100659,-3.8002439550625433,2.2365315058752024,-0.04689356104756692,0.018234558510706874,155134.0,-4.004436666108259,-3.970502921487062,0.018863943666522047,-0.03393374462119736,0.018754812167402587,-0.027739742315306005,-3.956568993860782,1.9128632285826896,-0.047867672247477344
2023-04,2831.0,7.9483852851118995,8.019805021532013,3040.5844266500376,-0.0714197364201139,0.02114280166394073,133899.0,-3.856455778279581,-3.821528834687482,0.021894302524893546,-0.034926943592099136,0.02176994879160373,-0.02880792847362502,-3.8062889798368222,2.2230523993267073,-0.05016679844275895,0.02114280166394073,133899.0,-3.856455778279581,-3.821528834687482,0.021894302524893546,-0.034926943592099136,0.02176994879160373,-0.02880792847362502,-3.8062889798368222,2.2230523993267073,-0.05016679844275895,0.48827181786823043,5798.0,-0.7168830243697012,-0.7056317545256904,0.49379651751018255,-0.011251269844010814,0.49277796789279554,-0.009144382091257442,-0.697623984641256,49.7766600934476,-0.019259039728445226,0.02114280166394073,133899.0,-3.856455778279581,-3.821528834687482,0.021894302524893546,-0.034926943592099136,0.02176994879160373,-0.02880792847362502,-3.8062889798368222,2.2230523993267073,-0.05016679844275895,0.021328531714042476,132733.0,-3.8477095855282166,-3.8224907473400664,0.021873252244164136,-0.025218838188150183,0.02167524171371602,-0.015995669356441318,-3.801253239781676,2.234275347547047,-0.046456345746540784,0.018220434432823812,155375.0,-4.005211543701113,-3.9716114162935257,0.01884304466829377,-0.033600127407587,0.01873144266854969,-0.027280773017225493,-3.9574509152018673,1.9111769773585907,-0.04776062849924534
2023-05,2837.2,7.950572929327931,8.020106339676547,3041.5007479529568,-0.06953341034861538,0.021144888544407096,134179.0,-3.8563570790856656,-3.8226152708303367,0.021870528680028506,-0.03374180825532891,0.021743394575290745,-0.027525878206882765,-3.8071291467760044,2.22118544858169,-0.04922793230966116,0.021144888544407096,134179.0,-3.8563570790856656,-3.8226152708303367,0.021870528680028506,-0.03374180825532891,0.021743394575290745,-0.027525878206882765,-3.8071291467760044,2.22118544858169,-0.04922793230966116,0.4879944960440316,5814.0,-0.7174511517908896,-0.7062948452150168,0.49346919417152224,-0.011156306575872743,0.4924277761942041,-0.009002904313066346,-0.6981610451831753,49.74993419075916,-0.01929010660771424,0.021144888544407096,134179.0,-3.8563570790856656,-3.8226152708303367,0.021870528680028506,-0.03374180825532891,0.021743394575290745,-0.027525878206882765,-3.8071291467760044,2.22118544858169,-0.04922793230966116,0.021343082605523082,132933.0,-3.8470275915480676,-3.823834260687447,0.021843884969903353,-0.023193330860620698,0.021641520554699326,-0.01379006379990426,-3.802262524500809,2.2320214651762775,-0.0447650670472588,0.018227490282997656,155655.0,-4.004824369379556,-3.9727199110999893,0.0188221688236613,-0.032104458279567094,0.018708073169696787,-0.025688529349862498,-3.9583328365429526,1.9094922126198548,-0.04649153283660379
2023-06,2844.3,7.953072270592023,8.02040765782108,3042.4173454017127,-0.06733538722905674,0.021169404356983904,134359.0,-3.8551983304152317,-3.823701706973192,0.021846780649902205,-0.03149662344203996,0.02171684035897776,-0.025207902850726827,-3.807969313715186,2.2193200657282293,-0.047229016700045534,0.021169404356983904,134359.0,-3.8551983304152317,-3.823701706973192,0.021846780649902205,-0.03149662344203996,0.02171684035897776,-0.025207902850726827,-3.807969313715186,2.2193200657282293,-0.047229016700045534,0.4877894014748757,5831.0,-0.7178715206301328,-0.7069579359043434,0.49314208780597574,-0.010913584725789405,0.4920775844956127,-0.008714444949026533,-0.6986981057250946,49.72322263764486,-0.01917341490503821,0.021169404356983904,134359.0,-3.8551983304152317,-3.823701706973192,0.021846780649902205,-0.03149662344203996,0.02171684035897776,-0.025207902850726827,-3.807969313715186,2.2193200657282293,-0.047229016700045534,0.021371573695599905,133088.0,-3.845693571950615,-3.825177774034828,0.02181455712447499,-0.02051579791578728,0.02160779939568263,-0.010932427488655944,-3.8032718092199413,2.2297698564669655,-0.04242176273067377,0.018246728252501926,155880.0,-4.003769488860622,-3.973828405906453,0.018801316106973213,-0.029941082954169307,0.018684703670843884,-0.023440319207490946,-3.959214757884038,1.9078089330560968,-0.044554730976584356
2023-07,2851.8,7.955705652848019,8.020708975965613,3043.3342190795256,-0.06500332311759394,0.021199348810240628,134523.0,-3.853784814274015,-3.824788143116047,0.021823058406483808,-0.028996671157968112,0.021690286142664772,-0.022633972147489138,-3.8088094806543684,2.2174562494495857,-0.04497533361964656,0.021199348810240628,134523.0,-3.853784814274015,-3.824788143116047,0.021823058406483808,-0.028996671157968112,0.021690286142664772,-0.022633972147489138,-3.8088094806543684,2.2174562494495857,-0.04497533361964656,0.48782073212452964,5846.0,-0.7178072928231723,-0.70762102659367,0.492815198269718,-0.010186266229502361,0.49172739279702127,-0.007944769255725079,-0.6992351662670139,49.696525426400186,-0.018572126556158475,0.021199348810240628,134523.0,-3.853784814274015,-3.824788143116047,0.021823058406483808,-0.028996671157968112,0.021690286142664772,-0.022633972147489138,-3.8088094806543684,2.2174562494495857,-0.04497533361964656,0.02140894554299356,133206.0,-3.8439464282709546,-3.8265212873822083,0.021785268654941476,-0.01742514088874625,0.02157407823666593,-0.00765421780068093,-3.804281093939074,2.227520519125496,-0.039665334331880686,0.01827573168934204,156043.0,-4.002181236427289,-3.9749369007129163,0.018780486492606517,-0.027244335714372347,0.018661334171990986,-0.02066317869317721,-3.9600966792251233,1.9061271373580866,-0.04208455720216531
2023-08,2861.1,7.958961445252976,8.021010294110146,3044.251369069641,-0.062048848857170213,0.02123785416836776,134717.0,-3.8519701155666817,-3.8258745792589015,0.021799361921772932,-0.026095536307780165,0.021663731926351786,-0.0196585592654046,-3.8096496475935506,2.215593998430129,-0.04232046797313105,0.02123785416836776,134717.0,-3.8519701155666817,-3.8258745792589015,0.021799361921772932,-0.026095536307780165,0.021663731926351786,-0.0196585592654046,-3.8096496475935506,2.215593998430129,-0.04232046797313105,0.4870786516853932,5874.0,-0.719329666505589,-0.7082841172829966,0.4924885254190191,-0.011045549222592488,0.49137720109842986,-0.008747962671909934,-0.6997722268089333,49.66984254932474,-0.0195574396966558,0.02123785416836776,134717.0,-3.8519701155666817,-3.8258745792589015,0.021799361921772932,-0.026095536307780165,0.021663731926351786,-0.0196585592654046,-3.8096496475935506,2.215593998430129,-0.04232046797313105,0.02145492448670456,133354.0,-3.841801080157774,-3.8278648007295892,0.021756019508436277,-0.013936279428184761,0.02154035707764923,-0.003966164100098339,-3.8052903786582064,2.2252734508605694,-0.03651070149956759,0.018309750993530056,156261.0,-4.000321519867708,-3.97604539551938,0.01875967995496658,-0.0242761243483276,0.018637964673138087,-0.017609952876510567,-3.960978600566209,1.9044468242177468,-0.03934291930149847
2023-09,2858.5,7.958052290704026,8.02131161225468,3045.1687954553286,-0.06325932155065406,0.021197469800001482,134851.0,-3.8538734534833696,-3.8269610154017566,0.021775691167799566,-0.026912438081613033,0.0216371777100388,-0.020321869882009156,-3.8104898145327324,2.213733311355332,-0.04338363895063724,0.021197469800001482,134851.0,-3.8538734534833696,-3.8269610154017566,0.021775691167799566,-0.026912438081613033,0.0216371777100388,-0.020321869882009156,-3.8104898145327324,2.213733311355332,-0.04338363895063724,0.4858915519292878,5883.0,-0.72176982416043,-0.708947207972323,0.4921620691102447,-0.012822616188106983,0.4910270093998384,-0.010458604867433793,-0.7003092873508525,49.643173998722276,-0.02146053680957749,0.021197469800001482,134851.0,-3.8538734534833696,-3.8269610154017566,0.021775691167799566,-0.026912438081613033,0.0216371777100388,-0.020321869882009156,-3.8104898145327324,2.213733311355332,-0.04338363895063724,0.021416958244985726,133469.0,-3.843572229415732,-3.82920831407697,0.021726809632163856,-0.014363915338762023,0.021506635918632534,-0.00416976760038584,-3.806299663377339,2.2230286493831954,-0.03727256603839324,0.018274867821272623,156417.0,-4.002228506134552,-3.9771538903258437,0.01873889646848715,-0.025074615808708067,0.018614595174285185,-0.018250590455057124,-3.9618605219072944,1.902767992328157,-0.04036798422725729
2023-10,2862.5,7.959450647862495,8.021612930399213,3046.0864983198844,-0.062162282536718294,0.021200562879573396,135020.0,-3.8537275467333663,-3.8280474515446112,0.0217520461166241,-0.025680095188755026,0.021610623493725813,-0.01897495527009987,-3.8113299814719146,2.211874186911772,-0.042397565261451664,0.021200562879573396,135020.0,-3.8537275467333663,-3.8280474515446112,0.0217520461166241,-0.025680095188755026,0.021610623493725813,-0.01897495527009987,-3.8113299814719146,2.211874186911772,-0.042397565261451664,0.48574580010181573,5893.0,-0.7220698369754183,-0.7096102986616496,0.4918358291998552,-0.01245953831376867,0.490676817701247,-0.010049420354791571,-0.7008463478927718,49.616519766900694,-0.021223489082646485,0.021200562879573396,135020.0,-3.8537275467333663,-3.8280474515446112,0.0217520461166241,-0.025680095188755026,0.021610623493725813,-0.01897495527009987,-3.8113299814719146,2.211874186911772,-0.042397565261451664,0.021428624899874984,133583.0,-3.8430276386168085,-3.8305518274243506,0.02169763897339957,-0.012475811192457886,0.021472914759615838,-0.0020625918854831195,-3.8073089480964715,2.2207861124066945,-0.03571869052033705,0.018281856734109952,156576.0,-4.001846146226355,-3.9782623851323073,0.018718136007630292,-0.023583761094047695,0.018591225675432286,-0.016640588776841898,-3.9627424432483798,1.9010906403835452,-0.039103702977975274
2023-11,2872.4,7.962903196236162,8.021914248543746,3047.0044777466296,-0.05901105230758397,0.02125814091178212,135120.0,-3.851015355245519,-3.8291338876874663,0.02172842674033723,-0.02188146755805276,0.021584069277412826,-0.015100413246531856,-3.812170148411097,2.2100166237871286,-0.038845206834422275,0.02125814091178212,135120.0,-3.851015355245519,-3.8291338876874663,0.02172842674033723,-0.02188146755805276,0.021584069277412826,-0.015100413246531856,-3.812170148411097,2.2100166237871286,-0.038845206834422275,0.4864352243861135,5905.0,-0.7206515323953002,-0.7102733893509761,0.4915098055444066,-0.010378143044324162,0.4903266260026556,-0.00793634571360405,-0.7013834084346912,49.58987984617198,-0.019268123960609063,0.02125814091178212,135120.0,-3.851015355245519,-3.8291338876874663,0.02172842674033723,-0.02188146755805276,0.021584069277412826,-0.015100413246531856,-3.812170148411097,2.2100166237871286,-0.038845206834422275,0.021489223218894717,133667.0,-3.840203715146911,-3.8318953407717316,0.021668507479489535,-0.008308374375179284,0.021439193600599142,0.0023335587722001063,-3.808318232815604,2.2185458376466944,-0.031885482331306836,0.018330217034772788,156703.0,-3.999204376787484,-3.979370879938771,0.01869739854688637,-0.01983349684871305,0.018567856176579384,-0.012798415689278244,-3.963624364589465,1.899414767079292,-0.035580012198018984
2023-12,2877.4,7.964642387602932,8.02221556668828,3047.922733818909,-0.05757317908534709,0.021275148432127886,135247.0,-3.850215627713764,-3.8302203238303214,0.02170483301105999,-0.019995303883442617,0.02155751506109984,-0.013098292088473556,-3.813010315350279,2.2081606206701845,-0.03720531236348501,0.021275148432127886,135247.0,-3.850215627713764,-3.8302203238303214,0.02170483301105999,-0.019995303883442617,0.02155751506109984,-0.013098292088473556,-3.813010315350279,2.2081606206701845,-0.03720531236348501,0.48719945817812393,5906.0,-0.7190816747009353,-0.7109364800403026,0.4911839980005496,-0.008145194660632682,0.4899764343040641,-0.0056675707881430155,-0.7019204689766104,49.5632542288523,-0.01716120572432489,0.021275148432127886,135247.0,-3.850215627713764,-3.8302203238303214,0.02170483301105999,-0.019995303883442617,0.02155751506109984,-0.013098292088473556,-3.813010315350279,2.2081606206701845,-0.03720531236348501,0.021510697785685453,133766.0,-3.839204896168905,-3.833238854119112,0.021639415097850594,-0.005966042049792897,0.021405472441582446,0.004915815074401037,-3.809327517534737,2.216307822821124,-0.02987737863416795,0.018344096852547224,156857.0,-3.99844745364614,-3.9804793747452347,0.018676684060773996,-0.017968078900905127,0.018544486677726485,-0.010805897659057115,-3.9645062859305504,1.8977403711119272,-0.033941167715589415
2024-01,2882.2,7.966309170404261,8.022516884832813,3048.8412666200943,-0.05620771442855155,0.021286401134408165,135401.0,-3.8496868545531497,-3.831306759973176,0.02168126490094368,-0.018380094579973694,0.021530960844786853,-0.011358513544364271,-3.8138504822894608,2.206306176250825,-0.035836372263688965,0.021286401134408165,135401.0,-3.8496868545531497,-3.831306759973176,0.02168126490094368,-0.018380094579973694,0.021530960844786853,-0.011358513544364271,-3.8138504822894608,2.206306176250825,-0.035836372263688965,0.4871049518336995,5917.0,-0.7192756722724328,-0.7115995707296292,0.4908584064250303,-0.007676101542803626,0.4896262426054727,-0.005149419194438066,-0.7024575295185298,49.53664290726189,-0.01681814275390303,0.021286401134408165,135401.0,-3.8496868545531497,-3.831306759973176,0.02168126490094368,-0.018380094579973694,0.021530960844786853,-0.011358513544364271,-3.8138504822894608,2.206306176250825,-0.035836372263688965,0.0215263047829594,133892.0,-3.8384796134109713,-3.834582367466493,0.021610361775970154,-0.003897245944478378,0.02137175128256575,0.007231672236412706,-3.8103368022538695,2.2140720656502197,-0.02814281115710182,0.01835422079576137,157032.0,-3.9978957148134233,-3.9815878695516984,0.018655992523840027,-0.016307845261724907,0.018521117178873586,-0.009011140175852262,-3.9653882072716358,1.8960674511791307,-0.03250750754178755
2024-02,2891.4,7.969496092874342,8.022818202977346,3049.7600762335805,-0.053322110103003695,0.021319707125002765,135621.0,-3.8481234168800316,-3.832393196116031,0.021657722382169814,-0.015730220764000435,0.021504406628473867,-0.008588914200801151,-3.814690649228643,2.2044532892200315,-0.033432767651388584,0.021319707125002765,135621.0,-3.8481234168800316,-3.832393196116031,0.021657722382169814,-0.015730220764000435,0.021504406628473867,-0.008588914200801151,-3.814690649228643,2.2044532892200315,-0.033432767651388584,0.4875885328836425,5930.0,-0.718283399117429,-0.7122626614189558,0.4905330306746895,-0.006020737698473222,0.4892760509068813,-0.003449010063155464,-0.7029945900604491,49.510045873725176,-0.015288809056979935,0.021319707125002765,135621.0,-3.8481234168800316,-3.832393196116031,0.021657722382169814,-0.015730220764000435,0.021504406628473867,-0.008588914200801151,-3.814690649228643,2.2044532892200315,-0.033432767651388584,0.021573265088377716,134027.0,-3.836300458299125,-3.835925880813874,0.021581347461406154,-0.0003745774852510486,0.02133803012354905,0.011024211863355464,-3.811346086973002,2.2118385638565137,-0.02495437132612288,0.018388684669100347,157238.0,-3.9960197671707425,-3.9826963643581617,0.018635323910659515,-0.01332340281258082,0.018497747680020684,-0.005896015709963188,-3.966270128612721,1.8943960059797302,-0.029749638558021374
2024-03,2899.2,7.97219011584866,8.02311952112188,3050.67916274279,-0.05092940527321943,0.021344327468158727,135830.0,-3.8469692669678763,-3.8334796322588858,0.021634205426950145,-0.013489634708990561,0.02147785241216088,-0.006216866632650437,-3.815530816167825,2.2026019582698875,-0.03143845080005114,0.021344327468158727,135830.0,-3.8469692669678763,-3.8334796322588858,0.021634205426950145,-0.013489634708990561,0.02147785241216088,-0.006216866632650437,-3.815530816167825,2.2026019582698875,-0.03143845080005114,0.4878344270570419,5943.0,-0.7177792195180005,-0.7129257521082822,0.49020787060646304,-0.0048534674097182595,0.4889258592082899,-0.002232306045369244,-0.7035316506023683,49.48346312057063,-0.01424756891563217,0.021344327468158727,135830.0,-3.8469692669678763,-3.8334796322588858,0.021634205426950145,-0.013489634708990561,0.02147785241216088,-0.006216866632650437,-3.815530816167825,2.2026019582698875,-0.03143845080005114,0.021608407244540506,134170.0,-3.8346728157358574,-3.8372693941612543,0.02155237210178694,0.002596578425396956,0.02130430896453235,0.014274026935791296,-3.8123553716921346,2.2096073151648357,-0.022317444043722823,0.0184115936138595,157466.0,-3.9947747250793584,-3.9838048591646253,0.018614678195835663,-0.010969865914733035,0.018474378181167785,-0.0033984671469098524,-3.9671520499538064,1.8927260342136993,-0.027622675125551943
2024-04,2903.5,7.973672184812105,8.023420839266413,3051.5985262311683,-0.04974865445430776,0.021365131457920957,135899.0,-3.8459950569483285,-3.834566068401741,0.021610714007526573,-0.011428988546587693,0.021451298195847894,-0.00401685423139637,-3.816370983107007,2.2007521820935767,-0.029624073841321596,0.021365131457920957,135899.0,-3.8459950569483285,-3.834566068401741,0.021610714007526573,-0.011428988546587693,0.021451298195847894,-0.00401685423139637,-3.816370983107007,2.2007521820935767,-0.029624073841321596,0.4882293593408441,5947.0,-0.7169699848944892,-0.7135888427976088,0.4898829260773814,-0.0033811420968803407,0.48857566750969844,-0.0007088117396830091,-0.7040687111442877,49.45689464013091,-0.012901273750201447,0.021365131457920957,135899.0,-3.8459950569483285,-3.834566068401741,0.021610714007526573,-0.011428988546587693,0.021451298195847894,-0.00401685423139637,-3.816370983107007,2.2007521820935767,-0.029624073841321596,0.021630299553760998,134233.0,-3.8336601901181053,-3.8386129075086353,0.02152343564481115,0.004952717390529937,0.021270587805515655,0.016911227443938637,-3.813364656411267,2.2073783173023127,-0.02029553370683823,0.018431409890179648,157530.0,-3.99369901048791,-3.984913353971089,0.01859405535399983,-0.00878565651682095,0.018451008682314883,-0.0010622070843216435,-3.9680339712948918,1.8910575345821592,-0.025665039193018213
2024-05,2907.7,7.975117669645289,8.023722157410946,3052.518166782187,-0.04860448776565729,0.021382819911312443,135983.0,-3.8451674872597494,-3.8356525045445955,0.021587248096171165,-0.009514982715153941,0.021424743979534908,-0.001956806030564978,-3.817211150046189,2.1989039593853748,-0.02795633721356028,0.021382819911312443,135983.0,-3.8451674872597494,-3.8356525045445955,0.021587248096171165,-0.009514982715153941,0.021424743979534908,-0.001956806030564978,-3.817211150046189,2.1989039593853748,-0.02795633721356028,0.4887712220541267,5949.0,-0.7158607475426173,-0.7142519334869353,0.4895581969445701,-0.0016088140556820285,0.48822547581110703,0.0011178159888379547,-0.704605771686207,49.43034042474275,-0.011254975856410332,0.021382819911312443,135983.0,-3.8451674872597494,-3.8356525045445955,0.021587248096171165,-0.009514982715153941,0.021424743979534908,-0.001956806030564978,-3.817211150046189,2.1989039593853748,-0.02795633721356028,0.021654329078478977,134278.0,-3.832549887086943,-3.839956420856016,0.021494538038247663,0.007406533769072965,0.02123686664649896,0.01965744000416557,-3.8143739411303996,2.205151567998362,-0.018175945956543593,0.018448936602202932,157608.0,-3.9927485468936297,-3.9860218487775527,0.018573455359811482,-0.006726698116076957,0.018427639183461984,0.0011557323501353157,-3.968915892635977,1.8893905057873754,-0.023832654257652575
2024-06,2915.3,7.9777280094410825,8.02402347555548,3053.4380844793427,-0.04629546611439661,0.021425789144893986,136065.0,-3.843159982276072,-3.8367389406874506,0.021563807665186063,-0.006421041588621446,0.02139818976322192,0.0012897998371573245,-3.8180513169853714,2.1970572888406594,-0.02510866529070066,0.021425789144893986,136065.0,-3.843159982276072,-3.8367389406874506,0.021563807665186063,-0.006421041588621446,0.02139818976322192,0.0012897998371573245,-3.8180513169853714,2.1970572888406594,-0.02510866529070066,0.4889802079838981,5962.0,-0.7154332647969346,-0.7149150241762618,0.489233683065249,-0.0005182406206727386,0.48787528411251563,0.0022647670569998055,-0.7051428322281263,49.40380046674701,-0.010290432568808239,0.021425789144893986,136065.0,-3.843159982276072,-3.8367389406874506,0.021563807665186063,-0.006421041588621446,0.02139818976322192,0.0012897998371573245,-3.8180513169853714,2.1970572888406594,-0.02510866529070066,0.021698323856024295,134356.0,-3.83052026307688,-3.8412999342033967,0.021465679229935492,0.010779671126516455,0.021203145487482263,0.02335400513260506,-3.8153832258495326,2.202927064984692,-0.015137037227347605,0.018486952661783823,157695.0,-3.990690057236959,-3.9871303435840164,0.018552878187958147,-0.0035597136529426088,0.018404269684609086,0.004492597565220571,-3.9697978139770624,1.8877249465327575,-0.02089224325989658
2024-07,2913.1,7.976973085240792,8.024324793700012,3054.3582794061567,-0.0473517084592201,0.021402227577289292,136112.0,-3.844260269974873,-3.8378253768303052,0.02154039268690353,-0.006434893144567688,0.021371635546908935,0.0014314314088507852,-3.8188914839245536,2.1952121691559014,-0.025368786050319336,0.021402227577289292,136112.0,-3.844260269974873,-3.8378253768303052,0.02154039268690353,-0.006434893144567688,0.021371635546908935,0.0014314314088507852,-3.8188914839245536,2.1952121691559014,-0.025368786050319336,0.4886931722865291,5961.0,-0.7160204459791341,-0.7155781148655884,0.48890938429673303,-0.00044233111354563537,0.48752509241392417,0.00239593795433443,-0.7056798927700456,49.37727475848867,-0.010340553209088443,0.021402227577289292,136112.0,-3.844260269974873,-3.8378253768303052,0.02154039268690353,-0.006434893144567688,0.021371635546908935,0.0014314314088507852,-3.8188914839245536,2.1952121691559014,-0.025368786050319336,0.021683240539494445,134348.0,-3.83121564220153,-3.8426434475507776,0.021436859167783647,0.011427805349247588,0.021169424328465566,0.024271619438322338,-3.816392510568665,2.2007048059953025,-0.014823131632864861,0.018466795141618277,157748.0,-3.991781016793866,-3.98823883839048,0.0185323238131554,-0.003542178403385776,0.018380900185756183,0.004673054909936132,-3.9706797353181478,1.8860608555228573,-0.021101281475718103
2024-08,2916.4,7.978105257932275,8.024626111844546,3055.2787516461767,-0.04652085391227079,0.021423796545923354,136129.0,-3.8432529866279204,-3.8389118129731603,0.021517003133685816,-0.0043411736547600555,0.02134508133059595,0.0036877449239125265,-3.8197316508637353,2.1933685990286675,-0.023521335764185025,0.021423796545923354,136129.0,-3.8432529866279204,-3.8389118129731603,0.021517003133685816,-0.0043411736547600555,0.02134508133059595,0.0036877449239125265,-3.8197316508637353,2.1933685990286675,-0.023521335764185025,0.48957528957528956,5957.0,-0.7142170196964123,-0.716241205554915,0.48858530049643145,0.002024185858502725,0.48717490071533276,0.004927160361570853,-0.7062169533119649,49.35076329231681,-0.00800006638444739,0.021423796545923354,136129.0,-3.8432529866279204,-3.8389118129731603,0.021517003133685816,-0.0043411736547600555,0.02134508133059595,0.0036877449239125265,-3.8197316508637353,2.1933685990286675,-0.023521335764185025,0.021712167122043463,134321.0,-3.8298824786991172,-3.8439869608981585,0.021408077799771108,0.014104482199041257,0.02113570316944887,0.027274415616692468,-3.8174017952877977,2.198484788766476,-0.012480683411319582,0.018486659862953784,157757.0,-3.9907058954961956,-3.9893473331969433,0.018511792210146844,-0.0013585622992522417,0.01835753068690328,0.007034125572380313,-3.971561656659233,1.88439823146337,-0.01914423883696248
2024-09,2916.6,7.978173833279465,8.024927429989079,3056.1995012829743,-0.04675359670961399,0.021401840355743405,136278.0,-3.8442783627200066,-3.8399982491160154,0.021493638977925233,-0.004280113603991165,0.021318527114282962,0.003908020521953664,-3.8205718178029175,2.191526577157616,-0.023706544917089012,0.021401840355743405,136278.0,-3.8442783627200066,-3.8399982491160154,0.021493638977925233,-0.004280113603991165,0.021318527114282962,0.003908020521953664,-3.8205718178029175,2.191526577157616,-0.023706544917089012,0.4894445376741064,5959.0,-0.7144841274675141,-0.7169042962442415,0.4882614315218481,0.0024201687767273494,0.48682470901674135,0.0053814619694559284,-0.7067540138538843,49.32426606058461,-0.007730113613629852,0.021401840355743405,136278.0,-3.8442783627200066,-3.8399982491160154,0.021493638977925233,-0.004280113603991165,0.021318527114282962,0.003908020521953664,-3.8205718178029175,2.191526577157616,-0.023706544917089012,0.021690725329644587,134463.0,-3.8308705139627603,-3.845330474245539,0.021379335073946702,0.014459960282778628,0.02110198201043217,0.02789990622309125,-3.81841108000693,2.1962670110367775,-0.012459433955830157,0.018469780637316986,157912.0,-3.991619361543359,-3.990455828003407,0.01849128335370403,-0.0011635335399517999,0.018334161188050382,0.00739709048456471,-3.972443578000319,1.8827370730611297,-0.019175783543039948
2024-10,2915.5,7.977796610662211,8.025228748133612,3057.1205284001467,-0.04743213747140107,0.021380276319263147,136364.0,-3.8452864492749685,-3.84108468525887,0.02147030019204405,-0.004201764016098508,0.021291972897969975,0.004147263464795736,-3.8214119847420998,2.1896861022425,-0.02387446453286879,0.021380276319263147,136364.0,-3.8452864492749685,-3.84108468525887,0.02147030019204405,-0.004201764016098508,0.021291972897969975,0.004147263464795736,-3.8214119847420998,2.1896861022425,-0.02387446453286879,0.4890137537739014,5962.0,-0.7153646635758061,-0.717567386933568,0.4879377772305812,0.0022027233577619487,0.48647451731814995,0.005219670024546834,-0.7072910743958035,49.29778305564938,-0.00807358918000256,0.021380276319263147,136364.0,-3.8452864492749685,-3.84108468525887,0.02147030019204405,-0.004201764016098508,0.021291972897969975,0.004147263464795736,-3.8214119847420998,2.1896861022425,-0.02387446453286879,0.021683189671200885,134459.0,-3.8312179881771296,-3.84667398759292,0.02135063093842897,0.015455999415790345,0.02106826085141547,0.02918745045555575,-3.8194203647260627,2.194051470547056,-0.01179762345106683,0.01845895723194783,157945.0,-3.9922055394797606,-3.9915643228098707,0.018470797218626482,-0.0006412166698899213,0.018310791689197484,0.008091705987663966,-3.973325499341404,1.8810773790241135,-0.018880040138356424
2024-11,2916.0,7.977968093128549,8.025530066278145,3058.041833081317,-0.047561973149596426,0.02136623753452963,136477.0,-3.8459432881126934,-3.842171121401725,0.021446986748494462,-0.00377216671096825,0.02126541868165699,0.004740976624156636,-3.8222521516812815,2.1878471729841653,-0.023691136431411852,0.02136623753452963,136477.0,-3.8459432881126934,-3.842171121401725,0.021446986748494462,-0.00377216671096825,0.02126541868165699,0.004740976624156636,-3.8222521516812815,2.1878471729841653,-0.023691136431411852,0.4886058981233244,5968.0,-0.716199048755048,-0.7182304776228946,0.48761433748032346,0.002031428867846574,0.4861243256195585,0.005104810380766642,-0.7078281349377228,49.271314269872526,-0.008370913817325243,0.02136623753452963,136477.0,-3.8459432881126934,-3.842171121401725,0.021446986748494462,-0.00377216671096825,0.02126541868165699,0.004740976624156636,-3.8222521516812815,2.1878471729841653,-0.023691136431411852,0.021668214750139327,134575.0,-3.8319088503006093,-3.8480175009403004,0.02132196534140615,0.016108650639691025,0.021034539692398775,0.03012545399172878,-3.8204296494451953,2.1918381650404393,-0.011479200855414096,0.01844647296604862,158079.0,-3.9928820939222063,-3.9926728176163344,0.018450333779741642,-0.00020927630587186385,0.01828742219034458,0.008697276961649406,-3.9742074206824896,1.8794191480614355,-0.01867467323971672
2024-12,2917.2,7.978379531110078,8.02583138442268,3058.9634154101373,-0.04745185331260249,0.02133625891387822,136725.0,-3.8473473571048955,-3.8432575575445798,0.021423698619758617,-0.004089799560315743,0.021238864465344003,0.004585671173387747,-3.8230923186204637,2.1860097880845455,-0.02425503848443178,0.02133625891387822,136725.0,-3.8473473571048955,-3.8432575575445798,0.021423698619758617,-0.004089799560315743,0.021238864465344003,0.004585671173387747,-3.8230923186204637,2.1860097880845455,-0.02425503848443178,0.4884795713328868,5972.0,-0.7164576275490031,-0.7188935683122211,0.48729111212886195,0.0024359407632179586,0.4857741339209671,0.00556933196521299,-0.7083651954796422,49.244859695619525,-0.008092432069360944,0.02133625891387822,136725.0,-3.8473473571048955,-3.8432575575445798,0.021423698619758617,-0.004089799560315743,0.021238864465344003,0.004585671173387747,-3.8230923186204637,2.1860097880845455,-0.02425503848443178,0.021643036791381957,134787.0,-3.833071502530571,-3.8493610142876813,0.021293338231136015,0.016289511757110464,0.02100081853338208,0.03058062984445265,-3.8214389341643282,2.189627092262329,-0.011632568366242602,0.018426438262715075,158316.0,-3.993968783561699,-3.993781312422798,0.018429893011904838,-0.00018747113890071887,0.018264052691491683,0.008890993360911618,-3.975089342023575,1.8777623788833477,-0.01887944153812393
2025-01,2917.8,7.978585186637795,8.026132702567214,3059.8852754702702,-0.04754751592941897,0.021343144928278317,136709.0,-3.847024671507631,-3.844343993687435,0.021400435778348503,-0.002680677820196209,0.021212310249031016,0.006167865626672,-3.823932485559646,2.1841739462466676,-0.023092185947985122,0.021343144928278317,136709.0,-3.847024671507631,-3.844343993687435,0.021400435778348503,-0.002680677820196209,0.021212310249031016,0.006167865626672,-3.823932485559646,2.1841739462466676,-0.023092185947985122,0.48833472803347283,5975.0,-0.7167541901619162,-0.7195566590015476,0.48696810103407784,0.0028024688396314223,0.48542394222237567,0.005996378748380137,-0.7089022560215614,49.21841932526,-0.007851934140354788,0.021343144928278317,136709.0,-3.847024671507631,-3.844343993687435,0.021400435778348503,-0.002680677820196209,0.021212310249031016,0.006167865626672,-3.823932485559646,2.1841739462466676,-0.023092185947985122,0.0216597011379917,134711.0,-3.832301835381137,-3.850704527635062,0.021264749555945817,0.018402692253925323,0.020967097374365383,0.03303288725472815,-3.8224482188834608,2.1874182499604053,-0.009853616497676132,0.018435817726893625,158268.0,-3.99345989097609,-3.994889807229262,0.018409474889999253,0.0014299162531719034,0.01824068319263878,0.010697764562546288,-3.9759712633646602,1.8761070702012395,-0.017488627611429663
2025-02,2919.2,7.979064885122238,8.026434020711747,3060.8074133454197,-0.04736913558950917,0.021346983546617914,136750.0,-3.8468448351619897,-3.84543042983029,0.02137719819680598,-0.0014144053316997862,0.02118575603271803,0.0076101845811352735,-3.8247726524988277,2.182339646174647,-0.02207218266316202,0.021346983546617914,136750.0,-3.8468448351619897,-3.84543042983029,0.02137719819680598,-0.0014144053316997862,0.02118575603271803,0.0076101845811352735,-3.8247726524988277,2.182339646174647,-0.02207218266316202,0.48840555462606655,5977.0,-0.7166091637020163,-0.7202197496908742,0.4866453040539467,0.003610585988857884,0.4850737505237842,0.006868654712164182,-0.7094393165634807,49.19199315116764,-0.007169847138535634,0.021346983546617914,136750.0,-3.8468448351619897,-3.84543042983029,0.02137719819680598,-0.0014144053316997862,0.02118575603271803,0.0076101845811352735,-3.8247726524988277,2.182339646174647,-0.02207218266316202,0.02166366112310855,134751.0,-3.8321190247717474,-3.8520480409824427,0.021236199264232203,0.019929016210695316,0.020933376215348687,0.034886150243858174,-3.8234575036025933,2.185211635884617,-0.008661521169154085,0.01843977007137894,158310.0,-3.9932455299455856,-3.9959983020357255,0.0183890793889359,0.00275277209013991,0.018217313693785882,0.012211261294190652,-3.9768531847057456,1.8744532207276356,-0.01639234523984001
2025-03,2923.1,7.980399975952665,8.02673533885628,3061.7298291193083,-0.04633536290361562,0.021364878890204504,136818.0,-3.8460068785095403,-3.8465168659731446,0.02135398584770273,0.0005099874636043111,0.021159201816405043,0.009720455222464792,-3.82561281943801,2.180506886573686,-0.020394059071530357,0.021364878890204504,136818.0,-3.8460068785095403,-3.8465168659731446,0.02135398584770273,0.0005099874636043111,0.021159201816405043,0.009720455222464792,-3.82561281943801,2.180506886573686,-0.020394059071530357,0.4882411892433606,5987.0,-0.7169457549726872,-0.7208828403802008,0.48632272104653806,0.003937085407513585,0.4847235588251928,0.007256982571041786,-0.7099763771054001,49.165581165720226,-0.00696937786728713,0.021364878890204504,136818.0,-3.8460068785095403,-3.8465168659731446,0.02135398584770273,0.0005099874636043111,0.021159201816405043,0.009720455222464792,-3.82561281943801,2.180506886573686,-0.020394059071530357,0.02168182290198638,134818.0,-3.8312810237504573,-3.8533915543298236,0.02120768730446106,0.022110530579366294,0.02089965505633199,0.03742491651398889,-3.824466788321726,2.1830072477871854,-0.006814235428731497,0.018456594076160047,158377.0,-3.9923335698467617,-3.9971067968421887,0.01836870648365359,0.004773226995427038,0.018193944194932983,0.014436115578512756,-3.977735106046831,1.872800829176197,-0.014598463799930794
2025-04,2923.1,7.980399975952665,8.027036657000814,3062.652522875685,-0.04663668104814889,0.021347403782954792,136930.0,-3.8468251493736147,-3.8476033021159997,0.021330798703640182,0.0007781527423849077,0.021132647600092057,0.010162294234339092,-3.826452986377192,2.1786756661500752,-0.020372162996422638,0.021347403782954792,136930.0,-3.8468251493736147,-3.8476033021159997,0.021330798703640182,0.0007781527423849077,0.021132647600092057,0.010162294234339092,-3.826452986377192,2.1786756661500752,-0.020372162996422638,0.4882411892433606,5987.0,-0.7169457549726872,-0.7215459310695272,0.4860003518700158,0.004600176096840047,0.4843733671266014,0.007985208063159758,-0.7105134376473193,49.13918336129967,-0.0064323173253678645,0.021347403782954792,136930.0,-3.8468251493736147,-3.8476033021159997,0.021330798703640182,0.0007781527423849077,0.021132647600092057,0.010162294234339092,-3.826452986377192,2.1786756661500752,-0.020372162996422638,0.021665913116953386,134917.0,-3.8320150775769566,-3.854735067677204,0.02117921362516752,0.0227199901002475,0.02086593389731529,0.03833900862405321,-3.8254760730408583,2.1808050834225967,-0.006539004536098236,0.018444016783922768,158485.0,-3.993015254644448,-3.9982152916486524,0.018348356149118884,0.005200037004204461,0.01817057469608008,0.015048620773765406,-3.9786170273879162,1.8711498942617169,-0.014398227256531726
2025-05,2925.9,7.981357404646079,8.027337975145347,3063.575494698323,-0.045980570499267515,0.021363171728971963,136960.0,-3.84608678672949,-3.8486897382588543,0.021307636737249558,0.0026029515293641836,0.02110609338377907,0.012180290332197058,-3.8272931533163743,2.176845983611192,-0.018793633413115796,0.021363171728971963,136960.0,-3.84608678672949,-3.8486897382588543,0.021307636737249558,0.0026029515293641836,0.02110609338377907,0.012180290332197058,-3.8272931533163743,2.176845983611192,-0.018793633413115796,0.48813813813813817,5994.0,-0.7171568432305294,-0.7222090217588538,0.48567819638263743,0.0050521785283244025,0.48402317542801,0.00850158198827859,-0.7110504981892387,49.11279973029192,-0.006106345041290706,0.021363171728971963,136960.0,-3.84608678672949,-3.8486897382588543,0.021307636737249558,0.0026029515293641836,0.02110609338377907,0.012180290332197058,-3.8272931533163743,2.176845983611192,-0.018793633413115796,0.02168345227772961,134937.0,-3.8312058771850435,-3.856078581024585,0.021150778174955757,0.024872703839541543,0.02083221273829859,0.04086169578453238,-3.8264853577599913,2.1786051405476026,-0.004720519425052139,0.01846016984441444,158498.0,-3.992139849277252,-3.999323786455116,0.01832802836032609,0.007183937177864141,0.018147205197227182,0.017245886834137813,-3.9794989487290016,1.869500414700123,-0.0126409005482504
2025-06,2925.0,7.981049759665957,8.02763929328988,3064.4987446710225,-0.04658953362392282,0.02135675640155083,136959.0,-3.8463871302810877,-3.8497761744017094,0.021284499921191764,0.003389044120621687,0.021079539167466084,0.013151010175431075,-3.828133320255556,2.175017837665501,-0.018253810025531614,0.02135675640155083,136959.0,-3.8463871302810877,-3.8497761744017094,0.021284499921191764,0.003389044120621687,0.021079539167466084,0.013151010175431075,-3.828133320255556,2.175017837665501,-0.018253810025531614,0.4888034759358289,5984.0,-0.7157947599883563,-0.7228721124481803,0.4853562544427549,0.007077352459823993,0.4836729837294185,0.01060735740675673,-0.711587558731158,49.08643026508705,-0.004207201257198312,0.02135675640155083,136959.0,-3.8463871302810877,-3.8497761744017094,0.021284499921191764,0.003389044120621687,0.021079539167466084,0.013151010175431075,-3.828133320255556,2.175017837665501,-0.018253810025531614,0.02168401387776888,134892.0,-3.8311799775838407,-3.857422094371966,0.02112238090249899,0.02624211678812527,0.020798491579281896,0.0425762750683845,-3.827494642479124,2.1764074169212213,-0.0036853351047168026,0.01845682050505433,158478.0,-3.992321301737899,-4.000432281261579,0.018307723092297227,0.008110979523680228,0.01812383569837428,0.018372755757762666,-3.980380870070087,1.8678523892084749,-0.011940431667812224
2025-07,2926.4,7.981528277636602,8.027940611434413,3065.4222728776062,-0.04641233379781173,0.02135341418209944,137046.0,-3.846543637240088,-3.850862610544564,0.021261388228157423,0.00431897330447617,0.021052984951153098,0.014270148942935924,-3.8289734871947383,2.173191227022547,-0.017570150045349564,0.02135341418209944,137046.0,-3.846543637240088,-3.850862610544564,0.021261388228157423,0.00431897330447617,0.021052984951153098,0.014270148942935924,-3.8289734871947383,2.173191227022547,-0.017570150045349564,0.488629153447988,5989.0,-0.7161514546278611,-0.7235352031375069,0.4850345259088135,0.007383748509645738,0.4833227920308271,0.010978918239846737,-0.7121246192730772,49.06007495807922,-0.004026835354783875,0.02135341418209944,137046.0,-3.846543637240088,-3.850862610544564,0.021261388228157423,0.00431897330447617,0.021052984951153098,0.014270148942935924,-3.8289734871947383,2.173191227022547,-0.017570150045349564,0.02168394377468379,134957.0,-3.831183210527649,-3.8587656077193464,0.02109402175653934,0.027582397191697527,0.0207647704202652,0.04426600130004477,-3.8285039271982564,2.1742119103047273,-0.00267928332939249,0.018458200350695717,158542.0,-3.9922465437878807,-4.001540776068043,0.018287440320081963,0.009294232280162351,0.01810046619952138,0.019763808690396865,-3.9812627914111722,1.866205816504961,-0.010983752376708456
2025-08,2925.9,7.981357404646079,8.028241929578947,3066.346079401925,-0.04688452493286732,0.021355219653896404,137011.0,-3.846459088911758,-3.851949046687419,0.02123830163086678,0.005489957775661303,0.02102643073484011,0.015636934447057643,-3.8298136541339205,2.1713661503929615,-0.01664543477783731,0.021355219653896404,137011.0,-3.846459088911758,-3.851949046687419,0.02123830163086678,0.005489957775661303,0.02102643073484011,0.015636934447057643,-3.8298136541339205,2.1713661503929615,-0.01664543477783731,0.4870006657789614,6008.0,-0.7194897887978916,-0.7241982938268334,0.48471301063935285,0.004708505028941823,0.4829726003322357,0.008340153134887538,-0.7126616798149966,49.033733801666635,-0.006828108982894987,0.021355219653896404,137011.0,-3.846459088911758,-3.851949046687419,0.02123830163086678,0.005489957775661303,0.02102643073484011,0.015636934447057643,-3.8298136541339205,2.1713661503929615,-0.01664543477783731,0.02168345227772961,134937.0,-3.8312058771850435,-3.8601091210667273,0.021065700685887728,0.02890324388168386,0.020731049261248503,0.045940897852256045,-3.829513211917389,2.1720186184616557,-0.0016926652676545473,0.018463198546115403,158472.0,-3.9919757958964377,-4.002649270874507,0.01826718001875762,0.01067347497806903,0.018077096700668482,0.02135862034928666,-3.982144712752258,1.8645606953089022,-0.009831083144179686
2025-09,2928.8,7.982348061806026,8.02854324772348,3067.2701643278533,-0.04619518591745386,0.021366249379906038,137076.0,-3.845942733715921,-3.8530354828302738,0.02121524010206973,0.00709274911435287,0.020999876518527125,0.017446429318557215,-3.8306538210731023,2.1695426064884606,-0.01528891264281862,0.021366249379906038,137076.0,-3.845942733715921,-3.8530354828302738,0.02121524010206973,0.00709274911435287,0.020999876518527125,0.017446429318557215,-3.8306538210731023,2.1695426064884606,-0.01528891264281862,0.4877268942547877,6005.0,-0.7179996727080574,-0.72486138451616,0.48439170849300606,0.006861711808102577,0.48262240863364425,0.010576561572420162,-0.7131987403569159,49.007406788251636,-0.00480093235114154,0.021366249379906038,137076.0,-3.845942733715921,-3.8530354828302738,0.02121524010206973,0.00709274911435287,0.020999876518527125,0.017446429318557215,-3.8306538210731023,2.1695426064884606,-0.01528891264281862,0.0216940113329136,135005.0,-3.8307190319657227,-3.861452634414108,0.021037417639423836,0.030733602448385078,0.020697328102231807,0.04815516407522758,-3.8305224966365214,2.1698275391577972,-0.00019653532920127503,0.01847263920074678,158548.0,-3.9914646037636556,-4.00375776568097,0.018246942163429144,0.012293161917314777,0.01805372720181558,0.02320362960226136,-3.9830266340933433,1.8629170243407478,-0.008437969670312295
2025-10,2932.3,7.983542377008303,8.028844565868013,3068.194527739291,-0.04530218885971049,0.02141052600835305,136956.0,-3.8438726083332977,-3.854121918973129,0.021192203614545733,0.010249310639831144,0.020973322302214138,0.020845705789433108,-3.8314939880122845,2.167720594021837,-0.012378620321013223,0.02141052600835305,136956.0,-3.8438726083332977,-3.854121918973129,0.021192203614545733,0.010249310639831144,0.020973322302214138,0.020845705789433108,-3.8314939880122845,2.167720594021837,-0.012378620321013223,0.4887981330221704,5999.0,-0.7158056906447905,-0.7255244752054865,0.4840706193285001,0.00971878456069597,0.48227221693505284,0.01353160281260074,-0.7137358008988353,48.981093910240595,-0.0020698897459552335,0.02141052600835305,136956.0,-3.8438726083332977,-3.854121918973129,0.021192203614545733,0.010249310639831144,0.020973322302214138,0.020845705789433108,-3.8314939880122845,2.167720594021837,-0.012378620321013223,0.021717845028070334,135018.0,-3.8296210048574983,-3.8627961477614887,0.021009172566095947,0.03317514290399037,0.02066360694321511,0.05101907366668051,-3.831531781355654,2.167638670161196,0.0019107764981556308,0.018511060047472352,158408.0,-3.9893868851293277,-4.004866260487434,0.018226726729229047,0.015479375358106395,0.018030357702962678,0.026660721458159793,-3.9839085554344287,1.8612748023220744,-0.005478329694899031
2025-11,2937.4,7.985280115319762,8.029145884012546,3069.119169720164,-0.04386576869278436,0.021445258885027598,136972.0,-3.8422516890401073,-3.855208355115984,0.021169192141103823,0.012956666075876644,0.020946768085901152,0.02379798148727156,-3.8323341549514667,2.1659001117069696,-0.0099175340886406,0.021445258885027598,136972.0,-3.8422516890401073,-3.855208355115984,0.021169192141103823,0.012956666075876644,0.020946768085901152,0.02379798148727156,-3.8323341549514667,2.1659001117069696,-0.0099175340886406,0.4883458021612635,6015.0,-0.7167315130890173,-0.726187565894813,0.48374974300465534,0.009456052805795756,0.48192202523646144,0.013329494375464887,-0.7142728614407545,48.954795160044,-0.002458651648262755,0.021445258885027598,136972.0,-3.8422516890401073,-3.855208355115984,0.021169192141103823,0.012956666075876644,0.020946768085901152,0.02379798148727156,-3.8323341549514667,2.1659001117069696,-0.0099175340886406,0.021744022503516175,135090.0,-3.828416386643965,-3.8641396611088696,0.020980965414920907,0.03572327446490453,0.02062988578419841,0.05400595674509954,-3.8325410660747865,2.1654520092421485,0.0041246794308213985,0.018538457169183776,158449.0,-3.987907938640229,-4.005974755293898,0.01820653369131739,0.018066816653668827,0.01800698820410978,0.029514595058861545,-3.984790476775514,1.8596340279755856,-0.0031174618647149543
2025-12,2940.9,7.98647093593579,8.02944720215708,3070.044090354422,-0.042976266221289805,0.021470184557878753,136976.0,-3.8410900710464766,-3.8562947912588386,0.021146205654582566,0.015204720212361966,0.020920213869588165,0.026288961084192528,-3.833174321890649,2.164081158258815,-0.007915749155827712,0.021470184557878753,136976.0,-3.8410900710464766,-3.8562947912588386,0.021146205654582566,0.015204720212361966,0.020920213869588165,0.026288961084192528,-3.833174321890649,2.164081158258815,-0.007915749155827712,0.48827826664452934,6023.0,-0.7168698171079309,-0.7268506565841396,0.48342907938038604,0.009980839476208758,0.48157183353787003,0.01392613238484165,-0.7148099219826738,48.928510530076395,-0.0020598951252570608,0.021470184557878753,136976.0,-3.8410900710464766,-3.8562947912588386,0.021146205654582566,0.015204720212361966,0.020920213869588165,0.026288961084192528,-3.833174321890649,2.164081158258815,-0.007915749155827712,0.02177105927466817,135083.0,-3.827173747378393,-3.86548317445625,0.02095279613498402,0.038309427077857006,0.020596164625181712,0.05704434154939618,-3.8335503507939195,2.163267554173199,0.006376603415526372,0.018562537871137146,158432.0,-3.9866098222253594,-4.0070832501003615,0.01818636302488176,0.02047342787500206,0.01798361870525688,0.032191472437693436,-3.9856723981165993,1.8579947000251114,-0.0009374241087600765
2026-01,2945.5,7.988033860961742,8.029748520301613,3070.969289726042,-0.041714659339871396,0.021485728457739748,137091.0,-3.8403663569196795,-3.8573812274016936,0.02112324412784999,0.01701487048201411,0.02089365965327518,0.028337247485112523,-3.8340144888298306,2.16226373239341,-0.006351868089848889,0.021485728457739748,137091.0,-3.8403663569196795,-3.8573812274016936,0.02112324412784999,0.01701487048201411,0.02089365965327518,0.028337247485112523,-3.8340144888298306,2.16226373239341,-0.006351868089848889,0.48879853966146697,6026.0,-0.7158048587285045,-0.7275137472734661,0.4831086283146998,0.011708888544961549,0.48122164183927857,0.015745131065237877,-0.7153469825245932,48.90224001275637,-0.00045787620391135597,0.021485728457739748,137091.0,-3.8403663569196795,-3.8573812274016936,0.02112324412784999,0.01701487048201411,0.02089365965327518,0.028337247485112523,-3.8340144888298306,2.16226373239341,-0.006351868089848889,0.02177609545847719,135263.0,-3.8269424494273636,-3.866826687803631,0.020924664675438912,0.03988423837626742,0.020562443466165016,0.05902275156691406,-3.834559635513052,2.1610853027291417,0.007617186085688399,0.018572815778853915,158592.0,-3.9860562845870176,-4.008191744906825,0.018166214705137237,0.02213546031980762,0.01796024920640398,0.03410679692749015,-3.9865543194576847,1.856356817195607,0.00049803487066713
2026-02,2945.2,7.987932005494562,8.030049838446146,3071.8947679190246,-0.04211783295158433,0.021504716843365752,136956.0,-3.8394829798470385,-3.8584676635445483,0.021100307533803625,0.01898468369750983,0.020867105436962192,0.030555814668677045,-3.834854655769013,2.160447832827868,-0.004628324078025603,0.021504716843365752,136956.0,-3.8394829798470385,-3.8584676635445483,0.021100307533803625,0.01898468369750983,0.020867105436962192,0.030555814668677045,-3.834854655769013,2.160447832827868,-0.004628324078025603,0.488262599469496,6032.0,-0.7169019041932302,-0.7281768379627926,0.48278838966669774,0.011274933769562456,0.48087145014068716,0.015370322622909818,-0.7158840430665124,48.87598360050666,-0.0010178611267177562,0.021504716843365752,136956.0,-3.8394829798470385,-3.8584676635445483,0.021100307533803625,0.01898468369750983,0.020867105436962192,0.030555814668677045,-3.834854655769013,2.160447832827868,-0.004628324078025603,0.021797727861451354,135115.0,-3.8259495411579856,-3.868170201151012,0.020896570985507516,0.04222065999302638,0.02052872230714832,0.06181610016036667,-3.8355689202321845,2.1589052526870125,0.009619379074198964,0.018589209523088186,158436.0,-3.98517399977264,-4.009300239713289,0.018146088707326348,0.024126239940648997,0.01793687970755108,0.036368076620511,-3.98743624079877,1.8547203782131503,0.0022622410261301518
2026-03,2944.4,7.987660340184551,8.03035115659068,3072.8205250173964,-0.04269081640612882,0.02147050030261709,137137.0,-3.8410753649587948,-3.8595540996874034,0.021077395845370384,0.018478734728608615,0.020840551220649206,0.030227083501693553,-3.835694822708195,2.158633458280381,-0.005380542250599696,0.02147050030261709,137137.0,-3.8410753649587948,-3.8595540996874034,0.021077395845370384,0.018478734728608615,0.020840551220649206,0.030227083501693553,-3.835694822708195,2.158633458280381,-0.005380542250599696,0.48926553672316386,6018.0,-0.7148499170054397,-0.7288399286521192,0.4824683632955743,0.013990011646679568,0.4805212584420957,0.018197484767725165,-0.7164211036084317,48.84974128575399,0.0015711866029920474,0.02147050030261709,137137.0,-3.8410753649587948,-3.8595540996874034,0.021077395845370384,0.018478734728608615,0.020840551220649206,0.030227083501693553,-3.835694822708195,2.158633458280381,-0.005380542250599696,0.021759276365866817,135317.0,-3.827715112792454,-3.8695137144983924,0.02086851501447993,0.04179860170593841,0.020495001148131624,0.06168700399660371,-3.836578204951317,2.156727401826091,0.00886309215886305,0.018559092341632524,158650.0,-3.986795456826791,-4.0104087345197525,0.018125985006719057,0.02361327769296162,0.017913510208698177,0.03603884026151804,-3.9883181621398553,1.8530853818049438,0.0015227053130644208
2026-04,2945.6,7.988067810478813,8.030652474735213,3073.74656110521,-0.04258466425639984,0.021453438405849876,137302.0,-3.8418703478135456,-3.8606405358302585,0.021054509035506618,0.01877018801671282,0.02081399700433622,0.03072170142911237,-3.836534989647377,2.1568206074702183,-0.005335358166168813,0.021453438405849876,137302.0,-3.8418703478135456,-3.8606405358302585,0.021054509035506618,0.01877018801671282,0.02081399700433622,0.03072170142911237,-3.836534989647377,2.1568206074702183,-0.005335358166168813,0.4887340301974448,6027.0,-0.7159368430042307,-0.7295030193414458,0.4821485490606174,0.01356617633721513,0.4801710667435043,0.017833151655750758,-0.7169581641503511,48.82351306092919,0.001021321146120413,0.021453438405849876,137302.0,-3.8418703478135456,-3.8606405358302585,0.021054509035506618,0.01877018801671282,0.02081399700433622,0.03072170142911237,-3.836534989647377,2.1568206074702183,-0.005335358166168813,0.021739708031351942,135494.0,-3.8286148273998672,-3.8708572278457734,0.02084049671171431,0.0422424004459061,0.020461279989114928,0.06248035523276732,-3.8375874896704496,2.1545517479278975,0.008972662270582354,0.018545731572949524,158829.0,-3.987515620290776,-4.011517229326216,0.018105903578612723,0.02400160903544002,0.01789014070984528,0.03664537209276736,-3.9892000834809407,1.8514518266993112,0.0016844631901644647
2026-05,2944.5,7.987694302384625,8.030953792879746,3074.672876266542,-0.0432594904951209,0.02142295883474237,137446.0,-3.8432920892938585,-3.861726971973113,0.021031647077198033,0.01843488267925464,0.020787442788023233,0.030572112847150838,-3.837375156586559,2.155009279117722,-0.005916932707299427,0.02142295883474237,137446.0,-3.8432920892938585,-3.861726971973113,0.021031647077198033,0.01843488267925464,0.020787442788023233,0.030572112847150838,-3.837375156586559,2.155009279117722,-0.005916932707299427,0.48830845771144277,6030.0,-0.7168079873366057,-0.7301661100307723,0.4818289468212081,0.013358122694166585,0.4798208750449129,0.01768906504064754,-0.7174952246922703,48.79729891846715,0.0006872373556646716,0.02142295883474237,137446.0,-3.8432920892938585,-3.861726971973113,0.021031647077198033,0.01843488267925464,0.020787442788023233,0.030572112847150838,-3.837375156586559,2.155009279117722,-0.005916932707299427,0.021712360080817613,135614.0,-3.8298735916121833,-3.8722007411931543,0.020812516026636835,0.042327149580970946,0.02042755883009823,0.0628954865045518,-3.8385967743895826,2.1523782887761875,0.008723182777399252,0.01851875145439337,159001.0,-3.9889714681061417,-4.01262572413268,0.018085844398332076,0.023654256026538256,0.01786677121099238,0.036491218010328855,-3.990082004822026,1.8498197116256971,0.001110536715884347
